global_signal	global_signal_derivative1	global_signal_power2	global_signal_derivative1_power2	csf	csf_derivative1	csf_derivative1_power2	csf_power2	white_matter	white_matter_derivative1	white_matter_derivative1_power2	white_matter_power2	csf_wm	tcompcor	std_dvars	dvars	framewise_displacement	rmsd	t_comp_cor_00	t_comp_cor_01	t_comp_cor_02	t_comp_cor_03	c_comp_cor_00	c_comp_cor_01	c_comp_cor_02	c_comp_cor_03	c_comp_cor_04	c_comp_cor_05	c_comp_cor_06	w_comp_cor_00	w_comp_cor_01	w_comp_cor_02	a_comp_cor_00	a_comp_cor_01	a_comp_cor_02	a_comp_cor_03	a_comp_cor_04	edge_comp_00	edge_comp_01	edge_comp_02	edge_comp_03	edge_comp_04	edge_comp_05	edge_comp_06	edge_comp_07	edge_comp_08	edge_comp_09	edge_comp_10	edge_comp_11	edge_comp_12	edge_comp_13	edge_comp_14	edge_comp_15	edge_comp_16	edge_comp_17	edge_comp_18	edge_comp_19	edge_comp_20	edge_comp_21	edge_comp_22	edge_comp_23	cosine00	cosine01	cosine02	cosine03	cosine04	cosine05	cosine06	cosine07	trans_x	trans_x_derivative1	trans_x_power2	trans_x_derivative1_power2	trans_y	trans_y_derivative1	trans_y_power2	trans_y_derivative1_power2	trans_z	trans_z_derivative1	trans_z_power2	trans_z_derivative1_power2	rot_x	rot_x_derivative1	rot_x_derivative1_power2	rot_x_power2	rot_y	rot_y_derivative1	rot_y_derivative1_power2	rot_y_power2	rot_z	rot_z_derivative1	rot_z_derivative1_power2	rot_z_power2	motion_outlier00	motion_outlier01	motion_outlier02	motion_outlier03	motion_outlier04	motion_outlier05	motion_outlier06	motion_outlier07	motion_outlier08	motion_outlier09	motion_outlier10	motion_outlier11	motion_outlier12	motion_outlier13	motion_outlier14	motion_outlier15	motion_outlier16	motion_outlier17	motion_outlier18	motion_outlier19	motion_outlier20	motion_outlier21	motion_outlier22	motion_outlier23	motion_outlier24	motion_outlier25	motion_outlier26	motion_outlier27	motion_outlier28	motion_outlier29	motion_outlier30	motion_outlier31	motion_outlier32	motion_outlier33	motion_outlier34	motion_outlier35	motion_outlier36	motion_outlier37	motion_outlier38	motion_outlier39	motion_outlier40	motion_outlier41	motion_outlier42	motion_outlier43	motion_outlier44	motion_outlier45	motion_outlier46	motion_outlier47	motion_outlier48	motion_outlier49	motion_outlier50	motion_outlier51	motion_outlier52	motion_outlier53	motion_outlier54	motion_outlier55	motion_outlier56	motion_outlier57	motion_outlier58	motion_outlier59	motion_outlier60	motion_outlier61	motion_outlier62	motion_outlier63	motion_outlier64	motion_outlier65	motion_outlier66	motion_outlier67	motion_outlier68	motion_outlier69	motion_outlier70	motion_outlier71	motion_outlier72	motion_outlier73	motion_outlier74	motion_outlier75	motion_outlier76	motion_outlier77	motion_outlier78	motion_outlier79	motion_outlier80	motion_outlier81	motion_outlier82	motion_outlier83	motion_outlier84	motion_outlier85	motion_outlier86	motion_outlier87	motion_outlier88	motion_outlier89	motion_outlier90	motion_outlier91	motion_outlier92	motion_outlier93	motion_outlier94	motion_outlier95	motion_outlier96	motion_outlier97	motion_outlier98	motion_outlier99	motion_outlier100	motion_outlier101	motion_outlier102	motion_outlier103	motion_outlier104	motion_outlier105	motion_outlier106	motion_outlier107	motion_outlier108	motion_outlier109	motion_outlier110	motion_outlier111	motion_outlier112	motion_outlier113	motion_outlier114	motion_outlier115	motion_outlier116	motion_outlier117	motion_outlier118	motion_outlier119	motion_outlier120	motion_outlier121	motion_outlier122	motion_outlier123	motion_outlier124	motion_outlier125	motion_outlier126	motion_outlier127	motion_outlier128	motion_outlier129	motion_outlier130	motion_outlier131	motion_outlier132	motion_outlier133	motion_outlier134	motion_outlier135	motion_outlier136	motion_outlier137	motion_outlier138	motion_outlier139	motion_outlier140	motion_outlier141	motion_outlier142	motion_outlier143	motion_outlier144	motion_outlier145	motion_outlier146	motion_outlier147	motion_outlier148	motion_outlier149	motion_outlier150	motion_outlier151	motion_outlier152	motion_outlier153	motion_outlier154	motion_outlier155	motion_outlier156	motion_outlier157	motion_outlier158	motion_outlier159	motion_outlier160	motion_outlier161	motion_outlier162	motion_outlier163	motion_outlier164	motion_outlier165	motion_outlier166	motion_outlier167	motion_outlier168	motion_outlier169	motion_outlier170	motion_outlier171	motion_outlier172	motion_outlier173	motion_outlier174	motion_outlier175	motion_outlier176	motion_outlier177	motion_outlier178	motion_outlier179	motion_outlier180	motion_outlier181	motion_outlier182	motion_outlier183	motion_outlier184	motion_outlier185	motion_outlier186	motion_outlier187	motion_outlier188	motion_outlier189	motion_outlier190	motion_outlier191	motion_outlier192	motion_outlier193	motion_outlier194	motion_outlier195	motion_outlier196	motion_outlier197	motion_outlier198	motion_outlier199	motion_outlier200	motion_outlier201	motion_outlier202	motion_outlier203	motion_outlier204	motion_outlier205	motion_outlier206	motion_outlier207	motion_outlier208	motion_outlier209	motion_outlier210	motion_outlier211	motion_outlier212	motion_outlier213	motion_outlier214	motion_outlier215	motion_outlier216	motion_outlier217	motion_outlier218	motion_outlier219	motion_outlier220	motion_outlier221	motion_outlier222	motion_outlier223	motion_outlier224	motion_outlier225	motion_outlier226	motion_outlier227	motion_outlier228	motion_outlier229	motion_outlier230	motion_outlier231	motion_outlier232	motion_outlier233	motion_outlier234	motion_outlier235	motion_outlier236	motion_outlier237	motion_outlier238	motion_outlier239	motion_outlier240
2109.820766531893	n/a	4451343.666889223	n/a	2482.3821937874573	n/a	n/a	6162221.356033029	2272.5689013937244	n/a	n/a	5164569.41158188	2275.0034198827443	2228.643705703056	n/a	n/a	n/a	n/a	-0.0159586356	-0.0463372008	0.0238762674	-0.0008161626	-0.0235482296	-0.0196328828	-0.0039528924	0.015337882	1.20388e-05	-0.02547377	-0.0240920482	0.0252062152	0.0148961523	0.0422662469	-0.0258826916	-0.0162681522	0.0218872119	-0.0445424167	0.0023030683	-0.0169615494	-0.0343873704	0.0442825206	-0.007322968	0.0486553322	0.0955101539	-0.0461100062	0.0364065627	-0.022298142	0.0225217312	-0.072936916	0.0285900585	-0.0067350558	0.0617441425	-0.0201623282	0.0379705199	-0.0019940003	0.0217624012	0.0261403947	-0.0293050628	0.0155001634	-0.0299242791	0.0428379286	-0.0217808019	0.0816485389	0.0816451812	0.0816395852	0.081631751	0.0816216788	0.0816093689	0.0815948217	0.0815780375	0.0333254821798476	n/a	0.0011105877625193	n/a	0.0148937786431559	n/a	0.0002218246422713	n/a	-0.0772359636119972	n/a	0.0059653940750737	n/a	-0.0177137753155674	n/a	n/a	0.0003137778359304	0.0091831958541537	n/a	n/a	8.433108609574572e-05	0.0022770575276174	n/a	n/a	5.184990984079067e-06	0.0	0.0	0.0	0.0	0.0	0.0	0.0	0.0	0.0	0.0	0.0	0.0	0.0	0.0	0.0	0.0	0.0	0.0	0.0	0.0	0.0	0.0	0.0	0.0	0.0	0.0	0.0	0.0	0.0	0.0	0.0	0.0	0.0	0.0	0.0	0.0	0.0	0.0	0.0	0.0	0.0	0.0	0.0	0.0	0.0	0.0	0.0	0.0	0.0	0.0	0.0	0.0	0.0	0.0	0.0	0.0	0.0	0.0	0.0	0.0	0.0	0.0	0.0	0.0	0.0	0.0	0.0	0.0	0.0	0.0	0.0	0.0	0.0	0.0	0.0	0.0	0.0	0.0	0.0	0.0	0.0	0.0	0.0	0.0	0.0	0.0	0.0	0.0	0.0	0.0	0.0	0.0	0.0	0.0	0.0	0.0	0.0	0.0	0.0	0.0	0.0	0.0	0.0	0.0	0.0	0.0	0.0	0.0	0.0	0.0	0.0	0.0	0.0	0.0	0.0	0.0	0.0	0.0	0.0	0.0	0.0	0.0	0.0	0.0	0.0	0.0	0.0	0.0	0.0	0.0	0.0	0.0	0.0	0.0	0.0	0.0	0.0	0.0	0.0	0.0	0.0	0.0	0.0	0.0	0.0	0.0	0.0	0.0	0.0	0.0	0.0	0.0	0.0	0.0	0.0	0.0	0.0	0.0	0.0	0.0	0.0	0.0	0.0	0.0	0.0	0.0	0.0	0.0	0.0	0.0	0.0	0.0	0.0	0.0	0.0	0.0	0.0	0.0	0.0	0.0	0.0	0.0	0.0	0.0	0.0	0.0	0.0	0.0	0.0	0.0	0.0	0.0	0.0	0.0	0.0	0.0	0.0	0.0	0.0	0.0	0.0	0.0	0.0	0.0	0.0	0.0	0.0	0.0	0.0	0.0	0.0	0.0	0.0	0.0	0.0	0.0	0.0	0.0	0.0	0.0	0.0	0.0	0.0	0.0	0.0	0.0	0.0	0.0	0.0	0.0	0.0	0.0	0.0	0.0	0.0	0.0	0.0	0.0	0.0	0.0	0.0
2111.451305740059	1.630539208166283	4458226.616511401	2.658658109367529	2473.2295018026275	-9.152691984829744	83.77177056916663	6116864.168586873	2285.334006599758	12.765105206033695	162.94791092110856	5222751.521721303	2280.960131708338	2230.524024838307	0.482129	41.308979	0.3984431572012359	0.1757146978152165	-0.0156243658	-0.0460273431	0.0217588114	0.0106043343	-0.0235893063	0.0054733378	0.0184751071	-0.003466901	0.0202254908	-0.0283104111	-0.0409785086	0.0367005538	0.0208818309	0.0454462763	-0.0333062684	-0.0157772598	0.028683524	-0.0385392466	0.0008945819	-0.0155411884	-0.0348868055	0.0315394754	-0.0050596392	0.047546037	0.0909182232	-0.0445541217	0.0384186017	-0.0109130981	0.0130176619	-0.0704035732	0.0043881608	-0.0094626837	0.0597890843	-0.0105545894	0.0378858087	2.85431e-05	0.0306465102	0.0159813658	-0.0344087079	0.0170305469	-0.0328677986	0.0254235137	0.0058131669	0.0816395852	0.0816093689	0.0815590168	0.0814885411	0.0813979594	0.081287294	0.0811565722	0.0810058262	0.1661224020464686	0.132796919866621	0.0275966524616885	0.0176350219260617	0.0976120020029469	0.082718223359791	0.0095281029350233	0.0068423044758002	-0.1253842151658162	-0.0481482515538189	0.0157212014127476	0.0023182541276898	-0.0168007445835829	0.0009130307319844	8.336251175481509e-07	0.0002822650185627	0.0103481103077367	0.0011649144535829	1.3570256841665767e-06	0.000107083386941	0.00289470759047	0.0006176500628525	3.814916001418205e-07	8.379332034324633e-06	0.0	0.0	0.0	0.0	0.0	0.0	0.0	0.0	0.0	0.0	0.0	0.0	0.0	0.0	0.0	0.0	0.0	0.0	0.0	0.0	0.0	0.0	0.0	0.0	0.0	0.0	0.0	0.0	0.0	0.0	0.0	0.0	0.0	0.0	0.0	0.0	0.0	0.0	0.0	0.0	0.0	0.0	0.0	0.0	0.0	0.0	0.0	0.0	0.0	0.0	0.0	0.0	0.0	0.0	0.0	0.0	0.0	0.0	0.0	0.0	0.0	0.0	0.0	0.0	0.0	0.0	0.0	0.0	0.0	0.0	0.0	0.0	0.0	0.0	0.0	0.0	0.0	0.0	0.0	0.0	0.0	0.0	0.0	0.0	0.0	0.0	0.0	0.0	0.0	0.0	0.0	0.0	0.0	0.0	0.0	0.0	0.0	0.0	0.0	0.0	0.0	0.0	0.0	0.0	0.0	0.0	0.0	0.0	0.0	0.0	0.0	0.0	0.0	0.0	0.0	0.0	0.0	0.0	0.0	0.0	0.0	0.0	0.0	0.0	0.0	0.0	0.0	0.0	0.0	0.0	0.0	0.0	0.0	0.0	0.0	0.0	0.0	0.0	0.0	0.0	0.0	0.0	0.0	0.0	0.0	0.0	0.0	0.0	0.0	0.0	0.0	0.0	0.0	0.0	0.0	0.0	0.0	0.0	0.0	0.0	0.0	0.0	0.0	0.0	0.0	0.0	0.0	0.0	0.0	0.0	0.0	0.0	0.0	0.0	0.0	0.0	0.0	0.0	0.0	0.0	0.0	0.0	0.0	0.0	0.0	0.0	0.0	0.0	0.0	0.0	0.0	0.0	0.0	0.0	0.0	0.0	0.0	0.0	0.0	0.0	0.0	0.0	0.0	0.0	0.0	0.0	0.0	0.0	0.0	0.0	0.0	0.0	0.0	0.0	0.0	0.0	0.0	0.0	0.0	0.0	0.0	0.0	0.0	0.0	0.0	0.0	0.0	0.0	0.0	0.0	0.0	0.0	0.0	0.0	0.0	0.0	0.0	0.0	0.0	0.0	0.0
2109.106205245444	-2.3451004946150533	4448328.985004837	5.499496329843768	2488.611971084386	15.382469281758404	236.6203612042409	6193189.542624513	2277.568503338357	-7.765503261401136	60.30304090283168	5187318.287398923	2280.3311120010003	2228.23182996263	0.515406	44.160133	0.6737277315035544	0.3071077722870067	-0.0124747847	-0.0355517331	0.0360551148	0.0168126968	-0.0265555844	-0.0355487681	-0.0220496474	0.0135750787	-0.0002998954	-0.0322866344	-0.0281194423	0.0303926239	0.0233085963	0.0363788213	-0.0312741211	-0.0207795384	0.024605608	-0.03084716	0.0111374279	-0.0201285137	-0.0298797588	0.0395257193	0.0028919734	0.0297302954	0.0952539734	-0.0518715533	0.0465368975	-0.0176397581	-0.0074563544	-0.0849783022	0.0287139426	-0.0227912252	0.0506785755	0.0231139283	0.0317841919	0.0144477179	0.0275994411	0.0196040873	-0.0455240624	0.038970729	-0.0411819435	0.0262232443	-0.00798217	0.0816216788	0.0815377601	0.0813979594	0.0812023727	0.0809511339	0.0806444153	0.080282427	0.0798654172	0.1462999325545979	-0.0198224694918707	0.0214036702654798	0.0003929302967561	0.0690872248786433	-0.0285247771243035	0.0047730446414322	0.0008136629099911	0.0632678961345689	0.1886521113003851	0.0040028266812945	0.0355896190980928	-0.0135994656395126	0.0032012789440702	1.0248186877747852e-05	0.0001849454656802	0.0056285909866871	-0.0047195193210495	2.2273862621760472e-05	3.168103649541526e-05	0.00370847679709	0.00081376920662	6.622203216429442e-07	1.3752800154554903e-05	1.0	0.0	0.0	0.0	0.0	0.0	0.0	0.0	0.0	0.0	0.0	0.0	0.0	0.0	0.0	0.0	0.0	0.0	0.0	0.0	0.0	0.0	0.0	0.0	0.0	0.0	0.0	0.0	0.0	0.0	0.0	0.0	0.0	0.0	0.0	0.0	0.0	0.0	0.0	0.0	0.0	0.0	0.0	0.0	0.0	0.0	0.0	0.0	0.0	0.0	0.0	0.0	0.0	0.0	0.0	0.0	0.0	0.0	0.0	0.0	0.0	0.0	0.0	0.0	0.0	0.0	0.0	0.0	0.0	0.0	0.0	0.0	0.0	0.0	0.0	0.0	0.0	0.0	0.0	0.0	0.0	0.0	0.0	0.0	0.0	0.0	0.0	0.0	0.0	0.0	0.0	0.0	0.0	0.0	0.0	0.0	0.0	0.0	0.0	0.0	0.0	0.0	0.0	0.0	0.0	0.0	0.0	0.0	0.0	0.0	0.0	0.0	0.0	0.0	0.0	0.0	0.0	0.0	0.0	0.0	0.0	0.0	0.0	0.0	0.0	0.0	0.0	0.0	0.0	0.0	0.0	0.0	0.0	0.0	0.0	0.0	0.0	0.0	0.0	0.0	0.0	0.0	0.0	0.0	0.0	0.0	0.0	0.0	0.0	0.0	0.0	0.0	0.0	0.0	0.0	0.0	0.0	0.0	0.0	0.0	0.0	0.0	0.0	0.0	0.0	0.0	0.0	0.0	0.0	0.0	0.0	0.0	0.0	0.0	0.0	0.0	0.0	0.0	0.0	0.0	0.0	0.0	0.0	0.0	0.0	0.0	0.0	0.0	0.0	0.0	0.0	0.0	0.0	0.0	0.0	0.0	0.0	0.0	0.0	0.0	0.0	0.0	0.0	0.0	0.0	0.0	0.0	0.0	0.0	0.0	0.0	0.0	0.0	0.0	0.0	0.0	0.0	0.0	0.0	0.0	0.0	0.0	0.0	0.0	0.0	0.0	0.0	0.0	0.0	0.0	0.0	0.0	0.0	0.0	0.0	0.0	0.0	0.0	0.0	0.0	0.0
2105.209091253656	-3.8971139917880464	4431905.317897044	15.18749746499016	2476.697896042915	-11.914075041470824	141.94518409379802	6134032.468263403	2271.535743381666	-6.032759956690825	36.39419269505228	5159874.633460498	2272.1488803770485	2224.108775297429	0.377176	32.316566	0.2150451804891751	0.1034719505205288	-0.0130187743	-0.0398570015	0.0176212145	0.0120460502	-0.021861296	-0.0176519501	0.0072757765	0.0322555782	-0.0106425639	-0.0393107034	-0.0202827167	0.0239979746	0.0187084964	0.0307924043	-0.0235045672	-0.0183956462	0.018167881	-0.0455202571	0.0002873402	-0.0173027906	-0.0272171975	0.0372904878	-0.0094259828	0.0298268541	0.0925350415	-0.0498533112	0.0410496901	-0.0195024744	0.0016382971	-0.0808154509	0.0148682579	-0.0179592307	0.0468940958	0.0127818635	0.033996907	0.0022505486	0.0342867016	0.0186871012	-0.0477477574	0.0334463018	-0.0364703451	0.0256811863	-0.0062677954	0.0815948217	0.0814303861	0.0811565722	0.0807737477	0.080282427	0.0796832699	0.0789770813	0.0781648097	0.1623983129010895	0.0160983803464916	0.0263732120331201	0.0002591578497803	0.1142300823565705	0.0451428574779272	0.0130485117151888	0.0020378775812724	0.0033264238573877	-0.0599414722771812	1.1065095678998066e-05	0.003592980098756	-0.0123315071634671	0.0012679584760455	1.6077186969756298e-06	0.0001520660689226	0.0057740530766168	0.0001454620899296	2.115921960671608e-08	3.333968893158793e-05	0.0041723056388663	0.0004638288417763	2.151371944635444e-07	1.7408134344115527e-05	0.0	0.0	0.0	0.0	0.0	0.0	0.0	0.0	0.0	0.0	0.0	0.0	0.0	0.0	0.0	0.0	0.0	0.0	0.0	0.0	0.0	0.0	0.0	0.0	0.0	0.0	0.0	0.0	0.0	0.0	0.0	0.0	0.0	0.0	0.0	0.0	0.0	0.0	0.0	0.0	0.0	0.0	0.0	0.0	0.0	0.0	0.0	0.0	0.0	0.0	0.0	0.0	0.0	0.0	0.0	0.0	0.0	0.0	0.0	0.0	0.0	0.0	0.0	0.0	0.0	0.0	0.0	0.0	0.0	0.0	0.0	0.0	0.0	0.0	0.0	0.0	0.0	0.0	0.0	0.0	0.0	0.0	0.0	0.0	0.0	0.0	0.0	0.0	0.0	0.0	0.0	0.0	0.0	0.0	0.0	0.0	0.0	0.0	0.0	0.0	0.0	0.0	0.0	0.0	0.0	0.0	0.0	0.0	0.0	0.0	0.0	0.0	0.0	0.0	0.0	0.0	0.0	0.0	0.0	0.0	0.0	0.0	0.0	0.0	0.0	0.0	0.0	0.0	0.0	0.0	0.0	0.0	0.0	0.0	0.0	0.0	0.0	0.0	0.0	0.0	0.0	0.0	0.0	0.0	0.0	0.0	0.0	0.0	0.0	0.0	0.0	0.0	0.0	0.0	0.0	0.0	0.0	0.0	0.0	0.0	0.0	0.0	0.0	0.0	0.0	0.0	0.0	0.0	0.0	0.0	0.0	0.0	0.0	0.0	0.0	0.0	0.0	0.0	0.0	0.0	0.0	0.0	0.0	0.0	0.0	0.0	0.0	0.0	0.0	0.0	0.0	0.0	0.0	0.0	0.0	0.0	0.0	0.0	0.0	0.0	0.0	0.0	0.0	0.0	0.0	0.0	0.0	0.0	0.0	0.0	0.0	0.0	0.0	0.0	0.0	0.0	0.0	0.0	0.0	0.0	0.0	0.0	0.0	0.0	0.0	0.0	0.0	0.0	0.0	0.0	0.0	0.0	0.0	0.0	0.0	0.0	0.0	0.0	0.0	0.0	0.0
2100.775229393157	-4.433861860498837	4413256.564431872	19.659130997986207	2472.1179031999145	-4.579992843000582	20.976334441936554	6111366.927321542	2275.90307086447	4.36732748280383	19.07354934205364	5179734.787970325	2276.538866421902	2244.698201807098	0.385743	33.050617	0.122980997440695	0.0552420422793016	-0.0149817752	-0.0360090062	0.0239447329	0.0165771195	-0.019218449	-0.0327487145	0.0096655545	0.0118319197	-0.0223587502	-0.0278926307	-0.0175010041	0.0280173567	0.0204096534	0.036499609	-0.0269929646	-0.0206079432	0.0234354716	-0.0408140306	0.0013011664	-0.0201486994	-0.0257311224	0.0401837186	-0.0016832127	0.0241488765	0.0953567047	-0.0518106916	0.0482151925	-0.0202109075	-0.0059533961	-0.0881724169	0.0252612501	-0.0245624792	0.0439436038	0.0310315803	0.0272736316	0.0154319672	0.0321372406	0.0143523079	-0.0495897442	0.0362012039	-0.0418267226	0.0297587162	-0.0182273325	0.0815590168	0.081287294	0.0808350932	0.0802034182	0.0793936715	0.0784076511	0.0772475461	0.0759159322	0.1666945565467728	0.0042962436456832	0.0277870751823252	1.8457709463074043e-05	0.0846685028518692	-0.0295615795047013	0.0071687553751769	0.0008738869828127	0.0341730555338131	0.0308466316764253	0.001167797724517	0.000951514685781	-0.012344528922095	-1.3021758627900296e-05	1.6956619776329578e-10	0.0001523873943084	0.0048780569787674	-0.0008959960978494	8.028090073613517e-07	2.3795439888101336e-05	0.0039157926430659	-0.0002565129958004	6.579891701449605e-08	1.533343202348903e-05	0.0	0.0	0.0	0.0	0.0	0.0	0.0	0.0	0.0	0.0	0.0	0.0	0.0	0.0	0.0	0.0	0.0	0.0	0.0	0.0	0.0	0.0	0.0	0.0	0.0	0.0	0.0	0.0	0.0	0.0	0.0	0.0	0.0	0.0	0.0	0.0	0.0	0.0	0.0	0.0	0.0	0.0	0.0	0.0	0.0	0.0	0.0	0.0	0.0	0.0	0.0	0.0	0.0	0.0	0.0	0.0	0.0	0.0	0.0	0.0	0.0	0.0	0.0	0.0	0.0	0.0	0.0	0.0	0.0	0.0	0.0	0.0	0.0	0.0	0.0	0.0	0.0	0.0	0.0	0.0	0.0	0.0	0.0	0.0	0.0	0.0	0.0	0.0	0.0	0.0	0.0	0.0	0.0	0.0	0.0	0.0	0.0	0.0	0.0	0.0	0.0	0.0	0.0	0.0	0.0	0.0	0.0	0.0	0.0	0.0	0.0	0.0	0.0	0.0	0.0	0.0	0.0	0.0	0.0	0.0	0.0	0.0	0.0	0.0	0.0	0.0	0.0	0.0	0.0	0.0	0.0	0.0	0.0	0.0	0.0	0.0	0.0	0.0	0.0	0.0	0.0	0.0	0.0	0.0	0.0	0.0	0.0	0.0	0.0	0.0	0.0	0.0	0.0	0.0	0.0	0.0	0.0	0.0	0.0	0.0	0.0	0.0	0.0	0.0	0.0	0.0	0.0	0.0	0.0	0.0	0.0	0.0	0.0	0.0	0.0	0.0	0.0	0.0	0.0	0.0	0.0	0.0	0.0	0.0	0.0	0.0	0.0	0.0	0.0	0.0	0.0	0.0	0.0	0.0	0.0	0.0	0.0	0.0	0.0	0.0	0.0	0.0	0.0	0.0	0.0	0.0	0.0	0.0	0.0	0.0	0.0	0.0	0.0	0.0	0.0	0.0	0.0	0.0	0.0	0.0	0.0	0.0	0.0	0.0	0.0	0.0	0.0	0.0	0.0	0.0	0.0	0.0	0.0	0.0	0.0	0.0	0.0	0.0	0.0	0.0	0.0
2092.595298485122	-8.179930908035203	4378955.083242036	66.91126966022962	2462.088865515304	-10.029037684610556	100.58159687933868	6061881.581694436	2274.1277412746263	-1.77532958984375	3.1517951525747776	5171656.983634833	2272.660505234988	2226.658692192417	0.386365	33.103859	0.0502248243603861	0.0257257892031132	-0.0134515776	-0.0394687163	0.0178116001	0.0142235986	-0.0100285321	-0.0306491152	0.0155185724	0.034684993	0.0085676119	-0.029706288	-0.0389436751	0.0260655373	0.0270942229	0.0371591303	-0.0242977745	-0.0270398812	0.0220794924	-0.0473657022	-0.0085123639	-0.017439557	-0.0299532896	0.0385075155	-0.0135889668	0.0259168306	0.0930584946	-0.0519027298	0.0375275504	-0.0149621953	-0.0169710919	-0.0795417086	0.0239720354	-0.0206832747	0.0458651833	0.0209016162	0.0224790824	-0.0018582879	0.0271075204	0.0089956291	-0.0430769706	0.0334969526	-0.0321876922	0.0209147264	-0.0040289175	0.081514268	0.0811085467	0.0804338397	0.0794923845	0.0782873035	0.0768225931	0.0751031108	0.073134559	0.1752078502678671	0.0085132937210943	0.0306977907954873	7.247616998162364e-05	0.089600561214155	0.0049320583622857	0.0080282605698915	2.4325199688993167e-05	0.0131162873942471	-0.021056768139566	0.0001720369950084	0.0004433874844834	-0.0125672878326795	-0.0002227589105845	4.962153224479333e-08	0.0001579367234694	0.0048480091091314	-3.0047869636000424e-05	9.028744696620761e-10	2.3503192322221027e-05	0.0038541453405376	-6.164730252830033e-05	3.800389909015784e-09	1.4854436305987694e-05	0.0	0.0	0.0	0.0	0.0	0.0	0.0	0.0	0.0	0.0	0.0	0.0	0.0	0.0	0.0	0.0	0.0	0.0	0.0	0.0	0.0	0.0	0.0	0.0	0.0	0.0	0.0	0.0	0.0	0.0	0.0	0.0	0.0	0.0	0.0	0.0	0.0	0.0	0.0	0.0	0.0	0.0	0.0	0.0	0.0	0.0	0.0	0.0	0.0	0.0	0.0	0.0	0.0	0.0	0.0	0.0	0.0	0.0	0.0	0.0	0.0	0.0	0.0	0.0	0.0	0.0	0.0	0.0	0.0	0.0	0.0	0.0	0.0	0.0	0.0	0.0	0.0	0.0	0.0	0.0	0.0	0.0	0.0	0.0	0.0	0.0	0.0	0.0	0.0	0.0	0.0	0.0	0.0	0.0	0.0	0.0	0.0	0.0	0.0	0.0	0.0	0.0	0.0	0.0	0.0	0.0	0.0	0.0	0.0	0.0	0.0	0.0	0.0	0.0	0.0	0.0	0.0	0.0	0.0	0.0	0.0	0.0	0.0	0.0	0.0	0.0	0.0	0.0	0.0	0.0	0.0	0.0	0.0	0.0	0.0	0.0	0.0	0.0	0.0	0.0	0.0	0.0	0.0	0.0	0.0	0.0	0.0	0.0	0.0	0.0	0.0	0.0	0.0	0.0	0.0	0.0	0.0	0.0	0.0	0.0	0.0	0.0	0.0	0.0	0.0	0.0	0.0	0.0	0.0	0.0	0.0	0.0	0.0	0.0	0.0	0.0	0.0	0.0	0.0	0.0	0.0	0.0	0.0	0.0	0.0	0.0	0.0	0.0	0.0	0.0	0.0	0.0	0.0	0.0	0.0	0.0	0.0	0.0	0.0	0.0	0.0	0.0	0.0	0.0	0.0	0.0	0.0	0.0	0.0	0.0	0.0	0.0	0.0	0.0	0.0	0.0	0.0	0.0	0.0	0.0	0.0	0.0	0.0	0.0	0.0	0.0	0.0	0.0	0.0	0.0	0.0	0.0	0.0	0.0	0.0	0.0	0.0	0.0	0.0	0.0	0.0
2092.743730962437	0.1484324773150547	4379576.3234825805	0.0220322003218842	2475.40440723994	13.315541724636203	177.30365142052773	6127626.979382919	2270.392314081607	-3.735427193019405	13.953416314348829	5154681.259840834	2270.474358641728	2229.835926440058	0.474712	40.673508	0.1971514372414859	0.111579703377421	-0.015183824	-0.0379643302	0.0132788288	0.0112939088	-0.0186786984	-0.025636585	0.0020436982	0.0373111002	-0.0343892877	-0.0192950116	-0.0157933198	0.0226467253	0.0154050735	0.0243507577	-0.0210125157	-0.0168973739	0.0136464903	-0.0449827273	-0.0043686009	-0.0187091616	-0.0204719152	0.0380284772	0.0095091077	0.0191965233	0.0826453652	-0.0394748423	0.0524724973	-0.0241459773	-0.0125253894	-0.0903294101	0.0318953662	-0.0278209757	0.0307960014	0.0306564312	0.0198870436	0.0205604169	0.0292110262	0.0087575823	-0.0465439323	0.0371915768	-0.03486424	0.0132080532	-0.0238613368	0.0814605803	0.0808942224	0.0799532077	0.0786418943	0.0769663555	0.0749343514	0.0725552932	0.0698401994	0.2154408182203866	0.0402329679525195	0.0464147461554696	0.0016186917102684	0.18021924619336	0.090618684979205	0.0324789766985029	0.0082117460673603	0.0186461856267285	0.0055298982324814	0.0003476802384264	3.057977446160093e-05	-0.0118082917132759	0.0007589961194035	5.76075109269723e-07	0.0001394357531858	0.0045388022977359	-0.0003092068113954	9.560885221337208e-08	2.0600726297932684e-05	0.0037069505497911	-0.0001471947907465	2.1666306422905983e-08	1.3741482378596536e-05	0.0	0.0	0.0	0.0	0.0	0.0	0.0	0.0	0.0	0.0	0.0	0.0	0.0	0.0	0.0	0.0	0.0	0.0	0.0	0.0	0.0	0.0	0.0	0.0	0.0	0.0	0.0	0.0	0.0	0.0	0.0	0.0	0.0	0.0	0.0	0.0	0.0	0.0	0.0	0.0	0.0	0.0	0.0	0.0	0.0	0.0	0.0	0.0	0.0	0.0	0.0	0.0	0.0	0.0	0.0	0.0	0.0	0.0	0.0	0.0	0.0	0.0	0.0	0.0	0.0	0.0	0.0	0.0	0.0	0.0	0.0	0.0	0.0	0.0	0.0	0.0	0.0	0.0	0.0	0.0	0.0	0.0	0.0	0.0	0.0	0.0	0.0	0.0	0.0	0.0	0.0	0.0	0.0	0.0	0.0	0.0	0.0	0.0	0.0	0.0	0.0	0.0	0.0	0.0	0.0	0.0	0.0	0.0	0.0	0.0	0.0	0.0	0.0	0.0	0.0	0.0	0.0	0.0	0.0	0.0	0.0	0.0	0.0	0.0	0.0	0.0	0.0	0.0	0.0	0.0	0.0	0.0	0.0	0.0	0.0	0.0	0.0	0.0	0.0	0.0	0.0	0.0	0.0	0.0	0.0	0.0	0.0	0.0	0.0	0.0	0.0	0.0	0.0	0.0	0.0	0.0	0.0	0.0	0.0	0.0	0.0	0.0	0.0	0.0	0.0	0.0	0.0	0.0	0.0	0.0	0.0	0.0	0.0	0.0	0.0	0.0	0.0	0.0	0.0	0.0	0.0	0.0	0.0	0.0	0.0	0.0	0.0	0.0	0.0	0.0	0.0	0.0	0.0	0.0	0.0	0.0	0.0	0.0	0.0	0.0	0.0	0.0	0.0	0.0	0.0	0.0	0.0	0.0	0.0	0.0	0.0	0.0	0.0	0.0	0.0	0.0	0.0	0.0	0.0	0.0	0.0	0.0	0.0	0.0	0.0	0.0	0.0	0.0	0.0	0.0	0.0	0.0	0.0	0.0	0.0	0.0	0.0	0.0	0.0	0.0	0.0
2073.523513782414	-19.220217180023155	4299499.762208568	369.4167484472573	2427.7290239726026	-47.675383267337565	2272.9421696875306	5893868.213838966	2257.6126493371053	-12.779664744501588	163.31983098185682	5096814.874446903	2256.2621540774035	2119.5887862837567	0.824662	70.65728	0.4218321925415673	0.2661978323073888	0.0023096951	-0.0431119114	-0.0184321121	-0.032659852	0.0152276775	-0.0221877379	0.0094340706	0.0434653322	-0.0280019585	0.0314533324	-0.0225166412	0.01320167	0.0110190927	0.0514404081	-0.0116116576	-0.0117425088	0.0357074457	-0.036011571	-0.0044631602	-0.0048301906	-0.0206684924	0.0241783918	-0.0110855774	0.010739899	0.0937980064	-0.0187254202	0.0241962024	0.0296217581	-0.0573760108	-0.0530034313	0.047880713	-0.0381897461	0.0517336573	0.0008831506	-0.0401311086	-0.0670032208	0.0046934246	-0.0128625639	-0.0361327526	0.012275038	0.0150660121	-0.0460753319	-0.0043984314	0.0813979594	0.0806444153	0.0793936715	0.0776534394	0.0754344479	0.0727503781	0.0696177779	0.066055961	0.2095778054990944	-0.0058630127212921	0.0439228565578162	3.437491817003409e-05	0.1646006031137687	-0.0156186430795912	0.0270933585454164	0.0002439420116476	-0.0312507564552504	-0.0498969420819788	0.0009766097790253	0.0024897048291323	-0.0087007881331093	0.0031075035801666	9.656578500748236e-06	7.570371413725563e-05	0.0045713050078672	3.250271013130034e-05	1.056426165879334e-09	2.0896829474951745e-05	-0.0001621150530851	-0.0038690656028762	1.4969668639359772e-05	2.6281290436784797e-08	0.0	0.0	0.0	0.0	0.0	0.0	0.0	0.0	0.0	0.0	0.0	0.0	0.0	0.0	0.0	0.0	0.0	0.0	0.0	0.0	0.0	0.0	0.0	0.0	0.0	0.0	0.0	0.0	0.0	0.0	0.0	0.0	0.0	0.0	0.0	0.0	0.0	0.0	0.0	0.0	0.0	0.0	0.0	0.0	0.0	0.0	0.0	0.0	0.0	0.0	0.0	0.0	0.0	0.0	0.0	0.0	0.0	0.0	0.0	0.0	0.0	0.0	0.0	0.0	0.0	0.0	0.0	0.0	0.0	0.0	0.0	0.0	0.0	0.0	0.0	0.0	0.0	0.0	0.0	0.0	0.0	0.0	0.0	0.0	0.0	0.0	0.0	0.0	0.0	0.0	0.0	0.0	0.0	0.0	0.0	0.0	0.0	0.0	0.0	0.0	0.0	0.0	0.0	0.0	0.0	0.0	0.0	0.0	0.0	0.0	0.0	0.0	0.0	0.0	0.0	0.0	0.0	0.0	0.0	0.0	0.0	0.0	0.0	0.0	0.0	0.0	0.0	0.0	0.0	0.0	0.0	0.0	0.0	0.0	0.0	0.0	0.0	0.0	0.0	0.0	0.0	0.0	0.0	0.0	0.0	0.0	0.0	0.0	0.0	0.0	0.0	0.0	0.0	0.0	0.0	0.0	0.0	0.0	0.0	0.0	0.0	0.0	0.0	0.0	0.0	0.0	0.0	0.0	0.0	0.0	0.0	0.0	0.0	0.0	0.0	0.0	0.0	0.0	0.0	0.0	0.0	0.0	0.0	0.0	0.0	0.0	0.0	0.0	0.0	0.0	0.0	0.0	0.0	0.0	0.0	0.0	0.0	0.0	0.0	0.0	0.0	0.0	0.0	0.0	0.0	0.0	0.0	0.0	0.0	0.0	0.0	0.0	0.0	0.0	0.0	0.0	0.0	0.0	0.0	0.0	0.0	0.0	0.0	0.0	0.0	0.0	0.0	0.0	0.0	0.0	0.0	0.0	0.0	0.0	0.0	0.0	0.0	0.0	0.0	0.0	0.0
2094.859257571052	21.33574378863796	4388435.309031138	455.21396301440313	2417.9562081114886	-9.77281586111394	95.5079298552402	5846512.224344889	2265.877756865128	8.265107528022781	68.31200244977886	5134202.009056144	2278.420503091313	2241.4724651756555	0.862006	73.85691799999998	0.8326145917020414	0.4673811020411479	-0.0168234945	-0.0474361552	0.0160355887	0.0210459524	0.0147915857	-0.0518863048	0.0406961095	-0.0106397479	-0.0068534634	0.1039359541	-0.0120491725	0.0246895871	0.0484313338	0.0316931426	-0.0329694562	-0.0460471703	0.0300585752	0.0034126547	0.0156523239	-0.0089103314	-0.03771252	0.0306997884	-0.0152985058	0.0091566831	0.0785193348	-0.0417395875	0.0162486482	0.03025944	-0.0536393329	-0.0318921253	0.0265378029	-0.0072106044	0.0658214898	0.0283431842	-0.0059798377	-0.0380711292	0.0107916423	-0.0434070488	-0.0137616744	-0.0115975023	-0.0164607244	-0.043555296	0.0067411463	0.0813264124	0.0803592349	0.0787557834	0.076528754	0.0736957799	0.0702792922	0.0663063423	0.0618083875	0.160735573772385	-0.0488422317267094	0.0258359246759378	0.0023855636000455	0.0538740807092779	-0.1107265224044908	0.0029024165722697	0.0122603627637922	-0.1721871189490116	-0.1409363624937611	0.029648403931961	0.0198630582729728	-0.0169151304129426	-0.0082143422798333	6.747541909025694e-05	0.0002861216368868	0.0025399037413695	-0.0020314012664977	4.12659110552846e-06	6.451111015422784e-06	-0.0005585610082957	-0.0003964459552106	1.5716939540284508e-07	3.119903999883091e-07	0.0	1.0	0.0	0.0	0.0	0.0	0.0	0.0	0.0	0.0	0.0	0.0	0.0	0.0	0.0	0.0	0.0	0.0	0.0	0.0	0.0	0.0	0.0	0.0	0.0	0.0	0.0	0.0	0.0	0.0	0.0	0.0	0.0	0.0	0.0	0.0	0.0	0.0	0.0	0.0	0.0	0.0	0.0	0.0	0.0	0.0	0.0	0.0	0.0	0.0	0.0	0.0	0.0	0.0	0.0	0.0	0.0	0.0	0.0	0.0	0.0	0.0	0.0	0.0	0.0	0.0	0.0	0.0	0.0	0.0	0.0	0.0	0.0	0.0	0.0	0.0	0.0	0.0	0.0	0.0	0.0	0.0	0.0	0.0	0.0	0.0	0.0	0.0	0.0	0.0	0.0	0.0	0.0	0.0	0.0	0.0	0.0	0.0	0.0	0.0	0.0	0.0	0.0	0.0	0.0	0.0	0.0	0.0	0.0	0.0	0.0	0.0	0.0	0.0	0.0	0.0	0.0	0.0	0.0	0.0	0.0	0.0	0.0	0.0	0.0	0.0	0.0	0.0	0.0	0.0	0.0	0.0	0.0	0.0	0.0	0.0	0.0	0.0	0.0	0.0	0.0	0.0	0.0	0.0	0.0	0.0	0.0	0.0	0.0	0.0	0.0	0.0	0.0	0.0	0.0	0.0	0.0	0.0	0.0	0.0	0.0	0.0	0.0	0.0	0.0	0.0	0.0	0.0	0.0	0.0	0.0	0.0	0.0	0.0	0.0	0.0	0.0	0.0	0.0	0.0	0.0	0.0	0.0	0.0	0.0	0.0	0.0	0.0	0.0	0.0	0.0	0.0	0.0	0.0	0.0	0.0	0.0	0.0	0.0	0.0	0.0	0.0	0.0	0.0	0.0	0.0	0.0	0.0	0.0	0.0	0.0	0.0	0.0	0.0	0.0	0.0	0.0	0.0	0.0	0.0	0.0	0.0	0.0	0.0	0.0	0.0	0.0	0.0	0.0	0.0	0.0	0.0	0.0	0.0	0.0	0.0	0.0	0.0	0.0	0.0	0.0
2102.198647442402	7.3393898713502495	4419239.153308664	53.86664368367863	2431.205187653842	13.248979542353482	175.53545891370106	5910758.664474954	2266.8951847242274	1.0174278590993708	1.0351594484715292	5138813.778525889	2260.903875902555	2208.712086795923	0.891565	76.38955699999998	0.9469181979034442	0.6373716991330013	-0.0071214651	-0.0312773938	-0.0108668704	0.0486680782	0.0065566024	-0.027564835	0.0476498364	0.0799569471	-0.0185122762	-0.0297061119	-0.0148758976	0.0221968743	0.0146657368	0.0143800484	-0.0196918577	-0.0124391546	0.0014553689	-0.0401613709	0.0036377191	-0.006015889	0.00019489	0.0363735362	-0.0308175176	-0.0143209974	0.0380120895	-0.0125450861	0.0024613525	0.0022400124	-0.0286325146	-0.0218095821	0.0088574448	-0.0079897845	0.0215228973	0.0120803975	0.0062733999	-0.0532016737	0.014233844	-0.0301334915	0.0326518548	-0.0133001068	0.0251579307	-0.0454342469	0.0175054818	0.0812459471	0.0800388062	0.0780401729	0.0752698111	0.0717551168	0.0675308461	0.0626387723	0.0571272725	0.1670377063019401	0.006302132529555	0.0279015953266131	3.971687442007634e-05	0.1796389307019978	0.1257648499927199	0.0322701454237571	0.0158167974936913	-0.3693092747183257	-0.1971221557693141	0.1363893403929757	0.0388571442951417	-0.0057979568436565	0.0111171735692861	0.0001235915481696	3.361630356090324e-05	0.0028862279964789	0.0003463242551094	1.199404896770808e-07	8.330312047658605e-06	-0.0014496443761373	-0.0008910833678416	7.940295684439283e-07	2.101468817266502e-06	0.0	0.0	1.0	0.0	0.0	0.0	0.0	0.0	0.0	0.0	0.0	0.0	0.0	0.0	0.0	0.0	0.0	0.0	0.0	0.0	0.0	0.0	0.0	0.0	0.0	0.0	0.0	0.0	0.0	0.0	0.0	0.0	0.0	0.0	0.0	0.0	0.0	0.0	0.0	0.0	0.0	0.0	0.0	0.0	0.0	0.0	0.0	0.0	0.0	0.0	0.0	0.0	0.0	0.0	0.0	0.0	0.0	0.0	0.0	0.0	0.0	0.0	0.0	0.0	0.0	0.0	0.0	0.0	0.0	0.0	0.0	0.0	0.0	0.0	0.0	0.0	0.0	0.0	0.0	0.0	0.0	0.0	0.0	0.0	0.0	0.0	0.0	0.0	0.0	0.0	0.0	0.0	0.0	0.0	0.0	0.0	0.0	0.0	0.0	0.0	0.0	0.0	0.0	0.0	0.0	0.0	0.0	0.0	0.0	0.0	0.0	0.0	0.0	0.0	0.0	0.0	0.0	0.0	0.0	0.0	0.0	0.0	0.0	0.0	0.0	0.0	0.0	0.0	0.0	0.0	0.0	0.0	0.0	0.0	0.0	0.0	0.0	0.0	0.0	0.0	0.0	0.0	0.0	0.0	0.0	0.0	0.0	0.0	0.0	0.0	0.0	0.0	0.0	0.0	0.0	0.0	0.0	0.0	0.0	0.0	0.0	0.0	0.0	0.0	0.0	0.0	0.0	0.0	0.0	0.0	0.0	0.0	0.0	0.0	0.0	0.0	0.0	0.0	0.0	0.0	0.0	0.0	0.0	0.0	0.0	0.0	0.0	0.0	0.0	0.0	0.0	0.0	0.0	0.0	0.0	0.0	0.0	0.0	0.0	0.0	0.0	0.0	0.0	0.0	0.0	0.0	0.0	0.0	0.0	0.0	0.0	0.0	0.0	0.0	0.0	0.0	0.0	0.0	0.0	0.0	0.0	0.0	0.0	0.0	0.0	0.0	0.0	0.0	0.0	0.0	0.0	0.0	0.0	0.0	0.0	0.0	0.0	0.0	0.0	0.0	0.0
2090.6078672252406	-11.59078021716141	4370641.25450407	134.3461860425403	2444.8530114578875	13.647823804045402	186.2630945862683	5977306.247634701	2266.629332500955	-0.2658522232723044	0.0706774046188271	5137608.530953726	2265.9460817131016	2170.174733155226	0.7815379999999998	66.962448	0.939433850864446	0.4217348279677363	-0.0026962173	-0.0200655814	-0.0209692694	0.0274369582	-0.0009563901	-0.0238628933	0.0066058154	0.009997798	0.019908429	0.0201233033	-0.039702946	0.0203540539	0.0103689154	0.0216986076	-0.0188774561	-0.0119251013	0.0201057757	-0.0147043349	-0.0092019178	-0.0128179611	0.0080893953	0.0096908587	0.0057526988	-0.0356118555	0.0323199213	0.0083398182	0.0028224753	0.0031292291	-0.0405780802	-0.0005203472	0.0029823235	-0.0399022416	-0.0206863793	0.0291222942	-0.0377427351	-0.0267255453	-0.0312761892	-0.021177833	0.0189372148	-0.0063057825	0.0515732523	-0.0843830309	0.0202481797	0.0811565722	0.0796832699	0.0772475461	0.0738788195	0.0696177779	0.0645158866	0.0586347667	0.0520454508	0.3089477819073352	0.1419100756053951	0.0954487319454623	0.0201384695583289	0.086885098113953	-0.0927538325880448	0.0075490202742712	0.008603273459771	-0.2127155763284847	0.156593698389841	0.0452479164127594	0.0245215863754084	0.0008030647641768	0.0066010216078333	4.357348626708212e-05	6.449130154623394e-07	-0.0009467966865508	-0.0038330246830297	1.4692078220714932e-05	8.964239656635739e-07	-0.0019791229708976	-0.0005294785947602	2.803475823093419e-07	3.916927733934543e-06	0.0	0.0	0.0	1.0	0.0	0.0	0.0	0.0	0.0	0.0	0.0	0.0	0.0	0.0	0.0	0.0	0.0	0.0	0.0	0.0	0.0	0.0	0.0	0.0	0.0	0.0	0.0	0.0	0.0	0.0	0.0	0.0	0.0	0.0	0.0	0.0	0.0	0.0	0.0	0.0	0.0	0.0	0.0	0.0	0.0	0.0	0.0	0.0	0.0	0.0	0.0	0.0	0.0	0.0	0.0	0.0	0.0	0.0	0.0	0.0	0.0	0.0	0.0	0.0	0.0	0.0	0.0	0.0	0.0	0.0	0.0	0.0	0.0	0.0	0.0	0.0	0.0	0.0	0.0	0.0	0.0	0.0	0.0	0.0	0.0	0.0	0.0	0.0	0.0	0.0	0.0	0.0	0.0	0.0	0.0	0.0	0.0	0.0	0.0	0.0	0.0	0.0	0.0	0.0	0.0	0.0	0.0	0.0	0.0	0.0	0.0	0.0	0.0	0.0	0.0	0.0	0.0	0.0	0.0	0.0	0.0	0.0	0.0	0.0	0.0	0.0	0.0	0.0	0.0	0.0	0.0	0.0	0.0	0.0	0.0	0.0	0.0	0.0	0.0	0.0	0.0	0.0	0.0	0.0	0.0	0.0	0.0	0.0	0.0	0.0	0.0	0.0	0.0	0.0	0.0	0.0	0.0	0.0	0.0	0.0	0.0	0.0	0.0	0.0	0.0	0.0	0.0	0.0	0.0	0.0	0.0	0.0	0.0	0.0	0.0	0.0	0.0	0.0	0.0	0.0	0.0	0.0	0.0	0.0	0.0	0.0	0.0	0.0	0.0	0.0	0.0	0.0	0.0	0.0	0.0	0.0	0.0	0.0	0.0	0.0	0.0	0.0	0.0	0.0	0.0	0.0	0.0	0.0	0.0	0.0	0.0	0.0	0.0	0.0	0.0	0.0	0.0	0.0	0.0	0.0	0.0	0.0	0.0	0.0	0.0	0.0	0.0	0.0	0.0	0.0	0.0	0.0	0.0	0.0	0.0	0.0	0.0	0.0	0.0	0.0	0.0
2087.042938424921	-3.564928800319649	4355748.226829329	12.708717351348492	2417.811842826948	-27.04116863093941	731.2248009269016	5845814.107314243	2249.934488379437	-16.694844121518145	278.71782024178896	5062205.201999239	2244.1740129317973	2151.112599303628	0.8115489999999999	69.53376	0.6965175983935703	0.4036509089305441	0.0082917644	0.0042047726	-0.0267956094	0.0268515632	0.0041941658	0.0222680501	-0.0224654676	-0.0715502778	-0.0245995596	0.0587911515	0.0162411504	0.0077433853	0.0082098478	0.029023297	-0.0014860234	-0.0046226544	0.0182871224	-0.0234074174	-0.0141168271	-0.012643928	0.012520681	0.0198795085	-0.0251526162	-0.0515625102	0.005365505	0.0061195627	-0.0016013228	0.0548347473	-0.0518792715	0.0087690681	0.0017194029	-0.0561692692	-0.038490072	0.0511872781	-0.0450358133	-0.0886143135	-0.0291997862	0.0140733104	0.0034893665	0.0232991614	0.0154740955	-0.0671391031	0.0411178352	0.0810582975	0.0792927819	0.0763786853	0.0723582192	0.0672896215	0.0612463124	0.054315831	0.0465985677	0.1754865531148368	-0.1334612287924984	0.0307955303241264	0.0178118995908036	-0.0070780729490707	-0.0939631710630237	5.00991166723664e-05	0.008829077516219	0.1463960900393885	0.3591116663678732	0.0214318151788207	0.1289611889215106	0.0015317376263959	0.0007286728622191	5.309641401345756e-07	2.346220156116946e-06	-0.0007530378558158	0.000193758830735	3.754248448779439e-08	5.670660122916576e-07	-0.0007019240204482	0.0012771989504494	1.6312371590290487e-06	4.926973304821652e-07	0.0	0.0	0.0	0.0	1.0	0.0	0.0	0.0	0.0	0.0	0.0	0.0	0.0	0.0	0.0	0.0	0.0	0.0	0.0	0.0	0.0	0.0	0.0	0.0	0.0	0.0	0.0	0.0	0.0	0.0	0.0	0.0	0.0	0.0	0.0	0.0	0.0	0.0	0.0	0.0	0.0	0.0	0.0	0.0	0.0	0.0	0.0	0.0	0.0	0.0	0.0	0.0	0.0	0.0	0.0	0.0	0.0	0.0	0.0	0.0	0.0	0.0	0.0	0.0	0.0	0.0	0.0	0.0	0.0	0.0	0.0	0.0	0.0	0.0	0.0	0.0	0.0	0.0	0.0	0.0	0.0	0.0	0.0	0.0	0.0	0.0	0.0	0.0	0.0	0.0	0.0	0.0	0.0	0.0	0.0	0.0	0.0	0.0	0.0	0.0	0.0	0.0	0.0	0.0	0.0	0.0	0.0	0.0	0.0	0.0	0.0	0.0	0.0	0.0	0.0	0.0	0.0	0.0	0.0	0.0	0.0	0.0	0.0	0.0	0.0	0.0	0.0	0.0	0.0	0.0	0.0	0.0	0.0	0.0	0.0	0.0	0.0	0.0	0.0	0.0	0.0	0.0	0.0	0.0	0.0	0.0	0.0	0.0	0.0	0.0	0.0	0.0	0.0	0.0	0.0	0.0	0.0	0.0	0.0	0.0	0.0	0.0	0.0	0.0	0.0	0.0	0.0	0.0	0.0	0.0	0.0	0.0	0.0	0.0	0.0	0.0	0.0	0.0	0.0	0.0	0.0	0.0	0.0	0.0	0.0	0.0	0.0	0.0	0.0	0.0	0.0	0.0	0.0	0.0	0.0	0.0	0.0	0.0	0.0	0.0	0.0	0.0	0.0	0.0	0.0	0.0	0.0	0.0	0.0	0.0	0.0	0.0	0.0	0.0	0.0	0.0	0.0	0.0	0.0	0.0	0.0	0.0	0.0	0.0	0.0	0.0	0.0	0.0	0.0	0.0	0.0	0.0	0.0	0.0	0.0	0.0	0.0	0.0	0.0	0.0	0.0
2095.772596921116	8.729658496195043	4392262.778005479	76.2069374601903	2433.588711673266	15.77686884631794	248.90959059391756	5922354.017583547	2256.537481556768	6.602993177330973	43.59951889987937	5091961.405670561	2251.6332114615093	2200.177436775011	0.7887729999999998	67.582298	0.5649925428562015	0.2398810847170996	-0.0102130861	-0.0025046757	-0.0037668626	0.0500763769	0.0047534792	0.0058568301	0.0134159852	-0.0334943531	-0.0331766957	0.0055628894	0.0213409676	0.0123037589	0.0004154946	0.0178575043	-0.0072961254	-0.0025932123	0.0055929578	-0.0280042416	-0.010827039	-0.0301563489	0.0215353058	0.0207943839	-0.002096423	-0.0327493947	0.0328278844	0.0259723235	0.0144951939	-0.0118863925	-0.0119923526	-0.0113586437	-0.0046959393	-0.0467615148	-0.0354857214	0.0529444325	-0.0067394571	-0.0208356643	-0.0290828347	0.0098961883	-0.0159697583	0.0227528616	0.0315393747	-0.0828267413	0.0179542718	0.0809511339	0.0788675135	0.0754344479	0.0707106781	0.064777029	0.0577350269	0.0497051625	0.040824829	0.1811993067486668	0.00571275363383	0.0328331887661974	3.263555408083791e-05	0.0550409423481568	0.0621190152972275	0.0030295053345731	0.0038587720614971	-0.0247131932354705	-0.171109283274859	0.0006107419198937	0.0292783868228359	0.0031949031668394	0.0016631655404435	2.76611961491872e-06	1.0207406245480427e-05	0.0025189219246279	0.0032719597804437	1.0705720804841189e-05	6.344967662371125e-06	0.0008839804716703	0.0015859044921185	2.515093058121637e-06	7.81421474294446e-07	0.0	0.0	0.0	0.0	0.0	1.0	0.0	0.0	0.0	0.0	0.0	0.0	0.0	0.0	0.0	0.0	0.0	0.0	0.0	0.0	0.0	0.0	0.0	0.0	0.0	0.0	0.0	0.0	0.0	0.0	0.0	0.0	0.0	0.0	0.0	0.0	0.0	0.0	0.0	0.0	0.0	0.0	0.0	0.0	0.0	0.0	0.0	0.0	0.0	0.0	0.0	0.0	0.0	0.0	0.0	0.0	0.0	0.0	0.0	0.0	0.0	0.0	0.0	0.0	0.0	0.0	0.0	0.0	0.0	0.0	0.0	0.0	0.0	0.0	0.0	0.0	0.0	0.0	0.0	0.0	0.0	0.0	0.0	0.0	0.0	0.0	0.0	0.0	0.0	0.0	0.0	0.0	0.0	0.0	0.0	0.0	0.0	0.0	0.0	0.0	0.0	0.0	0.0	0.0	0.0	0.0	0.0	0.0	0.0	0.0	0.0	0.0	0.0	0.0	0.0	0.0	0.0	0.0	0.0	0.0	0.0	0.0	0.0	0.0	0.0	0.0	0.0	0.0	0.0	0.0	0.0	0.0	0.0	0.0	0.0	0.0	0.0	0.0	0.0	0.0	0.0	0.0	0.0	0.0	0.0	0.0	0.0	0.0	0.0	0.0	0.0	0.0	0.0	0.0	0.0	0.0	0.0	0.0	0.0	0.0	0.0	0.0	0.0	0.0	0.0	0.0	0.0	0.0	0.0	0.0	0.0	0.0	0.0	0.0	0.0	0.0	0.0	0.0	0.0	0.0	0.0	0.0	0.0	0.0	0.0	0.0	0.0	0.0	0.0	0.0	0.0	0.0	0.0	0.0	0.0	0.0	0.0	0.0	0.0	0.0	0.0	0.0	0.0	0.0	0.0	0.0	0.0	0.0	0.0	0.0	0.0	0.0	0.0	0.0	0.0	0.0	0.0	0.0	0.0	0.0	0.0	0.0	0.0	0.0	0.0	0.0	0.0	0.0	0.0	0.0	0.0	0.0	0.0	0.0	0.0	0.0	0.0	0.0	0.0	0.0	0.0
2078.1710517058614	-17.601545215254646	4318794.920148246	309.81439396465373	2433.386413156169	-0.2022985170970059	0.0409246900196476	5921369.435733045	2237.671214559804	-18.866266996963983	355.93603040073253	5007172.464469548	2238.1779987189	2125.702263396573	1.187021	101.704369	1.608553646395695	0.8857924257047243	0.0129286981	-0.0023202408	-0.0377611881	-0.0180499008	-0.0017294393	0.0246659766	-0.0041442571	-0.0245401379	-0.0015736554	-0.0130579351	-0.0305198281	-0.0008621286	0.0063680724	-0.0186544893	0.0033627374	-0.0018692995	-0.023285608	-0.0160145456	0.0135216534	0.0322259558	0.0210358437	0.0319260794	-0.0167482886	-0.0289903615	-0.0351664087	-0.0129125685	-0.016121085	0.0682172372	-0.0796895839	-0.0275888803	-0.0144917124	0.008760407	-0.0250288194	-0.0393358935	-0.0409992637	-0.0703659058	0.0003073293	0.02834887	0.0447847187	-0.041430277	-0.0433789018	-0.0155712043	0.0450975385	0.0808350932	0.0784076511	0.0744157659	0.0689390864	0.0620868871	0.0539958877	0.0448275254	0.0347647336	0.2458240104049309	0.0646247036562641	0.0604294440915635	0.0041763523226599	0.3711786403301289	0.316137697981972	0.1377735830373231	0.0999430440853405	-0.2463676570036597	-0.2216544637681892	0.0606970224174729	0.0491307013083635	0.0154656832397416	0.0122707800729022	0.0001505720435975	0.000239187358072	-0.0042111010298093	-0.0067300229544372	4.529320896725162e-05	1.773337188326095e-05	-0.0002379521207757	-0.001121932592446	1.2587327419926023e-06	5.6621211781653325e-08	0.0	0.0	0.0	0.0	0.0	0.0	1.0	0.0	0.0	0.0	0.0	0.0	0.0	0.0	0.0	0.0	0.0	0.0	0.0	0.0	0.0	0.0	0.0	0.0	0.0	0.0	0.0	0.0	0.0	0.0	0.0	0.0	0.0	0.0	0.0	0.0	0.0	0.0	0.0	0.0	0.0	0.0	0.0	0.0	0.0	0.0	0.0	0.0	0.0	0.0	0.0	0.0	0.0	0.0	0.0	0.0	0.0	0.0	0.0	0.0	0.0	0.0	0.0	0.0	0.0	0.0	0.0	0.0	0.0	0.0	0.0	0.0	0.0	0.0	0.0	0.0	0.0	0.0	0.0	0.0	0.0	0.0	0.0	0.0	0.0	0.0	0.0	0.0	0.0	0.0	0.0	0.0	0.0	0.0	0.0	0.0	0.0	0.0	0.0	0.0	0.0	0.0	0.0	0.0	0.0	0.0	0.0	0.0	0.0	0.0	0.0	0.0	0.0	0.0	0.0	0.0	0.0	0.0	0.0	0.0	0.0	0.0	0.0	0.0	0.0	0.0	0.0	0.0	0.0	0.0	0.0	0.0	0.0	0.0	0.0	0.0	0.0	0.0	0.0	0.0	0.0	0.0	0.0	0.0	0.0	0.0	0.0	0.0	0.0	0.0	0.0	0.0	0.0	0.0	0.0	0.0	0.0	0.0	0.0	0.0	0.0	0.0	0.0	0.0	0.0	0.0	0.0	0.0	0.0	0.0	0.0	0.0	0.0	0.0	0.0	0.0	0.0	0.0	0.0	0.0	0.0	0.0	0.0	0.0	0.0	0.0	0.0	0.0	0.0	0.0	0.0	0.0	0.0	0.0	0.0	0.0	0.0	0.0	0.0	0.0	0.0	0.0	0.0	0.0	0.0	0.0	0.0	0.0	0.0	0.0	0.0	0.0	0.0	0.0	0.0	0.0	0.0	0.0	0.0	0.0	0.0	0.0	0.0	0.0	0.0	0.0	0.0	0.0	0.0	0.0	0.0	0.0	0.0	0.0	0.0	0.0	0.0	0.0	0.0	0.0	0.0
2053.318919311662	-24.852132394199543	4216118.584403211	617.6284845388224	2415.0456622398065	-18.340750916362595	336.38314417605534	5832445.550703306	2189.8613520083222	-47.80986255148173	2285.782957191575	4795492.741019717	2188.937893963857	1945.230364993808	1.211206	103.776505	2.4119875195199105	1.6835476990400149	0.060860427	0.1037932294	-0.0749571	-0.040773353	0.01448753	0.085249997	-0.0265264085	-0.033636602	0.0231991314	-0.0120505892	0.0311224491	-0.0414094825	-0.0686343018	-0.0905177379	0.0462240323	0.0638850874	-0.0841848765	0.0174812103	0.0036040866	0.0503225066	0.0853073701	-0.0100035597	0.0015900711	-0.0437007462	-0.0330418196	0.0782275386	-0.0428394269	-0.0275755072	-0.0247399397	-0.0106865765	-0.0199462091	0.0630930284	-0.0287986213	-0.0588351376	-0.033995341	0.0207412241	0.0714565121	0.0901300767	-0.0218187316	-0.0966395374	0.0409168017	-0.0814412178	0.0245666183	0.0807101879	0.0779133966	0.0733236445	0.0670465522	0.0592265694	0.0500436514	0.0397091175	0.0284607885	0.4516526487430639	0.2058286383381329	0.2039901151166254	0.0423654283601299	0.6567801501461901	0.2856015098160612	0.4313601656260519	0.0815682224092137	-0.1604233749406134	0.0859442820630463	0.0257356592273366	0.0073864196193324	0.0477659909106209	0.0323003076708793	0.0010433098756334	0.0022815898876735	-0.0081147369628251	-0.0039036359330158	1.5238373497532134e-05	6.584895597583992e-05	0.0002503660613826	0.0004883181821583	2.3845464702638665e-07	6.268316469223583e-08	0.0	0.0	0.0	0.0	0.0	0.0	0.0	1.0	0.0	0.0	0.0	0.0	0.0	0.0	0.0	0.0	0.0	0.0	0.0	0.0	0.0	0.0	0.0	0.0	0.0	0.0	0.0	0.0	0.0	0.0	0.0	0.0	0.0	0.0	0.0	0.0	0.0	0.0	0.0	0.0	0.0	0.0	0.0	0.0	0.0	0.0	0.0	0.0	0.0	0.0	0.0	0.0	0.0	0.0	0.0	0.0	0.0	0.0	0.0	0.0	0.0	0.0	0.0	0.0	0.0	0.0	0.0	0.0	0.0	0.0	0.0	0.0	0.0	0.0	0.0	0.0	0.0	0.0	0.0	0.0	0.0	0.0	0.0	0.0	0.0	0.0	0.0	0.0	0.0	0.0	0.0	0.0	0.0	0.0	0.0	0.0	0.0	0.0	0.0	0.0	0.0	0.0	0.0	0.0	0.0	0.0	0.0	0.0	0.0	0.0	0.0	0.0	0.0	0.0	0.0	0.0	0.0	0.0	0.0	0.0	0.0	0.0	0.0	0.0	0.0	0.0	0.0	0.0	0.0	0.0	0.0	0.0	0.0	0.0	0.0	0.0	0.0	0.0	0.0	0.0	0.0	0.0	0.0	0.0	0.0	0.0	0.0	0.0	0.0	0.0	0.0	0.0	0.0	0.0	0.0	0.0	0.0	0.0	0.0	0.0	0.0	0.0	0.0	0.0	0.0	0.0	0.0	0.0	0.0	0.0	0.0	0.0	0.0	0.0	0.0	0.0	0.0	0.0	0.0	0.0	0.0	0.0	0.0	0.0	0.0	0.0	0.0	0.0	0.0	0.0	0.0	0.0	0.0	0.0	0.0	0.0	0.0	0.0	0.0	0.0	0.0	0.0	0.0	0.0	0.0	0.0	0.0	0.0	0.0	0.0	0.0	0.0	0.0	0.0	0.0	0.0	0.0	0.0	0.0	0.0	0.0	0.0	0.0	0.0	0.0	0.0	0.0	0.0	0.0	0.0	0.0	0.0	0.0	0.0	0.0	0.0	0.0	0.0	0.0	0.0	0.0
2081.813704143221	28.494784831559173	4333948.298758519	811.9527625968548	2451.055047858252	36.00938561844532	1296.675852617897	6007670.847631417	2246.1118379675822	56.25048595926	3164.1171706529067	5045018.38865811	2247.273114991936	2178.9314863575705	1.147553	98.322746	2.174990906717639	1.610642586689102	-0.0045304324	0.0139008692	-0.0264619076	0.0301558797	-0.0012727803	-0.0157238847	0.0062942579	-0.0068845184	-0.0091815293	-0.0358552202	-0.0398355208	0.0078494593	-0.0178572159	-0.0416983083	-0.0040974155	0.0130617904	-0.0413929784	-0.0132881196	-0.0300871229	-0.0046762993	0.0395115091	-0.0068742494	0.0421006924	-0.0519680878	-0.0496855804	0.0296107976	0.0173629585	-0.0172532366	0.0044211581	0.0194027716	-0.0414356009	0.0230775645	-0.0901427137	0.0141447632	-0.0272830921	0.0370715888	-0.0363574798	0.0346339448	0.0380371297	-0.0376823103	0.0001318152	-0.0466850802	-0.0183040955	0.0805764318	0.0773849666	0.0721591615	0.0650363955	0.0562039158	0.0458939156	0.0343774302	0.0219572114	0.4231665616258908	-0.028486087117173	0.1790699388782788	0.0008114571592471	0.3306618922157867	-0.3261182579304034	0.1093372869637245	0.1063531181555611	-0.2447811113515712	-0.0843577364109578	0.0599177924745103	0.0071162276923806	0.0162702851905886	-0.0314957057200322	0.0009919794788028	0.000264722180183	-0.0104431337543304	-0.0023283967915053	5.421431618692178e-06	0.0001090590426108	-0.0006461079322619	-0.0008964739936445	8.036656212809189e-07	4.17455460131748e-07	0.0	0.0	0.0	0.0	0.0	0.0	0.0	0.0	1.0	0.0	0.0	0.0	0.0	0.0	0.0	0.0	0.0	0.0	0.0	0.0	0.0	0.0	0.0	0.0	0.0	0.0	0.0	0.0	0.0	0.0	0.0	0.0	0.0	0.0	0.0	0.0	0.0	0.0	0.0	0.0	0.0	0.0	0.0	0.0	0.0	0.0	0.0	0.0	0.0	0.0	0.0	0.0	0.0	0.0	0.0	0.0	0.0	0.0	0.0	0.0	0.0	0.0	0.0	0.0	0.0	0.0	0.0	0.0	0.0	0.0	0.0	0.0	0.0	0.0	0.0	0.0	0.0	0.0	0.0	0.0	0.0	0.0	0.0	0.0	0.0	0.0	0.0	0.0	0.0	0.0	0.0	0.0	0.0	0.0	0.0	0.0	0.0	0.0	0.0	0.0	0.0	0.0	0.0	0.0	0.0	0.0	0.0	0.0	0.0	0.0	0.0	0.0	0.0	0.0	0.0	0.0	0.0	0.0	0.0	0.0	0.0	0.0	0.0	0.0	0.0	0.0	0.0	0.0	0.0	0.0	0.0	0.0	0.0	0.0	0.0	0.0	0.0	0.0	0.0	0.0	0.0	0.0	0.0	0.0	0.0	0.0	0.0	0.0	0.0	0.0	0.0	0.0	0.0	0.0	0.0	0.0	0.0	0.0	0.0	0.0	0.0	0.0	0.0	0.0	0.0	0.0	0.0	0.0	0.0	0.0	0.0	0.0	0.0	0.0	0.0	0.0	0.0	0.0	0.0	0.0	0.0	0.0	0.0	0.0	0.0	0.0	0.0	0.0	0.0	0.0	0.0	0.0	0.0	0.0	0.0	0.0	0.0	0.0	0.0	0.0	0.0	0.0	0.0	0.0	0.0	0.0	0.0	0.0	0.0	0.0	0.0	0.0	0.0	0.0	0.0	0.0	0.0	0.0	0.0	0.0	0.0	0.0	0.0	0.0	0.0	0.0	0.0	0.0	0.0	0.0	0.0	0.0	0.0	0.0	0.0	0.0	0.0	0.0	0.0	0.0	0.0
2058.9387598948315	-22.87494424838951	4239228.816997266	523.2630743669283	2433.538167039009	-17.516880819242942	306.84111363556127	5922108.010435579	2237.482279238493	-8.62955872908924	74.4692838588003	5006326.949906281	2242.340897084944	2080.189553182633	0.7435009999999999	63.703369	0.4571490273738827	0.2078987400300364	0.0188965402	0.0206027384	-0.0421161283	-0.008825527	0.0118760407	-0.0065756373	-0.035517314	0.0070902182	0.0194323151	-0.0266316037	-0.030497352	-0.0005440746	-0.0052286758	-0.0254630488	0.0010447735	0.0091850417	-0.0249816917	-0.0021174458	-0.0221262292	0.0203605694	0.0409576409	-0.0286125313	-0.0015025378	-0.0521862218	-0.0788040025	0.0383136522	-0.0093715088	-0.0336785748	-0.0078552905	0.0514886455	-0.039101	0.0514111493	-0.0814290767	-0.0124761573	-0.0223640102	0.0239527706	-0.0250404269	0.0283168953	0.0426281343	-0.0667368194	-0.000571294	-0.0446879165	0.0253486748	0.0804338397	0.0768225931	0.0709234662	0.0629121428	0.0530272111	0.0415630576	0.0288611001	0.0152996203	0.5905410087042497	0.1673744470783589	0.3487386829614328	0.0280142055347863	0.3428069725314913	0.0121450803157046	0.1175166204162066	0.0001475029758749	-0.2012609968822971	0.0435201144692741	0.040505988866056	0.0018940003634187	0.017599354745946	0.0013290695553574	1.76642588297792e-06	0.0003097372874736	-0.0127432877767501	-0.0023001540224197	5.290708526853527e-06	0.000162391383361	-0.0016990720646957	-0.0010529641324338	1.108733464192065e-06	2.886845881029309e-06	0.0	0.0	0.0	0.0	0.0	0.0	0.0	0.0	0.0	0.0	0.0	0.0	0.0	0.0	0.0	0.0	0.0	0.0	0.0	0.0	0.0	0.0	0.0	0.0	0.0	0.0	0.0	0.0	0.0	0.0	0.0	0.0	0.0	0.0	0.0	0.0	0.0	0.0	0.0	0.0	0.0	0.0	0.0	0.0	0.0	0.0	0.0	0.0	0.0	0.0	0.0	0.0	0.0	0.0	0.0	0.0	0.0	0.0	0.0	0.0	0.0	0.0	0.0	0.0	0.0	0.0	0.0	0.0	0.0	0.0	0.0	0.0	0.0	0.0	0.0	0.0	0.0	0.0	0.0	0.0	0.0	0.0	0.0	0.0	0.0	0.0	0.0	0.0	0.0	0.0	0.0	0.0	0.0	0.0	0.0	0.0	0.0	0.0	0.0	0.0	0.0	0.0	0.0	0.0	0.0	0.0	0.0	0.0	0.0	0.0	0.0	0.0	0.0	0.0	0.0	0.0	0.0	0.0	0.0	0.0	0.0	0.0	0.0	0.0	0.0	0.0	0.0	0.0	0.0	0.0	0.0	0.0	0.0	0.0	0.0	0.0	0.0	0.0	0.0	0.0	0.0	0.0	0.0	0.0	0.0	0.0	0.0	0.0	0.0	0.0	0.0	0.0	0.0	0.0	0.0	0.0	0.0	0.0	0.0	0.0	0.0	0.0	0.0	0.0	0.0	0.0	0.0	0.0	0.0	0.0	0.0	0.0	0.0	0.0	0.0	0.0	0.0	0.0	0.0	0.0	0.0	0.0	0.0	0.0	0.0	0.0	0.0	0.0	0.0	0.0	0.0	0.0	0.0	0.0	0.0	0.0	0.0	0.0	0.0	0.0	0.0	0.0	0.0	0.0	0.0	0.0	0.0	0.0	0.0	0.0	0.0	0.0	0.0	0.0	0.0	0.0	0.0	0.0	0.0	0.0	0.0	0.0	0.0	0.0	0.0	0.0	0.0	0.0	0.0	0.0	0.0	0.0	0.0	0.0	0.0	0.0	0.0	0.0	0.0	0.0	0.0
2086.1376583020187	27.198898407187244	4351970.32938583	739.7800745644928	2442.1665181199164	8.628351080907578	74.44844237539897	5964177.302225956	2255.4848639446755	18.00258470618246	324.09305610327465	5087211.971483531	2249.4292482382743	2145.303620027993	0.8096339999999999	69.369713	1.460348635355985	0.6310553701742394	0.0070567483	0.0233812205	0.0077010062	0.0339629043	-0.0078210447	-0.0016512306	-0.0181207494	-0.0065533394	-0.023288233	-0.0244560485	0.0027836654	0.0103756059	-0.0216006124	-0.0038059168	-0.0049100589	0.0188940146	-0.0112265648	-0.0217944348	-0.0176141172	-0.008259495	0.026417079	-0.0359532094	0.0164538561	-0.0539633904	-0.0762608887	0.0297736317	-0.0081091333	-0.0091324253	-0.0019554127	0.0602190669	0.0006543281	0.0371480854	-0.0753745559	0.0340931237	-0.0388378812	0.051561923	-0.0577260963	0.0262365957	0.0725739927	-0.0234376261	0.0156059904	-0.0355813669	-0.0021385201	0.080282427	0.0762265226	0.0696177779	0.0606775209	0.0497051625	0.0370681691	0.0231897558	0.0085347133	0.4507257004781735	-0.1398153082260762	0.2031536570715401	0.0195483204143527	0.0558415267717435	-0.2869654457597478	0.0031182761121993	0.0823491670600907	0.0288883533070389	0.230149350189336	0.0008345369567923	0.0529687233925736	0.0087562047897348	-0.0088431499562112	7.820130114803815e-05	7.667112231977466e-05	-0.0150006987987267	-0.0022574110219765	5.095904522141431e-06	0.0002250209644501	-0.0066668817101244	-0.0049678096454287	2.4679132673214427e-05	4.444731173679125e-05	0.0	0.0	0.0	0.0	0.0	0.0	0.0	0.0	0.0	1.0	0.0	0.0	0.0	0.0	0.0	0.0	0.0	0.0	0.0	0.0	0.0	0.0	0.0	0.0	0.0	0.0	0.0	0.0	0.0	0.0	0.0	0.0	0.0	0.0	0.0	0.0	0.0	0.0	0.0	0.0	0.0	0.0	0.0	0.0	0.0	0.0	0.0	0.0	0.0	0.0	0.0	0.0	0.0	0.0	0.0	0.0	0.0	0.0	0.0	0.0	0.0	0.0	0.0	0.0	0.0	0.0	0.0	0.0	0.0	0.0	0.0	0.0	0.0	0.0	0.0	0.0	0.0	0.0	0.0	0.0	0.0	0.0	0.0	0.0	0.0	0.0	0.0	0.0	0.0	0.0	0.0	0.0	0.0	0.0	0.0	0.0	0.0	0.0	0.0	0.0	0.0	0.0	0.0	0.0	0.0	0.0	0.0	0.0	0.0	0.0	0.0	0.0	0.0	0.0	0.0	0.0	0.0	0.0	0.0	0.0	0.0	0.0	0.0	0.0	0.0	0.0	0.0	0.0	0.0	0.0	0.0	0.0	0.0	0.0	0.0	0.0	0.0	0.0	0.0	0.0	0.0	0.0	0.0	0.0	0.0	0.0	0.0	0.0	0.0	0.0	0.0	0.0	0.0	0.0	0.0	0.0	0.0	0.0	0.0	0.0	0.0	0.0	0.0	0.0	0.0	0.0	0.0	0.0	0.0	0.0	0.0	0.0	0.0	0.0	0.0	0.0	0.0	0.0	0.0	0.0	0.0	0.0	0.0	0.0	0.0	0.0	0.0	0.0	0.0	0.0	0.0	0.0	0.0	0.0	0.0	0.0	0.0	0.0	0.0	0.0	0.0	0.0	0.0	0.0	0.0	0.0	0.0	0.0	0.0	0.0	0.0	0.0	0.0	0.0	0.0	0.0	0.0	0.0	0.0	0.0	0.0	0.0	0.0	0.0	0.0	0.0	0.0	0.0	0.0	0.0	0.0	0.0	0.0	0.0	0.0	0.0	0.0	0.0	0.0	0.0	0.0
2068.8549016068287	-17.282756695190074	4280160.603902601	298.6936789851373	2452.2971843562714	10.130666236354957	102.63039839242226	6013761.480401697	2235.580926646357	-19.9039372983184	396.1667199753902	4997822.079584984	2248.948103103904	2135.1466464504983	0.727435	62.326843	0.5006448094266451	0.2842522792081679	0.003981051	0.0088196526	-0.0058263914	0.0245121435	-0.013567913	0.0119742708	-0.0454416283	-0.0440134961	0.0505247673	0.0064108579	0.0316499486	-0.0077426835	-0.0174222332	-0.0374724187	0.0014918487	0.0131863106	-0.0140154211	0.0742451417	0.0136514301	0.007274687	0.022183468	-0.0343801643	0.0236224846	-0.0593742645	-0.0854357589	0.0149702828	-0.036842509	-0.0035408291	0.0218820722	0.0737316028	-0.0358053102	0.0210475657	-0.1035476159	0.0251625659	-0.0265241816	0.0370669826	-0.0535744237	0.0139244847	0.0424842559	-0.0390599847	-0.0057943952	-0.0017772466	-0.007021358	0.0801222105	0.0755970167	0.0682433853	0.05833645	0.0462468756	0.0324269895	0.0173938582	0.0017099414	0.6179738619177471	0.1672481614395735	0.3818916940135347	0.0279719475049176	0.0839328465458493	0.0280913197741058	0.007044722729289	0.000789122246651	0.0584250818678597	0.0295367285608207	0.0034134901912661	0.0008724183340756	0.0052095554157144	-0.0035466493740204	1.25787217822393e-05	2.7139467629399232e-05	-0.0135232151566564	0.0014774836420702	2.182957912585317e-06	0.0001828773481732	-0.0061756427331722	0.0004912389769521	2.413157324770435e-07	3.813856316778261e-05	0.0	0.0	0.0	0.0	0.0	0.0	0.0	0.0	0.0	0.0	1.0	0.0	0.0	0.0	0.0	0.0	0.0	0.0	0.0	0.0	0.0	0.0	0.0	0.0	0.0	0.0	0.0	0.0	0.0	0.0	0.0	0.0	0.0	0.0	0.0	0.0	0.0	0.0	0.0	0.0	0.0	0.0	0.0	0.0	0.0	0.0	0.0	0.0	0.0	0.0	0.0	0.0	0.0	0.0	0.0	0.0	0.0	0.0	0.0	0.0	0.0	0.0	0.0	0.0	0.0	0.0	0.0	0.0	0.0	0.0	0.0	0.0	0.0	0.0	0.0	0.0	0.0	0.0	0.0	0.0	0.0	0.0	0.0	0.0	0.0	0.0	0.0	0.0	0.0	0.0	0.0	0.0	0.0	0.0	0.0	0.0	0.0	0.0	0.0	0.0	0.0	0.0	0.0	0.0	0.0	0.0	0.0	0.0	0.0	0.0	0.0	0.0	0.0	0.0	0.0	0.0	0.0	0.0	0.0	0.0	0.0	0.0	0.0	0.0	0.0	0.0	0.0	0.0	0.0	0.0	0.0	0.0	0.0	0.0	0.0	0.0	0.0	0.0	0.0	0.0	0.0	0.0	0.0	0.0	0.0	0.0	0.0	0.0	0.0	0.0	0.0	0.0	0.0	0.0	0.0	0.0	0.0	0.0	0.0	0.0	0.0	0.0	0.0	0.0	0.0	0.0	0.0	0.0	0.0	0.0	0.0	0.0	0.0	0.0	0.0	0.0	0.0	0.0	0.0	0.0	0.0	0.0	0.0	0.0	0.0	0.0	0.0	0.0	0.0	0.0	0.0	0.0	0.0	0.0	0.0	0.0	0.0	0.0	0.0	0.0	0.0	0.0	0.0	0.0	0.0	0.0	0.0	0.0	0.0	0.0	0.0	0.0	0.0	0.0	0.0	0.0	0.0	0.0	0.0	0.0	0.0	0.0	0.0	0.0	0.0	0.0	0.0	0.0	0.0	0.0	0.0	0.0	0.0	0.0	0.0	0.0	0.0	0.0	0.0	0.0	0.0
2078.479567519297	9.624665912468116	4320077.312595203	92.63419392662574	2468.7346935533496	16.43750919707827	270.1917086040327	6094650.987153951	2237.1903616863747	1.6094350400176154	2.590281148036503	5005020.714422412	2245.972882739343	2162.4591229213206	0.62356	53.42683	0.3909503209661332	0.1560790668237918	-0.0050010312	0.0002899486	-0.0139811759	0.0390813374	-0.014395196	-0.0275095457	-0.0381323143	-0.0168342673	-0.0045033931	-0.0756611847	0.0174839077	-0.0020959682	-0.0014669	-0.0472169861	0.0010661278	-0.0001317074	-0.0215707148	0.0467987628	-0.0117826918	-0.0016681484	0.0223708609	-0.020606398	0.0621083842	-0.0744292243	-0.0780521006	0.007237522	-0.02223832	-0.007810958	0.0057829061	0.063415834	-0.0531967195	-0.0028116442	-0.1055387669	0.0306913563	-0.0072855453	0.058276885	-0.0371500941	0.0019158357	0.0309779506	-0.0260978364	-0.0154445865	-0.0104688626	-0.0426844021	0.0799532077	0.0749343514	0.0668016447	0.0558930371	0.0426618292	0.0276578354	0.0115045374	-0.0051268245	0.5502583994069141	-0.0677154625108329	0.302784306117859	0.004585383863056	0.1635662308533199	0.0796333843074705	0.0267539118755615	0.0063414758962613	0.035241318642285	-0.0231837632255747	0.001241950539647	0.0005374868772995	0.0035901213931217	-0.0016194340225926	2.6225665535307727e-06	1.2888971617350096e-05	-0.0118334576180847	0.0016897575385716	2.8552805391598883e-06	0.000140030719199	-0.0050764800758915	0.0010991626572807	1.20815854716037e-06	2.577064996092337e-05	0.0	0.0	0.0	0.0	0.0	0.0	0.0	0.0	0.0	0.0	0.0	0.0	0.0	0.0	0.0	0.0	0.0	0.0	0.0	0.0	0.0	0.0	0.0	0.0	0.0	0.0	0.0	0.0	0.0	0.0	0.0	0.0	0.0	0.0	0.0	0.0	0.0	0.0	0.0	0.0	0.0	0.0	0.0	0.0	0.0	0.0	0.0	0.0	0.0	0.0	0.0	0.0	0.0	0.0	0.0	0.0	0.0	0.0	0.0	0.0	0.0	0.0	0.0	0.0	0.0	0.0	0.0	0.0	0.0	0.0	0.0	0.0	0.0	0.0	0.0	0.0	0.0	0.0	0.0	0.0	0.0	0.0	0.0	0.0	0.0	0.0	0.0	0.0	0.0	0.0	0.0	0.0	0.0	0.0	0.0	0.0	0.0	0.0	0.0	0.0	0.0	0.0	0.0	0.0	0.0	0.0	0.0	0.0	0.0	0.0	0.0	0.0	0.0	0.0	0.0	0.0	0.0	0.0	0.0	0.0	0.0	0.0	0.0	0.0	0.0	0.0	0.0	0.0	0.0	0.0	0.0	0.0	0.0	0.0	0.0	0.0	0.0	0.0	0.0	0.0	0.0	0.0	0.0	0.0	0.0	0.0	0.0	0.0	0.0	0.0	0.0	0.0	0.0	0.0	0.0	0.0	0.0	0.0	0.0	0.0	0.0	0.0	0.0	0.0	0.0	0.0	0.0	0.0	0.0	0.0	0.0	0.0	0.0	0.0	0.0	0.0	0.0	0.0	0.0	0.0	0.0	0.0	0.0	0.0	0.0	0.0	0.0	0.0	0.0	0.0	0.0	0.0	0.0	0.0	0.0	0.0	0.0	0.0	0.0	0.0	0.0	0.0	0.0	0.0	0.0	0.0	0.0	0.0	0.0	0.0	0.0	0.0	0.0	0.0	0.0	0.0	0.0	0.0	0.0	0.0	0.0	0.0	0.0	0.0	0.0	0.0	0.0	0.0	0.0	0.0	0.0	0.0	0.0	0.0	0.0	0.0	0.0	0.0	0.0	0.0	0.0
2099.2128711016635	20.73330358236672	4406694.678198889	429.8698774385805	2439.875221984027	-28.859471569322523	832.869099260535	5952991.098851605	2259.8264136936355	22.636052007260787	512.390850475415	5106815.420027438	2252.44491141183	2186.936924829416	1.052146	90.148193	1.7918516165525236	0.8800681343044146	-0.0174095005	-0.0249062919	-0.023697633	0.0272148309	-0.0124099764	0.0346735906	-0.0052004025	-0.0330005362	-0.0179374081	-0.030627515	-0.0035430621	0.0105724288	-0.0116448082	0.021960837	-0.0023749886	0.0084251577	-0.0045047006	-0.0608509639	-0.0123236302	-0.0086804683	0.0180346304	0.0268210817	-0.0386027657	-0.0073607709	-0.0056517102	0.0214841155	0.028414094	-0.0440041527	0.0022984115	0.0356947362	-0.0032085771	-0.001949712	-0.0659228733	0.0504124083	0.0318445993	0.0043383083	-0.0061331315	0.0277391643	0.0124168108	0.0331118332	0.0074514039	0.0005001159	0.0086683047	0.0797754371	0.0742388174	0.0652939789	0.0533515689	0.0389598496	0.0227795284	0.0055534252	-0.0119276293	0.0217734026617364	-0.5284849967451777	0.0004740810634701	0.2792963917847504	-0.0193959289427851	-0.182962159796105	0.0003762020595535	0.0334751519172554	0.0208567820254188	-0.0143845366168661	0.0004350053564558	0.0002069148936819	-0.0021396494362347	-0.0057297708293564	3.283027375694353e-05	4.578099709979469e-06	-0.0010371994164921	0.0107962582015926	0.0001165591911554	1.075782629571553e-06	-0.000282110638953	0.0047943694369385	2.2985978297849988e-05	7.958641261046994e-08	0.0	0.0	0.0	0.0	0.0	0.0	0.0	0.0	0.0	0.0	0.0	1.0	0.0	0.0	0.0	0.0	0.0	0.0	0.0	0.0	0.0	0.0	0.0	0.0	0.0	0.0	0.0	0.0	0.0	0.0	0.0	0.0	0.0	0.0	0.0	0.0	0.0	0.0	0.0	0.0	0.0	0.0	0.0	0.0	0.0	0.0	0.0	0.0	0.0	0.0	0.0	0.0	0.0	0.0	0.0	0.0	0.0	0.0	0.0	0.0	0.0	0.0	0.0	0.0	0.0	0.0	0.0	0.0	0.0	0.0	0.0	0.0	0.0	0.0	0.0	0.0	0.0	0.0	0.0	0.0	0.0	0.0	0.0	0.0	0.0	0.0	0.0	0.0	0.0	0.0	0.0	0.0	0.0	0.0	0.0	0.0	0.0	0.0	0.0	0.0	0.0	0.0	0.0	0.0	0.0	0.0	0.0	0.0	0.0	0.0	0.0	0.0	0.0	0.0	0.0	0.0	0.0	0.0	0.0	0.0	0.0	0.0	0.0	0.0	0.0	0.0	0.0	0.0	0.0	0.0	0.0	0.0	0.0	0.0	0.0	0.0	0.0	0.0	0.0	0.0	0.0	0.0	0.0	0.0	0.0	0.0	0.0	0.0	0.0	0.0	0.0	0.0	0.0	0.0	0.0	0.0	0.0	0.0	0.0	0.0	0.0	0.0	0.0	0.0	0.0	0.0	0.0	0.0	0.0	0.0	0.0	0.0	0.0	0.0	0.0	0.0	0.0	0.0	0.0	0.0	0.0	0.0	0.0	0.0	0.0	0.0	0.0	0.0	0.0	0.0	0.0	0.0	0.0	0.0	0.0	0.0	0.0	0.0	0.0	0.0	0.0	0.0	0.0	0.0	0.0	0.0	0.0	0.0	0.0	0.0	0.0	0.0	0.0	0.0	0.0	0.0	0.0	0.0	0.0	0.0	0.0	0.0	0.0	0.0	0.0	0.0	0.0	0.0	0.0	0.0	0.0	0.0	0.0	0.0	0.0	0.0	0.0	0.0	0.0	0.0	0.0
2068.002704848724	-31.210166252939416	4276635.187261639	974.0744775361184	2464.469326907641	24.59410492361394	604.8699969937314	6073609.063268601	2174.01933852486	-85.80707516877555	7362.854149019899	4726360.084280069	2203.570285916744	2171.213055559288	1.230004	105.387108	2.8009664495720066	1.4767979827337103	-0.0017189579	0.0116552885	0.0091295275	0.0333984631	-0.0160635149	-0.0055327029	-0.055927084	-0.0698525319	0.0537874059	-0.0331647597	0.0573601993	-0.0561732201	-0.0369831604	-0.1206216606	0.0415679942	0.0335945084	-0.0544177004	0.1904965264	0.0367267676	0.0147325634	0.0156990089	-0.041773499	0.0440610984	-0.0273404957	-0.0850788806	0.0368447684	-0.0489487477	0.0378780069	0.048302265	0.0645755053	-0.0086128372	0.0378479161	-0.050096581	0.0350933418	-0.0372670844	0.0601612903	-0.0516640844	-0.0337303601	0.0062239983	-0.0101487221	0.0020761095	0.0675280534	-0.0356303417	0.0795889182	0.0735107199	0.0637218759	0.0507165039	0.0351510839	0.0178113211	-0.0004275147	-0.0186447705	0.7994388326407886	0.7776654299790522	0.6391024471340668	0.6047635209845041	0.1137860254777081	0.1331819544204932	0.0129472595940136	0.0177374329832623	0.1000567015987599	0.0791999195733411	0.0100113435348232	0.0062726272604236	0.0039177415362537	0.0060573909724884	3.669198539358396e-05	1.53486987448875e-05	-0.0238002277145925	-0.0227630282981004	0.0005181554573001	0.0005664508392664	-0.0076800742803466	-0.0073979636413936	5.472986603938166e-05	5.898354095164135e-05	0.0	0.0	0.0	0.0	0.0	0.0	0.0	0.0	0.0	0.0	0.0	0.0	1.0	0.0	0.0	0.0	0.0	0.0	0.0	0.0	0.0	0.0	0.0	0.0	0.0	0.0	0.0	0.0	0.0	0.0	0.0	0.0	0.0	0.0	0.0	0.0	0.0	0.0	0.0	0.0	0.0	0.0	0.0	0.0	0.0	0.0	0.0	0.0	0.0	0.0	0.0	0.0	0.0	0.0	0.0	0.0	0.0	0.0	0.0	0.0	0.0	0.0	0.0	0.0	0.0	0.0	0.0	0.0	0.0	0.0	0.0	0.0	0.0	0.0	0.0	0.0	0.0	0.0	0.0	0.0	0.0	0.0	0.0	0.0	0.0	0.0	0.0	0.0	0.0	0.0	0.0	0.0	0.0	0.0	0.0	0.0	0.0	0.0	0.0	0.0	0.0	0.0	0.0	0.0	0.0	0.0	0.0	0.0	0.0	0.0	0.0	0.0	0.0	0.0	0.0	0.0	0.0	0.0	0.0	0.0	0.0	0.0	0.0	0.0	0.0	0.0	0.0	0.0	0.0	0.0	0.0	0.0	0.0	0.0	0.0	0.0	0.0	0.0	0.0	0.0	0.0	0.0	0.0	0.0	0.0	0.0	0.0	0.0	0.0	0.0	0.0	0.0	0.0	0.0	0.0	0.0	0.0	0.0	0.0	0.0	0.0	0.0	0.0	0.0	0.0	0.0	0.0	0.0	0.0	0.0	0.0	0.0	0.0	0.0	0.0	0.0	0.0	0.0	0.0	0.0	0.0	0.0	0.0	0.0	0.0	0.0	0.0	0.0	0.0	0.0	0.0	0.0	0.0	0.0	0.0	0.0	0.0	0.0	0.0	0.0	0.0	0.0	0.0	0.0	0.0	0.0	0.0	0.0	0.0	0.0	0.0	0.0	0.0	0.0	0.0	0.0	0.0	0.0	0.0	0.0	0.0	0.0	0.0	0.0	0.0	0.0	0.0	0.0	0.0	0.0	0.0	0.0	0.0	0.0	0.0	0.0	0.0	0.0	0.0	0.0	0.0
2073.343872824924	5.341167976199813	4298754.814980654	28.528075349982405	2448.49527855442	-15.974048353220953	255.17022079104095	5995129.129103287	2236.021743774414	62.00240524955416	3844.298256729941	4999793.238631971	2247.1811340544696	2179.412465133488	1.035347	88.70886199999998	2.007207933827135	1.0236877600693628	-0.0140903707	-0.0187026028	-0.0095375063	0.0152786884	-0.0009274564	-0.0290538986	-0.0529046737	0.0098052035	-0.026229398	-0.0533658931	0.0265042721	-0.0092448052	0.019068466	-0.0466471086	0.0048218174	-0.0183102886	-0.0083671125	0.0643888885	-0.0025519653	0.0037063596	0.0011203589	-0.014181025	0.0383975427	-0.0516884905	-0.0685640089	-0.0310709805	-0.0329154254	-0.0198805112	-0.0136804291	0.0735664116	-0.0406394194	-0.0072397175	-0.0540622972	0.0209062715	0.0138476133	0.0283064648	-0.0291031468	-0.0468665849	0.0436538921	-0.0044068611	-0.009048142	0.051791993	-0.0647575865	0.0793936715	0.0727503781	0.0620868871	0.0479924649	0.0312459714	0.0127728206	-0.0064061583	-0.0252311319	0.3952454667865055	-0.4041933658542831	0.1562189790152826	0.1633722770006143	-0.0667913305575211	-0.1805773560352291	0.004461081837644	0.0326081815126739	0.1925023326323724	0.0924456310336125	0.0370571480689045	0.0085461946972028	-0.0068163485007476	-0.0107340900370013	0.0001152206889224	4.646260688364406e-05	-0.0109455420963087	0.0128546856182838	0.0001652429423449	0.000119804891782	-0.0046690183175515	0.0030110559627951	9.066458011083926e-06	2.1799732049631443e-05	0.0	0.0	0.0	0.0	0.0	0.0	0.0	0.0	0.0	0.0	0.0	0.0	0.0	1.0	0.0	0.0	0.0	0.0	0.0	0.0	0.0	0.0	0.0	0.0	0.0	0.0	0.0	0.0	0.0	0.0	0.0	0.0	0.0	0.0	0.0	0.0	0.0	0.0	0.0	0.0	0.0	0.0	0.0	0.0	0.0	0.0	0.0	0.0	0.0	0.0	0.0	0.0	0.0	0.0	0.0	0.0	0.0	0.0	0.0	0.0	0.0	0.0	0.0	0.0	0.0	0.0	0.0	0.0	0.0	0.0	0.0	0.0	0.0	0.0	0.0	0.0	0.0	0.0	0.0	0.0	0.0	0.0	0.0	0.0	0.0	0.0	0.0	0.0	0.0	0.0	0.0	0.0	0.0	0.0	0.0	0.0	0.0	0.0	0.0	0.0	0.0	0.0	0.0	0.0	0.0	0.0	0.0	0.0	0.0	0.0	0.0	0.0	0.0	0.0	0.0	0.0	0.0	0.0	0.0	0.0	0.0	0.0	0.0	0.0	0.0	0.0	0.0	0.0	0.0	0.0	0.0	0.0	0.0	0.0	0.0	0.0	0.0	0.0	0.0	0.0	0.0	0.0	0.0	0.0	0.0	0.0	0.0	0.0	0.0	0.0	0.0	0.0	0.0	0.0	0.0	0.0	0.0	0.0	0.0	0.0	0.0	0.0	0.0	0.0	0.0	0.0	0.0	0.0	0.0	0.0	0.0	0.0	0.0	0.0	0.0	0.0	0.0	0.0	0.0	0.0	0.0	0.0	0.0	0.0	0.0	0.0	0.0	0.0	0.0	0.0	0.0	0.0	0.0	0.0	0.0	0.0	0.0	0.0	0.0	0.0	0.0	0.0	0.0	0.0	0.0	0.0	0.0	0.0	0.0	0.0	0.0	0.0	0.0	0.0	0.0	0.0	0.0	0.0	0.0	0.0	0.0	0.0	0.0	0.0	0.0	0.0	0.0	0.0	0.0	0.0	0.0	0.0	0.0	0.0	0.0	0.0	0.0	0.0	0.0	0.0	0.0
2089.2696727663542	15.92579994143034	4365047.7655412285	253.63110377446267	2449.819248983305	1.323970428884877	1.7528976965616052	6001614.352689125	2271.074358732804	35.05261495838977	1228.6858154211302	5157778.742893616	2273.4938035493115	2201.899946226169	1.026062	87.91332199999998	1.0016669861677512	0.7393255102557668	-0.0168936345	-0.0127869141	0.0073557354	0.0119368964	-0.0063123894	-0.0234451165	-0.0390186698	-0.0358797872	-0.0336183935	-0.0439708203	0.0228387072	0.021267366	0.0094054535	0.0098388948	-0.0196784561	-0.0081412283	0.0070645261	-0.0191364124	-0.0270615648	0.0049727575	-0.0068993208	-0.0494479956	0.0306821021	-0.0125840512	-0.0738835358	-0.0088738242	-0.0398759274	-0.0057234749	0.0251875017	0.0535182155	-0.0010297894	0.0570464587	-0.0106178455	0.0155858853	-0.0272674194	0.0856762598	-0.0190479725	0.0093905185	0.0589153788	0.0011537566	-0.0303614019	0.0055159713	-0.0245175114	0.0791897184	0.0719581255	0.060390626	0.0451842308	0.0272552159	0.0076839116	-0.0123503943	-0.0316405151	0.4383935526536362	0.0431480858671307	0.1921889070082765	0.0018617573139972	-0.0368092876092589	0.0299820429482621	0.0013549236543011	0.0008989228993514	0.2410866067012804	0.048584274068908	0.0581227519307378	0.0023604316868027	-0.0061996120985353	0.0006167364022123	3.8036378981377243e-07	3.843519017230527e-05	-0.0148378099295856	-0.0038922678332769	1.5149748885962056e-05	0.0002201606035065	-0.0177590657477313	-0.0130900474301798	0.0001713493417243	0.0003153844162322	0.0	0.0	0.0	0.0	0.0	0.0	0.0	0.0	0.0	0.0	0.0	0.0	0.0	0.0	1.0	0.0	0.0	0.0	0.0	0.0	0.0	0.0	0.0	0.0	0.0	0.0	0.0	0.0	0.0	0.0	0.0	0.0	0.0	0.0	0.0	0.0	0.0	0.0	0.0	0.0	0.0	0.0	0.0	0.0	0.0	0.0	0.0	0.0	0.0	0.0	0.0	0.0	0.0	0.0	0.0	0.0	0.0	0.0	0.0	0.0	0.0	0.0	0.0	0.0	0.0	0.0	0.0	0.0	0.0	0.0	0.0	0.0	0.0	0.0	0.0	0.0	0.0	0.0	0.0	0.0	0.0	0.0	0.0	0.0	0.0	0.0	0.0	0.0	0.0	0.0	0.0	0.0	0.0	0.0	0.0	0.0	0.0	0.0	0.0	0.0	0.0	0.0	0.0	0.0	0.0	0.0	0.0	0.0	0.0	0.0	0.0	0.0	0.0	0.0	0.0	0.0	0.0	0.0	0.0	0.0	0.0	0.0	0.0	0.0	0.0	0.0	0.0	0.0	0.0	0.0	0.0	0.0	0.0	0.0	0.0	0.0	0.0	0.0	0.0	0.0	0.0	0.0	0.0	0.0	0.0	0.0	0.0	0.0	0.0	0.0	0.0	0.0	0.0	0.0	0.0	0.0	0.0	0.0	0.0	0.0	0.0	0.0	0.0	0.0	0.0	0.0	0.0	0.0	0.0	0.0	0.0	0.0	0.0	0.0	0.0	0.0	0.0	0.0	0.0	0.0	0.0	0.0	0.0	0.0	0.0	0.0	0.0	0.0	0.0	0.0	0.0	0.0	0.0	0.0	0.0	0.0	0.0	0.0	0.0	0.0	0.0	0.0	0.0	0.0	0.0	0.0	0.0	0.0	0.0	0.0	0.0	0.0	0.0	0.0	0.0	0.0	0.0	0.0	0.0	0.0	0.0	0.0	0.0	0.0	0.0	0.0	0.0	0.0	0.0	0.0	0.0	0.0	0.0	0.0	0.0	0.0	0.0	0.0	0.0	0.0	0.0
2044.4812383717244	-44.7884343946298	4179903.53405398	2006.0038555220576	2449.541165286548	-0.2780836967567666	0.0773305424019093	6000251.920433381	2190.0486208044963	-81.02573792830754	6565.170206826774	4796312.961487676	2211.9389231612045	2058.414272585295	1.210259	103.695404	1.8940423648145053	0.7324426592960894	0.0244237917	0.0385515159	0.0230907789	-0.0413331233	-0.0058775306	-0.0118593106	-0.0840466619	-0.0188310114	-0.0059564592	-0.0133158716	0.0655388233	-0.0558492835	0.0216412977	-0.0519290877	0.0401027097	-0.0155872379	-0.006569356	0.1372788104	0.0170482024	0.0257556551	-0.0065892085	-0.0913119563	0.0126768304	0.0110769159	-0.0987081905	0.0063771499	-0.0760080135	-0.0287267035	0.039227092	0.107011476	0.0173335648	0.0509666289	0.0828331223	-0.0388434775	0.0451229791	0.0342797538	0.0519258042	-0.0915773191	0.013586537	0.0106367198	0.0474964093	0.0948053218	-0.0183113517	0.0789770813	0.0711343098	0.0586347667	0.0422967282	0.0231897558	0.0025646777	-0.0182282956	-0.0378279629	0.7883083219914937	0.3499147693378575	0.6214300105210445	0.122440345800766	-0.2421944943092882	-0.2053852067000293	0.0586581730737318	0.0421830831312137	0.6621640947405041	0.4210774880392237	0.4384612883635113	0.1773062509334225	-0.0050222618935687	0.0011773502049665	1.3861535051348946e-06	2.5223114527592263e-05	-0.0219077224675672	-0.0070699125379816	4.9983663294709447e-05	0.0004799483037159	-0.027865101019531	-0.0101060352717997	0.0001021319489148	0.0007764638548286	0.0	0.0	0.0	0.0	0.0	0.0	0.0	0.0	0.0	0.0	0.0	0.0	0.0	0.0	0.0	1.0	0.0	0.0	0.0	0.0	0.0	0.0	0.0	0.0	0.0	0.0	0.0	0.0	0.0	0.0	0.0	0.0	0.0	0.0	0.0	0.0	0.0	0.0	0.0	0.0	0.0	0.0	0.0	0.0	0.0	0.0	0.0	0.0	0.0	0.0	0.0	0.0	0.0	0.0	0.0	0.0	0.0	0.0	0.0	0.0	0.0	0.0	0.0	0.0	0.0	0.0	0.0	0.0	0.0	0.0	0.0	0.0	0.0	0.0	0.0	0.0	0.0	0.0	0.0	0.0	0.0	0.0	0.0	0.0	0.0	0.0	0.0	0.0	0.0	0.0	0.0	0.0	0.0	0.0	0.0	0.0	0.0	0.0	0.0	0.0	0.0	0.0	0.0	0.0	0.0	0.0	0.0	0.0	0.0	0.0	0.0	0.0	0.0	0.0	0.0	0.0	0.0	0.0	0.0	0.0	0.0	0.0	0.0	0.0	0.0	0.0	0.0	0.0	0.0	0.0	0.0	0.0	0.0	0.0	0.0	0.0	0.0	0.0	0.0	0.0	0.0	0.0	0.0	0.0	0.0	0.0	0.0	0.0	0.0	0.0	0.0	0.0	0.0	0.0	0.0	0.0	0.0	0.0	0.0	0.0	0.0	0.0	0.0	0.0	0.0	0.0	0.0	0.0	0.0	0.0	0.0	0.0	0.0	0.0	0.0	0.0	0.0	0.0	0.0	0.0	0.0	0.0	0.0	0.0	0.0	0.0	0.0	0.0	0.0	0.0	0.0	0.0	0.0	0.0	0.0	0.0	0.0	0.0	0.0	0.0	0.0	0.0	0.0	0.0	0.0	0.0	0.0	0.0	0.0	0.0	0.0	0.0	0.0	0.0	0.0	0.0	0.0	0.0	0.0	0.0	0.0	0.0	0.0	0.0	0.0	0.0	0.0	0.0	0.0	0.0	0.0	0.0	0.0	0.0	0.0	0.0	0.0	0.0	0.0	0.0	0.0
2002.853977832001	-41.627260539723466	4011424.056517469	1732.8288200420184	2407.125898387334	-42.4152668992142	1799.054866131576	5794255.09068703	2085.5533185212507	-104.49530228324556	10919.268199266866	4349532.644395001	2114.6232501837435	1997.4117754203653	1.181923	101.267502	1.870493007778392	1.075491253527111	0.0363568579	0.0641295304	0.0377101257	-0.0258406197	0.0038644258	0.0211908312	-0.01478153	-0.0182965434	0.0382812082	0.0288377799	0.0587840085	-0.1416426754	-0.0994768578	-0.1669349896	0.1243455438	0.0954791031	-0.0756131219	0.2764461625	0.0438509912	0.0426636147	0.001594914	-0.1118126266	0.0854479407	0.0356597377	-0.0891642242	0.0796043083	-0.1219905459	0.0838619252	0.0856691838	0.0495277129	-0.0548974187	0.0432713357	0.1012915949	-0.0097312106	0.0243704191	0.0223779183	0.0304766263	-0.1362014185	-0.1450700793	0.0729937031	0.0045355057	0.163659997	-0.0411949423	0.0787557834	0.0702792922	0.0568210419	0.0393350228	0.0190607341	-0.0025646777	-0.024008292	-0.0437500746	0.924994576189036	0.1366862541975423	0.8556149659791343	0.0186831320865551	-0.2104692546324429	0.0317252396768452	0.044297307145536	0.0010064908325532	0.5755422794537495	-0.0866218152867546	0.3312489154388178	0.0075033388835726	0.0026977443688108	0.0077200062623795	5.959849669117869e-05	7.27782467945038e-06	-0.0364478759281894	-0.0145401534606221	0.0002114160626584	0.0013284476596766	-0.0379141352688743	-0.0100490342493432	0.0001009830893444	0.0014374816531864	0.0	0.0	0.0	0.0	0.0	0.0	0.0	0.0	0.0	0.0	0.0	0.0	0.0	0.0	0.0	0.0	1.0	0.0	0.0	0.0	0.0	0.0	0.0	0.0	0.0	0.0	0.0	0.0	0.0	0.0	0.0	0.0	0.0	0.0	0.0	0.0	0.0	0.0	0.0	0.0	0.0	0.0	0.0	0.0	0.0	0.0	0.0	0.0	0.0	0.0	0.0	0.0	0.0	0.0	0.0	0.0	0.0	0.0	0.0	0.0	0.0	0.0	0.0	0.0	0.0	0.0	0.0	0.0	0.0	0.0	0.0	0.0	0.0	0.0	0.0	0.0	0.0	0.0	0.0	0.0	0.0	0.0	0.0	0.0	0.0	0.0	0.0	0.0	0.0	0.0	0.0	0.0	0.0	0.0	0.0	0.0	0.0	0.0	0.0	0.0	0.0	0.0	0.0	0.0	0.0	0.0	0.0	0.0	0.0	0.0	0.0	0.0	0.0	0.0	0.0	0.0	0.0	0.0	0.0	0.0	0.0	0.0	0.0	0.0	0.0	0.0	0.0	0.0	0.0	0.0	0.0	0.0	0.0	0.0	0.0	0.0	0.0	0.0	0.0	0.0	0.0	0.0	0.0	0.0	0.0	0.0	0.0	0.0	0.0	0.0	0.0	0.0	0.0	0.0	0.0	0.0	0.0	0.0	0.0	0.0	0.0	0.0	0.0	0.0	0.0	0.0	0.0	0.0	0.0	0.0	0.0	0.0	0.0	0.0	0.0	0.0	0.0	0.0	0.0	0.0	0.0	0.0	0.0	0.0	0.0	0.0	0.0	0.0	0.0	0.0	0.0	0.0	0.0	0.0	0.0	0.0	0.0	0.0	0.0	0.0	0.0	0.0	0.0	0.0	0.0	0.0	0.0	0.0	0.0	0.0	0.0	0.0	0.0	0.0	0.0	0.0	0.0	0.0	0.0	0.0	0.0	0.0	0.0	0.0	0.0	0.0	0.0	0.0	0.0	0.0	0.0	0.0	0.0	0.0	0.0	0.0	0.0	0.0	0.0	0.0	0.0
2066.547243487879	63.69326565587789	4270617.50956735	4056.8320899102346	2424.369280253371	17.243381866036998	297.3342181779736	5877566.407036249	2205.993651016898	120.44033249564744	14505.873691662113	4866407.988326864	2230.296599172133	2051.037976767476	1.784807	152.922791	3.464271104591848	2.0458307732130523	0.0210696427	0.0419314917	0.0019065249	-0.0511734464	0.0156320136	0.012670677	-0.0371640067	-0.0206556298	-0.0046086765	0.0146513922	0.0213973413	-0.0341438455	-0.0355335113	-0.0024702808	0.0239867096	0.0229730624	-0.0198493825	-0.0193298208	0.0422643679	0.0152232739	0.0108094179	-0.0335148021	-0.0766129188	0.060534417	-0.1146779019	-0.0095962777	0.0295174015	-0.0924617246	0.0187929543	0.1225994121	0.1035121881	0.0589462494	-0.0401712382	-0.03705919	0.0089955836	0.0102094664	0.0326946364	-0.0449438201	0.0751936676	0.0118958023	0.0946361086	0.0866587234	-0.009473433	0.0785258491	0.0693934478	0.0549512416	0.0363043104	0.0148794683	-0.0076839116	-0.0296593388	-0.049365311	0.3942258019869911	-0.5307687742020449	0.1554139829522863	0.2817154916679413	-0.2205443308852039	-0.0100750762527609	0.0486398018856023	0.0001015071614989	0.6926361959974159	0.1170939165436664	0.4797449000057707	0.0137109852915351	-0.0003908851171367	-0.0030886294859475	9.539632101464318e-06	1.527911747989717e-07	-0.0141192913708754	0.022328584557314	0.0004985656883331	0.0001993543888156	-0.0072046825602683	0.030709452708606	0.0009430704856621	5.1907450794234186e-05	0.0	0.0	0.0	0.0	0.0	0.0	0.0	0.0	0.0	0.0	0.0	0.0	0.0	0.0	0.0	0.0	0.0	1.0	0.0	0.0	0.0	0.0	0.0	0.0	0.0	0.0	0.0	0.0	0.0	0.0	0.0	0.0	0.0	0.0	0.0	0.0	0.0	0.0	0.0	0.0	0.0	0.0	0.0	0.0	0.0	0.0	0.0	0.0	0.0	0.0	0.0	0.0	0.0	0.0	0.0	0.0	0.0	0.0	0.0	0.0	0.0	0.0	0.0	0.0	0.0	0.0	0.0	0.0	0.0	0.0	0.0	0.0	0.0	0.0	0.0	0.0	0.0	0.0	0.0	0.0	0.0	0.0	0.0	0.0	0.0	0.0	0.0	0.0	0.0	0.0	0.0	0.0	0.0	0.0	0.0	0.0	0.0	0.0	0.0	0.0	0.0	0.0	0.0	0.0	0.0	0.0	0.0	0.0	0.0	0.0	0.0	0.0	0.0	0.0	0.0	0.0	0.0	0.0	0.0	0.0	0.0	0.0	0.0	0.0	0.0	0.0	0.0	0.0	0.0	0.0	0.0	0.0	0.0	0.0	0.0	0.0	0.0	0.0	0.0	0.0	0.0	0.0	0.0	0.0	0.0	0.0	0.0	0.0	0.0	0.0	0.0	0.0	0.0	0.0	0.0	0.0	0.0	0.0	0.0	0.0	0.0	0.0	0.0	0.0	0.0	0.0	0.0	0.0	0.0	0.0	0.0	0.0	0.0	0.0	0.0	0.0	0.0	0.0	0.0	0.0	0.0	0.0	0.0	0.0	0.0	0.0	0.0	0.0	0.0	0.0	0.0	0.0	0.0	0.0	0.0	0.0	0.0	0.0	0.0	0.0	0.0	0.0	0.0	0.0	0.0	0.0	0.0	0.0	0.0	0.0	0.0	0.0	0.0	0.0	0.0	0.0	0.0	0.0	0.0	0.0	0.0	0.0	0.0	0.0	0.0	0.0	0.0	0.0	0.0	0.0	0.0	0.0	0.0	0.0	0.0	0.0	0.0	0.0	0.0	0.0	0.0
2066.925338585939	0.37809509805993	4272180.355288598	0.1429559031769481	2429.722597723138	5.353317469766807	28.658007932110493	5903551.901886473	2260.23281196926	54.239160952362	2941.8865808162304	5108652.364302469	2270.531566659748	2070.8191417475214	1.221917	104.694237	3.0687586496721404	2.13392882200936	0.0167672948	0.0450368978	0.0399936689	-0.0218909406	0.0103287711	0.0199570131	-0.0036728434	-0.0475473609	0.0013911957	-0.0117519385	0.0491195353	0.0134318811	0.0078682185	-0.0249188768	-0.015646383	-0.0154111652	-0.0313530399	-0.0312298177	0.0056748637	0.0239260021	-0.0167213361	-0.1025040285	0.0114828577	0.0485436506	-0.0946827551	0.0357475272	-0.0278215527	-0.0196634675	0.0342462015	0.0422600102	0.020671602	0.0797896602	0.08483122	-0.0456033782	0.0292370497	0.0346507011	0.0055845593	-0.1239069923	-0.061199826	0.0342542072	0.043446765	0.0858161974	0.0314403128	0.0782873035	0.0684771651	0.0530272111	0.0332099078	0.010657419	-0.0127728206	-0.0351510839	-0.0546342852	0.4365484764983875	0.0423226745113964	0.1905745723330631	0.0017912087777976	-0.3967397933165557	-0.1761954624313517	0.1574024636008633	0.0310448409813978	0.7792543518836084	0.0866181558861924	0.6072373449295425	0.0075027049291247	-0.007413195215825	-0.0070223100986883	4.931283912213968e-05	5.4955463307930674e-05	-0.0233712198234119	-0.0092519284525365	8.559818009085442e-05	0.0005462139160342	-0.0462028911459075	-0.0389982085856391	0.001520860272889	0.0021347071502405	0.0	0.0	0.0	0.0	0.0	0.0	0.0	0.0	0.0	0.0	0.0	0.0	0.0	0.0	0.0	0.0	0.0	0.0	1.0	0.0	0.0	0.0	0.0	0.0	0.0	0.0	0.0	0.0	0.0	0.0	0.0	0.0	0.0	0.0	0.0	0.0	0.0	0.0	0.0	0.0	0.0	0.0	0.0	0.0	0.0	0.0	0.0	0.0	0.0	0.0	0.0	0.0	0.0	0.0	0.0	0.0	0.0	0.0	0.0	0.0	0.0	0.0	0.0	0.0	0.0	0.0	0.0	0.0	0.0	0.0	0.0	0.0	0.0	0.0	0.0	0.0	0.0	0.0	0.0	0.0	0.0	0.0	0.0	0.0	0.0	0.0	0.0	0.0	0.0	0.0	0.0	0.0	0.0	0.0	0.0	0.0	0.0	0.0	0.0	0.0	0.0	0.0	0.0	0.0	0.0	0.0	0.0	0.0	0.0	0.0	0.0	0.0	0.0	0.0	0.0	0.0	0.0	0.0	0.0	0.0	0.0	0.0	0.0	0.0	0.0	0.0	0.0	0.0	0.0	0.0	0.0	0.0	0.0	0.0	0.0	0.0	0.0	0.0	0.0	0.0	0.0	0.0	0.0	0.0	0.0	0.0	0.0	0.0	0.0	0.0	0.0	0.0	0.0	0.0	0.0	0.0	0.0	0.0	0.0	0.0	0.0	0.0	0.0	0.0	0.0	0.0	0.0	0.0	0.0	0.0	0.0	0.0	0.0	0.0	0.0	0.0	0.0	0.0	0.0	0.0	0.0	0.0	0.0	0.0	0.0	0.0	0.0	0.0	0.0	0.0	0.0	0.0	0.0	0.0	0.0	0.0	0.0	0.0	0.0	0.0	0.0	0.0	0.0	0.0	0.0	0.0	0.0	0.0	0.0	0.0	0.0	0.0	0.0	0.0	0.0	0.0	0.0	0.0	0.0	0.0	0.0	0.0	0.0	0.0	0.0	0.0	0.0	0.0	0.0	0.0	0.0	0.0	0.0	0.0	0.0	0.0	0.0	0.0	0.0	0.0	0.0
2064.948403018649	-1.976935567289729	4264011.907129269	3.908274237215163	2394.4264162664545	-35.29618145668337	1245.820425423119	5733277.862914616	2229.551637069039	-30.68117490022132	941.3344932579708	4970900.502357231	2238.52704389087	1984.5403588895776	1.333581	114.26162	4.062815617948739	2.491173813442782	0.0382263793	0.0547970085	0.0209334978	-0.0904849258	0.0284326918	0.0441057141	0.0119651031	-0.0110335308	0.0394768122	0.1065892404	0.0137433019	-0.0129146424	-0.0076081518	0.0125367951	0.0098634459	0.0090311353	-0.0020018535	-0.0184996852	0.0083364773	0.0108608361	-0.0014731986	-0.0182406478	-0.087066848	0.0438901237	-0.0426828402	0.0152887193	-0.0073282082	-0.0083251084	0.0934125606	0.0054561418	0.0333262764	0.0346949864	-0.0514506539	-0.0490336581	-0.049190635	-0.0205086604	0.0096274047	-0.0426211054	0.0186426449	-0.0530655103	-0.0085224734	0.0534260741	0.0372333138	0.0780401729	0.0675308461	0.0510508491	0.0300572439	0.0064061583	-0.0178113211	-0.0404540309	-0.0595200392	0.0842464144528918	-0.3523020620454957	0.0070974583481684	0.1241167429215083	-0.3592491380538831	0.0374906552626725	0.1290599431924579	0.0014055492320245	1.219434067240094	0.4401797153564857	1.4870194443457183	0.1937581818113167	-0.0061880784372069	0.0012251167786181	1.5009111212515922e-06	3.829231474502498e-05	0.0037627830634299	0.0271340028868418	0.0007362541126631	1.4158536382434902e-05	-0.0099051471056857	0.0362977440402218	0.0013175262224094	9.81119391852738e-05	0.0	0.0	0.0	0.0	0.0	0.0	0.0	0.0	0.0	0.0	0.0	0.0	0.0	0.0	0.0	0.0	0.0	0.0	0.0	1.0	0.0	0.0	0.0	0.0	0.0	0.0	0.0	0.0	0.0	0.0	0.0	0.0	0.0	0.0	0.0	0.0	0.0	0.0	0.0	0.0	0.0	0.0	0.0	0.0	0.0	0.0	0.0	0.0	0.0	0.0	0.0	0.0	0.0	0.0	0.0	0.0	0.0	0.0	0.0	0.0	0.0	0.0	0.0	0.0	0.0	0.0	0.0	0.0	0.0	0.0	0.0	0.0	0.0	0.0	0.0	0.0	0.0	0.0	0.0	0.0	0.0	0.0	0.0	0.0	0.0	0.0	0.0	0.0	0.0	0.0	0.0	0.0	0.0	0.0	0.0	0.0	0.0	0.0	0.0	0.0	0.0	0.0	0.0	0.0	0.0	0.0	0.0	0.0	0.0	0.0	0.0	0.0	0.0	0.0	0.0	0.0	0.0	0.0	0.0	0.0	0.0	0.0	0.0	0.0	0.0	0.0	0.0	0.0	0.0	0.0	0.0	0.0	0.0	0.0	0.0	0.0	0.0	0.0	0.0	0.0	0.0	0.0	0.0	0.0	0.0	0.0	0.0	0.0	0.0	0.0	0.0	0.0	0.0	0.0	0.0	0.0	0.0	0.0	0.0	0.0	0.0	0.0	0.0	0.0	0.0	0.0	0.0	0.0	0.0	0.0	0.0	0.0	0.0	0.0	0.0	0.0	0.0	0.0	0.0	0.0	0.0	0.0	0.0	0.0	0.0	0.0	0.0	0.0	0.0	0.0	0.0	0.0	0.0	0.0	0.0	0.0	0.0	0.0	0.0	0.0	0.0	0.0	0.0	0.0	0.0	0.0	0.0	0.0	0.0	0.0	0.0	0.0	0.0	0.0	0.0	0.0	0.0	0.0	0.0	0.0	0.0	0.0	0.0	0.0	0.0	0.0	0.0	0.0	0.0	0.0	0.0	0.0	0.0	0.0	0.0	0.0	0.0	0.0	0.0	0.0	0.0
2061.7542566936736	-3.194146324975464	4250830.614994482	10.202570745354258	2356.266387521404	-38.16002874505057	1456.1877938230857	5551991.288963167	2236.751922275709	7.200285206670287	51.84410705739498	5003059.16180408	2232.6296158102746	1920.950961289417	1.141856	97.834579	2.558309447204937	1.3047432744416898	0.0575217374	0.1175011444	0.040235203	-0.0885394685	0.0372578554	0.0813912114	0.0838436804	0.039966332	0.0663002508	0.07909731	-0.00237634	-0.0090772835	-0.0357159832	-0.0201830486	0.0141175773	0.0365469985	-0.037712629	-0.0329035207	0.0205735533	0.0280494838	0.0014501968	-0.092500033	-0.0358039691	0.0915607294	-0.0809984888	0.0200126978	0.0164496218	0.0253304072	0.074745361	0.0059260766	0.03715744	0.006802288	-0.0076244497	-0.0740832784	-0.0469430924	-0.0142244242	0.026729935	-0.007866887	0.0140478167	-0.0289306137	0.0653597657	0.0746305885	0.0488547995	0.0777844842	0.0665549058	0.0490241061	0.0268518493	0.0021373389	-0.0227795284	-0.0455396975	-0.0639883028	0.2319709054089997	0.1477244909561079	0.053810500956271	0.0218225252282412	-0.5639848824365288	-0.2047357443826457	0.3180789476169451	0.041916725027916	1.427364390621868	0.2079303233817739	2.0373691036153367	0.0432350193816491	0.0023123334485363	0.0085004118857432	7.225700222728427e-05	5.346885977219777e-06	-0.0053522061364958	-0.0091149891999257	8.308302811476215e-05	2.8646110527543294e-05	-0.032248123789705	-0.0223429766840193	0.0004992086071026	0.0010399414879561	0.0	0.0	0.0	0.0	0.0	0.0	0.0	0.0	0.0	0.0	0.0	0.0	0.0	0.0	0.0	0.0	0.0	0.0	0.0	0.0	1.0	0.0	0.0	0.0	0.0	0.0	0.0	0.0	0.0	0.0	0.0	0.0	0.0	0.0	0.0	0.0	0.0	0.0	0.0	0.0	0.0	0.0	0.0	0.0	0.0	0.0	0.0	0.0	0.0	0.0	0.0	0.0	0.0	0.0	0.0	0.0	0.0	0.0	0.0	0.0	0.0	0.0	0.0	0.0	0.0	0.0	0.0	0.0	0.0	0.0	0.0	0.0	0.0	0.0	0.0	0.0	0.0	0.0	0.0	0.0	0.0	0.0	0.0	0.0	0.0	0.0	0.0	0.0	0.0	0.0	0.0	0.0	0.0	0.0	0.0	0.0	0.0	0.0	0.0	0.0	0.0	0.0	0.0	0.0	0.0	0.0	0.0	0.0	0.0	0.0	0.0	0.0	0.0	0.0	0.0	0.0	0.0	0.0	0.0	0.0	0.0	0.0	0.0	0.0	0.0	0.0	0.0	0.0	0.0	0.0	0.0	0.0	0.0	0.0	0.0	0.0	0.0	0.0	0.0	0.0	0.0	0.0	0.0	0.0	0.0	0.0	0.0	0.0	0.0	0.0	0.0	0.0	0.0	0.0	0.0	0.0	0.0	0.0	0.0	0.0	0.0	0.0	0.0	0.0	0.0	0.0	0.0	0.0	0.0	0.0	0.0	0.0	0.0	0.0	0.0	0.0	0.0	0.0	0.0	0.0	0.0	0.0	0.0	0.0	0.0	0.0	0.0	0.0	0.0	0.0	0.0	0.0	0.0	0.0	0.0	0.0	0.0	0.0	0.0	0.0	0.0	0.0	0.0	0.0	0.0	0.0	0.0	0.0	0.0	0.0	0.0	0.0	0.0	0.0	0.0	0.0	0.0	0.0	0.0	0.0	0.0	0.0	0.0	0.0	0.0	0.0	0.0	0.0	0.0	0.0	0.0	0.0	0.0	0.0	0.0	0.0	0.0	0.0	0.0	0.0	0.0
1962.470822960244	-99.28343373342956	3851291.7309702574	9857.200213900296	2299.4062412209705	-56.86014630043337	3233.076237306687	5287269.062165952	2103.026196687118	-133.7257255885911	17882.56968419517	4422719.183952285	2105.8303848957767	1857.961946331087	2.047198	175.404556	4.420568849332978	2.743432035170107	0.0619290019	0.1099369521	0.0689424685	-0.0937775519	0.0644389038	0.0946172327	0.0560162621	0.0249782986	-0.0137006353	0.0530036183	-0.0036073211	-0.1222815362	-0.1070118446	-0.1522134753	0.1213536467	0.1118957217	-0.0875983179	0.2291577018	0.0094270562	0.0713829262	-0.0078949226	-0.1388737023	0.1091949209	0.1055372438	-0.0762365123	0.1035193855	-0.1153192184	0.1635289186	0.1222363841	-0.026801488	-0.1374299161	-0.0370867188	0.1377679828	-0.0382733969	0.0259903777	0.0037856689	0.076203482	-0.1737409959	-0.2101305591	0.0652893555	-0.0694509758	0.1530066731	-0.0264429771	0.0775202656	0.0655497724	0.0469489822	0.0235993474	-0.0021373389	-0.0276578354	-0.0503807682	-0.0680077345	0.7745891871222028	0.5426182817132031	0.599988408806635	0.294434599649389	-0.2949217600684761	0.2690631223680527	0.0869788445618877	0.0723949638184456	1.197303684820291	-0.2300607058015771	1.4335361136842466	0.0529279283539198	-0.0003408475314943	-0.0026531809800306	7.039369312796134e-06	1.1617703972575783e-07	-0.0215256471048304	-0.0161734409683346	0.0002615801927562	0.0004633534832816	-0.0809980366303427	-0.0487499128406377	0.0023765540019697	0.0065606819379703	0.0	0.0	0.0	0.0	0.0	0.0	0.0	0.0	0.0	0.0	0.0	0.0	0.0	0.0	0.0	0.0	0.0	0.0	0.0	0.0	0.0	1.0	0.0	0.0	0.0	0.0	0.0	0.0	0.0	0.0	0.0	0.0	0.0	0.0	0.0	0.0	0.0	0.0	0.0	0.0	0.0	0.0	0.0	0.0	0.0	0.0	0.0	0.0	0.0	0.0	0.0	0.0	0.0	0.0	0.0	0.0	0.0	0.0	0.0	0.0	0.0	0.0	0.0	0.0	0.0	0.0	0.0	0.0	0.0	0.0	0.0	0.0	0.0	0.0	0.0	0.0	0.0	0.0	0.0	0.0	0.0	0.0	0.0	0.0	0.0	0.0	0.0	0.0	0.0	0.0	0.0	0.0	0.0	0.0	0.0	0.0	0.0	0.0	0.0	0.0	0.0	0.0	0.0	0.0	0.0	0.0	0.0	0.0	0.0	0.0	0.0	0.0	0.0	0.0	0.0	0.0	0.0	0.0	0.0	0.0	0.0	0.0	0.0	0.0	0.0	0.0	0.0	0.0	0.0	0.0	0.0	0.0	0.0	0.0	0.0	0.0	0.0	0.0	0.0	0.0	0.0	0.0	0.0	0.0	0.0	0.0	0.0	0.0	0.0	0.0	0.0	0.0	0.0	0.0	0.0	0.0	0.0	0.0	0.0	0.0	0.0	0.0	0.0	0.0	0.0	0.0	0.0	0.0	0.0	0.0	0.0	0.0	0.0	0.0	0.0	0.0	0.0	0.0	0.0	0.0	0.0	0.0	0.0	0.0	0.0	0.0	0.0	0.0	0.0	0.0	0.0	0.0	0.0	0.0	0.0	0.0	0.0	0.0	0.0	0.0	0.0	0.0	0.0	0.0	0.0	0.0	0.0	0.0	0.0	0.0	0.0	0.0	0.0	0.0	0.0	0.0	0.0	0.0	0.0	0.0	0.0	0.0	0.0	0.0	0.0	0.0	0.0	0.0	0.0	0.0	0.0	0.0	0.0	0.0	0.0	0.0	0.0	0.0	0.0	0.0	0.0
2063.8894085271627	101.41858556691864	4259639.4906306015	10285.729498394398	2424.13333046273	124.7270892417596	15556.84679072186	5876422.403860328	2211.0457985919456	108.0196019048276	11668.234395677431	4888723.523471095	2224.1281501158605	2088.241727878115	2.073204	177.632767	5.725103635565066	3.241212990178758	-0.0043056827	-0.0012491702	0.0229034198	-0.0621740266	0.007871522	0.0075107551	-0.013309518	-0.0242618938	0.0219760298	0.0691057651	0.0233923056	-0.0292357489	0.0159995498	0.0822629832	0.0244636253	-0.0125876479	0.0718852569	-0.0005307372	0.0790370879	0.01827238	-0.026396289	-0.0406726621	-0.005782167	0.0161801891	-0.0184953589	-0.0288200502	-0.0243172784	-0.0155802786	-0.0348654554	0.0629469294	-0.0012425746	-0.0093669136	0.0722890444	-0.1399660091	0.030100414	-0.0208503956	-0.0395187464	0.0427435328	0.0544704073	-0.0318918048	0.0490899943	-0.0013205159	-0.0147242179	0.0772475461	0.0645158866	0.0448275254	0.0203054443	-0.0064061583	-0.0324269895	-0.0549512416	-0.0715501408	0.0291776036846016	-0.7454115834376012	0.0008513325567756	0.5556384287229519	-0.5489125684642318	-0.2539908083957556	0.3013050078179999	0.0645113307495294	1.0754817807381016	-0.1218219040821892	1.1566610606995982	0.0148405763142101	-0.0160124874320579	-0.0156716399005635	0.0002456002971729	0.0002563997537618	-0.0011463606415875	0.0203792864632429	0.0004153153167509	1.3141427205809047e-06	-0.0249713762011588	0.0560266604291839	0.003138986678847	0.0006235696293798	0.0	0.0	0.0	0.0	0.0	0.0	0.0	0.0	0.0	0.0	0.0	0.0	0.0	0.0	0.0	0.0	0.0	0.0	0.0	0.0	0.0	0.0	1.0	0.0	0.0	0.0	0.0	0.0	0.0	0.0	0.0	0.0	0.0	0.0	0.0	0.0	0.0	0.0	0.0	0.0	0.0	0.0	0.0	0.0	0.0	0.0	0.0	0.0	0.0	0.0	0.0	0.0	0.0	0.0	0.0	0.0	0.0	0.0	0.0	0.0	0.0	0.0	0.0	0.0	0.0	0.0	0.0	0.0	0.0	0.0	0.0	0.0	0.0	0.0	0.0	0.0	0.0	0.0	0.0	0.0	0.0	0.0	0.0	0.0	0.0	0.0	0.0	0.0	0.0	0.0	0.0	0.0	0.0	0.0	0.0	0.0	0.0	0.0	0.0	0.0	0.0	0.0	0.0	0.0	0.0	0.0	0.0	0.0	0.0	0.0	0.0	0.0	0.0	0.0	0.0	0.0	0.0	0.0	0.0	0.0	0.0	0.0	0.0	0.0	0.0	0.0	0.0	0.0	0.0	0.0	0.0	0.0	0.0	0.0	0.0	0.0	0.0	0.0	0.0	0.0	0.0	0.0	0.0	0.0	0.0	0.0	0.0	0.0	0.0	0.0	0.0	0.0	0.0	0.0	0.0	0.0	0.0	0.0	0.0	0.0	0.0	0.0	0.0	0.0	0.0	0.0	0.0	0.0	0.0	0.0	0.0	0.0	0.0	0.0	0.0	0.0	0.0	0.0	0.0	0.0	0.0	0.0	0.0	0.0	0.0	0.0	0.0	0.0	0.0	0.0	0.0	0.0	0.0	0.0	0.0	0.0	0.0	0.0	0.0	0.0	0.0	0.0	0.0	0.0	0.0	0.0	0.0	0.0	0.0	0.0	0.0	0.0	0.0	0.0	0.0	0.0	0.0	0.0	0.0	0.0	0.0	0.0	0.0	0.0	0.0	0.0	0.0	0.0	0.0	0.0	0.0	0.0	0.0	0.0	0.0	0.0	0.0	0.0	0.0	0.0	0.0
2081.0576970352176	17.168288508054957	4330801.138389524	294.7501302958119	2328.376246622164	-95.75708384056588	9169.419105649164	5421335.945834317	2234.216113214908	23.17031462296245	536.8634797270676	4991721.640549131	2226.7843953308743	2173.569782902541	1.266341	108.500534	1.873987959087504	0.9641120381527192	-0.0253927089	0.0083830111	0.0261272584	-0.0351959976	0.0541592415	0.086701674	0.1585869306	0.0106212158	0.0244472828	0.1195840011	-0.1231682767	-0.0092524653	-0.0024493951	0.0196086459	0.0192228514	0.0170679028	0.0099950519	-0.0126687401	-0.0450794215	-0.0024319435	-0.0205518011	0.0007167943	0.0110413091	0.0268532512	0.012787126	0.0042415174	-0.0253931774	0.0281055712	0.0197245239	-0.0033656256	0.0099763118	-0.0058018213	0.0529850085	-0.117884573	0.0019350725	0.0842558332	-0.0788435921	0.0492354115	0.1103083196	-0.1077804378	0.0760918108	-0.0331416595	0.0907992824	0.0769663555	0.063453702	0.0426618292	0.0169759185	-0.010657419	-0.0370681691	-0.0592265694	-0.0745906743	0.5108468952495571	0.4816692915649554	0.2609645503861119	0.232005306436686	-0.4868630914442065	0.0620494770200252	0.2370356698106097	0.0038501375984586	1.30893443079335	0.2334526500552483	1.713309344116311	0.0545001398178182	-0.0202957672882893	-0.0042832798562314	1.8346486326797704e-05	0.0004119181698203	0.0080409454846455	0.0091873061262329	8.440659385711839e-05	6.465680428704086e-05	-0.0165056313746777	0.0084657448264811	7.166883546709156e-05	0.0002724358670767	0.0	0.0	0.0	0.0	0.0	0.0	0.0	0.0	0.0	0.0	0.0	0.0	0.0	0.0	0.0	0.0	0.0	0.0	0.0	0.0	0.0	0.0	0.0	1.0	0.0	0.0	0.0	0.0	0.0	0.0	0.0	0.0	0.0	0.0	0.0	0.0	0.0	0.0	0.0	0.0	0.0	0.0	0.0	0.0	0.0	0.0	0.0	0.0	0.0	0.0	0.0	0.0	0.0	0.0	0.0	0.0	0.0	0.0	0.0	0.0	0.0	0.0	0.0	0.0	0.0	0.0	0.0	0.0	0.0	0.0	0.0	0.0	0.0	0.0	0.0	0.0	0.0	0.0	0.0	0.0	0.0	0.0	0.0	0.0	0.0	0.0	0.0	0.0	0.0	0.0	0.0	0.0	0.0	0.0	0.0	0.0	0.0	0.0	0.0	0.0	0.0	0.0	0.0	0.0	0.0	0.0	0.0	0.0	0.0	0.0	0.0	0.0	0.0	0.0	0.0	0.0	0.0	0.0	0.0	0.0	0.0	0.0	0.0	0.0	0.0	0.0	0.0	0.0	0.0	0.0	0.0	0.0	0.0	0.0	0.0	0.0	0.0	0.0	0.0	0.0	0.0	0.0	0.0	0.0	0.0	0.0	0.0	0.0	0.0	0.0	0.0	0.0	0.0	0.0	0.0	0.0	0.0	0.0	0.0	0.0	0.0	0.0	0.0	0.0	0.0	0.0	0.0	0.0	0.0	0.0	0.0	0.0	0.0	0.0	0.0	0.0	0.0	0.0	0.0	0.0	0.0	0.0	0.0	0.0	0.0	0.0	0.0	0.0	0.0	0.0	0.0	0.0	0.0	0.0	0.0	0.0	0.0	0.0	0.0	0.0	0.0	0.0	0.0	0.0	0.0	0.0	0.0	0.0	0.0	0.0	0.0	0.0	0.0	0.0	0.0	0.0	0.0	0.0	0.0	0.0	0.0	0.0	0.0	0.0	0.0	0.0	0.0	0.0	0.0	0.0	0.0	0.0	0.0	0.0	0.0	0.0	0.0	0.0	0.0	0.0	0.0
2090.721963486488	9.664266451270578	4371118.328604797	93.398046041154	2426.367646517819	97.99139989565492	9602.31445351016	5887259.956068421	2217.1839732294497	-17.032139985458343	290.0937924842489	4915904.771145529	2236.147572587176	2124.2783112715783	1.477189	126.566017	1.4773403322462364	0.6769853104747613	-0.0133799305	-0.0008851638	0.0129208472	-0.0386737048	0.0009805654	-0.021860274	-0.0266526674	-0.0043937286	-0.0428180681	0.0263161096	0.034042301	-0.0245231391	-0.0159020385	0.0314471559	0.0164480535	0.0085110093	0.0245181184	-0.000122228	0.0167963087	-0.0054505691	-0.0170308753	0.0228713793	-0.1120666955	0.1243971229	-0.0199064695	-0.0064734063	0.0152808843	-0.0408609421	0.0608019191	0.0787208053	0.1418641669	0.1017690964	-0.0083790726	-0.0654193987	0.0046189348	-0.0360682124	0.0161551392	0.033205113	0.1397396019	-0.0425441706	0.0417040452	-0.0722233996	-0.0438938137	0.0766767246	0.0623636846	0.0404540309	0.0136166111	-0.0148794683	-0.0415630576	-0.0631837885	-0.0771080077	-0.0725918959513052	-0.5834387912008623	0.0052695833578051	0.3404008230779233	-0.3774144771562788	0.1094486142879276	0.1424416875671472	0.0119789991695475	1.1018034345445784	-0.2071309962487715	1.213970808374229	0.0429032496070086	-0.0189904694688328	0.0013052978194565	1.7038023974779015e-06	0.0003606379306466	0.0120941275533938	0.0040531820687482	1.6428284882422742e-05	0.0001462679212777	-0.010317672652709	0.0061879587219686	3.829083314478849e-05	0.0001064543689684	0.0	0.0	0.0	0.0	0.0	0.0	0.0	0.0	0.0	0.0	0.0	0.0	0.0	0.0	0.0	0.0	0.0	0.0	0.0	0.0	0.0	0.0	0.0	0.0	1.0	0.0	0.0	0.0	0.0	0.0	0.0	0.0	0.0	0.0	0.0	0.0	0.0	0.0	0.0	0.0	0.0	0.0	0.0	0.0	0.0	0.0	0.0	0.0	0.0	0.0	0.0	0.0	0.0	0.0	0.0	0.0	0.0	0.0	0.0	0.0	0.0	0.0	0.0	0.0	0.0	0.0	0.0	0.0	0.0	0.0	0.0	0.0	0.0	0.0	0.0	0.0	0.0	0.0	0.0	0.0	0.0	0.0	0.0	0.0	0.0	0.0	0.0	0.0	0.0	0.0	0.0	0.0	0.0	0.0	0.0	0.0	0.0	0.0	0.0	0.0	0.0	0.0	0.0	0.0	0.0	0.0	0.0	0.0	0.0	0.0	0.0	0.0	0.0	0.0	0.0	0.0	0.0	0.0	0.0	0.0	0.0	0.0	0.0	0.0	0.0	0.0	0.0	0.0	0.0	0.0	0.0	0.0	0.0	0.0	0.0	0.0	0.0	0.0	0.0	0.0	0.0	0.0	0.0	0.0	0.0	0.0	0.0	0.0	0.0	0.0	0.0	0.0	0.0	0.0	0.0	0.0	0.0	0.0	0.0	0.0	0.0	0.0	0.0	0.0	0.0	0.0	0.0	0.0	0.0	0.0	0.0	0.0	0.0	0.0	0.0	0.0	0.0	0.0	0.0	0.0	0.0	0.0	0.0	0.0	0.0	0.0	0.0	0.0	0.0	0.0	0.0	0.0	0.0	0.0	0.0	0.0	0.0	0.0	0.0	0.0	0.0	0.0	0.0	0.0	0.0	0.0	0.0	0.0	0.0	0.0	0.0	0.0	0.0	0.0	0.0	0.0	0.0	0.0	0.0	0.0	0.0	0.0	0.0	0.0	0.0	0.0	0.0	0.0	0.0	0.0	0.0	0.0	0.0	0.0	0.0	0.0	0.0	0.0	0.0	0.0	0.0
2071.147593214842	-19.57437027164633	4289652.352879632	383.1559715315116	2356.746764718669	-69.62088179915008	4847.067182491227	5554255.313011914	2246.1740112304688	28.990038001019	840.4223033005258	5045297.688727174	2232.447484139366	2076.361023663916	1.492998	127.92054	2.1319420943238754	0.8611787665873113	0.0056240695	0.050985824	0.0220719779	-0.0621714056	0.0291064227	0.0670823894	0.1158810115	0.0330881457	0.0095948389	0.0633402424	0.0706592867	-0.0045440592	0.0240677285	0.0127816142	0.0158021223	-0.0198327507	0.0108200695	-0.0281861471	-0.038289529	0.0023634612	-0.0118389271	-0.0412682608	0.0108436074	0.0073876063	-0.0210446069	-0.008380916	-0.053170926	0.0008120455	0.0295746809	0.0773317024	-0.0118989824	-0.0381150987	0.0454939161	-0.1418470344	0.055916578	0.0150510207	-0.0290229249	0.0927284691	0.0448879049	-0.0816013827	0.0706460924	-0.0294142553	-0.0231251306	0.0763786853	0.0612463124	0.0382063093	0.0102334157	-0.0190607341	-0.0458939156	-0.0668016447	-0.0790844839	0.353723767381922	0.4263156633332272	0.12512050361086	0.1817450448032495	-0.5927662189869949	-0.2153517418307161	0.351371790372138	0.0463763727095234	1.5071208576163857	0.4053174230718073	2.27141327946235	0.1642822134455704	-0.0162609604591951	0.0027295090096376	7.450219433693369e-06	0.0002644188350555	0.0063461961443227	-0.005747931409071	3.303871548338608e-05	4.02742055022163e-05	-0.0235393775557627	-0.0132217049030537	0.0001748134805434	0.0005541022957127	0.0	0.0	0.0	0.0	0.0	0.0	0.0	0.0	0.0	0.0	0.0	0.0	0.0	0.0	0.0	0.0	0.0	0.0	0.0	0.0	0.0	0.0	0.0	0.0	0.0	1.0	0.0	0.0	0.0	0.0	0.0	0.0	0.0	0.0	0.0	0.0	0.0	0.0	0.0	0.0	0.0	0.0	0.0	0.0	0.0	0.0	0.0	0.0	0.0	0.0	0.0	0.0	0.0	0.0	0.0	0.0	0.0	0.0	0.0	0.0	0.0	0.0	0.0	0.0	0.0	0.0	0.0	0.0	0.0	0.0	0.0	0.0	0.0	0.0	0.0	0.0	0.0	0.0	0.0	0.0	0.0	0.0	0.0	0.0	0.0	0.0	0.0	0.0	0.0	0.0	0.0	0.0	0.0	0.0	0.0	0.0	0.0	0.0	0.0	0.0	0.0	0.0	0.0	0.0	0.0	0.0	0.0	0.0	0.0	0.0	0.0	0.0	0.0	0.0	0.0	0.0	0.0	0.0	0.0	0.0	0.0	0.0	0.0	0.0	0.0	0.0	0.0	0.0	0.0	0.0	0.0	0.0	0.0	0.0	0.0	0.0	0.0	0.0	0.0	0.0	0.0	0.0	0.0	0.0	0.0	0.0	0.0	0.0	0.0	0.0	0.0	0.0	0.0	0.0	0.0	0.0	0.0	0.0	0.0	0.0	0.0	0.0	0.0	0.0	0.0	0.0	0.0	0.0	0.0	0.0	0.0	0.0	0.0	0.0	0.0	0.0	0.0	0.0	0.0	0.0	0.0	0.0	0.0	0.0	0.0	0.0	0.0	0.0	0.0	0.0	0.0	0.0	0.0	0.0	0.0	0.0	0.0	0.0	0.0	0.0	0.0	0.0	0.0	0.0	0.0	0.0	0.0	0.0	0.0	0.0	0.0	0.0	0.0	0.0	0.0	0.0	0.0	0.0	0.0	0.0	0.0	0.0	0.0	0.0	0.0	0.0	0.0	0.0	0.0	0.0	0.0	0.0	0.0	0.0	0.0	0.0	0.0	0.0	0.0	0.0	0.0
2081.5069524434416	10.359359228599716	4332671.193070384	107.31632362717409	2402.722093974074	45.975329255405086	2113.730900142906	5773073.46087116	2254.4104511426845	8.236439912215701	67.83894242753979	5082366.482221362	2252.7673652462845	2062.614957168454	1.243153	106.513756	2.1701325124056234	1.2017291400378136	0.0109629008	0.0426823303	0.0638345096	-0.0295750996	0.0037306163	0.0491584067	0.0282580706	0.0180671506	0.081985687	0.0478428302	0.0386465075	0.0034401076	0.0213166516	0.0273772852	0.000137983	-0.0174992544	0.0275139839	-0.0039315873	-0.0124815378	0.0135050751	-0.0295136349	-0.0819014679	0.0368922462	0.0150845447	-0.0439653685	0.0085451015	-0.068288081	0.0692751333	0.0713482541	-0.0012580604	-0.0273893846	0.0477367226	0.0623426034	-0.0057293915	-0.0065656114	-0.0075926644	0.0012018453	0.0068574692	-0.003356096	-0.0148690179	-0.0248655176	-0.0636381252	0.035463271	0.0760722702	0.0601020755	0.0359208828	0.0068322673	-0.0231897558	-0.0500436514	-0.0700607062	-0.0805062393	-0.2992983208531967	-0.6530220882351188	0.089579484865543	0.4264378477229552	-0.4501782623229786	0.1425879566640163	0.2026604678681365	0.0203313253856193	1.3808373812216672	-0.1262834763947184	1.906711873379112	0.0159475164103354	-0.0191199442641423	-0.0028589838049472	8.173788396950378e-06	0.0003655722686639	-0.0035619234779769	-0.0099081196222996	9.817083444979838e-05	1.2687298862963056e-05	-0.0357370539507513	-0.0121976763949886	0.0001487833094368	0.0012771370250789	0.0	0.0	0.0	0.0	0.0	0.0	0.0	0.0	0.0	0.0	0.0	0.0	0.0	0.0	0.0	0.0	0.0	0.0	0.0	0.0	0.0	0.0	0.0	0.0	0.0	0.0	1.0	0.0	0.0	0.0	0.0	0.0	0.0	0.0	0.0	0.0	0.0	0.0	0.0	0.0	0.0	0.0	0.0	0.0	0.0	0.0	0.0	0.0	0.0	0.0	0.0	0.0	0.0	0.0	0.0	0.0	0.0	0.0	0.0	0.0	0.0	0.0	0.0	0.0	0.0	0.0	0.0	0.0	0.0	0.0	0.0	0.0	0.0	0.0	0.0	0.0	0.0	0.0	0.0	0.0	0.0	0.0	0.0	0.0	0.0	0.0	0.0	0.0	0.0	0.0	0.0	0.0	0.0	0.0	0.0	0.0	0.0	0.0	0.0	0.0	0.0	0.0	0.0	0.0	0.0	0.0	0.0	0.0	0.0	0.0	0.0	0.0	0.0	0.0	0.0	0.0	0.0	0.0	0.0	0.0	0.0	0.0	0.0	0.0	0.0	0.0	0.0	0.0	0.0	0.0	0.0	0.0	0.0	0.0	0.0	0.0	0.0	0.0	0.0	0.0	0.0	0.0	0.0	0.0	0.0	0.0	0.0	0.0	0.0	0.0	0.0	0.0	0.0	0.0	0.0	0.0	0.0	0.0	0.0	0.0	0.0	0.0	0.0	0.0	0.0	0.0	0.0	0.0	0.0	0.0	0.0	0.0	0.0	0.0	0.0	0.0	0.0	0.0	0.0	0.0	0.0	0.0	0.0	0.0	0.0	0.0	0.0	0.0	0.0	0.0	0.0	0.0	0.0	0.0	0.0	0.0	0.0	0.0	0.0	0.0	0.0	0.0	0.0	0.0	0.0	0.0	0.0	0.0	0.0	0.0	0.0	0.0	0.0	0.0	0.0	0.0	0.0	0.0	0.0	0.0	0.0	0.0	0.0	0.0	0.0	0.0	0.0	0.0	0.0	0.0	0.0	0.0	0.0	0.0	0.0	0.0	0.0	0.0	0.0	0.0	0.0
2078.0513714895947	-3.4555809538469475	4318297.502549785	11.94103972858978	2394.344997458262	-8.377096515812354	70.17574603523549	5732887.966853404	2231.7048419454823	-22.705609197202197	515.5446890160729	4980506.50156291	2231.151996891673	2017.0926555481672	1.18815	101.801109	2.7214482368437274	1.643607975869339	0.0263017311	0.1006844065	0.0300588447	-0.0492700982	0.0215505691	0.0398917856	0.0342856843	0.0736822081	0.0117554566	0.0181241158	0.0630007819	-0.0115475308	-0.0170194897	0.024742312	0.0168411561	0.0167530305	0.0213600703	-0.024913781	-0.0271760469	-0.01589866	0.0112006385	-0.0168175186	0.0016599256	-0.0088334524	-0.0210570668	0.0064091333	-0.0313102501	-0.0257554381	0.0023119909	0.0738750748	0.0123052368	-0.0059151543	0.0349044689	-0.0387391153	0.0176027647	0.0555852167	-0.0365944979	0.0810152632	0.0571324217	-0.0262568246	0.0295280997	0.0224711281	0.0318076939	0.0757575129	0.0589314758	0.0336000067	0.0034191328	-0.0272552159	-0.0539958877	-0.0729434684	-0.0813633012	0.0878793953092156	0.3871777161624122	0.0077227881199133	0.1499065838927414	-0.3379744011489123	0.1122038611740662	0.1142266958319659	0.0125897064623691	1.4642839812816462	0.0834466000599789	2.144127577838028	0.00696333506157	-0.0048110720859678	0.0143088721781745	0.0002047438230113	2.314641461637856e-05	-0.0007813400717433	0.0027805834062336	7.731644079021651e-06	6.104923077118253e-07	-0.010054108346214	0.0256829456045373	0.0006596136949256	0.0001010850946374	0.0	0.0	0.0	0.0	0.0	0.0	0.0	0.0	0.0	0.0	0.0	0.0	0.0	0.0	0.0	0.0	0.0	0.0	0.0	0.0	0.0	0.0	0.0	0.0	0.0	0.0	0.0	1.0	0.0	0.0	0.0	0.0	0.0	0.0	0.0	0.0	0.0	0.0	0.0	0.0	0.0	0.0	0.0	0.0	0.0	0.0	0.0	0.0	0.0	0.0	0.0	0.0	0.0	0.0	0.0	0.0	0.0	0.0	0.0	0.0	0.0	0.0	0.0	0.0	0.0	0.0	0.0	0.0	0.0	0.0	0.0	0.0	0.0	0.0	0.0	0.0	0.0	0.0	0.0	0.0	0.0	0.0	0.0	0.0	0.0	0.0	0.0	0.0	0.0	0.0	0.0	0.0	0.0	0.0	0.0	0.0	0.0	0.0	0.0	0.0	0.0	0.0	0.0	0.0	0.0	0.0	0.0	0.0	0.0	0.0	0.0	0.0	0.0	0.0	0.0	0.0	0.0	0.0	0.0	0.0	0.0	0.0	0.0	0.0	0.0	0.0	0.0	0.0	0.0	0.0	0.0	0.0	0.0	0.0	0.0	0.0	0.0	0.0	0.0	0.0	0.0	0.0	0.0	0.0	0.0	0.0	0.0	0.0	0.0	0.0	0.0	0.0	0.0	0.0	0.0	0.0	0.0	0.0	0.0	0.0	0.0	0.0	0.0	0.0	0.0	0.0	0.0	0.0	0.0	0.0	0.0	0.0	0.0	0.0	0.0	0.0	0.0	0.0	0.0	0.0	0.0	0.0	0.0	0.0	0.0	0.0	0.0	0.0	0.0	0.0	0.0	0.0	0.0	0.0	0.0	0.0	0.0	0.0	0.0	0.0	0.0	0.0	0.0	0.0	0.0	0.0	0.0	0.0	0.0	0.0	0.0	0.0	0.0	0.0	0.0	0.0	0.0	0.0	0.0	0.0	0.0	0.0	0.0	0.0	0.0	0.0	0.0	0.0	0.0	0.0	0.0	0.0	0.0	0.0	0.0	0.0	0.0	0.0	0.0	0.0	0.0
2086.844222625401	8.792851135806359	4354918.809505015	77.31423109645118	2412.424130792487	18.07913333422539	326.8550621166996	5819790.186829887	2242.560573743737	10.855731798254965	117.84691287564397	5029077.92690984	2254.852786818448	2133.077940920756	1.210753	103.737671	1.6000328978698823	0.8183595149498569	-0.0178211058	-0.0250264822	0.038490048	-0.0272561915	0.0076024211	-0.0165611374	-0.009831329	-0.0193983547	-0.0053656851	0.0600770946	0.0482513958	0.001809176	0.0010889529	0.0164565993	-0.0029324973	-0.0086833786	0.0068534208	-0.0386807492	-0.0076300323	-0.0037975373	-0.029701589	0.0029554823	-0.0019139873	0.0645468709	0.0103517933	0.0165965023	0.0547139235	0.0571530113	-0.0659670342	0.042338972	-0.0641969615	0.0382591766	0.0168216298	-0.0349191333	-0.0300631305	0.0264091896	-0.0563479135	-0.0024104461	0.0781720839	-0.0207741022	0.0246390783	-0.0049617941	0.0019393267	0.0754344479	0.0577350269	0.0312459714	0.0	-0.0312459714	-0.0577350269	-0.0754344479	-0.0816496581	0.1377715111643027	0.0498921158550871	0.0189809892884955	0.0024892232244974	-0.3853316463583525	-0.0473572452094401	0.1484804776852384	0.002242708673827	0.998072831130976	-0.4662111501506701	0.9961493762418018	0.2173528365248107	-0.0187045148679616	-0.0138934427819938	0.0001930277523365	0.0003498588764457	0.0033717635418875	0.0041531036136308	1.724826962555321e-05	1.136878938240174e-05	-0.0073692070087449	0.002684901337469	7.208695191943359e-06	5.430521193773496e-05	0.0	0.0	0.0	0.0	0.0	0.0	0.0	0.0	0.0	0.0	0.0	0.0	0.0	0.0	0.0	0.0	0.0	0.0	0.0	0.0	0.0	0.0	0.0	0.0	0.0	0.0	0.0	0.0	1.0	0.0	0.0	0.0	0.0	0.0	0.0	0.0	0.0	0.0	0.0	0.0	0.0	0.0	0.0	0.0	0.0	0.0	0.0	0.0	0.0	0.0	0.0	0.0	0.0	0.0	0.0	0.0	0.0	0.0	0.0	0.0	0.0	0.0	0.0	0.0	0.0	0.0	0.0	0.0	0.0	0.0	0.0	0.0	0.0	0.0	0.0	0.0	0.0	0.0	0.0	0.0	0.0	0.0	0.0	0.0	0.0	0.0	0.0	0.0	0.0	0.0	0.0	0.0	0.0	0.0	0.0	0.0	0.0	0.0	0.0	0.0	0.0	0.0	0.0	0.0	0.0	0.0	0.0	0.0	0.0	0.0	0.0	0.0	0.0	0.0	0.0	0.0	0.0	0.0	0.0	0.0	0.0	0.0	0.0	0.0	0.0	0.0	0.0	0.0	0.0	0.0	0.0	0.0	0.0	0.0	0.0	0.0	0.0	0.0	0.0	0.0	0.0	0.0	0.0	0.0	0.0	0.0	0.0	0.0	0.0	0.0	0.0	0.0	0.0	0.0	0.0	0.0	0.0	0.0	0.0	0.0	0.0	0.0	0.0	0.0	0.0	0.0	0.0	0.0	0.0	0.0	0.0	0.0	0.0	0.0	0.0	0.0	0.0	0.0	0.0	0.0	0.0	0.0	0.0	0.0	0.0	0.0	0.0	0.0	0.0	0.0	0.0	0.0	0.0	0.0	0.0	0.0	0.0	0.0	0.0	0.0	0.0	0.0	0.0	0.0	0.0	0.0	0.0	0.0	0.0	0.0	0.0	0.0	0.0	0.0	0.0	0.0	0.0	0.0	0.0	0.0	0.0	0.0	0.0	0.0	0.0	0.0	0.0	0.0	0.0	0.0	0.0	0.0	0.0	0.0	0.0	0.0	0.0	0.0	0.0	0.0	0.0
2078.803784678237	-8.04043794716381	4321425.175192563	64.64864238219178	2434.1569146979346	21.732783905447377	472.3138962808725	5925119.885371768	2269.634044813073	27.073471069335938	732.97283574217	5151238.697374551	2287.163540192182	2141.1234989925624	1.180314	101.129662	3.780207326929004	2.0845942401589266	-0.0315573494	-0.0904331515	-0.0572362783	-0.0506789371	0.0021322019	-0.0658618545	0.0210419631	0.0766895904	0.0158070557	0.0530601539	-0.0447443282	0.0254775222	0.0572401861	0.0469714792	-0.0330748275	-0.052727591	0.0407000509	-0.0136654012	0.0087921404	0.0418993184	-0.0782633498	0.009553386	-0.0266529053	0.0967094811	0.0557461201	0.013100247	0.0476189991	0.0663702603	-0.0701428025	0.0356812743	-0.1311871161	0.0381798893	0.0368314874	-0.0839750542	-0.009023299	-0.0891992096	0.0500707529	-0.064640085	0.0757346072	-0.0518483452	-0.0023703177	-0.0743722142	0.02250213	0.0751031108	0.0565132535	0.0288611001	-0.0034191328	-0.0351510839	-0.0612463124	-0.0775202656	-0.0813633012	-0.0542599447064162	-0.1920314558707189	0.0029441415995433	0.0368760800438278	0.0715302955841821	0.4568619419425346	0.0051165831863604	0.2087228339955038	0.0958668701374207	-0.9022059609935552	0.009190456789945	0.8139755960523046	-0.0564539086564382	-0.0377493937884765	0.0014250167313974	0.0031870438025894	0.0064803633744912	0.0031085998326036	9.663392919263747e-06	4.199510946544697e-05	-0.0110933727501085	-0.0037241657413636	1.3869410469146296e-05	0.0001230629189728	0.0	0.0	0.0	0.0	0.0	0.0	0.0	0.0	0.0	0.0	0.0	0.0	0.0	0.0	0.0	0.0	0.0	0.0	0.0	0.0	0.0	0.0	0.0	0.0	0.0	0.0	0.0	0.0	0.0	1.0	0.0	0.0	0.0	0.0	0.0	0.0	0.0	0.0	0.0	0.0	0.0	0.0	0.0	0.0	0.0	0.0	0.0	0.0	0.0	0.0	0.0	0.0	0.0	0.0	0.0	0.0	0.0	0.0	0.0	0.0	0.0	0.0	0.0	0.0	0.0	0.0	0.0	0.0	0.0	0.0	0.0	0.0	0.0	0.0	0.0	0.0	0.0	0.0	0.0	0.0	0.0	0.0	0.0	0.0	0.0	0.0	0.0	0.0	0.0	0.0	0.0	0.0	0.0	0.0	0.0	0.0	0.0	0.0	0.0	0.0	0.0	0.0	0.0	0.0	0.0	0.0	0.0	0.0	0.0	0.0	0.0	0.0	0.0	0.0	0.0	0.0	0.0	0.0	0.0	0.0	0.0	0.0	0.0	0.0	0.0	0.0	0.0	0.0	0.0	0.0	0.0	0.0	0.0	0.0	0.0	0.0	0.0	0.0	0.0	0.0	0.0	0.0	0.0	0.0	0.0	0.0	0.0	0.0	0.0	0.0	0.0	0.0	0.0	0.0	0.0	0.0	0.0	0.0	0.0	0.0	0.0	0.0	0.0	0.0	0.0	0.0	0.0	0.0	0.0	0.0	0.0	0.0	0.0	0.0	0.0	0.0	0.0	0.0	0.0	0.0	0.0	0.0	0.0	0.0	0.0	0.0	0.0	0.0	0.0	0.0	0.0	0.0	0.0	0.0	0.0	0.0	0.0	0.0	0.0	0.0	0.0	0.0	0.0	0.0	0.0	0.0	0.0	0.0	0.0	0.0	0.0	0.0	0.0	0.0	0.0	0.0	0.0	0.0	0.0	0.0	0.0	0.0	0.0	0.0	0.0	0.0	0.0	0.0	0.0	0.0	0.0	0.0	0.0	0.0	0.0	0.0	0.0	0.0	0.0	0.0	0.0
2115.87419237407	37.07040769583273	4476923.597954623	1374.2151267352542	2479.2534330185144	45.09651832057989	2033.6959646383973	6146697.58513409	2274.0451872452445	4.411142432171346	19.45817755690253	5171281.51363326	2273.440963691951	2204.88136207527	1.558157	133.503372	4.09639823179324	3.1980792045632023	-0.0236420906	-0.0055610466	-0.0882012016	0.047982876	-0.0318186079	-0.0026678517	0.0001861347	0.0146101371	-0.0093195219	-0.0616256901	-0.0184133809	0.0192437078	-0.0239541378	-0.0096142023	-0.0129890033	0.020947647	-0.0148392356	-0.0453132951	-0.0374275938	-0.0267601266	0.070277503	0.0793443087	-0.016274145	-0.0568387511	-0.0250679322	0.0318393783	0.0046219955	-0.0320051985	-0.0085741319	-0.0097952165	-0.0010876361	-0.0240903338	-0.0747150297	0.0507695076	0.0463618403	-0.0529059533	-0.0084024926	0.0092477539	-0.0451327717	0.0443891879	-0.0122333006	-0.0385325239	-0.0038537384	0.0747635377	0.0552666915	0.0264477464	-0.0068322673	-0.0389598496	-0.0645158866	-0.0791897184	-0.0805062393	0.1678972499423849	0.2221571946488011	0.0281894865382156	0.0493538191342253	0.0375225795534817	-0.0340077160307004	0.0014079439763473	0.0011565247496247	-0.0382423516306076	-0.1341092217680283	0.001462477458239	0.0179852833632261	0.0048340550526238	0.061287963709062	0.0037562144956033	2.3368088251797685e-05	0.0042663999419698	-0.0022139634325214	4.90163408054194e-06	1.820216846483991e-05	-0.0004728179047777	0.0106205548453308	0.0001127961852226	2.235567710783742e-07	0.0	0.0	0.0	0.0	0.0	0.0	0.0	0.0	0.0	0.0	0.0	0.0	0.0	0.0	0.0	0.0	0.0	0.0	0.0	0.0	0.0	0.0	0.0	0.0	0.0	0.0	0.0	0.0	0.0	0.0	1.0	0.0	0.0	0.0	0.0	0.0	0.0	0.0	0.0	0.0	0.0	0.0	0.0	0.0	0.0	0.0	0.0	0.0	0.0	0.0	0.0	0.0	0.0	0.0	0.0	0.0	0.0	0.0	0.0	0.0	0.0	0.0	0.0	0.0	0.0	0.0	0.0	0.0	0.0	0.0	0.0	0.0	0.0	0.0	0.0	0.0	0.0	0.0	0.0	0.0	0.0	0.0	0.0	0.0	0.0	0.0	0.0	0.0	0.0	0.0	0.0	0.0	0.0	0.0	0.0	0.0	0.0	0.0	0.0	0.0	0.0	0.0	0.0	0.0	0.0	0.0	0.0	0.0	0.0	0.0	0.0	0.0	0.0	0.0	0.0	0.0	0.0	0.0	0.0	0.0	0.0	0.0	0.0	0.0	0.0	0.0	0.0	0.0	0.0	0.0	0.0	0.0	0.0	0.0	0.0	0.0	0.0	0.0	0.0	0.0	0.0	0.0	0.0	0.0	0.0	0.0	0.0	0.0	0.0	0.0	0.0	0.0	0.0	0.0	0.0	0.0	0.0	0.0	0.0	0.0	0.0	0.0	0.0	0.0	0.0	0.0	0.0	0.0	0.0	0.0	0.0	0.0	0.0	0.0	0.0	0.0	0.0	0.0	0.0	0.0	0.0	0.0	0.0	0.0	0.0	0.0	0.0	0.0	0.0	0.0	0.0	0.0	0.0	0.0	0.0	0.0	0.0	0.0	0.0	0.0	0.0	0.0	0.0	0.0	0.0	0.0	0.0	0.0	0.0	0.0	0.0	0.0	0.0	0.0	0.0	0.0	0.0	0.0	0.0	0.0	0.0	0.0	0.0	0.0	0.0	0.0	0.0	0.0	0.0	0.0	0.0	0.0	0.0	0.0	0.0	0.0	0.0	0.0	0.0	0.0	0.0
2087.6417363674377	-28.23245600663222	4358248.01942325	797.0715721664237	2431.8724398678296	-47.38099315068485	2244.958511945244	5914003.56378871	2255.737639717434	-18.307547527810584	335.1662964830434	5088352.29923798	2254.387742524363	2170.237997157792	0.967554	82.900345	0.8196669080132912	0.3645135131492905	-0.0117013495	0.0048450018	-0.0883292475	0.0360244421	-0.0060805376	0.0139278101	0.0049734625	-0.0039438304	0.0372968884	-0.0238263924	0.0099597561	0.0048847847	-0.0114492387	0.015912052	0.0023812587	0.0116948051	0.008723471	-0.0190541078	-0.0067320229	-0.0034481823	0.0529213461	0.0452292538	-0.0559031561	-0.0779986229	-0.0396853535	0.0736826375	0.0051310348	0.0141853622	0.0068786079	0.0264540611	-0.0669266431	-0.0560601002	-0.0777324506	0.0672061146	0.0046738327	-0.0871431076	-0.0128927465	0.0376998338	-0.0050991005	0.0347461144	-0.0042267516	-0.0786952857	0.0595796276	0.0744157659	0.0539958877	0.024008292	-0.0102334157	-0.0426618292	-0.0675308461	-0.0804338397	-0.0790844839	0.2494347511016883	0.0815375011593034	0.0622176950571611	0.0066483640953034	-0.1425787067845618	-0.1801012863380435	0.020328687628358	0.0324364733406179	0.2179627764683118	0.2562051280989194	0.0475077719257752	0.0656410676641836	0.0059193697581961	0.0010853147055723	1.1779080101314896e-06	3.503893833424656e-05	0.0014278676209955	-0.0028385323209742	8.057265737215745e-06	2.038805943087349e-06	0.0016397949170162	0.0021126128217939	4.4631329348079855e-06	2.688927369872166e-06	0.0	0.0	0.0	0.0	0.0	0.0	0.0	0.0	0.0	0.0	0.0	0.0	0.0	0.0	0.0	0.0	0.0	0.0	0.0	0.0	0.0	0.0	0.0	0.0	0.0	0.0	0.0	0.0	0.0	0.0	0.0	1.0	0.0	0.0	0.0	0.0	0.0	0.0	0.0	0.0	0.0	0.0	0.0	0.0	0.0	0.0	0.0	0.0	0.0	0.0	0.0	0.0	0.0	0.0	0.0	0.0	0.0	0.0	0.0	0.0	0.0	0.0	0.0	0.0	0.0	0.0	0.0	0.0	0.0	0.0	0.0	0.0	0.0	0.0	0.0	0.0	0.0	0.0	0.0	0.0	0.0	0.0	0.0	0.0	0.0	0.0	0.0	0.0	0.0	0.0	0.0	0.0	0.0	0.0	0.0	0.0	0.0	0.0	0.0	0.0	0.0	0.0	0.0	0.0	0.0	0.0	0.0	0.0	0.0	0.0	0.0	0.0	0.0	0.0	0.0	0.0	0.0	0.0	0.0	0.0	0.0	0.0	0.0	0.0	0.0	0.0	0.0	0.0	0.0	0.0	0.0	0.0	0.0	0.0	0.0	0.0	0.0	0.0	0.0	0.0	0.0	0.0	0.0	0.0	0.0	0.0	0.0	0.0	0.0	0.0	0.0	0.0	0.0	0.0	0.0	0.0	0.0	0.0	0.0	0.0	0.0	0.0	0.0	0.0	0.0	0.0	0.0	0.0	0.0	0.0	0.0	0.0	0.0	0.0	0.0	0.0	0.0	0.0	0.0	0.0	0.0	0.0	0.0	0.0	0.0	0.0	0.0	0.0	0.0	0.0	0.0	0.0	0.0	0.0	0.0	0.0	0.0	0.0	0.0	0.0	0.0	0.0	0.0	0.0	0.0	0.0	0.0	0.0	0.0	0.0	0.0	0.0	0.0	0.0	0.0	0.0	0.0	0.0	0.0	0.0	0.0	0.0	0.0	0.0	0.0	0.0	0.0	0.0	0.0	0.0	0.0	0.0	0.0	0.0	0.0	0.0	0.0	0.0	0.0	0.0	0.0
2088.0971901210896	0.4554537536519092	4360149.8753915895	0.207438121715614	2454.315345241599	22.442905373769463	503.6840016159703	6023663.81388839	2259.3749976780105	3.637357960576537	13.230372933369503	5104775.380132509	2254.396690661068	2170.4880780123995	0.782481	67.043205	0.3691246951505382	0.2273202003630857	-0.0105670182	0.0219526118	-0.0754525407	0.0471742281	-0.0093680991	-0.0149282155	-0.026840055	0.0315212591	-0.0600493666	-0.0651035089	0.0067971421	0.009596832	-0.0240979111	-0.0003829769	0.0013600921	0.0236607336	-0.0037496891	-0.0386846496	-0.0430030891	-0.0298297953	0.0614906006	0.0394577418	0.0008362711	-0.0866832709	-0.0453336497	0.0419887039	0.0053403711	-0.0258746918	-0.0194013665	0.0067696501	-0.029150974	-0.0499974157	-0.1161150051	0.0805135375	0.0006492871	-0.0409596946	-0.0310677917	0.0044219783	-0.0374544715	0.0547873171	-0.0322687742	-0.0490911515	-0.0061319853	0.0740598336	0.0527013995	0.0215451443	-0.0136166111	-0.0462468756	-0.0702792922	-0.0812459471	-0.0771080077	0.2263320718301145	-0.0231026792715738	0.0512262067389121	0.0005337337895252	-0.0160807459279226	0.1264979608566392	0.0002585903895983	0.0160017341008878	0.2274179611290421	0.0094551846607303	0.0517189290440905	8.940051696850973e-05	0.0059454636924494	2.6093934253299325e-05	6.808934048155078e-10	3.534853851823405e-05	-0.0016279649870698	-0.0030558326080653	9.338112928515171e-06	2.650269999125174e-06	0.0005203440521029	-0.0011194508649133	1.2531702389551353e-06	2.7075793255886544e-07	0.0	0.0	0.0	0.0	0.0	0.0	0.0	0.0	0.0	0.0	0.0	0.0	0.0	0.0	0.0	0.0	0.0	0.0	0.0	0.0	0.0	0.0	0.0	0.0	0.0	0.0	0.0	0.0	0.0	0.0	0.0	0.0	0.0	0.0	0.0	0.0	0.0	0.0	0.0	0.0	0.0	0.0	0.0	0.0	0.0	0.0	0.0	0.0	0.0	0.0	0.0	0.0	0.0	0.0	0.0	0.0	0.0	0.0	0.0	0.0	0.0	0.0	0.0	0.0	0.0	0.0	0.0	0.0	0.0	0.0	0.0	0.0	0.0	0.0	0.0	0.0	0.0	0.0	0.0	0.0	0.0	0.0	0.0	0.0	0.0	0.0	0.0	0.0	0.0	0.0	0.0	0.0	0.0	0.0	0.0	0.0	0.0	0.0	0.0	0.0	0.0	0.0	0.0	0.0	0.0	0.0	0.0	0.0	0.0	0.0	0.0	0.0	0.0	0.0	0.0	0.0	0.0	0.0	0.0	0.0	0.0	0.0	0.0	0.0	0.0	0.0	0.0	0.0	0.0	0.0	0.0	0.0	0.0	0.0	0.0	0.0	0.0	0.0	0.0	0.0	0.0	0.0	0.0	0.0	0.0	0.0	0.0	0.0	0.0	0.0	0.0	0.0	0.0	0.0	0.0	0.0	0.0	0.0	0.0	0.0	0.0	0.0	0.0	0.0	0.0	0.0	0.0	0.0	0.0	0.0	0.0	0.0	0.0	0.0	0.0	0.0	0.0	0.0	0.0	0.0	0.0	0.0	0.0	0.0	0.0	0.0	0.0	0.0	0.0	0.0	0.0	0.0	0.0	0.0	0.0	0.0	0.0	0.0	0.0	0.0	0.0	0.0	0.0	0.0	0.0	0.0	0.0	0.0	0.0	0.0	0.0	0.0	0.0	0.0	0.0	0.0	0.0	0.0	0.0	0.0	0.0	0.0	0.0	0.0	0.0	0.0	0.0	0.0	0.0	0.0	0.0	0.0	0.0	0.0	0.0	0.0	0.0	0.0	0.0	0.0	0.0
2076.468462189485	-11.628727931604772	4311721.274467564	135.227313307285	2426.871336218429	-27.44400902317011	753.1736312638425	5889704.482558623	2250.161300327467	-9.213697350543498	84.89221886741228	5063225.877491397	2251.22920604533	2195.621471154885	0.647197	55.452007	0.6308562753816956	0.4345468986051308	-0.0210171594	-0.0061688988	-0.0598943841	0.0399621765	0.0042890879	0.0028195873	0.0194072168	0.0033071277	-0.0116806293	-0.0174116887	0.015634786	0.0032550889	-0.010719327	0.0127102185	0.0027890654	0.0094945246	0.0066113473	-0.0279072086	-0.0273276286	-0.0128758059	0.0345130919	0.0461157874	-0.0074134579	-0.0503739318	-0.0242769713	0.0275904569	0.0272516665	-0.0031615036	-0.0306695381	-0.0184715132	-0.0347319529	-0.0680843076	-0.1082264101	0.085785512	0.0071133291	-0.0259579809	-0.0247518835	0.0023274776	-0.0286001977	0.0682493887	-0.0505094523	-0.0179853175	-0.0004033394	0.0736957799	0.0513837948	0.0190607341	-0.0169759185	-0.0497051625	-0.0727503781	-0.0816216788	-0.0745906743	0.2027430019737437	-0.0235890698563707	0.0411047248493254	0.0005564442166887	-0.0589196636790347	-0.0428389177511121	0.0034715267680505	0.0018351728740865	0.3427830629611748	0.1153651018321326	0.1175002282530447	0.0133091067207383	-0.0017903016670501	-0.0077357653594995	5.9842065697232425e-05	3.2051800590423678e-06	-0.001117125025654	0.0005108399614158	2.60957466179296e-07	1.2479683229424502e-06	0.0012550024500292	0.0007346583979263	5.397229616436377e-07	1.5750311495792945e-06	0.0	0.0	0.0	0.0	0.0	0.0	0.0	0.0	0.0	0.0	0.0	0.0	0.0	0.0	0.0	0.0	0.0	0.0	0.0	0.0	0.0	0.0	0.0	0.0	0.0	0.0	0.0	0.0	0.0	0.0	0.0	0.0	1.0	0.0	0.0	0.0	0.0	0.0	0.0	0.0	0.0	0.0	0.0	0.0	0.0	0.0	0.0	0.0	0.0	0.0	0.0	0.0	0.0	0.0	0.0	0.0	0.0	0.0	0.0	0.0	0.0	0.0	0.0	0.0	0.0	0.0	0.0	0.0	0.0	0.0	0.0	0.0	0.0	0.0	0.0	0.0	0.0	0.0	0.0	0.0	0.0	0.0	0.0	0.0	0.0	0.0	0.0	0.0	0.0	0.0	0.0	0.0	0.0	0.0	0.0	0.0	0.0	0.0	0.0	0.0	0.0	0.0	0.0	0.0	0.0	0.0	0.0	0.0	0.0	0.0	0.0	0.0	0.0	0.0	0.0	0.0	0.0	0.0	0.0	0.0	0.0	0.0	0.0	0.0	0.0	0.0	0.0	0.0	0.0	0.0	0.0	0.0	0.0	0.0	0.0	0.0	0.0	0.0	0.0	0.0	0.0	0.0	0.0	0.0	0.0	0.0	0.0	0.0	0.0	0.0	0.0	0.0	0.0	0.0	0.0	0.0	0.0	0.0	0.0	0.0	0.0	0.0	0.0	0.0	0.0	0.0	0.0	0.0	0.0	0.0	0.0	0.0	0.0	0.0	0.0	0.0	0.0	0.0	0.0	0.0	0.0	0.0	0.0	0.0	0.0	0.0	0.0	0.0	0.0	0.0	0.0	0.0	0.0	0.0	0.0	0.0	0.0	0.0	0.0	0.0	0.0	0.0	0.0	0.0	0.0	0.0	0.0	0.0	0.0	0.0	0.0	0.0	0.0	0.0	0.0	0.0	0.0	0.0	0.0	0.0	0.0	0.0	0.0	0.0	0.0	0.0	0.0	0.0	0.0	0.0	0.0	0.0	0.0	0.0	0.0	0.0	0.0	0.0	0.0	0.0	0.0
2090.980620448881	14.512158259396074	4372199.955092787	210.60273734575767	2444.2126272541204	17.341291035691484	300.7203747845538	5974175.36722849	2264.7584162173066	14.597115889839642	213.07579230140897	5129130.683827123	2266.4008920915453	2178.490705682187	0.55078	47.190964	0.2802617341494186	0.172576388869466	-0.0138360384	0.0042264769	-0.0334094472	0.0379268057	-0.014065927	-0.0013685219	-0.0025628235	-0.0103576864	-0.0434584411	-0.0261262546	0.006498985	0.0160623556	-0.0168225623	0.0026449544	-0.0097419706	0.015301951	-7.7067e-05	-0.0303433585	-0.035800483	-0.0328803998	0.0339375042	0.0440825821	0.0124534721	-0.0499913223	-0.0012174999	0.0061758795	0.0270835655	-0.0144917212	-0.0302086535	-0.0241112464	-0.0019312875	-0.0551567972	-0.0831265105	0.0970730685	0.0044815833	-0.0100344352	-0.0197510315	-0.0072346761	-0.0501364227	0.0778162394	-0.0545924986	0.0266403461	-0.0155403937	0.0733236445	0.0500436514	0.0165575133	-0.0203054443	-0.0530272111	-0.0749343514	-0.0815590168	-0.0715501408	0.1975742806352798	-0.0051687213384639	0.0390355963685482	2.671568027469216e-05	-0.0525153997513569	0.0064042639276778	0.0027578672110448	4.101459645535512e-05	0.4415850387860516	0.0988019758248768	0.1949973464796787	0.0097618304268995	-0.0041442288917947	-0.0023539272247446	5.540973379393815e-06	1.717463310758593e-05	-0.0011247537550271	-7.628729373099869e-06	5.819751184799673e-11	1.2650710094475616e-06	0.0022911819570795	0.0010361795070503	1.073667970831003e-06	5.249514760446648e-06	0.0	0.0	0.0	0.0	0.0	0.0	0.0	0.0	0.0	0.0	0.0	0.0	0.0	0.0	0.0	0.0	0.0	0.0	0.0	0.0	0.0	0.0	0.0	0.0	0.0	0.0	0.0	0.0	0.0	0.0	0.0	0.0	0.0	0.0	0.0	0.0	0.0	0.0	0.0	0.0	0.0	0.0	0.0	0.0	0.0	0.0	0.0	0.0	0.0	0.0	0.0	0.0	0.0	0.0	0.0	0.0	0.0	0.0	0.0	0.0	0.0	0.0	0.0	0.0	0.0	0.0	0.0	0.0	0.0	0.0	0.0	0.0	0.0	0.0	0.0	0.0	0.0	0.0	0.0	0.0	0.0	0.0	0.0	0.0	0.0	0.0	0.0	0.0	0.0	0.0	0.0	0.0	0.0	0.0	0.0	0.0	0.0	0.0	0.0	0.0	0.0	0.0	0.0	0.0	0.0	0.0	0.0	0.0	0.0	0.0	0.0	0.0	0.0	0.0	0.0	0.0	0.0	0.0	0.0	0.0	0.0	0.0	0.0	0.0	0.0	0.0	0.0	0.0	0.0	0.0	0.0	0.0	0.0	0.0	0.0	0.0	0.0	0.0	0.0	0.0	0.0	0.0	0.0	0.0	0.0	0.0	0.0	0.0	0.0	0.0	0.0	0.0	0.0	0.0	0.0	0.0	0.0	0.0	0.0	0.0	0.0	0.0	0.0	0.0	0.0	0.0	0.0	0.0	0.0	0.0	0.0	0.0	0.0	0.0	0.0	0.0	0.0	0.0	0.0	0.0	0.0	0.0	0.0	0.0	0.0	0.0	0.0	0.0	0.0	0.0	0.0	0.0	0.0	0.0	0.0	0.0	0.0	0.0	0.0	0.0	0.0	0.0	0.0	0.0	0.0	0.0	0.0	0.0	0.0	0.0	0.0	0.0	0.0	0.0	0.0	0.0	0.0	0.0	0.0	0.0	0.0	0.0	0.0	0.0	0.0	0.0	0.0	0.0	0.0	0.0	0.0	0.0	0.0	0.0	0.0	0.0	0.0	0.0	0.0	0.0	0.0
2074.6558051804564	-16.324815268424572	4304196.709968967	266.49959354818805	2416.7066909581013	-27.50593629601917	756.5765315206648	5840471.230121655	2248.146555693253	-16.611860524053554	275.95391007060886	5054162.935875437	2248.3123470931105	2135.5265936572323	0.538594	46.146873	0.2064517213068435	0.1099512176995433	-0.0090247973	-0.0025300692	-0.0254884656	0.0218128753	-0.0015703101	0.0278883571	0.0243282857	-0.0199971596	0.0253205252	0.034478415	-0.0113497589	-0.0013738736	-0.0077288374	0.0178812741	0.0058325603	0.0114580329	0.012431382	-0.0101182166	-0.0225448967	-0.0122240495	0.0245152655	0.0405895572	-0.0056383426	-0.0427773444	-0.0104938454	0.011426813	0.0297266744	0.0128673606	-0.0234964369	-0.0255532214	-0.0193275529	-0.0676286214	-0.0944915503	0.0689877248	-0.0009783485	-0.0297301491	-0.0244861378	0.00636518	-0.0280800672	0.0689267104	-0.0545340762	0.0116172172	0.0045606243	0.0729434684	0.0486815572	0.0140379523	-0.0235993474	-0.0562039158	-0.0768225931	-0.0810582975	-0.0680077345	0.2331542990694686	0.0355800184341888	0.0543609271745752	0.0012659377117772	-0.0917531117432588	-0.0392377119919019	0.0084186335145709	0.0015395980423594	0.5088815538948595	0.0672965151088078	0.2589604358944467	0.00452882094579	-0.0044047587828376	-0.0002605298910428	6.787582412682528e-08	1.9401899934984974e-05	-0.0002407341101318	0.0008840196448952	7.814907325608122e-07	5.795291178094961e-08	0.0021489819775788	-0.0001421999795007	2.0220834169999542e-08	4.61812353995849e-06	0.0	0.0	0.0	0.0	0.0	0.0	0.0	0.0	0.0	0.0	0.0	0.0	0.0	0.0	0.0	0.0	0.0	0.0	0.0	0.0	0.0	0.0	0.0	0.0	0.0	0.0	0.0	0.0	0.0	0.0	0.0	0.0	0.0	0.0	0.0	0.0	0.0	0.0	0.0	0.0	0.0	0.0	0.0	0.0	0.0	0.0	0.0	0.0	0.0	0.0	0.0	0.0	0.0	0.0	0.0	0.0	0.0	0.0	0.0	0.0	0.0	0.0	0.0	0.0	0.0	0.0	0.0	0.0	0.0	0.0	0.0	0.0	0.0	0.0	0.0	0.0	0.0	0.0	0.0	0.0	0.0	0.0	0.0	0.0	0.0	0.0	0.0	0.0	0.0	0.0	0.0	0.0	0.0	0.0	0.0	0.0	0.0	0.0	0.0	0.0	0.0	0.0	0.0	0.0	0.0	0.0	0.0	0.0	0.0	0.0	0.0	0.0	0.0	0.0	0.0	0.0	0.0	0.0	0.0	0.0	0.0	0.0	0.0	0.0	0.0	0.0	0.0	0.0	0.0	0.0	0.0	0.0	0.0	0.0	0.0	0.0	0.0	0.0	0.0	0.0	0.0	0.0	0.0	0.0	0.0	0.0	0.0	0.0	0.0	0.0	0.0	0.0	0.0	0.0	0.0	0.0	0.0	0.0	0.0	0.0	0.0	0.0	0.0	0.0	0.0	0.0	0.0	0.0	0.0	0.0	0.0	0.0	0.0	0.0	0.0	0.0	0.0	0.0	0.0	0.0	0.0	0.0	0.0	0.0	0.0	0.0	0.0	0.0	0.0	0.0	0.0	0.0	0.0	0.0	0.0	0.0	0.0	0.0	0.0	0.0	0.0	0.0	0.0	0.0	0.0	0.0	0.0	0.0	0.0	0.0	0.0	0.0	0.0	0.0	0.0	0.0	0.0	0.0	0.0	0.0	0.0	0.0	0.0	0.0	0.0	0.0	0.0	0.0	0.0	0.0	0.0	0.0	0.0	0.0	0.0	0.0	0.0	0.0	0.0	0.0	0.0
2091.4475226816594	16.79171750120304	4374152.740131251	281.9617766402084	2436.420387581604	19.71369662350253	388.62983456349497	5936144.305023292	2268.9736301587977	20.827074465544683	433.76703079334334	5148241.334355992	2269.769696491521	2162.6943849836075	0.557209	47.741875	0.2127992563822137	0.1449466591552332	-0.0099753197	-0.0001968613	-0.0250687968	0.0370352326	-0.0079049452	-0.0020259033	-0.0019349227	-0.0015449447	-0.0433001225	-0.0276277935	0.012478342	0.0178870072	-0.025493824	-0.0003502354	-0.0118106034	0.0222050213	-0.0066691294	-0.0298671681	-0.025847673	-0.0316053024	0.0338758138	0.0395149319	0.0130608588	-0.0545648984	0.0121768662	-0.0114920265	0.0197644054	-0.0204272411	-0.0085584765	-0.030646461	-0.0144917538	-0.0654298548	-0.0973163344	0.0760632378	0.0109929212	-0.0246093265	0.0090239761	-0.0028401979	-0.0406538201	0.0594081812	-0.0549798769	0.0308385987	-0.0244617255	0.0725552932	0.0472981097	0.0115045374	-0.0268518493	-0.0592265694	-0.0784076511	-0.0801222105	-0.0639883028	0.201959803565245	-0.0311944955042235	0.0407877622561123	0.000973096549763	-0.084865827855495	0.0068872838877638	0.0072022087375985	4.7434679350650855e-05	0.5066916783660531	-0.0021898755288063	0.2567364569254078	4.795554831664847e-06	-0.0071259106394959	-0.0027211518566582	7.404667426994911e-06	5.077860244208086e-05	-0.0006971940059548	-0.0004564598958229	2.08355636494744e-07	4.860794819393016e-07	0.0018760417008317	-0.0002729402767471	7.449639467078354e-08	3.519532463259497e-06	0.0	0.0	0.0	0.0	0.0	0.0	0.0	0.0	0.0	0.0	0.0	0.0	0.0	0.0	0.0	0.0	0.0	0.0	0.0	0.0	0.0	0.0	0.0	0.0	0.0	0.0	0.0	0.0	0.0	0.0	0.0	0.0	0.0	0.0	0.0	0.0	0.0	0.0	0.0	0.0	0.0	0.0	0.0	0.0	0.0	0.0	0.0	0.0	0.0	0.0	0.0	0.0	0.0	0.0	0.0	0.0	0.0	0.0	0.0	0.0	0.0	0.0	0.0	0.0	0.0	0.0	0.0	0.0	0.0	0.0	0.0	0.0	0.0	0.0	0.0	0.0	0.0	0.0	0.0	0.0	0.0	0.0	0.0	0.0	0.0	0.0	0.0	0.0	0.0	0.0	0.0	0.0	0.0	0.0	0.0	0.0	0.0	0.0	0.0	0.0	0.0	0.0	0.0	0.0	0.0	0.0	0.0	0.0	0.0	0.0	0.0	0.0	0.0	0.0	0.0	0.0	0.0	0.0	0.0	0.0	0.0	0.0	0.0	0.0	0.0	0.0	0.0	0.0	0.0	0.0	0.0	0.0	0.0	0.0	0.0	0.0	0.0	0.0	0.0	0.0	0.0	0.0	0.0	0.0	0.0	0.0	0.0	0.0	0.0	0.0	0.0	0.0	0.0	0.0	0.0	0.0	0.0	0.0	0.0	0.0	0.0	0.0	0.0	0.0	0.0	0.0	0.0	0.0	0.0	0.0	0.0	0.0	0.0	0.0	0.0	0.0	0.0	0.0	0.0	0.0	0.0	0.0	0.0	0.0	0.0	0.0	0.0	0.0	0.0	0.0	0.0	0.0	0.0	0.0	0.0	0.0	0.0	0.0	0.0	0.0	0.0	0.0	0.0	0.0	0.0	0.0	0.0	0.0	0.0	0.0	0.0	0.0	0.0	0.0	0.0	0.0	0.0	0.0	0.0	0.0	0.0	0.0	0.0	0.0	0.0	0.0	0.0	0.0	0.0	0.0	0.0	0.0	0.0	0.0	0.0	0.0	0.0	0.0	0.0	0.0	0.0
2085.0248025638584	-6.422720117800964	4347328.4273064565	41.25133371160523	2427.899474679607	-8.52091290199678	72.6059566834152	5894695.859149512	2258.86603711999	-10.107593038807863	102.16343703815716	5102475.773654168	2264.691851785374	2168.0021439492007	0.545052	46.70026	0.2551113123843335	0.1220115474211273	-0.0178534737	-0.0225469368	-0.0215971005	0.0118385924	-0.0053417895	0.0146286758	0.0235163934	-0.0166270346	0.0131697119	-0.0052696031	-0.0109349526	0.0096219842	-0.0013026135	0.0177769701	-0.0084545548	0.0025298928	0.0133716359	-0.0139587809	-0.0100103511	-0.0105963006	0.0145717932	0.0381655963	0.0101978356	-0.019661406	0.0012311273	0.0078056264	0.0447238683	0.0019159678	-0.0338770085	-0.0288358038	-0.0171236531	-0.0547251794	-0.0708943359	0.0547106274	-0.0002639657	-0.0159113569	-0.015358904	0.0037236138	-0.0276582422	0.0662754629	-0.0499128743	0.0204958153	-0.0154785844	0.0721591615	0.0458939156	0.008959769	-0.0300572439	-0.0620868871	-0.0796832699	-0.0787557834	-0.0595200392	0.2061618526582549	0.0042020490930098	0.042502709491484	1.7657216580065247e-05	-0.0713173650424749	0.01354846281302	0.0050861665566016	0.0001835608445957	0.4409034979434096	-0.0657881804226435	0.1943958944987342	0.0043280846833222	-0.0088442281974367	-0.0017183175579408	2.9526152299276345e-06	7.822037240833442e-05	-0.0002589389123479	0.0004382550936069	1.9206752707239265e-07	6.704936032791343e-08	0.0031509214503972	0.0012748797495655	1.6253183758521924e-06	9.928305986573195e-06	0.0	0.0	0.0	0.0	0.0	0.0	0.0	0.0	0.0	0.0	0.0	0.0	0.0	0.0	0.0	0.0	0.0	0.0	0.0	0.0	0.0	0.0	0.0	0.0	0.0	0.0	0.0	0.0	0.0	0.0	0.0	0.0	0.0	0.0	0.0	0.0	0.0	0.0	0.0	0.0	0.0	0.0	0.0	0.0	0.0	0.0	0.0	0.0	0.0	0.0	0.0	0.0	0.0	0.0	0.0	0.0	0.0	0.0	0.0	0.0	0.0	0.0	0.0	0.0	0.0	0.0	0.0	0.0	0.0	0.0	0.0	0.0	0.0	0.0	0.0	0.0	0.0	0.0	0.0	0.0	0.0	0.0	0.0	0.0	0.0	0.0	0.0	0.0	0.0	0.0	0.0	0.0	0.0	0.0	0.0	0.0	0.0	0.0	0.0	0.0	0.0	0.0	0.0	0.0	0.0	0.0	0.0	0.0	0.0	0.0	0.0	0.0	0.0	0.0	0.0	0.0	0.0	0.0	0.0	0.0	0.0	0.0	0.0	0.0	0.0	0.0	0.0	0.0	0.0	0.0	0.0	0.0	0.0	0.0	0.0	0.0	0.0	0.0	0.0	0.0	0.0	0.0	0.0	0.0	0.0	0.0	0.0	0.0	0.0	0.0	0.0	0.0	0.0	0.0	0.0	0.0	0.0	0.0	0.0	0.0	0.0	0.0	0.0	0.0	0.0	0.0	0.0	0.0	0.0	0.0	0.0	0.0	0.0	0.0	0.0	0.0	0.0	0.0	0.0	0.0	0.0	0.0	0.0	0.0	0.0	0.0	0.0	0.0	0.0	0.0	0.0	0.0	0.0	0.0	0.0	0.0	0.0	0.0	0.0	0.0	0.0	0.0	0.0	0.0	0.0	0.0	0.0	0.0	0.0	0.0	0.0	0.0	0.0	0.0	0.0	0.0	0.0	0.0	0.0	0.0	0.0	0.0	0.0	0.0	0.0	0.0	0.0	0.0	0.0	0.0	0.0	0.0	0.0	0.0	0.0	0.0	0.0	0.0	0.0	0.0	0.0
2114.157357495432	29.132554931573395	4469661.332252068	848.7057568411414	2468.4929048721106	40.59343019250355	1647.826574793659	6093457.221403951	2283.006581513778	24.14054439378833	582.7658836284653	5212119.051235228	2283.225500020416	2222.283243603673	0.761781	65.2696	0.1949029935018706	0.1130087389153496	-0.0155561337	-0.0108773437	-0.0257621209	0.0597541623	-0.0346350284	0.0015283672	-0.0051686312	-0.0165608024	-0.0425812349	-0.0447903097	0.0040633304	0.0288576438	-0.0351301003	0.0003780113	-0.0217012947	0.029488375	-0.0093198055	-0.0311705741	-0.0387974784	-0.0337982429	0.0324081501	0.049934497	-0.0077838165	-0.0416848913	0.0267230459	-0.0227985699	0.0209880041	-0.0048168876	-0.0053682657	-0.0457692318	-0.0101079784	-0.0467667524	-0.0669810265	0.1106005667	0.0289466459	-0.013942111	0.0181405085	0.0034072411	-0.0758238216	0.0668343587	-0.0578848687	0.0376332687	-0.0021136541	0.0717551168	0.044469591	0.0064061583	-0.0332099078	-0.064777029	-0.0806444153	-0.0769663555	-0.0546342852	0.2181273914188892	0.0119655387606343	0.0475795588872093	0.0001431741178322	-0.0748408212623132	-0.0035234562198382	0.0056011485272175	1.2414743733117164e-05	0.4260556546108915	-0.014847843332518	0.1815234208259152	0.000220458451627	-0.0106280052445511	-0.0017837770471143	3.1818605538121665e-06	0.0001129544954782	0.0001197635445977	0.0003787024569456	1.43415550896634e-07	1.4343306614605277e-08	0.0042797650501148	0.0011288435997175	1.2742878726233888e-06	1.831638888418413e-05	0.0	0.0	0.0	0.0	0.0	0.0	0.0	0.0	0.0	0.0	0.0	0.0	0.0	0.0	0.0	0.0	0.0	0.0	0.0	0.0	0.0	0.0	0.0	0.0	0.0	0.0	0.0	0.0	0.0	0.0	0.0	0.0	0.0	0.0	0.0	0.0	0.0	0.0	0.0	0.0	0.0	0.0	0.0	0.0	0.0	0.0	0.0	0.0	0.0	0.0	0.0	0.0	0.0	0.0	0.0	0.0	0.0	0.0	0.0	0.0	0.0	0.0	0.0	0.0	0.0	0.0	0.0	0.0	0.0	0.0	0.0	0.0	0.0	0.0	0.0	0.0	0.0	0.0	0.0	0.0	0.0	0.0	0.0	0.0	0.0	0.0	0.0	0.0	0.0	0.0	0.0	0.0	0.0	0.0	0.0	0.0	0.0	0.0	0.0	0.0	0.0	0.0	0.0	0.0	0.0	0.0	0.0	0.0	0.0	0.0	0.0	0.0	0.0	0.0	0.0	0.0	0.0	0.0	0.0	0.0	0.0	0.0	0.0	0.0	0.0	0.0	0.0	0.0	0.0	0.0	0.0	0.0	0.0	0.0	0.0	0.0	0.0	0.0	0.0	0.0	0.0	0.0	0.0	0.0	0.0	0.0	0.0	0.0	0.0	0.0	0.0	0.0	0.0	0.0	0.0	0.0	0.0	0.0	0.0	0.0	0.0	0.0	0.0	0.0	0.0	0.0	0.0	0.0	0.0	0.0	0.0	0.0	0.0	0.0	0.0	0.0	0.0	0.0	0.0	0.0	0.0	0.0	0.0	0.0	0.0	0.0	0.0	0.0	0.0	0.0	0.0	0.0	0.0	0.0	0.0	0.0	0.0	0.0	0.0	0.0	0.0	0.0	0.0	0.0	0.0	0.0	0.0	0.0	0.0	0.0	0.0	0.0	0.0	0.0	0.0	0.0	0.0	0.0	0.0	0.0	0.0	0.0	0.0	0.0	0.0	0.0	0.0	0.0	0.0	0.0	0.0	0.0	0.0	0.0	0.0	0.0	0.0	0.0	0.0	0.0	0.0
1947.9217097367016	-166.23564775873024	3794398.9872635542	27634.290585764636	2334.397406591128	-134.0954982809826	17981.60265922501	5449411.251899384	2115.2442182457967	-167.76236326798153	28144.2105292582	4474258.102822271	2180.5057335830315	2009.3843723985008	2.462926	211.024292	3.9582835025026686	2.0395455588660707	0.0104644832	-0.041250864	-0.0079778108	-0.1424871727	0.1341892565	-0.1066589603	-0.1140445817	0.0903526785	0.0973714201	-0.032525507	0.0165658517	-0.0994636415	0.2602222598	0.0252713618	0.0637375754	-0.2309036521	0.0717792716	0.1144710991	0.2213149223	0.1170934993	-0.0579223857	0.0581702008	-0.0076171306	-0.0798974038	-0.0273549844	0.0135254724	-0.0252538572	-0.1071234721	0.1112639975	0.0011104812	0.0499158682	-0.0441141922	0.0892400598	-0.1739759534	-0.035779914	-0.0731641084	0.0834066357	0.18748974	0.018084452	0.0812023687	-0.0628508698	-0.0621413229	-0.132412128	0.0713432033	0.0430257605	0.0038462256	-0.0363043104	-0.0672896215	-0.081287294	-0.0747635377	-0.049365311	-0.3040765324981862	-0.5222039239170755	0.0924625376161205	0.2726969381543908	-0.4366754334148481	-0.3618346121525349	0.1906854341480454	0.1309242865515753	1.4804194838576097	1.054363829246718	2.191641848185232	1.1116830844238026	-0.0373780975694652	-0.0267500923249141	0.0007155674393914	0.0013971221779124	0.0059580837457975	0.0058383202011997	3.4085982771737664e-05	3.549876192193636e-05	-0.0035294451674981	-0.0078092102176129	6.098376422286972e-05	1.2456983190375693e-05	0.0	0.0	0.0	0.0	0.0	0.0	0.0	0.0	0.0	0.0	0.0	0.0	0.0	0.0	0.0	0.0	0.0	0.0	0.0	0.0	0.0	0.0	0.0	0.0	0.0	0.0	0.0	0.0	0.0	0.0	0.0	0.0	0.0	1.0	0.0	0.0	0.0	0.0	0.0	0.0	0.0	0.0	0.0	0.0	0.0	0.0	0.0	0.0	0.0	0.0	0.0	0.0	0.0	0.0	0.0	0.0	0.0	0.0	0.0	0.0	0.0	0.0	0.0	0.0	0.0	0.0	0.0	0.0	0.0	0.0	0.0	0.0	0.0	0.0	0.0	0.0	0.0	0.0	0.0	0.0	0.0	0.0	0.0	0.0	0.0	0.0	0.0	0.0	0.0	0.0	0.0	0.0	0.0	0.0	0.0	0.0	0.0	0.0	0.0	0.0	0.0	0.0	0.0	0.0	0.0	0.0	0.0	0.0	0.0	0.0	0.0	0.0	0.0	0.0	0.0	0.0	0.0	0.0	0.0	0.0	0.0	0.0	0.0	0.0	0.0	0.0	0.0	0.0	0.0	0.0	0.0	0.0	0.0	0.0	0.0	0.0	0.0	0.0	0.0	0.0	0.0	0.0	0.0	0.0	0.0	0.0	0.0	0.0	0.0	0.0	0.0	0.0	0.0	0.0	0.0	0.0	0.0	0.0	0.0	0.0	0.0	0.0	0.0	0.0	0.0	0.0	0.0	0.0	0.0	0.0	0.0	0.0	0.0	0.0	0.0	0.0	0.0	0.0	0.0	0.0	0.0	0.0	0.0	0.0	0.0	0.0	0.0	0.0	0.0	0.0	0.0	0.0	0.0	0.0	0.0	0.0	0.0	0.0	0.0	0.0	0.0	0.0	0.0	0.0	0.0	0.0	0.0	0.0	0.0	0.0	0.0	0.0	0.0	0.0	0.0	0.0	0.0	0.0	0.0	0.0	0.0	0.0	0.0	0.0	0.0	0.0	0.0	0.0	0.0	0.0	0.0	0.0	0.0	0.0	0.0	0.0	0.0	0.0	0.0	0.0	0.0
2083.332850833633	135.4111410969315	4340275.767362593	18336.17713317309	2449.319771126525	114.92236453539726	13207.149870406734	5999167.341231294	2255.5738900226097	140.32967177681303	19692.416780988075	5087613.573351728	2275.7427987022265	2239.7151674649194	2.032726	174.164597	1.8157920681984328	0.9088628066660204	-0.0345352997	-0.0626002764	0.007085022	-0.0058526047	0.0056454163	-0.0295432106	-0.0025961196	-0.0163155303	0.0293019223	0.0126006326	-0.0229427137	0.0081991766	0.0587647693	0.0510506974	-0.0166503653	-0.0495403599	0.0543636211	0.0248949497	0.0373424676	0.0092844135	-0.0596280172	0.0249546561	0.0417990539	0.0403932936	0.0468104412	0.0214837029	-0.0028165019	0.0113656308	-0.0176179598	0.0260670267	0.0119843517	0.0193595134	0.0625319242	-0.1046344197	-0.0197687039	-0.01339625	-0.0006138169	-0.001208376	0.0157731731	-0.0068459602	0.0044397144	-0.0932449578	-0.0216735797	0.0709234662	0.0415630576	0.0012824971	-0.0393350228	-0.0696177779	-0.0816093689	-0.0721591615	-0.0437500746	-0.1013034589217767	0.2027730735764095	0.010262390789516	0.0411169193676239	-0.2771631286453271	0.159512304769521	0.0768193998804661	0.0254441753728845	0.8360716677558173	-0.6443478161017924	0.6990158336239938	0.4151841081151492	-0.0500303038851381	-0.0126522063156728	0.0001600783246543	0.0025030313068392	0.0067769306777563	0.0008188469319588	6.705102979783409e-07	4.592678941111447e-05	-0.0062415693948806	-0.0027121242273825	7.355617824755124e-06	3.895718851111018e-05	0.0	0.0	0.0	0.0	0.0	0.0	0.0	0.0	0.0	0.0	0.0	0.0	0.0	0.0	0.0	0.0	0.0	0.0	0.0	0.0	0.0	0.0	0.0	0.0	0.0	0.0	0.0	0.0	0.0	0.0	0.0	0.0	0.0	0.0	1.0	0.0	0.0	0.0	0.0	0.0	0.0	0.0	0.0	0.0	0.0	0.0	0.0	0.0	0.0	0.0	0.0	0.0	0.0	0.0	0.0	0.0	0.0	0.0	0.0	0.0	0.0	0.0	0.0	0.0	0.0	0.0	0.0	0.0	0.0	0.0	0.0	0.0	0.0	0.0	0.0	0.0	0.0	0.0	0.0	0.0	0.0	0.0	0.0	0.0	0.0	0.0	0.0	0.0	0.0	0.0	0.0	0.0	0.0	0.0	0.0	0.0	0.0	0.0	0.0	0.0	0.0	0.0	0.0	0.0	0.0	0.0	0.0	0.0	0.0	0.0	0.0	0.0	0.0	0.0	0.0	0.0	0.0	0.0	0.0	0.0	0.0	0.0	0.0	0.0	0.0	0.0	0.0	0.0	0.0	0.0	0.0	0.0	0.0	0.0	0.0	0.0	0.0	0.0	0.0	0.0	0.0	0.0	0.0	0.0	0.0	0.0	0.0	0.0	0.0	0.0	0.0	0.0	0.0	0.0	0.0	0.0	0.0	0.0	0.0	0.0	0.0	0.0	0.0	0.0	0.0	0.0	0.0	0.0	0.0	0.0	0.0	0.0	0.0	0.0	0.0	0.0	0.0	0.0	0.0	0.0	0.0	0.0	0.0	0.0	0.0	0.0	0.0	0.0	0.0	0.0	0.0	0.0	0.0	0.0	0.0	0.0	0.0	0.0	0.0	0.0	0.0	0.0	0.0	0.0	0.0	0.0	0.0	0.0	0.0	0.0	0.0	0.0	0.0	0.0	0.0	0.0	0.0	0.0	0.0	0.0	0.0	0.0	0.0	0.0	0.0	0.0	0.0	0.0	0.0	0.0	0.0	0.0	0.0	0.0	0.0	0.0	0.0	0.0	0.0	0.0	0.0
2117.844652016663	34.51180118303	4485265.97007558	1191.0644208969911	2453.4122824472925	4.092511320767244	16.74864891060805	6019231.8276632335	2279.3028033712635	23.728913348653805	563.0613287079208	5195221.269456101	2287.014783267776	2268.8274555429643	1.174764	100.654175	1.7092500947132296	1.006624707762754	-0.0223025778	-0.043478332	-0.019480201	0.0387585329	-0.0223865957	-0.0225651821	0.0062393751	0.0021662496	-0.0410411723	0.0010056661	-0.0566059366	0.0282056012	0.0035624011	0.0206491556	-0.0266549041	-0.0006775337	0.0200799795	-0.005158445	-0.0133628101	-0.0077402519	-0.0170647189	0.0269694149	-0.042917212	-0.0052271954	0.0494996195	-0.0190575807	-0.0228792121	0.0046386614	-0.0018612783	0.0112021938	-0.0203468405	0.0131876646	0.0474959479	0.0252354681	0.0043696915	-0.0262369874	0.0423611566	-0.0106025169	0.0059153933	-0.0275297564	0.0095677823	-0.0369763381	0.0452941916	0.0704959515	0.0400821236	-0.0012824971	-0.0422967282	-0.0717551168	-0.0816093689	-0.0691672152	-0.0378279629	0.0405804856348481	0.1418839445566247	0.0016467758143601	0.0201310537229473	-0.180156663945695	0.0970064646996321	0.032456423564042	0.0094102541935209	0.5281743147518796	-0.3078973530039377	0.2789681067636175	0.0948007799868314	-0.0335342879492791	0.0164960159358589	0.0002721185417561	0.0011245484682651	0.0024472052663779	-0.0043297254113784	1.874652213793586e-05	5.988813615787727e-06	-0.0038180640930573	0.0024235053018233	5.873377947965645e-06	1.4577613418693464e-05	0.0	0.0	0.0	0.0	0.0	0.0	0.0	0.0	0.0	0.0	0.0	0.0	0.0	0.0	0.0	0.0	0.0	0.0	0.0	0.0	0.0	0.0	0.0	0.0	0.0	0.0	0.0	0.0	0.0	0.0	0.0	0.0	0.0	0.0	0.0	1.0	0.0	0.0	0.0	0.0	0.0	0.0	0.0	0.0	0.0	0.0	0.0	0.0	0.0	0.0	0.0	0.0	0.0	0.0	0.0	0.0	0.0	0.0	0.0	0.0	0.0	0.0	0.0	0.0	0.0	0.0	0.0	0.0	0.0	0.0	0.0	0.0	0.0	0.0	0.0	0.0	0.0	0.0	0.0	0.0	0.0	0.0	0.0	0.0	0.0	0.0	0.0	0.0	0.0	0.0	0.0	0.0	0.0	0.0	0.0	0.0	0.0	0.0	0.0	0.0	0.0	0.0	0.0	0.0	0.0	0.0	0.0	0.0	0.0	0.0	0.0	0.0	0.0	0.0	0.0	0.0	0.0	0.0	0.0	0.0	0.0	0.0	0.0	0.0	0.0	0.0	0.0	0.0	0.0	0.0	0.0	0.0	0.0	0.0	0.0	0.0	0.0	0.0	0.0	0.0	0.0	0.0	0.0	0.0	0.0	0.0	0.0	0.0	0.0	0.0	0.0	0.0	0.0	0.0	0.0	0.0	0.0	0.0	0.0	0.0	0.0	0.0	0.0	0.0	0.0	0.0	0.0	0.0	0.0	0.0	0.0	0.0	0.0	0.0	0.0	0.0	0.0	0.0	0.0	0.0	0.0	0.0	0.0	0.0	0.0	0.0	0.0	0.0	0.0	0.0	0.0	0.0	0.0	0.0	0.0	0.0	0.0	0.0	0.0	0.0	0.0	0.0	0.0	0.0	0.0	0.0	0.0	0.0	0.0	0.0	0.0	0.0	0.0	0.0	0.0	0.0	0.0	0.0	0.0	0.0	0.0	0.0	0.0	0.0	0.0	0.0	0.0	0.0	0.0	0.0	0.0	0.0	0.0	0.0	0.0	0.0	0.0	0.0	0.0	0.0	0.0
2090.8157528902816	-27.028899126381475	4371510.512534156	730.5613879841053	2462.6547533845246	9.242470937232156	85.42326902558105	6064668.434367394	2266.641239663829	-12.661563707434652	160.31519551742633	5137662.509344779	2275.6396765094187	2152.2023626144373	0.864212	74.04593699999998	1.5750332726032037	0.9373988417656548	-0.000872725	0.0001625402	-0.0034848122	0.0073449297	-0.0122117277	-0.0276029335	-0.0487145968	0.0228392201	0.0139390637	-0.0079021906	-0.0111779346	0.0144677688	0.011146844	0.0148636736	-0.014335422	-0.0079405048	0.0244219565	0.0049422324	-0.0096634697	-0.0055414804	0.008312994	0.0083996742	0.005790712	-0.0519885369	0.0137734584	-0.0218096704	-0.0200419305	-0.051742125	0.0089009971	-0.0038189975	-0.0054076179	-0.0296814669	-0.0148847479	0.0301331534	-0.022886395	0.0069548007	0.0014026116	0.0173638667	0.0001837977	0.0158456443	-0.003779549	-0.0075206828	0.0028918868	0.0700607062	0.0385836084	-0.0038462256	-0.0451842308	-0.0736957799	-0.081287294	-0.0658037687	-0.0316405151	0.0971435124049833	0.0565630267701352	0.0094368620023771	0.003199375997399	-0.2495463286653887	-0.0693896647196937	0.0622733701503742	0.0048149255699115	0.752685803248724	0.2245114884968444	0.5665359184121769	0.0504054084670687	-0.0160056492371425	0.0175286387121366	0.0003072531751006	0.0002561808075024	-0.0031644701213355	-0.0056116753877134	3.149090065706833e-05	1.0013871148825117e-05	-0.0024669963405767	0.0013510677524806	1.82538407179298e-06	6.0860709444188295e-06	0.0	0.0	0.0	0.0	0.0	0.0	0.0	0.0	0.0	0.0	0.0	0.0	0.0	0.0	0.0	0.0	0.0	0.0	0.0	0.0	0.0	0.0	0.0	0.0	0.0	0.0	0.0	0.0	0.0	0.0	0.0	0.0	0.0	0.0	0.0	0.0	1.0	0.0	0.0	0.0	0.0	0.0	0.0	0.0	0.0	0.0	0.0	0.0	0.0	0.0	0.0	0.0	0.0	0.0	0.0	0.0	0.0	0.0	0.0	0.0	0.0	0.0	0.0	0.0	0.0	0.0	0.0	0.0	0.0	0.0	0.0	0.0	0.0	0.0	0.0	0.0	0.0	0.0	0.0	0.0	0.0	0.0	0.0	0.0	0.0	0.0	0.0	0.0	0.0	0.0	0.0	0.0	0.0	0.0	0.0	0.0	0.0	0.0	0.0	0.0	0.0	0.0	0.0	0.0	0.0	0.0	0.0	0.0	0.0	0.0	0.0	0.0	0.0	0.0	0.0	0.0	0.0	0.0	0.0	0.0	0.0	0.0	0.0	0.0	0.0	0.0	0.0	0.0	0.0	0.0	0.0	0.0	0.0	0.0	0.0	0.0	0.0	0.0	0.0	0.0	0.0	0.0	0.0	0.0	0.0	0.0	0.0	0.0	0.0	0.0	0.0	0.0	0.0	0.0	0.0	0.0	0.0	0.0	0.0	0.0	0.0	0.0	0.0	0.0	0.0	0.0	0.0	0.0	0.0	0.0	0.0	0.0	0.0	0.0	0.0	0.0	0.0	0.0	0.0	0.0	0.0	0.0	0.0	0.0	0.0	0.0	0.0	0.0	0.0	0.0	0.0	0.0	0.0	0.0	0.0	0.0	0.0	0.0	0.0	0.0	0.0	0.0	0.0	0.0	0.0	0.0	0.0	0.0	0.0	0.0	0.0	0.0	0.0	0.0	0.0	0.0	0.0	0.0	0.0	0.0	0.0	0.0	0.0	0.0	0.0	0.0	0.0	0.0	0.0	0.0	0.0	0.0	0.0	0.0	0.0	0.0	0.0	0.0	0.0	0.0	0.0
2098.536638316757	7.720885426475434	4403856.022357795	59.612071768760735	2446.7404124638806	-15.914340920644008	253.2662469384844	5986538.64598392	2251.4722966733184	-15.16894299051046	230.0968314493564	5069127.502687427	2259.3950305898848	2227.8034749622925	0.874457	74.92378999999998	1.637596099923906	0.8891158698620993	-0.0110018154	0.0029479362	0.0176386554	0.0161653972	-0.0071865181	-0.0097647025	-0.0053289142	-0.0032390566	-0.011266386	0.0254849017	0.0034956389	0.0041659083	-0.0112406676	0.0172564548	-0.0029267662	0.005339611	0.0041771121	-0.0306667985	-0.0055674529	-0.0248632767	-0.0168481139	0.0249290935	0.0018986193	0.0425805657	0.0608595701	0.0028951813	0.0169677469	0.0220683375	-0.0313980943	-0.0148284566	0.0105696633	0.0045515535	0.0456976604	-0.018548396	0.0062135947	0.0424819213	-0.0078969643	0.020571635	0.0204595181	-0.0430263767	0.0388105894	-0.0146103252	0.0028526269	0.0696177779	0.0370681691	-0.0064061583	-0.0479924649	-0.0754344479	-0.0806444153	-0.0620868871	-0.0252311319	-0.0687375749396466	-0.1658810873446299	0.0047248542085835	0.0275165351386367	-0.338081917178755	-0.0885355885133663	0.1142993827232625	0.0078385504334081	1.1158894624953035	0.3632036592465795	1.2452092925080571	0.1319168980901054	-0.0232605663412602	-0.0072549171041177	5.263382218761956e-05	0.0005410539465161	0.0067040506219671	0.0098685207433026	9.73877016609937e-05	4.4944294741897456e-05	0.0008090811083896	0.0032760774489663	1.073268345162554e-05	6.546122399529437e-07	0.0	0.0	0.0	0.0	0.0	0.0	0.0	0.0	0.0	0.0	0.0	0.0	0.0	0.0	0.0	0.0	0.0	0.0	0.0	0.0	0.0	0.0	0.0	0.0	0.0	0.0	0.0	0.0	0.0	0.0	0.0	0.0	0.0	0.0	0.0	0.0	0.0	1.0	0.0	0.0	0.0	0.0	0.0	0.0	0.0	0.0	0.0	0.0	0.0	0.0	0.0	0.0	0.0	0.0	0.0	0.0	0.0	0.0	0.0	0.0	0.0	0.0	0.0	0.0	0.0	0.0	0.0	0.0	0.0	0.0	0.0	0.0	0.0	0.0	0.0	0.0	0.0	0.0	0.0	0.0	0.0	0.0	0.0	0.0	0.0	0.0	0.0	0.0	0.0	0.0	0.0	0.0	0.0	0.0	0.0	0.0	0.0	0.0	0.0	0.0	0.0	0.0	0.0	0.0	0.0	0.0	0.0	0.0	0.0	0.0	0.0	0.0	0.0	0.0	0.0	0.0	0.0	0.0	0.0	0.0	0.0	0.0	0.0	0.0	0.0	0.0	0.0	0.0	0.0	0.0	0.0	0.0	0.0	0.0	0.0	0.0	0.0	0.0	0.0	0.0	0.0	0.0	0.0	0.0	0.0	0.0	0.0	0.0	0.0	0.0	0.0	0.0	0.0	0.0	0.0	0.0	0.0	0.0	0.0	0.0	0.0	0.0	0.0	0.0	0.0	0.0	0.0	0.0	0.0	0.0	0.0	0.0	0.0	0.0	0.0	0.0	0.0	0.0	0.0	0.0	0.0	0.0	0.0	0.0	0.0	0.0	0.0	0.0	0.0	0.0	0.0	0.0	0.0	0.0	0.0	0.0	0.0	0.0	0.0	0.0	0.0	0.0	0.0	0.0	0.0	0.0	0.0	0.0	0.0	0.0	0.0	0.0	0.0	0.0	0.0	0.0	0.0	0.0	0.0	0.0	0.0	0.0	0.0	0.0	0.0	0.0	0.0	0.0	0.0	0.0	0.0	0.0	0.0	0.0	0.0	0.0	0.0	0.0	0.0	0.0	0.0
2084.4634358977005	-14.073202419056544	4344987.815594447	198.0550263277389	2401.588255163741	-45.152157300139606	2038.7173088565503	5767626.147340422	2245.4480401744013	-6.024256498917112	36.291666364745055	5042036.90112306	2244.9724533665885	2132.8777866318856	0.617081	52.871712	0.9583358172759918	0.5482911967353398	0.0037908678	0.0050388997	-0.0005482737	0.0011908639	0.0110557106	0.0099259307	0.03860431	-0.0103014612	-0.0078463437	0.0150347672	0.0104576452	-0.002547759	-0.0094152488	0.0131304736	0.0075779638	0.0067841109	0.0044195055	-0.0264334887	-0.0100678604	-0.0202166189	0.0056409406	0.033346945	-0.0025493801	0.0200296599	0.0351827683	0.0027139842	0.0144903551	-0.0044550758	-0.0158998353	-0.0174756343	0.0152748846	-0.0303142799	-0.0081669598	-0.0019653571	0.0002965253	0.0098907616	-0.015432958	0.0268221392	0.0076539888	-0.0089118276	0.0106279199	0.0232411576	0.0024049201	0.0691672152	0.0355364705	-0.008959769	-0.0507165039	-0.0769663555	-0.0796832699	-0.058036534	-0.0186447705	-0.0431890897078659	0.0255484852317807	0.001865297469794	0.0006527250976385	-0.1936030568107725	0.1444788603679825	0.0374821436064752	0.0208741410932309	0.85518890498264	-0.2607005575126635	0.7313480632054069	0.0679647806874135	-0.0146503660137193	0.0086102003275409	7.413554968038543e-05	0.0002146332243359	0.0073883307496069	0.0006842801276398	4.6823929308274166e-07	5.458743126558686e-05	0.0020667589364802	0.0012576778280906	1.5817535192706887e-06	4.271492501520767e-06	0.0	0.0	0.0	0.0	0.0	0.0	0.0	0.0	0.0	0.0	0.0	0.0	0.0	0.0	0.0	0.0	0.0	0.0	0.0	0.0	0.0	0.0	0.0	0.0	0.0	0.0	0.0	0.0	0.0	0.0	0.0	0.0	0.0	0.0	0.0	0.0	0.0	0.0	1.0	0.0	0.0	0.0	0.0	0.0	0.0	0.0	0.0	0.0	0.0	0.0	0.0	0.0	0.0	0.0	0.0	0.0	0.0	0.0	0.0	0.0	0.0	0.0	0.0	0.0	0.0	0.0	0.0	0.0	0.0	0.0	0.0	0.0	0.0	0.0	0.0	0.0	0.0	0.0	0.0	0.0	0.0	0.0	0.0	0.0	0.0	0.0	0.0	0.0	0.0	0.0	0.0	0.0	0.0	0.0	0.0	0.0	0.0	0.0	0.0	0.0	0.0	0.0	0.0	0.0	0.0	0.0	0.0	0.0	0.0	0.0	0.0	0.0	0.0	0.0	0.0	0.0	0.0	0.0	0.0	0.0	0.0	0.0	0.0	0.0	0.0	0.0	0.0	0.0	0.0	0.0	0.0	0.0	0.0	0.0	0.0	0.0	0.0	0.0	0.0	0.0	0.0	0.0	0.0	0.0	0.0	0.0	0.0	0.0	0.0	0.0	0.0	0.0	0.0	0.0	0.0	0.0	0.0	0.0	0.0	0.0	0.0	0.0	0.0	0.0	0.0	0.0	0.0	0.0	0.0	0.0	0.0	0.0	0.0	0.0	0.0	0.0	0.0	0.0	0.0	0.0	0.0	0.0	0.0	0.0	0.0	0.0	0.0	0.0	0.0	0.0	0.0	0.0	0.0	0.0	0.0	0.0	0.0	0.0	0.0	0.0	0.0	0.0	0.0	0.0	0.0	0.0	0.0	0.0	0.0	0.0	0.0	0.0	0.0	0.0	0.0	0.0	0.0	0.0	0.0	0.0	0.0	0.0	0.0	0.0	0.0	0.0	0.0	0.0	0.0	0.0	0.0	0.0	0.0	0.0	0.0	0.0	0.0	0.0	0.0	0.0	0.0
2095.476155597993	11.012719700292564	4391020.318679744	121.27999519721196	2417.906338626391	16.318083462650065	266.2798478940135	5846271.06236968	2253.93572069251	8.487680518108846	72.04072057748445	5080226.233013665	2257.432571889632	2221.699194628964	0.512429	43.905102	0.4668654558552118	0.225320912884528	-0.0050151699	0.0073232952	-0.0026078656	0.0251417705	-9.61099e-05	0.0123673342	0.018778136	-0.01866172	-0.0053929696	0.0434118245	0.0380067566	0.0058708847	-0.0129809919	0.0039391227	-0.0032719272	0.0093976072	-0.0089284559	-0.0289594782	-0.0053966937	-0.01742943	7.58339e-05	0.0253776037	-0.0138301102	0.0099207149	0.0452980944	-0.010136799	0.0153227398	0.020381887	-0.0297088105	-0.0127699557	0.0140853027	-0.0213958935	0.0090925047	0.0259459846	-0.0045152738	0.0198129216	-0.008331947	0.0183401834	0.0071077003	-0.0231040788	0.0149172502	0.0130597436	0.0230852545	0.0687090676	0.0339891844	-0.0115045374	-0.0533515689	-0.0782873035	-0.0784076511	-0.0536744641	-0.0119276293	0.0189338988124632	0.062122988520329	0.0003584925242405	0.0038592657026969	-0.2223361974762809	-0.0287331406655083	0.0494333847082117	0.0008255933725038	0.9164709664646792	0.0612820614820391	0.8399190323727032	0.0037554910594884	-0.0175517805173537	-0.0029014145036344	8.418206121900059e-06	0.0003080649993293	0.0043109841470023	-0.0030773466026046	9.470062112562072e-06	1.8584584315705152e-05	0.0017509747389725	-0.0003157841975077	9.97196593955821e-08	3.0659125365198143e-06	0.0	0.0	0.0	0.0	0.0	0.0	0.0	0.0	0.0	0.0	0.0	0.0	0.0	0.0	0.0	0.0	0.0	0.0	0.0	0.0	0.0	0.0	0.0	0.0	0.0	0.0	0.0	0.0	0.0	0.0	0.0	0.0	0.0	0.0	0.0	0.0	0.0	0.0	0.0	0.0	0.0	0.0	0.0	0.0	0.0	0.0	0.0	0.0	0.0	0.0	0.0	0.0	0.0	0.0	0.0	0.0	0.0	0.0	0.0	0.0	0.0	0.0	0.0	0.0	0.0	0.0	0.0	0.0	0.0	0.0	0.0	0.0	0.0	0.0	0.0	0.0	0.0	0.0	0.0	0.0	0.0	0.0	0.0	0.0	0.0	0.0	0.0	0.0	0.0	0.0	0.0	0.0	0.0	0.0	0.0	0.0	0.0	0.0	0.0	0.0	0.0	0.0	0.0	0.0	0.0	0.0	0.0	0.0	0.0	0.0	0.0	0.0	0.0	0.0	0.0	0.0	0.0	0.0	0.0	0.0	0.0	0.0	0.0	0.0	0.0	0.0	0.0	0.0	0.0	0.0	0.0	0.0	0.0	0.0	0.0	0.0	0.0	0.0	0.0	0.0	0.0	0.0	0.0	0.0	0.0	0.0	0.0	0.0	0.0	0.0	0.0	0.0	0.0	0.0	0.0	0.0	0.0	0.0	0.0	0.0	0.0	0.0	0.0	0.0	0.0	0.0	0.0	0.0	0.0	0.0	0.0	0.0	0.0	0.0	0.0	0.0	0.0	0.0	0.0	0.0	0.0	0.0	0.0	0.0	0.0	0.0	0.0	0.0	0.0	0.0	0.0	0.0	0.0	0.0	0.0	0.0	0.0	0.0	0.0	0.0	0.0	0.0	0.0	0.0	0.0	0.0	0.0	0.0	0.0	0.0	0.0	0.0	0.0	0.0	0.0	0.0	0.0	0.0	0.0	0.0	0.0	0.0	0.0	0.0	0.0	0.0	0.0	0.0	0.0	0.0	0.0	0.0	0.0	0.0	0.0	0.0	0.0	0.0	0.0	0.0	0.0
2093.01012920472	-2.466026393272841	4380691.400953559	6.081286172318258	2452.140956930918	34.234618304526975	1172.0090904566534	6012995.272658078	2253.0185722682786	-0.9171484242315272	0.8411612320703736	5076092.686985793	2265.1674740887684	2190.793385686584	0.503011	43.098106	0.2769768236956615	0.1665940740134742	0.0014431021	0.0002376951	0.0034196028	0.0156151105	-0.0039441687	-0.0270631091	-0.0094873841	0.0031980145	-0.0230750578	-0.0160766186	0.0081131642	0.0030941556	0.0007979555	0.0122193397	-0.0054522297	-0.009033398	0.0023476306	-0.0310134052	0.0052745058	-0.0127519522	0.0019135348	0.0185405944	-0.0060667827	0.0047214686	0.0579758236	-0.0235163617	0.0082668721	-0.0179046244	-0.0014119792	-0.0272349787	0.0183207851	0.0099229694	0.0138876745	-0.002001104	0.0053602895	0.015194051	-0.0099011574	0.023066998	0.0068787662	-0.023392914	0.0067023261	0.0242329955	-0.0108181094	0.0682433853	0.0324269895	-0.0140379523	-0.0558930371	-0.0793936715	-0.0768225931	-0.0490241061	-0.0051268245	0.0256397952200586	0.0067058964075954	0.0006573990989265	4.4969046629400905e-05	-0.2815629522656024	-0.0592267547893215	0.0792776960885218	0.0035078084828744	0.9351312239550538	0.0186602574903745	0.8744704060156769	0.000348205209607	-0.020507756683162	-0.0029559761658083	8.73779509282674e-06	0.0004205680841757	0.0036432372989478	-0.0006677468480545	4.458858530867204e-07	1.327317801644446e-05	0.0015270194526679	-0.0002239552863045	5.015597026377532e-08	2.331788408826173e-06	0.0	0.0	0.0	0.0	0.0	0.0	0.0	0.0	0.0	0.0	0.0	0.0	0.0	0.0	0.0	0.0	0.0	0.0	0.0	0.0	0.0	0.0	0.0	0.0	0.0	0.0	0.0	0.0	0.0	0.0	0.0	0.0	0.0	0.0	0.0	0.0	0.0	0.0	0.0	0.0	0.0	0.0	0.0	0.0	0.0	0.0	0.0	0.0	0.0	0.0	0.0	0.0	0.0	0.0	0.0	0.0	0.0	0.0	0.0	0.0	0.0	0.0	0.0	0.0	0.0	0.0	0.0	0.0	0.0	0.0	0.0	0.0	0.0	0.0	0.0	0.0	0.0	0.0	0.0	0.0	0.0	0.0	0.0	0.0	0.0	0.0	0.0	0.0	0.0	0.0	0.0	0.0	0.0	0.0	0.0	0.0	0.0	0.0	0.0	0.0	0.0	0.0	0.0	0.0	0.0	0.0	0.0	0.0	0.0	0.0	0.0	0.0	0.0	0.0	0.0	0.0	0.0	0.0	0.0	0.0	0.0	0.0	0.0	0.0	0.0	0.0	0.0	0.0	0.0	0.0	0.0	0.0	0.0	0.0	0.0	0.0	0.0	0.0	0.0	0.0	0.0	0.0	0.0	0.0	0.0	0.0	0.0	0.0	0.0	0.0	0.0	0.0	0.0	0.0	0.0	0.0	0.0	0.0	0.0	0.0	0.0	0.0	0.0	0.0	0.0	0.0	0.0	0.0	0.0	0.0	0.0	0.0	0.0	0.0	0.0	0.0	0.0	0.0	0.0	0.0	0.0	0.0	0.0	0.0	0.0	0.0	0.0	0.0	0.0	0.0	0.0	0.0	0.0	0.0	0.0	0.0	0.0	0.0	0.0	0.0	0.0	0.0	0.0	0.0	0.0	0.0	0.0	0.0	0.0	0.0	0.0	0.0	0.0	0.0	0.0	0.0	0.0	0.0	0.0	0.0	0.0	0.0	0.0	0.0	0.0	0.0	0.0	0.0	0.0	0.0	0.0	0.0	0.0	0.0	0.0	0.0	0.0	0.0	0.0	0.0	0.0
2092.8169983317166	-0.1931308730036107	4379882.9885061765	0.0372995341071368	2457.8888441111944	5.747887180276393	33.03820703718571	6041217.570006263	2261.7439452461576	8.725372977879033	76.13213360310162	5115485.673857654	2270.617550733613	2152.1008961340303	0.533997	45.753025	0.5885112011445528	0.2831530519710574	0.0028099973	-0.0116198649	0.0072730509	-0.0015355378	-0.012737181	-0.0215296529	-0.0112033823	0.0113408575	-0.0249334269	-0.0286987679	-0.0099784472	0.0098383572	-0.0104090684	0.0095027018	-0.0099203233	0.0027080034	0.0015446419	-0.0357332545	-0.0033379634	-0.0113937133	-0.0067664095	0.0164864682	0.0162080069	0.0291409572	0.0440606543	-0.0170457608	0.0360030234	0.0078720925	-0.0413164745	-0.042964568	0.0155471736	0.0021607893	-0.008125833	-0.006536063	0.0045711126	0.0023518036	-0.009818073	-0.0025968556	0.0054867077	-0.017865349	0.0048471125	0.0318467481	-0.014838756	0.0677702193	0.0308505711	-0.0165575133	-0.05833645	-0.080282427	-0.0749343514	-0.0441104375	0.0017099414	0.0558628915200785	0.0302230963000199	0.003120662648984	0.0009134355499602	-0.1071855176798948	0.1743774345857076	0.011488735200307	0.0304074896926927	0.7830391679907436	-0.1520920559643102	0.6131503386076359	0.0231319934874508	-0.017964852997816	0.002542903685346	6.466359152946275e-06	0.0003227359432331	0.0029479738957771	-0.0006952634031706	4.833911997885029e-07	8.690550090183213e-06	0.0029252246500415	0.0013982051973736	1.954977773962548e-06	8.556939253210416e-06	0.0	0.0	0.0	0.0	0.0	0.0	0.0	0.0	0.0	0.0	0.0	0.0	0.0	0.0	0.0	0.0	0.0	0.0	0.0	0.0	0.0	0.0	0.0	0.0	0.0	0.0	0.0	0.0	0.0	0.0	0.0	0.0	0.0	0.0	0.0	0.0	0.0	0.0	0.0	1.0	0.0	0.0	0.0	0.0	0.0	0.0	0.0	0.0	0.0	0.0	0.0	0.0	0.0	0.0	0.0	0.0	0.0	0.0	0.0	0.0	0.0	0.0	0.0	0.0	0.0	0.0	0.0	0.0	0.0	0.0	0.0	0.0	0.0	0.0	0.0	0.0	0.0	0.0	0.0	0.0	0.0	0.0	0.0	0.0	0.0	0.0	0.0	0.0	0.0	0.0	0.0	0.0	0.0	0.0	0.0	0.0	0.0	0.0	0.0	0.0	0.0	0.0	0.0	0.0	0.0	0.0	0.0	0.0	0.0	0.0	0.0	0.0	0.0	0.0	0.0	0.0	0.0	0.0	0.0	0.0	0.0	0.0	0.0	0.0	0.0	0.0	0.0	0.0	0.0	0.0	0.0	0.0	0.0	0.0	0.0	0.0	0.0	0.0	0.0	0.0	0.0	0.0	0.0	0.0	0.0	0.0	0.0	0.0	0.0	0.0	0.0	0.0	0.0	0.0	0.0	0.0	0.0	0.0	0.0	0.0	0.0	0.0	0.0	0.0	0.0	0.0	0.0	0.0	0.0	0.0	0.0	0.0	0.0	0.0	0.0	0.0	0.0	0.0	0.0	0.0	0.0	0.0	0.0	0.0	0.0	0.0	0.0	0.0	0.0	0.0	0.0	0.0	0.0	0.0	0.0	0.0	0.0	0.0	0.0	0.0	0.0	0.0	0.0	0.0	0.0	0.0	0.0	0.0	0.0	0.0	0.0	0.0	0.0	0.0	0.0	0.0	0.0	0.0	0.0	0.0	0.0	0.0	0.0	0.0	0.0	0.0	0.0	0.0	0.0	0.0	0.0	0.0	0.0	0.0	0.0	0.0	0.0	0.0	0.0	0.0	0.0
2090.897915988745	-1.9190823429717057	4371854.095086076	3.682877039105772	2424.840908938891	-33.04793517230337	1092.166019152766	5879853.433663587	2256.592666625977	-5.151278620180619	26.535671422729944	5092210.463070137	2261.465837113118	2189.453994661639	0.545593	46.746597	0.5431099201477407	0.2803924525286018	0.0009695386	-0.0038882737	0.0076953652	0.0115467028	-0.0023901003	0.0134942524	0.0135057278	-0.0198781605	0.016112329	0.0246273697	0.0310131371	0.0102515338	0.0014571104	0.0042232851	-0.008716372	-0.002744537	0.0025634641	-0.0159024874	-0.0024514696	-0.0146247491	-0.0063265097	0.0192790711	-0.0039083686	0.0113658059	0.0495023705	-0.01891034	0.0073800507	-0.0082752386	-0.0282397429	-0.0212403521	0.0228234532	-0.0019103935	0.0301293489	0.0068403605	0.0048283769	0.0201162029	-0.0086355331	0.0098026412	-0.0029662317	-0.0288325938	0.0223897289	0.0022578414	0.0069667717	0.0672896215	0.0292606206	-0.0190607341	-0.0606775209	-0.0809511339	-0.0727503781	-0.0389598496	0.0085347133	0.0508548903348042	-0.0050080011852743	0.0025862198709649	2.50800758717088e-05	-0.2391077413076914	-0.1319222236277966	0.0571725119532658	0.0174034730869023	0.9127452282136232	0.1297060602228796	0.8331038516267392	0.0168236620585412	-0.0216718469063479	-0.0037069939085319	1.374180383789262e-05	0.0004696689483321	0.0033911564788422	0.000443182583065	1.9641080193225425e-07	1.1499942263993429e-05	0.0015459284394027	-0.0013792962106388	1.9024580366825527e-06	2.3898947397540675e-06	0.0	0.0	0.0	0.0	0.0	0.0	0.0	0.0	0.0	0.0	0.0	0.0	0.0	0.0	0.0	0.0	0.0	0.0	0.0	0.0	0.0	0.0	0.0	0.0	0.0	0.0	0.0	0.0	0.0	0.0	0.0	0.0	0.0	0.0	0.0	0.0	0.0	0.0	0.0	0.0	1.0	0.0	0.0	0.0	0.0	0.0	0.0	0.0	0.0	0.0	0.0	0.0	0.0	0.0	0.0	0.0	0.0	0.0	0.0	0.0	0.0	0.0	0.0	0.0	0.0	0.0	0.0	0.0	0.0	0.0	0.0	0.0	0.0	0.0	0.0	0.0	0.0	0.0	0.0	0.0	0.0	0.0	0.0	0.0	0.0	0.0	0.0	0.0	0.0	0.0	0.0	0.0	0.0	0.0	0.0	0.0	0.0	0.0	0.0	0.0	0.0	0.0	0.0	0.0	0.0	0.0	0.0	0.0	0.0	0.0	0.0	0.0	0.0	0.0	0.0	0.0	0.0	0.0	0.0	0.0	0.0	0.0	0.0	0.0	0.0	0.0	0.0	0.0	0.0	0.0	0.0	0.0	0.0	0.0	0.0	0.0	0.0	0.0	0.0	0.0	0.0	0.0	0.0	0.0	0.0	0.0	0.0	0.0	0.0	0.0	0.0	0.0	0.0	0.0	0.0	0.0	0.0	0.0	0.0	0.0	0.0	0.0	0.0	0.0	0.0	0.0	0.0	0.0	0.0	0.0	0.0	0.0	0.0	0.0	0.0	0.0	0.0	0.0	0.0	0.0	0.0	0.0	0.0	0.0	0.0	0.0	0.0	0.0	0.0	0.0	0.0	0.0	0.0	0.0	0.0	0.0	0.0	0.0	0.0	0.0	0.0	0.0	0.0	0.0	0.0	0.0	0.0	0.0	0.0	0.0	0.0	0.0	0.0	0.0	0.0	0.0	0.0	0.0	0.0	0.0	0.0	0.0	0.0	0.0	0.0	0.0	0.0	0.0	0.0	0.0	0.0	0.0	0.0	0.0	0.0	0.0	0.0	0.0	0.0	0.0	0.0
2090.3344217343865	-0.5634942543583747	4369497.994687632	0.3175257746949007	2432.9223983973675	8.081489458476426	65.3104718674656	5919111.396623599	2250.1711657980213	-6.421500827955697	41.2356728834357	5063270.275388827	2257.123766962244	2220.2012359833548	0.377204	32.319	0.2071647204147275	0.1105702636829481	-0.0039591559	-0.0147588087	0.0129964935	0.0188975699	0.0020878098	-0.0081390882	0.0090796219	0.0030326892	-0.0292650582	-0.0071860927	0.0138162495	0.0054971883	-0.0039234411	0.0061209637	-0.0039722143	-0.001612598	-0.0063568938	-0.0257551672	-0.0034899437	-0.0119140243	-0.010539818	0.0162396778	-0.0020161114	0.0171836598	0.058921948	-0.0200516903	0.019108998	0.0037246514	-0.0253637557	-0.044079622	0.0175347984	0.0111550257	0.0368066856	0.0133591797	0.0041296118	0.028530623	0.0039728949	0.0058811157	0.0067127243	-0.0263933878	0.018558623	0.0016984185	0.0038014466	0.0668016447	0.0276578354	-0.0215451443	-0.0629121428	-0.0813979594	-0.0702792922	-0.0336000067	0.0152996203	0.0420960565637358	-0.0087588337710683	0.0017720779782172	7.671716902920824e-05	-0.2330038557343812	0.0061038855733102	0.0542907967870883	3.725741909206449e-05	0.8522138047859542	-0.060531423427669	0.7262683690677525	0.0036640532221797	-0.0233231754706601	-0.0016513285643121	2.7268860273133856e-06	0.0005439705140352	0.0029390870777041	-0.0004520694011381	2.043667434453604e-07	8.638232850327227e-06	0.0010139148519994	-0.0005320135874033	2.830384571817288e-07	1.0280233271049651e-06	0.0	0.0	0.0	0.0	0.0	0.0	0.0	0.0	0.0	0.0	0.0	0.0	0.0	0.0	0.0	0.0	0.0	0.0	0.0	0.0	0.0	0.0	0.0	0.0	0.0	0.0	0.0	0.0	0.0	0.0	0.0	0.0	0.0	0.0	0.0	0.0	0.0	0.0	0.0	0.0	0.0	0.0	0.0	0.0	0.0	0.0	0.0	0.0	0.0	0.0	0.0	0.0	0.0	0.0	0.0	0.0	0.0	0.0	0.0	0.0	0.0	0.0	0.0	0.0	0.0	0.0	0.0	0.0	0.0	0.0	0.0	0.0	0.0	0.0	0.0	0.0	0.0	0.0	0.0	0.0	0.0	0.0	0.0	0.0	0.0	0.0	0.0	0.0	0.0	0.0	0.0	0.0	0.0	0.0	0.0	0.0	0.0	0.0	0.0	0.0	0.0	0.0	0.0	0.0	0.0	0.0	0.0	0.0	0.0	0.0	0.0	0.0	0.0	0.0	0.0	0.0	0.0	0.0	0.0	0.0	0.0	0.0	0.0	0.0	0.0	0.0	0.0	0.0	0.0	0.0	0.0	0.0	0.0	0.0	0.0	0.0	0.0	0.0	0.0	0.0	0.0	0.0	0.0	0.0	0.0	0.0	0.0	0.0	0.0	0.0	0.0	0.0	0.0	0.0	0.0	0.0	0.0	0.0	0.0	0.0	0.0	0.0	0.0	0.0	0.0	0.0	0.0	0.0	0.0	0.0	0.0	0.0	0.0	0.0	0.0	0.0	0.0	0.0	0.0	0.0	0.0	0.0	0.0	0.0	0.0	0.0	0.0	0.0	0.0	0.0	0.0	0.0	0.0	0.0	0.0	0.0	0.0	0.0	0.0	0.0	0.0	0.0	0.0	0.0	0.0	0.0	0.0	0.0	0.0	0.0	0.0	0.0	0.0	0.0	0.0	0.0	0.0	0.0	0.0	0.0	0.0	0.0	0.0	0.0	0.0	0.0	0.0	0.0	0.0	0.0	0.0	0.0	0.0	0.0	0.0	0.0	0.0	0.0	0.0	0.0	0.0
2091.431681557709	1.0972598233224744	4374086.478623306	1.2039791198776677	2435.640511708717	2.718113311349498	7.388139973335333	5932344.702276701	2253.1694700821586	2.998304284137248	8.989828580275775	5076772.660910315	2257.55806293554	2179.7730125230705	0.37021	31.719698	0.1651313470492194	0.0996984097366059	0.0031361898	-0.0122684267	0.0286223718	0.0141649577	-0.0082717552	0.0022839104	-0.0005980821	-0.0051176969	-0.0259131922	-0.0006362404	-0.0284035116	0.0070883973	-0.0032643627	0.0099159103	-0.004578577	0.0026708559	0.0032170157	-0.0245885961	-0.004379312	-0.0118136578	-0.007447403	0.0137163819	-0.0008473603	0.0039134757	0.0630114096	-0.0289926383	0.0016426003	-0.0140048788	-0.0068905085	-0.0366017546	0.026234086	0.0010238972	0.0268356972	-0.0005717627	-0.0004747235	0.0062500849	0.0072224693	0.0134912317	0.006881801	-0.0349704854	0.0213129549	0.0002355267	-0.0032105167	0.0663063423	0.0260429185	-0.024008292	-0.0650363955	-0.0816216788	-0.0675308461	-0.0280596966	0.0219572114	0.0455220938173113	0.0034260372535755	0.002072261025512	1.173773126288716e-05	-0.234709702697188	-0.0017058469628067	0.0550886445402023	2.9099138605171485e-06	0.9157560090062162	0.063542204220262	0.8386090680309932	0.0040376117171694	-0.0244493135059636	-0.0011261380353035	1.2681868745572314e-06	0.0005977689309128	0.0033913423721814	0.0004522552944773	2.0453485138274945e-07	1.1501203085352966e-05	0.0013646666944701	0.0003507518424707	1.2302685499659078e-07	1.8623151869959487e-06	0.0	0.0	0.0	0.0	0.0	0.0	0.0	0.0	0.0	0.0	0.0	0.0	0.0	0.0	0.0	0.0	0.0	0.0	0.0	0.0	0.0	0.0	0.0	0.0	0.0	0.0	0.0	0.0	0.0	0.0	0.0	0.0	0.0	0.0	0.0	0.0	0.0	0.0	0.0	0.0	0.0	0.0	0.0	0.0	0.0	0.0	0.0	0.0	0.0	0.0	0.0	0.0	0.0	0.0	0.0	0.0	0.0	0.0	0.0	0.0	0.0	0.0	0.0	0.0	0.0	0.0	0.0	0.0	0.0	0.0	0.0	0.0	0.0	0.0	0.0	0.0	0.0	0.0	0.0	0.0	0.0	0.0	0.0	0.0	0.0	0.0	0.0	0.0	0.0	0.0	0.0	0.0	0.0	0.0	0.0	0.0	0.0	0.0	0.0	0.0	0.0	0.0	0.0	0.0	0.0	0.0	0.0	0.0	0.0	0.0	0.0	0.0	0.0	0.0	0.0	0.0	0.0	0.0	0.0	0.0	0.0	0.0	0.0	0.0	0.0	0.0	0.0	0.0	0.0	0.0	0.0	0.0	0.0	0.0	0.0	0.0	0.0	0.0	0.0	0.0	0.0	0.0	0.0	0.0	0.0	0.0	0.0	0.0	0.0	0.0	0.0	0.0	0.0	0.0	0.0	0.0	0.0	0.0	0.0	0.0	0.0	0.0	0.0	0.0	0.0	0.0	0.0	0.0	0.0	0.0	0.0	0.0	0.0	0.0	0.0	0.0	0.0	0.0	0.0	0.0	0.0	0.0	0.0	0.0	0.0	0.0	0.0	0.0	0.0	0.0	0.0	0.0	0.0	0.0	0.0	0.0	0.0	0.0	0.0	0.0	0.0	0.0	0.0	0.0	0.0	0.0	0.0	0.0	0.0	0.0	0.0	0.0	0.0	0.0	0.0	0.0	0.0	0.0	0.0	0.0	0.0	0.0	0.0	0.0	0.0	0.0	0.0	0.0	0.0	0.0	0.0	0.0	0.0	0.0	0.0	0.0	0.0	0.0	0.0	0.0	0.0
2093.9763414748927	2.544659917183708	4384736.918656576	6.475294094121395	2436.172850726402	0.5323390176849898	0.2833848297498199	5934938.158616404	2254.717938298764	1.5484682166052153	2.397753817836536	5083752.981286228	2262.6268314800195	2223.103326837688	0.403323	34.556873	0.1040042940443965	0.052516289877584	-0.001939784	-0.0095809067	0.0148506388	0.017051282	-0.0094669786	0.002432511	0.0082618776	-0.0336805099	-0.0054207556	0.0087106484	0.0104601892	0.0094768054	-0.0024396733	0.0140809274	-0.0100193884	-0.0025224859	0.0040985095	-0.0180280436	0.0015466551	-0.0134567038	-0.0162868903	0.0092930614	-0.0012463315	0.0249197598	0.0555316444	-0.0175415899	0.0162439239	0.0029308161	-0.0239783241	-0.025210917	0.0195729006	0.0112043884	0.0388030715	0.0057591591	0.0084600258	0.0334279799	0.00392446	0.0120307277	0.0111422194	-0.0338534987	0.0236836866	-0.0104709983	0.0154210109	0.0658037687	0.0244165784	-0.0264477464	-0.0670465522	-0.0816216788	-0.0645158866	-0.0223686765	0.0284607885	0.0484521683337959	0.0029300745164845	0.0023476126162464	8.585336672152439e-06	-0.2512639041602114	-0.0165542014630233	0.0631335495338318	0.0002740415860783	0.9602451953744549	0.0444891863682386	0.922070835239725	0.0019792877037078	-0.0248724797288182	-0.0004231662228545	1.790696521650277e-07	0.0006186402478604	0.0031374782455655	-0.0002538641266158	6.44469947824537e-08	9.843769741396769e-06	0.0014882529789326	0.0001235862844624	1.5273569707245962e-08	2.214896929301757e-06	0.0	0.0	0.0	0.0	0.0	0.0	0.0	0.0	0.0	0.0	0.0	0.0	0.0	0.0	0.0	0.0	0.0	0.0	0.0	0.0	0.0	0.0	0.0	0.0	0.0	0.0	0.0	0.0	0.0	0.0	0.0	0.0	0.0	0.0	0.0	0.0	0.0	0.0	0.0	0.0	0.0	0.0	0.0	0.0	0.0	0.0	0.0	0.0	0.0	0.0	0.0	0.0	0.0	0.0	0.0	0.0	0.0	0.0	0.0	0.0	0.0	0.0	0.0	0.0	0.0	0.0	0.0	0.0	0.0	0.0	0.0	0.0	0.0	0.0	0.0	0.0	0.0	0.0	0.0	0.0	0.0	0.0	0.0	0.0	0.0	0.0	0.0	0.0	0.0	0.0	0.0	0.0	0.0	0.0	0.0	0.0	0.0	0.0	0.0	0.0	0.0	0.0	0.0	0.0	0.0	0.0	0.0	0.0	0.0	0.0	0.0	0.0	0.0	0.0	0.0	0.0	0.0	0.0	0.0	0.0	0.0	0.0	0.0	0.0	0.0	0.0	0.0	0.0	0.0	0.0	0.0	0.0	0.0	0.0	0.0	0.0	0.0	0.0	0.0	0.0	0.0	0.0	0.0	0.0	0.0	0.0	0.0	0.0	0.0	0.0	0.0	0.0	0.0	0.0	0.0	0.0	0.0	0.0	0.0	0.0	0.0	0.0	0.0	0.0	0.0	0.0	0.0	0.0	0.0	0.0	0.0	0.0	0.0	0.0	0.0	0.0	0.0	0.0	0.0	0.0	0.0	0.0	0.0	0.0	0.0	0.0	0.0	0.0	0.0	0.0	0.0	0.0	0.0	0.0	0.0	0.0	0.0	0.0	0.0	0.0	0.0	0.0	0.0	0.0	0.0	0.0	0.0	0.0	0.0	0.0	0.0	0.0	0.0	0.0	0.0	0.0	0.0	0.0	0.0	0.0	0.0	0.0	0.0	0.0	0.0	0.0	0.0	0.0	0.0	0.0	0.0	0.0	0.0	0.0	0.0	0.0	0.0	0.0	0.0	0.0	0.0
2094.872031528651	0.8956900537582442	4388488.828480978	0.8022606724014464	2439.007457158337	2.8346064319348443	8.03499362396639	5948757.376073976	2253.767470650051	-0.9504676487126744	0.9033887512494	5079467.811760329	2259.2499589554523	2199.6378436479413	0.389781	33.396526	0.2225947580414511	0.1209106534111087	0.0055419274	-0.0006062522	0.0290636241	0.0186781008	-0.0059531066	-0.0075628077	-0.0141094079	-0.0218931376	-0.0384874355	0.0042610325	0.017122782	0.0083729621	0.0004755375	0.0064669317	-0.0069219092	-0.0040515443	0.0003308752	-0.0205995169	0.0015861049	-0.0121813638	-0.0114112582	0.0085822944	-0.0064118523	0.0059444944	0.0579160086	-0.0251860947	-0.00689703	-0.0066995903	-0.0011778358	-0.0294803843	0.0297132162	0.0084368997	0.0398836523	-0.0004519729	0.00213453	0.0259611413	-0.0032164888	0.0162772225	0.0089590487	-0.0401955569	0.0214492729	-0.0047939902	0.0079806897	0.0652939789	0.0227795284	-0.0288611001	-0.0689390864	-0.0813979594	-0.0612463124	-0.0165575133	0.0347647336	0.0257700446995841	-0.0226821236342117	0.0006640952038185	0.0005144787325576	-0.3090406772641216	-0.0577767731039102	0.0955061402038669	0.0033381555103007	1.048980050098784	0.0887348547243291	1.1003591455052475	0.0078738744429478	-0.025391628851968	-0.0005191491231497	2.695158120672056e-07	0.000644734815756	0.0035118947707284	0.0003744165251628	1.401877343150605e-07	1.2333404880669482e-05	0.0013137984956653	-0.0001744544832672	3.043436673206065e-08	1.7260664872124051e-06	0.0	0.0	0.0	0.0	0.0	0.0	0.0	0.0	0.0	0.0	0.0	0.0	0.0	0.0	0.0	0.0	0.0	0.0	0.0	0.0	0.0	0.0	0.0	0.0	0.0	0.0	0.0	0.0	0.0	0.0	0.0	0.0	0.0	0.0	0.0	0.0	0.0	0.0	0.0	0.0	0.0	0.0	0.0	0.0	0.0	0.0	0.0	0.0	0.0	0.0	0.0	0.0	0.0	0.0	0.0	0.0	0.0	0.0	0.0	0.0	0.0	0.0	0.0	0.0	0.0	0.0	0.0	0.0	0.0	0.0	0.0	0.0	0.0	0.0	0.0	0.0	0.0	0.0	0.0	0.0	0.0	0.0	0.0	0.0	0.0	0.0	0.0	0.0	0.0	0.0	0.0	0.0	0.0	0.0	0.0	0.0	0.0	0.0	0.0	0.0	0.0	0.0	0.0	0.0	0.0	0.0	0.0	0.0	0.0	0.0	0.0	0.0	0.0	0.0	0.0	0.0	0.0	0.0	0.0	0.0	0.0	0.0	0.0	0.0	0.0	0.0	0.0	0.0	0.0	0.0	0.0	0.0	0.0	0.0	0.0	0.0	0.0	0.0	0.0	0.0	0.0	0.0	0.0	0.0	0.0	0.0	0.0	0.0	0.0	0.0	0.0	0.0	0.0	0.0	0.0	0.0	0.0	0.0	0.0	0.0	0.0	0.0	0.0	0.0	0.0	0.0	0.0	0.0	0.0	0.0	0.0	0.0	0.0	0.0	0.0	0.0	0.0	0.0	0.0	0.0	0.0	0.0	0.0	0.0	0.0	0.0	0.0	0.0	0.0	0.0	0.0	0.0	0.0	0.0	0.0	0.0	0.0	0.0	0.0	0.0	0.0	0.0	0.0	0.0	0.0	0.0	0.0	0.0	0.0	0.0	0.0	0.0	0.0	0.0	0.0	0.0	0.0	0.0	0.0	0.0	0.0	0.0	0.0	0.0	0.0	0.0	0.0	0.0	0.0	0.0	0.0	0.0	0.0	0.0	0.0	0.0	0.0	0.0	0.0	0.0	0.0
2084.8001388444545	-10.071892684196428	4346391.618925856	101.44302224196952	2440.337873066941	1.330415908604209	1.7700064898671632	5955248.934724881	2250.829287321671	-2.938183328380092	8.632921271170712	5066232.4806649815	2260.054605836237	2191.632882111525	0.532928	45.661404	0.5779802033120517	0.3288895614761498	-0.0014936642	-0.0291235852	0.0197480545	0.0067391393	-0.0045637631	-0.0278971862	-0.0033829652	0.002090491	-0.0124425095	-0.0316271872	-0.0080989094	0.0076276562	-0.0030315282	0.0097895213	-0.0085289358	-0.0008225833	0.003797465	-0.0190501312	-0.0019630193	-0.0113849154	-0.0178920201	0.0090163455	0.0027073685	0.0256005545	0.0634374286	-0.0310050239	0.0291754354	-0.0156526718	-0.0125761818	-0.0420202591	0.0176636403	0.0058452031	0.0289461694	0.0040675373	0.0107437885	0.0160355821	0.0237946066	-0.0025288218	0.0018672996	-0.0183532135	0.0197197531	0.000559196	0.0041316533	0.064777029	0.0211324865	-0.0312459714	-0.0707106781	-0.0809511339	-0.0577350269	-0.010657419	0.040824829	0.0614547616068108	0.0356847169072267	0.0037766877241499	0.0012733990207489	-0.1679082939405418	0.1411323833235798	0.0281931951740233	0.0199183496225938	0.7644817943724789	-0.2844982557263051	0.5844324139269651	0.0809392575113101	-0.0247754785810283	0.0006161502709397	3.796411563790664e-07	0.0006138243389189	0.0033534429019443	-0.0001584518687841	2.510699472117371e-08	1.1245579296600608e-05	0.0028724933030403	0.001558694807375	2.429529502537789e-06	8.251217776011374e-06	0.0	0.0	0.0	0.0	0.0	0.0	0.0	0.0	0.0	0.0	0.0	0.0	0.0	0.0	0.0	0.0	0.0	0.0	0.0	0.0	0.0	0.0	0.0	0.0	0.0	0.0	0.0	0.0	0.0	0.0	0.0	0.0	0.0	0.0	0.0	0.0	0.0	0.0	0.0	0.0	0.0	1.0	0.0	0.0	0.0	0.0	0.0	0.0	0.0	0.0	0.0	0.0	0.0	0.0	0.0	0.0	0.0	0.0	0.0	0.0	0.0	0.0	0.0	0.0	0.0	0.0	0.0	0.0	0.0	0.0	0.0	0.0	0.0	0.0	0.0	0.0	0.0	0.0	0.0	0.0	0.0	0.0	0.0	0.0	0.0	0.0	0.0	0.0	0.0	0.0	0.0	0.0	0.0	0.0	0.0	0.0	0.0	0.0	0.0	0.0	0.0	0.0	0.0	0.0	0.0	0.0	0.0	0.0	0.0	0.0	0.0	0.0	0.0	0.0	0.0	0.0	0.0	0.0	0.0	0.0	0.0	0.0	0.0	0.0	0.0	0.0	0.0	0.0	0.0	0.0	0.0	0.0	0.0	0.0	0.0	0.0	0.0	0.0	0.0	0.0	0.0	0.0	0.0	0.0	0.0	0.0	0.0	0.0	0.0	0.0	0.0	0.0	0.0	0.0	0.0	0.0	0.0	0.0	0.0	0.0	0.0	0.0	0.0	0.0	0.0	0.0	0.0	0.0	0.0	0.0	0.0	0.0	0.0	0.0	0.0	0.0	0.0	0.0	0.0	0.0	0.0	0.0	0.0	0.0	0.0	0.0	0.0	0.0	0.0	0.0	0.0	0.0	0.0	0.0	0.0	0.0	0.0	0.0	0.0	0.0	0.0	0.0	0.0	0.0	0.0	0.0	0.0	0.0	0.0	0.0	0.0	0.0	0.0	0.0	0.0	0.0	0.0	0.0	0.0	0.0	0.0	0.0	0.0	0.0	0.0	0.0	0.0	0.0	0.0	0.0	0.0	0.0	0.0	0.0	0.0	0.0	0.0	0.0	0.0	0.0	0.0
2097.075567106377	12.27542826192257	4397725.934154533	150.68613901360737	2431.059899735124	-9.277973331817066	86.08078914590867	5910052.236100151	2254.8743030713954	4.045015749724371	16.362152415518214	5084458.122651711	2260.785540750218	2216.8553727125395	0.464271	39.778858	0.1487468425588593	0.0948616785531993	0.0014706137	-0.0173460385	0.0154413401	0.0274881893	-0.0050534657	-0.0053988479	0.0028049147	-0.0201392235	-0.0235947037	-0.0307915224	-0.0073777045	0.0129351189	0.0018618188	0.0018767802	-0.0117678203	-0.0018391191	-0.0042536163	-0.0078469235	-0.0003899053	-0.0111218839	-0.0087413293	0.0191584358	-0.0041700168	0.006269904	0.0564661099	-0.0387816492	0.0093302501	-0.0113258762	-0.0075281671	-0.0509678416	0.0309869546	0.0033140008	0.0438912607	0.0257639633	0.0116755165	0.0193272554	0.0091926518	0.0017228816	-0.0089220603	-0.0183475332	0.0087720662	0.0110183623	0.0111932048	0.0642529755	0.0194761753	-0.0336000067	-0.0723582192	-0.080282427	-0.0539958877	-0.0047000831	0.0465985677	0.0602150528998635	-0.0012397087069472	0.0036258525957333	1.5368776780809429e-06	-0.1706376126638105	-0.0027293187232687	0.0291171948556046	7.449180693185104e-06	0.7438783898337604	-0.0206034045387184	0.553355058861668	0.000424500278586	-0.0232071820135296	0.0015682965674986	2.459554123628197e-06	0.000538573297009	0.0027208234486302	-0.000632619453314	4.002073727114306e-07	7.402880238615935e-06	0.0025899211120546	-0.0002825721909856	7.984704311845889e-08	6.707691366666137e-06	0.0	0.0	0.0	0.0	0.0	0.0	0.0	0.0	0.0	0.0	0.0	0.0	0.0	0.0	0.0	0.0	0.0	0.0	0.0	0.0	0.0	0.0	0.0	0.0	0.0	0.0	0.0	0.0	0.0	0.0	0.0	0.0	0.0	0.0	0.0	0.0	0.0	0.0	0.0	0.0	0.0	0.0	0.0	0.0	0.0	0.0	0.0	0.0	0.0	0.0	0.0	0.0	0.0	0.0	0.0	0.0	0.0	0.0	0.0	0.0	0.0	0.0	0.0	0.0	0.0	0.0	0.0	0.0	0.0	0.0	0.0	0.0	0.0	0.0	0.0	0.0	0.0	0.0	0.0	0.0	0.0	0.0	0.0	0.0	0.0	0.0	0.0	0.0	0.0	0.0	0.0	0.0	0.0	0.0	0.0	0.0	0.0	0.0	0.0	0.0	0.0	0.0	0.0	0.0	0.0	0.0	0.0	0.0	0.0	0.0	0.0	0.0	0.0	0.0	0.0	0.0	0.0	0.0	0.0	0.0	0.0	0.0	0.0	0.0	0.0	0.0	0.0	0.0	0.0	0.0	0.0	0.0	0.0	0.0	0.0	0.0	0.0	0.0	0.0	0.0	0.0	0.0	0.0	0.0	0.0	0.0	0.0	0.0	0.0	0.0	0.0	0.0	0.0	0.0	0.0	0.0	0.0	0.0	0.0	0.0	0.0	0.0	0.0	0.0	0.0	0.0	0.0	0.0	0.0	0.0	0.0	0.0	0.0	0.0	0.0	0.0	0.0	0.0	0.0	0.0	0.0	0.0	0.0	0.0	0.0	0.0	0.0	0.0	0.0	0.0	0.0	0.0	0.0	0.0	0.0	0.0	0.0	0.0	0.0	0.0	0.0	0.0	0.0	0.0	0.0	0.0	0.0	0.0	0.0	0.0	0.0	0.0	0.0	0.0	0.0	0.0	0.0	0.0	0.0	0.0	0.0	0.0	0.0	0.0	0.0	0.0	0.0	0.0	0.0	0.0	0.0	0.0	0.0	0.0	0.0	0.0	0.0	0.0	0.0	0.0	0.0
2090.291112107459	-6.784454998918136	4369316.933355438	46.028829632345285	2451.591222475653	20.53132274052905	421.53521347576526	6010299.522119666	2250.669450511103	-4.204852560292238	17.68078505379619	5065512.975463951	2258.198681768225	2190.112576978268	0.404728	34.677219	0.1281766759812677	0.0685107501440718	0.0002686896	-0.0227481338	0.0277404733	0.0107219237	-0.0195230748	-0.012271682	-0.0073300418	0.0032787604	-0.0029281144	-0.0224803765	-0.0643385689	0.0081253982	-0.0033784975	0.0079892341	-0.0080674086	0.0019919551	0.0018699476	-0.0102791372	-0.0023853333	-0.0104682169	-0.0167728831	0.0084107787	-0.0024549466	0.020077254	0.0667861431	-0.036760495	0.0229588926	-0.004795876	-0.0069984597	-0.0471157991	0.0274909928	0.0003404142	0.0356645801	0.0182027602	0.0023720295	0.0194161032	0.0168931443	0.0063707864	0.0025382272	-0.0222461727	0.0183772023	0.0081808707	0.0125565608	0.0637218759	0.0178113211	-0.0359208828	-0.0738788195	-0.0793936715	-0.0500436514	0.0012824971	0.0520454508	0.0482629132845602	-0.0119521396153033	0.0023293087987129	0.0001428536413837	-0.1820360086745296	-0.011398396010719	0.0331371084541534	0.0001299234316171	0.7945165562737557	0.0506381664399953	0.631256558193108	0.0025642239004046	-0.0236637055707633	-0.0004565235572337	2.0841375830931181e-07	0.0005599709613397	0.0028478479469669	0.0001270244983366	1.613522317769028e-08	8.110237929043587e-06	0.0030901325347892	0.0005002114227345	2.502114674341726e-07	9.548919082562729e-06	0.0	0.0	0.0	0.0	0.0	0.0	0.0	0.0	0.0	0.0	0.0	0.0	0.0	0.0	0.0	0.0	0.0	0.0	0.0	0.0	0.0	0.0	0.0	0.0	0.0	0.0	0.0	0.0	0.0	0.0	0.0	0.0	0.0	0.0	0.0	0.0	0.0	0.0	0.0	0.0	0.0	0.0	0.0	0.0	0.0	0.0	0.0	0.0	0.0	0.0	0.0	0.0	0.0	0.0	0.0	0.0	0.0	0.0	0.0	0.0	0.0	0.0	0.0	0.0	0.0	0.0	0.0	0.0	0.0	0.0	0.0	0.0	0.0	0.0	0.0	0.0	0.0	0.0	0.0	0.0	0.0	0.0	0.0	0.0	0.0	0.0	0.0	0.0	0.0	0.0	0.0	0.0	0.0	0.0	0.0	0.0	0.0	0.0	0.0	0.0	0.0	0.0	0.0	0.0	0.0	0.0	0.0	0.0	0.0	0.0	0.0	0.0	0.0	0.0	0.0	0.0	0.0	0.0	0.0	0.0	0.0	0.0	0.0	0.0	0.0	0.0	0.0	0.0	0.0	0.0	0.0	0.0	0.0	0.0	0.0	0.0	0.0	0.0	0.0	0.0	0.0	0.0	0.0	0.0	0.0	0.0	0.0	0.0	0.0	0.0	0.0	0.0	0.0	0.0	0.0	0.0	0.0	0.0	0.0	0.0	0.0	0.0	0.0	0.0	0.0	0.0	0.0	0.0	0.0	0.0	0.0	0.0	0.0	0.0	0.0	0.0	0.0	0.0	0.0	0.0	0.0	0.0	0.0	0.0	0.0	0.0	0.0	0.0	0.0	0.0	0.0	0.0	0.0	0.0	0.0	0.0	0.0	0.0	0.0	0.0	0.0	0.0	0.0	0.0	0.0	0.0	0.0	0.0	0.0	0.0	0.0	0.0	0.0	0.0	0.0	0.0	0.0	0.0	0.0	0.0	0.0	0.0	0.0	0.0	0.0	0.0	0.0	0.0	0.0	0.0	0.0	0.0	0.0	0.0	0.0	0.0	0.0	0.0	0.0	0.0	0.0
2094.489260449375	4.198148341915839	4386885.262137769	17.624449500730712	2450.0565988200983	-1.5346236555546966	2.35506976418806	6002777.337421908	2252.9856292061186	2.316178695015424	5.364683747243351	5075944.24540929	2263.5703422732468	2249.1260432437657	0.441148	37.797707	0.3678996843207485	0.2463116408563374	-0.0046480956	-0.0265557303	0.0002802477	0.0354164377	-0.0160792644	-0.0262390956	-0.009615776	0.014075386	-0.0310910444	-0.0304672133	-0.0168004196	0.0134495885	0.004129292	0.0071168626	-0.0148683121	-0.0059144197	0.002234695	-0.0067518727	-0.0008824321	-0.0117673953	-0.0085584125	0.0209893087	0.0005519322	0.0065732797	0.0506800869	-0.0413265337	0.0184845919	-0.0179044705	-0.0113708273	-0.054969708	0.0265688004	0.0032454255	0.0419277932	0.0308919208	0.0156465908	0.0113446984	0.0154471614	-0.0048892966	-0.0233587086	-0.0072424688	-0.0024079502	0.0149187941	-0.0016137448	0.0631837885	0.0161386543	-0.0382063093	-0.0752698111	-0.0782873035	-0.0458939156	0.0072581889	0.0571272725	0.0716724185660524	0.0234095052814922	0.0051369355831074	0.0005480049375242	-0.1236421003650036	0.0583939083095259	0.0152873689826696	0.0034098485276613	0.5756485893759304	-0.2188679668978252	0.3313712984504985	0.0479031869339875	-0.0230019835995714	0.0006617219711919	4.3787596715809604e-07	0.0005290912495149	0.0022330490766759	-0.000614798870291	3.7797765091108987e-07	4.986508178843089e-06	0.003022087299634	-6.804523515520008e-05	4.6301540273264775e-09	9.13301164660912e-06	0.0	0.0	0.0	0.0	0.0	0.0	0.0	0.0	0.0	0.0	0.0	0.0	0.0	0.0	0.0	0.0	0.0	0.0	0.0	0.0	0.0	0.0	0.0	0.0	0.0	0.0	0.0	0.0	0.0	0.0	0.0	0.0	0.0	0.0	0.0	0.0	0.0	0.0	0.0	0.0	0.0	0.0	0.0	0.0	0.0	0.0	0.0	0.0	0.0	0.0	0.0	0.0	0.0	0.0	0.0	0.0	0.0	0.0	0.0	0.0	0.0	0.0	0.0	0.0	0.0	0.0	0.0	0.0	0.0	0.0	0.0	0.0	0.0	0.0	0.0	0.0	0.0	0.0	0.0	0.0	0.0	0.0	0.0	0.0	0.0	0.0	0.0	0.0	0.0	0.0	0.0	0.0	0.0	0.0	0.0	0.0	0.0	0.0	0.0	0.0	0.0	0.0	0.0	0.0	0.0	0.0	0.0	0.0	0.0	0.0	0.0	0.0	0.0	0.0	0.0	0.0	0.0	0.0	0.0	0.0	0.0	0.0	0.0	0.0	0.0	0.0	0.0	0.0	0.0	0.0	0.0	0.0	0.0	0.0	0.0	0.0	0.0	0.0	0.0	0.0	0.0	0.0	0.0	0.0	0.0	0.0	0.0	0.0	0.0	0.0	0.0	0.0	0.0	0.0	0.0	0.0	0.0	0.0	0.0	0.0	0.0	0.0	0.0	0.0	0.0	0.0	0.0	0.0	0.0	0.0	0.0	0.0	0.0	0.0	0.0	0.0	0.0	0.0	0.0	0.0	0.0	0.0	0.0	0.0	0.0	0.0	0.0	0.0	0.0	0.0	0.0	0.0	0.0	0.0	0.0	0.0	0.0	0.0	0.0	0.0	0.0	0.0	0.0	0.0	0.0	0.0	0.0	0.0	0.0	0.0	0.0	0.0	0.0	0.0	0.0	0.0	0.0	0.0	0.0	0.0	0.0	0.0	0.0	0.0	0.0	0.0	0.0	0.0	0.0	0.0	0.0	0.0	0.0	0.0	0.0	0.0	0.0	0.0	0.0	0.0	0.0
2085.433747679749	-9.055512769625691	4349033.915961604	82.002311520854	2435.966833663313	-14.089765156785234	198.5214821733592	5933934.414707667	2248.0105945753016	-4.975034630816936	24.750969577827803	5053551.633322801	2252.625491896573	2207.860584768255	0.386235	33.092751	0.1897839964590362	0.1132660151841827	-0.0022649042	-0.0305262863	0.0239249993	0.0172094925	-0.0092716938	-0.0086894557	-0.0121025776	-0.0022604143	-0.0403319983	-0.0330398528	-0.0353679832	0.0092129161	0.0037580115	0.0066663569	-0.007392489	-0.0047356569	-0.0010027813	-0.0130246367	-0.0044782076	-0.0094582561	-0.0159385616	0.0095374804	-0.0021271547	0.0222586816	0.0610361036	-0.0372745157	0.0328736843	-0.0030336465	-0.0084727693	-0.0562832757	0.0278320816	0.0028704635	0.0365925422	0.0299058639	0.0028435283	0.022918384	0.0193476695	-0.0004338133	-0.0027616507	-0.0127584719	0.0094775012	0.0111212986	0.0143058857	0.0626387723	0.0144589085	-0.0404540309	-0.076528754	-0.0769663555	-0.0415630576	0.0131948967	0.0618083875	0.062077066817352	-0.0095953517487004	0.0038535622246459	9.207077518128788e-05	-0.1682390496624179	-0.0445969492974143	0.0283043778313135	0.0019888878866361	0.671448207781097	0.0957996184051666	0.4508426957324473	0.0091775668865755	-0.0234598904720757	-0.0004579068725042	2.096787038866683e-07	0.0005503664609617	0.0021997972858207	-3.3251790855200105e-05	1.105681595077969e-09	4.839108098704118e-06	0.0033267701764296	0.0003046828767955	9.283165541244264e-08	1.106739980678143e-05	0.0	0.0	0.0	0.0	0.0	0.0	0.0	0.0	0.0	0.0	0.0	0.0	0.0	0.0	0.0	0.0	0.0	0.0	0.0	0.0	0.0	0.0	0.0	0.0	0.0	0.0	0.0	0.0	0.0	0.0	0.0	0.0	0.0	0.0	0.0	0.0	0.0	0.0	0.0	0.0	0.0	0.0	0.0	0.0	0.0	0.0	0.0	0.0	0.0	0.0	0.0	0.0	0.0	0.0	0.0	0.0	0.0	0.0	0.0	0.0	0.0	0.0	0.0	0.0	0.0	0.0	0.0	0.0	0.0	0.0	0.0	0.0	0.0	0.0	0.0	0.0	0.0	0.0	0.0	0.0	0.0	0.0	0.0	0.0	0.0	0.0	0.0	0.0	0.0	0.0	0.0	0.0	0.0	0.0	0.0	0.0	0.0	0.0	0.0	0.0	0.0	0.0	0.0	0.0	0.0	0.0	0.0	0.0	0.0	0.0	0.0	0.0	0.0	0.0	0.0	0.0	0.0	0.0	0.0	0.0	0.0	0.0	0.0	0.0	0.0	0.0	0.0	0.0	0.0	0.0	0.0	0.0	0.0	0.0	0.0	0.0	0.0	0.0	0.0	0.0	0.0	0.0	0.0	0.0	0.0	0.0	0.0	0.0	0.0	0.0	0.0	0.0	0.0	0.0	0.0	0.0	0.0	0.0	0.0	0.0	0.0	0.0	0.0	0.0	0.0	0.0	0.0	0.0	0.0	0.0	0.0	0.0	0.0	0.0	0.0	0.0	0.0	0.0	0.0	0.0	0.0	0.0	0.0	0.0	0.0	0.0	0.0	0.0	0.0	0.0	0.0	0.0	0.0	0.0	0.0	0.0	0.0	0.0	0.0	0.0	0.0	0.0	0.0	0.0	0.0	0.0	0.0	0.0	0.0	0.0	0.0	0.0	0.0	0.0	0.0	0.0	0.0	0.0	0.0	0.0	0.0	0.0	0.0	0.0	0.0	0.0	0.0	0.0	0.0	0.0	0.0	0.0	0.0	0.0	0.0	0.0	0.0	0.0	0.0	0.0	0.0
2099.972692738838	14.538945059088746	4409885.310248805	211.38092343120107	2415.413968438972	-20.55286522434108	422.4202689299288	5834224.638930103	2250.633069245712	2.622474670410156	6.877373396942858	5065349.212382373	2256.2732350419205	2252.988473825209	0.57882	49.593498	0.7871243407406533	0.4443668594973103	-0.009915132	-0.0441924338	-0.0113833306	0.0345878339	-0.0115612337	0.0079887509	0.0358573427	-0.0112699311	0.0088407317	-0.0594064707	-0.0224099632	0.0127318056	0.0006039127	-0.0128079478	-0.0127396481	0.0014466359	-0.0154793478	0.002046236	-0.005900197	-0.0108734042	-0.0028414434	0.0344405358	-0.0182391239	0.0133548795	0.0460848284	-0.031066381	0.0155090643	-0.028963648	0.0054514406	-0.058638237	0.0282252312	0.0166009523	0.0510652399	0.0339558013	0.0301552552	-0.004103459	0.0028663785	-0.0081168446	-0.0481565301	0.0111132741	-0.0082487178	0.0093246171	0.015067893	0.0620868871	0.0127728206	-0.0426618292	-0.0776534394	-0.0754344479	-0.0370681691	0.0190607341	0.066055961	0.0373634034381638	-0.0247136633791882	0.0013960239164829	0.0006107651576198	-0.1027608837879654	0.0654781658744525	0.0105597992368837	0.0042873902062823	0.2051652511268145	-0.4662829566542825	0.0420927802699288	0.2174197956662595	-0.0245716015077281	-0.0011117110356524	1.2359014267913371e-06	0.0006037636006545	0.005443165819926	0.0032433685341053	1.0519439448024364e-05	2.9628054143210685e-05	0.0030688586495327	-0.0002579115268968	6.651835570629027e-08	9.417893410811668e-06	0.0	0.0	0.0	0.0	0.0	0.0	0.0	0.0	0.0	0.0	0.0	0.0	0.0	0.0	0.0	0.0	0.0	0.0	0.0	0.0	0.0	0.0	0.0	0.0	0.0	0.0	0.0	0.0	0.0	0.0	0.0	0.0	0.0	0.0	0.0	0.0	0.0	0.0	0.0	0.0	0.0	0.0	1.0	0.0	0.0	0.0	0.0	0.0	0.0	0.0	0.0	0.0	0.0	0.0	0.0	0.0	0.0	0.0	0.0	0.0	0.0	0.0	0.0	0.0	0.0	0.0	0.0	0.0	0.0	0.0	0.0	0.0	0.0	0.0	0.0	0.0	0.0	0.0	0.0	0.0	0.0	0.0	0.0	0.0	0.0	0.0	0.0	0.0	0.0	0.0	0.0	0.0	0.0	0.0	0.0	0.0	0.0	0.0	0.0	0.0	0.0	0.0	0.0	0.0	0.0	0.0	0.0	0.0	0.0	0.0	0.0	0.0	0.0	0.0	0.0	0.0	0.0	0.0	0.0	0.0	0.0	0.0	0.0	0.0	0.0	0.0	0.0	0.0	0.0	0.0	0.0	0.0	0.0	0.0	0.0	0.0	0.0	0.0	0.0	0.0	0.0	0.0	0.0	0.0	0.0	0.0	0.0	0.0	0.0	0.0	0.0	0.0	0.0	0.0	0.0	0.0	0.0	0.0	0.0	0.0	0.0	0.0	0.0	0.0	0.0	0.0	0.0	0.0	0.0	0.0	0.0	0.0	0.0	0.0	0.0	0.0	0.0	0.0	0.0	0.0	0.0	0.0	0.0	0.0	0.0	0.0	0.0	0.0	0.0	0.0	0.0	0.0	0.0	0.0	0.0	0.0	0.0	0.0	0.0	0.0	0.0	0.0	0.0	0.0	0.0	0.0	0.0	0.0	0.0	0.0	0.0	0.0	0.0	0.0	0.0	0.0	0.0	0.0	0.0	0.0	0.0	0.0	0.0	0.0	0.0	0.0	0.0	0.0	0.0	0.0	0.0	0.0	0.0	0.0	0.0	0.0	0.0	0.0	0.0	0.0	0.0
2103.859335209707	3.886642470868992	4426224.10234903	15.105989696362624	2451.885437847817	36.47146940884477	1330.1680808402998	6011742.20033018	2258.502352507218	7.869283261506098	61.92561904982005	5100832.876280637	2259.8348920337	2264.470829733641	0.537263	46.032879	0.361766011361664	0.1567031468559667	-0.0178061008	-0.0486674766	-0.004319616	0.0215281993	-0.0250552206	-0.0074177586	-0.0017144107	0.0489156223	-0.0146508899	-0.1047657321	-0.0846223435	0.0201823044	-0.0021768093	0.0028520625	-0.0183466277	0.0100867925	-0.0027495838	-0.0025754387	-0.0119329864	-0.0057332118	-0.0110671097	0.0277566647	-0.0077210373	0.0383889429	0.0561647174	-0.0257853668	0.0406122863	-0.017884183	0.0069375446	-0.0699772237	0.0213204672	0.0032244289	0.0383573301	0.0304869668	0.0135601137	0.0179563155	0.0224208898	-0.0170090211	-0.0326945149	0.0075362728	-0.0097721853	0.0016026751	0.0050860281	0.0615281933	0.0110811301	-0.0448275254	-0.0786418943	-0.0736957799	-0.0324269895	0.0248241955	0.0698401994	0.0950497958657763	0.0576863924276125	0.0090344636941257	0.0033277198713125	-0.037969016976973	0.0647918668109924	0.0014416462501976	0.0041979860048533	0.2873023916383985	0.082137140511584	0.0825426642411437	0.0067465098514196	-0.023537704303364	0.0010338972043641	1.0689434291919035e-06	0.0005540235238726	0.0066720249862251	0.0012288591662991	1.5100948505973193e-06	4.451591741681205e-05	0.003949114511099	0.0008802558615663	7.748503818218292e-07	1.5595505421772694e-05	0.0	0.0	0.0	0.0	0.0	0.0	0.0	0.0	0.0	0.0	0.0	0.0	0.0	0.0	0.0	0.0	0.0	0.0	0.0	0.0	0.0	0.0	0.0	0.0	0.0	0.0	0.0	0.0	0.0	0.0	0.0	0.0	0.0	0.0	0.0	0.0	0.0	0.0	0.0	0.0	0.0	0.0	0.0	0.0	0.0	0.0	0.0	0.0	0.0	0.0	0.0	0.0	0.0	0.0	0.0	0.0	0.0	0.0	0.0	0.0	0.0	0.0	0.0	0.0	0.0	0.0	0.0	0.0	0.0	0.0	0.0	0.0	0.0	0.0	0.0	0.0	0.0	0.0	0.0	0.0	0.0	0.0	0.0	0.0	0.0	0.0	0.0	0.0	0.0	0.0	0.0	0.0	0.0	0.0	0.0	0.0	0.0	0.0	0.0	0.0	0.0	0.0	0.0	0.0	0.0	0.0	0.0	0.0	0.0	0.0	0.0	0.0	0.0	0.0	0.0	0.0	0.0	0.0	0.0	0.0	0.0	0.0	0.0	0.0	0.0	0.0	0.0	0.0	0.0	0.0	0.0	0.0	0.0	0.0	0.0	0.0	0.0	0.0	0.0	0.0	0.0	0.0	0.0	0.0	0.0	0.0	0.0	0.0	0.0	0.0	0.0	0.0	0.0	0.0	0.0	0.0	0.0	0.0	0.0	0.0	0.0	0.0	0.0	0.0	0.0	0.0	0.0	0.0	0.0	0.0	0.0	0.0	0.0	0.0	0.0	0.0	0.0	0.0	0.0	0.0	0.0	0.0	0.0	0.0	0.0	0.0	0.0	0.0	0.0	0.0	0.0	0.0	0.0	0.0	0.0	0.0	0.0	0.0	0.0	0.0	0.0	0.0	0.0	0.0	0.0	0.0	0.0	0.0	0.0	0.0	0.0	0.0	0.0	0.0	0.0	0.0	0.0	0.0	0.0	0.0	0.0	0.0	0.0	0.0	0.0	0.0	0.0	0.0	0.0	0.0	0.0	0.0	0.0	0.0	0.0	0.0	0.0	0.0	0.0	0.0	0.0
2117.963304431857	14.103969222150226	4485768.558919911	198.92194781936087	2452.144155005886	0.2587171580694303	0.0669345678795225	6013010.956929532	2276.439364889394	17.937012382175908	321.73641319833183	5182176.182018027	2269.782417855612	2224.166194147472	0.7412069999999998	63.506893	1.1713300874813777	0.7735834828217831	-0.0076690512	-0.030302649	-0.0102903301	0.0593414945	-0.0288366361	0.0081702369	0.0085865117	0.0374400329	0.0283144669	-0.105045992	-0.0449174127	0.0341493848	-0.0194416923	-0.0126315834	-0.0270538533	0.0202378155	-0.0199863566	-0.0213199394	-0.0102794163	-0.0177431496	0.0281464683	0.0399286219	-0.0077120775	-0.0076816876	0.0225343797	-0.0064873556	0.0258333481	-0.0173919389	0.0020188638	-0.0713065575	0.0143882692	-0.0370694669	-0.0315797814	0.0640553434	0.0398977443	-0.0311500546	0.0172070983	-0.0165961919	-0.098269983	0.0655271224	-0.0358258314	0.0062002129	-0.0113076791	0.0609627523	0.009384579	-0.0469489822	-0.0794923845	-0.0717551168	-0.0276578354	0.0304543249	0.073134559	0.0853608774697676	-0.0096889183960087	0.0072864794024086	9.387513968451586e-05	0.0804354152734845	0.1184044322504574	0.0064698560302179	0.0140196095765531	-0.0117441346560482	-0.2990465262944466	0.0001379246988193	0.0894288248887751	-0.0104633507267563	0.0130743535766077	0.0001709387214461	0.0001094817084311	0.0058633349700343	-0.0008086900161908	6.539795422866769e-07	3.437869697082712e-05	0.0049498751291098	0.0010007606180108	1.001521814561359e-06	2.4501263793779763e-05	0.0	0.0	0.0	0.0	0.0	0.0	0.0	0.0	0.0	0.0	0.0	0.0	0.0	0.0	0.0	0.0	0.0	0.0	0.0	0.0	0.0	0.0	0.0	0.0	0.0	0.0	0.0	0.0	0.0	0.0	0.0	0.0	0.0	0.0	0.0	0.0	0.0	0.0	0.0	0.0	0.0	0.0	0.0	1.0	0.0	0.0	0.0	0.0	0.0	0.0	0.0	0.0	0.0	0.0	0.0	0.0	0.0	0.0	0.0	0.0	0.0	0.0	0.0	0.0	0.0	0.0	0.0	0.0	0.0	0.0	0.0	0.0	0.0	0.0	0.0	0.0	0.0	0.0	0.0	0.0	0.0	0.0	0.0	0.0	0.0	0.0	0.0	0.0	0.0	0.0	0.0	0.0	0.0	0.0	0.0	0.0	0.0	0.0	0.0	0.0	0.0	0.0	0.0	0.0	0.0	0.0	0.0	0.0	0.0	0.0	0.0	0.0	0.0	0.0	0.0	0.0	0.0	0.0	0.0	0.0	0.0	0.0	0.0	0.0	0.0	0.0	0.0	0.0	0.0	0.0	0.0	0.0	0.0	0.0	0.0	0.0	0.0	0.0	0.0	0.0	0.0	0.0	0.0	0.0	0.0	0.0	0.0	0.0	0.0	0.0	0.0	0.0	0.0	0.0	0.0	0.0	0.0	0.0	0.0	0.0	0.0	0.0	0.0	0.0	0.0	0.0	0.0	0.0	0.0	0.0	0.0	0.0	0.0	0.0	0.0	0.0	0.0	0.0	0.0	0.0	0.0	0.0	0.0	0.0	0.0	0.0	0.0	0.0	0.0	0.0	0.0	0.0	0.0	0.0	0.0	0.0	0.0	0.0	0.0	0.0	0.0	0.0	0.0	0.0	0.0	0.0	0.0	0.0	0.0	0.0	0.0	0.0	0.0	0.0	0.0	0.0	0.0	0.0	0.0	0.0	0.0	0.0	0.0	0.0	0.0	0.0	0.0	0.0	0.0	0.0	0.0	0.0	0.0	0.0	0.0	0.0	0.0	0.0	0.0	0.0	0.0
2114.3750939010006	-3.588210530856486	4470582.0377088655	12.875254813749384	2471.727440402932	19.583285397045984	383.5050669421545	6109436.539640831	2264.943115234375	-11.4962496550188	132.1637561305199	5129967.315247595	2268.765251558417	2247.399672711482	0.67819	58.107559	0.8393959633506305	0.5164761424295584	-0.0067915094	-0.0303950229	0.0022059616	0.030605192	-0.0417027916	-0.0118907052	-0.0145277573	0.0009240714	-0.0037911905	-0.0659622489	-0.0771005699	0.0256709086	-0.0079961395	-0.0014101915	-0.0249242654	0.008780761	-0.0074916513	-0.0052783212	-0.0023948752	-0.0034271243	0.0035330977	0.0343632414	-0.0405911698	0.0068655503	0.0497303088	-0.0327230128	0.0237615462	-0.0098364071	0.0320197602	-0.0741887913	0.02099876	-0.0251910446	-0.0045009432	0.0486680239	0.002535111	-0.0078543366	0.0357163908	-0.0030184435	-0.0364168242	0.0325505023	0.00520593	0.0129825027	-0.0001897082	0.060390626	0.0076839116	-0.0490241061	-0.0802034182	-0.0696177779	-0.0227795284	0.0359208828	0.0759159322	0.1227999226947673	0.0374390452249997	0.0150798210138408	0.0014016821073595	-0.0674820824521305	-0.147917497725615	0.0045538314520761	0.0218795861334073	0.4060222827931028	0.417766417449151	0.1648540941245223	0.1745287795482983	-0.0145839574142518	-0.0041206066874954	1.6979399473032627e-05	0.0002126918138607	0.0061409292275858	0.0002775942575515	7.705857182556853e-08	3.7711011778217526e-05	0.0052771342430801	0.0003272591139702	1.070985276766253e-07	2.7848145819488576e-05	0.0	0.0	0.0	0.0	0.0	0.0	0.0	0.0	0.0	0.0	0.0	0.0	0.0	0.0	0.0	0.0	0.0	0.0	0.0	0.0	0.0	0.0	0.0	0.0	0.0	0.0	0.0	0.0	0.0	0.0	0.0	0.0	0.0	0.0	0.0	0.0	0.0	0.0	0.0	0.0	0.0	0.0	0.0	0.0	1.0	0.0	0.0	0.0	0.0	0.0	0.0	0.0	0.0	0.0	0.0	0.0	0.0	0.0	0.0	0.0	0.0	0.0	0.0	0.0	0.0	0.0	0.0	0.0	0.0	0.0	0.0	0.0	0.0	0.0	0.0	0.0	0.0	0.0	0.0	0.0	0.0	0.0	0.0	0.0	0.0	0.0	0.0	0.0	0.0	0.0	0.0	0.0	0.0	0.0	0.0	0.0	0.0	0.0	0.0	0.0	0.0	0.0	0.0	0.0	0.0	0.0	0.0	0.0	0.0	0.0	0.0	0.0	0.0	0.0	0.0	0.0	0.0	0.0	0.0	0.0	0.0	0.0	0.0	0.0	0.0	0.0	0.0	0.0	0.0	0.0	0.0	0.0	0.0	0.0	0.0	0.0	0.0	0.0	0.0	0.0	0.0	0.0	0.0	0.0	0.0	0.0	0.0	0.0	0.0	0.0	0.0	0.0	0.0	0.0	0.0	0.0	0.0	0.0	0.0	0.0	0.0	0.0	0.0	0.0	0.0	0.0	0.0	0.0	0.0	0.0	0.0	0.0	0.0	0.0	0.0	0.0	0.0	0.0	0.0	0.0	0.0	0.0	0.0	0.0	0.0	0.0	0.0	0.0	0.0	0.0	0.0	0.0	0.0	0.0	0.0	0.0	0.0	0.0	0.0	0.0	0.0	0.0	0.0	0.0	0.0	0.0	0.0	0.0	0.0	0.0	0.0	0.0	0.0	0.0	0.0	0.0	0.0	0.0	0.0	0.0	0.0	0.0	0.0	0.0	0.0	0.0	0.0	0.0	0.0	0.0	0.0	0.0	0.0	0.0	0.0	0.0	0.0	0.0	0.0	0.0	0.0
2101.7168215586203	-12.658272342380316	4417213.598022469	160.2318586938704	2469.069626063517	-2.6578143394153813	7.063977062802019	6096304.818349435	2259.358138042948	-5.584977191426788	31.191970228757448	5104699.195940898	2269.4464364400724	2231.4907175193625	0.690204	59.136936	0.6494806510843198	0.3446335163265382	-0.0094756287	-0.0269274201	0.0043689028	0.0404290352	-0.029816896	-0.0340573243	-0.0182831374	-0.0097553276	-0.0167927586	-0.0669205712	-0.0266842191	0.0244205653	0.0029343119	0.0013615638	-0.027004812	-0.0030571945	-0.0022192498	-0.0035848335	0.0087314138	-0.0274581574	-0.0030468819	0.015605708	0.0166076928	-0.0030489884	0.0621952402	-0.0464907018	0.0225268539	-0.0219359066	-0.0074188205	-0.0508843547	0.023676386	-0.0054104082	0.0242113228	0.0342520073	0.0269222256	-0.0050598762	0.015816694	-0.0024112607	-0.0525481739	0.003562377	-0.0201667919	0.0405886552	-0.0070359824	0.0598118772	0.0059798738	-0.0510508491	-0.0807737477	-0.0672896215	-0.0178113211	0.041194508	0.0781648097	0.1091578500538759	-0.0136420726408914	0.0119154362283844	0.0001861061459393	-0.0932288708439585	-0.025746788391828	0.0086916223588394	0.0006628971124935	0.5850491239911833	0.1790268411980804	0.3422824774828509	0.0320506098693627	-0.0198847112852736	-0.0053007538710218	2.80979916011526e-05	0.0003954017428986	0.0031213784919379	-0.0030195507356479	9.117686645151774e-06	9.743003689932518e-06	0.0055781286134808	0.0003009943704007	9.059761101291399e-08	3.111551882853323e-05	0.0	0.0	0.0	0.0	0.0	0.0	0.0	0.0	0.0	0.0	0.0	0.0	0.0	0.0	0.0	0.0	0.0	0.0	0.0	0.0	0.0	0.0	0.0	0.0	0.0	0.0	0.0	0.0	0.0	0.0	0.0	0.0	0.0	0.0	0.0	0.0	0.0	0.0	0.0	0.0	0.0	0.0	0.0	0.0	0.0	1.0	0.0	0.0	0.0	0.0	0.0	0.0	0.0	0.0	0.0	0.0	0.0	0.0	0.0	0.0	0.0	0.0	0.0	0.0	0.0	0.0	0.0	0.0	0.0	0.0	0.0	0.0	0.0	0.0	0.0	0.0	0.0	0.0	0.0	0.0	0.0	0.0	0.0	0.0	0.0	0.0	0.0	0.0	0.0	0.0	0.0	0.0	0.0	0.0	0.0	0.0	0.0	0.0	0.0	0.0	0.0	0.0	0.0	0.0	0.0	0.0	0.0	0.0	0.0	0.0	0.0	0.0	0.0	0.0	0.0	0.0	0.0	0.0	0.0	0.0	0.0	0.0	0.0	0.0	0.0	0.0	0.0	0.0	0.0	0.0	0.0	0.0	0.0	0.0	0.0	0.0	0.0	0.0	0.0	0.0	0.0	0.0	0.0	0.0	0.0	0.0	0.0	0.0	0.0	0.0	0.0	0.0	0.0	0.0	0.0	0.0	0.0	0.0	0.0	0.0	0.0	0.0	0.0	0.0	0.0	0.0	0.0	0.0	0.0	0.0	0.0	0.0	0.0	0.0	0.0	0.0	0.0	0.0	0.0	0.0	0.0	0.0	0.0	0.0	0.0	0.0	0.0	0.0	0.0	0.0	0.0	0.0	0.0	0.0	0.0	0.0	0.0	0.0	0.0	0.0	0.0	0.0	0.0	0.0	0.0	0.0	0.0	0.0	0.0	0.0	0.0	0.0	0.0	0.0	0.0	0.0	0.0	0.0	0.0	0.0	0.0	0.0	0.0	0.0	0.0	0.0	0.0	0.0	0.0	0.0	0.0	0.0	0.0	0.0	0.0	0.0	0.0	0.0	0.0	0.0	0.0
2101.295208617341	-0.4216129412793634	4415441.553758195	0.1777574722542359	2455.981600826734	-13.088025236782869	171.29640459866528	6031845.623599446	2257.4349428259807	-1.9231952169675424	3.698679842566832	5096012.521091739	2267.615794962707	2246.2672525446087	0.825017	70.687706	0.0951534384639291	0.0562463068502252	-0.0156933145	-0.0461176341	0.0257509105	-0.0006913099	-0.0228495379	-0.0497390395	0.0100019519	0.0016050435	-0.0065524417	-0.0360053364	-0.0626863644	0.0225097656	0.005129559	0.0042475713	-0.0253774992	-0.0076187201	-0.0032431295	-0.0014173417	-0.0060256859	0.0079525696	-0.0331057637	0.0050560674	-0.0235375054	0.0721865703	0.0413971664	-0.0282208117	0.0714073748	0.0278336736	-0.0363563749	-0.0524217185	0.0264601689	0.0265205099	0.0483678018	0.0312199384	-0.0312185268	0.0545135074	-0.0052083569	-0.0139767043	0.0179220647	0.002440161	0.0367569862	-0.0045283702	0.0155531502	0.0592265694	0.0042732129	-0.0530272111	-0.0812023727	-0.064777029	-0.0127728206	0.0462468756	0.0798654172	0.0923696379774696	-0.0167882120764063	0.0085321500200887	0.0002818440647223	-0.0897878652522621	0.0034410055916964	0.0080618607465583	1.1840519482085968e-05	0.5914063350588847	0.0063572110677014	0.3497614531477818	4.0414132559306254e-05	-0.0207926367200274	-0.0009079254347537	8.243285950728755e-07	0.000432333741771	0.0030908691831934	-3.0509308744499763e-05	9.308179200672095e-10	9.553472307614636e-06	0.0051452231624166	-0.0004329054510641	1.8740712956109828e-07	2.647332139106828e-05	0.0	0.0	0.0	0.0	0.0	0.0	0.0	0.0	0.0	0.0	0.0	0.0	0.0	0.0	0.0	0.0	0.0	0.0	0.0	0.0	0.0	0.0	0.0	0.0	0.0	0.0	0.0	0.0	0.0	0.0	0.0	0.0	0.0	0.0	0.0	0.0	0.0	0.0	0.0	0.0	0.0	0.0	0.0	0.0	0.0	0.0	0.0	0.0	0.0	0.0	0.0	0.0	0.0	0.0	0.0	0.0	0.0	0.0	0.0	0.0	0.0	0.0	0.0	0.0	0.0	0.0	0.0	0.0	0.0	0.0	0.0	0.0	0.0	0.0	0.0	0.0	0.0	0.0	0.0	0.0	0.0	0.0	0.0	0.0	0.0	0.0	0.0	0.0	0.0	0.0	0.0	0.0	0.0	0.0	0.0	0.0	0.0	0.0	0.0	0.0	0.0	0.0	0.0	0.0	0.0	0.0	0.0	0.0	0.0	0.0	0.0	0.0	0.0	0.0	0.0	0.0	0.0	0.0	0.0	0.0	0.0	0.0	0.0	0.0	0.0	0.0	0.0	0.0	0.0	0.0	0.0	0.0	0.0	0.0	0.0	0.0	0.0	0.0	0.0	0.0	0.0	0.0	0.0	0.0	0.0	0.0	0.0	0.0	0.0	0.0	0.0	0.0	0.0	0.0	0.0	0.0	0.0	0.0	0.0	0.0	0.0	0.0	0.0	0.0	0.0	0.0	0.0	0.0	0.0	0.0	0.0	0.0	0.0	0.0	0.0	0.0	0.0	0.0	0.0	0.0	0.0	0.0	0.0	0.0	0.0	0.0	0.0	0.0	0.0	0.0	0.0	0.0	0.0	0.0	0.0	0.0	0.0	0.0	0.0	0.0	0.0	0.0	0.0	0.0	0.0	0.0	0.0	0.0	0.0	0.0	0.0	0.0	0.0	0.0	0.0	0.0	0.0	0.0	0.0	0.0	0.0	0.0	0.0	0.0	0.0	0.0	0.0	0.0	0.0	0.0	0.0	0.0	0.0	0.0	0.0	0.0	0.0	0.0	0.0	0.0	0.0
2075.9906910773225	-25.304517540018423	4309737.349439699	640.3186079331	2431.9840664798267	-23.997534346907287	575.8816547309949	5914546.499611754	2244.5909423828125	-12.84400044316817	164.9683473841041	5038188.498626962	2258.377103905229	2159.781511614976	1.201291	102.927025	1.544217772948964	0.9385815703709878	-0.0013307722	-0.0630408492	-0.0007962278	-0.0328740818	-0.0024888737	-0.0536731232	-0.0113748507	-0.0135696009	-0.022546172	0.0145088637	-0.09323391	0.0172049198	0.0229035036	-0.0286515309	-0.0236108622	-0.0226360891	-0.0242352956	0.0218929767	0.0365555729	0.0366912703	-0.0600678126	-0.0310790533	-0.0163333876	0.0412197402	0.0177105205	-0.0506231255	0.0104196638	0.1272500781	-0.0641278142	0.0263866005	-0.0607584036	0.0390815999	0.0239071819	-0.0635452087	-0.0714225799	-0.1085405137	0.0438188821	-0.0789116918	0.0702792521	-0.0573415962	-0.0243452152	-0.0463255036	0.0159127717	0.0586347667	0.0025646777	-0.0549512416	-0.0814885411	-0.0620868871	-0.0076839116	0.0510508491	0.0810058262	0.0157193225910248	-0.0766503153864447	0.0002470971027207	0.0058752708488414	-0.1572833231491728	-0.0674954578969107	0.0247380437408471	0.0045556368367136	0.6800359347092382	0.0886295996503534	0.4624488724958672	0.0078552059341819	-0.0337473501080097	-0.0129547133879823	0.0001678245989647	0.0011388836393125	0.0022211274433014	-0.0008697417398919	7.564506941103633e-07	4.933407119386615e-06	-0.0072591697100142	-0.0124043928724308	0.0001538689625336	5.269554487878765e-05	0.0	0.0	0.0	0.0	0.0	0.0	0.0	0.0	0.0	0.0	0.0	0.0	0.0	0.0	0.0	0.0	0.0	0.0	0.0	0.0	0.0	0.0	0.0	0.0	0.0	0.0	0.0	0.0	0.0	0.0	0.0	0.0	0.0	0.0	0.0	0.0	0.0	0.0	0.0	0.0	0.0	0.0	0.0	0.0	0.0	0.0	1.0	0.0	0.0	0.0	0.0	0.0	0.0	0.0	0.0	0.0	0.0	0.0	0.0	0.0	0.0	0.0	0.0	0.0	0.0	0.0	0.0	0.0	0.0	0.0	0.0	0.0	0.0	0.0	0.0	0.0	0.0	0.0	0.0	0.0	0.0	0.0	0.0	0.0	0.0	0.0	0.0	0.0	0.0	0.0	0.0	0.0	0.0	0.0	0.0	0.0	0.0	0.0	0.0	0.0	0.0	0.0	0.0	0.0	0.0	0.0	0.0	0.0	0.0	0.0	0.0	0.0	0.0	0.0	0.0	0.0	0.0	0.0	0.0	0.0	0.0	0.0	0.0	0.0	0.0	0.0	0.0	0.0	0.0	0.0	0.0	0.0	0.0	0.0	0.0	0.0	0.0	0.0	0.0	0.0	0.0	0.0	0.0	0.0	0.0	0.0	0.0	0.0	0.0	0.0	0.0	0.0	0.0	0.0	0.0	0.0	0.0	0.0	0.0	0.0	0.0	0.0	0.0	0.0	0.0	0.0	0.0	0.0	0.0	0.0	0.0	0.0	0.0	0.0	0.0	0.0	0.0	0.0	0.0	0.0	0.0	0.0	0.0	0.0	0.0	0.0	0.0	0.0	0.0	0.0	0.0	0.0	0.0	0.0	0.0	0.0	0.0	0.0	0.0	0.0	0.0	0.0	0.0	0.0	0.0	0.0	0.0	0.0	0.0	0.0	0.0	0.0	0.0	0.0	0.0	0.0	0.0	0.0	0.0	0.0	0.0	0.0	0.0	0.0	0.0	0.0	0.0	0.0	0.0	0.0	0.0	0.0	0.0	0.0	0.0	0.0	0.0	0.0	0.0	0.0	0.0
2090.4077243354345	14.417033258112042	4369804.45396125	207.8508479655087	2427.9503905413903	-4.033675938436318	16.27054157632011	5894943.09893009	2245.0762849890666	0.4853426062541075	0.2355574454455296	5040367.525420309	2254.080683159911	2127.018113290398	1.473618	126.260025	2.064923051381669	1.1400314500515525	0.0128168227	-0.0118209341	0.0092323696	-0.0365854754	-0.0114510381	0.002958567	-0.0413607081	-0.0004361295	0.0474966352	0.0846990003	-0.0384186503	0.0186060676	0.0067277243	0.0045288133	-0.0222261807	-0.000403761	0.0065035377	0.0148638405	0.0117609771	0.0176285434	-0.0058961691	-0.0565020876	-0.0361868848	-0.0019247673	-0.0275042719	0.0034344418	-0.0277719495	-0.0112586132	0.0803534977	-0.0198879987	0.002392014	0.0479518334	-0.0084641182	0.0214819968	-0.0366584476	-0.024806269	0.0326172738	0.0124487389	0.0270904291	-0.0560092459	-0.0415139091	-0.0773099223	0.0262479623	0.058036534	0.0008550176	-0.0568210419	-0.081631751	-0.0592265694	-0.0025646777	0.0555806262	0.0815780375	0.1696641497703979	0.1539448271793731	0.028785923717312	0.023699009815287	-0.2706091430762427	-0.1133258199270698	0.0732293083164583	0.0128427414621426	0.8044153085056749	0.1243793737964367	0.6470839885582801	0.0154702286259937	-0.0137141628083628	0.0200331872996469	0.0004013285933827	0.0001880782615342	0.0100904709608073	0.0078693435175059	6.192656739651213e-05	0.0001018176042108	-0.0128220995024372	-0.0055629297924229	3.094618787542739e-05	0.0001644062356504	0.0	0.0	0.0	0.0	0.0	0.0	0.0	0.0	0.0	0.0	0.0	0.0	0.0	0.0	0.0	0.0	0.0	0.0	0.0	0.0	0.0	0.0	0.0	0.0	0.0	0.0	0.0	0.0	0.0	0.0	0.0	0.0	0.0	0.0	0.0	0.0	0.0	0.0	0.0	0.0	0.0	0.0	0.0	0.0	0.0	0.0	0.0	1.0	0.0	0.0	0.0	0.0	0.0	0.0	0.0	0.0	0.0	0.0	0.0	0.0	0.0	0.0	0.0	0.0	0.0	0.0	0.0	0.0	0.0	0.0	0.0	0.0	0.0	0.0	0.0	0.0	0.0	0.0	0.0	0.0	0.0	0.0	0.0	0.0	0.0	0.0	0.0	0.0	0.0	0.0	0.0	0.0	0.0	0.0	0.0	0.0	0.0	0.0	0.0	0.0	0.0	0.0	0.0	0.0	0.0	0.0	0.0	0.0	0.0	0.0	0.0	0.0	0.0	0.0	0.0	0.0	0.0	0.0	0.0	0.0	0.0	0.0	0.0	0.0	0.0	0.0	0.0	0.0	0.0	0.0	0.0	0.0	0.0	0.0	0.0	0.0	0.0	0.0	0.0	0.0	0.0	0.0	0.0	0.0	0.0	0.0	0.0	0.0	0.0	0.0	0.0	0.0	0.0	0.0	0.0	0.0	0.0	0.0	0.0	0.0	0.0	0.0	0.0	0.0	0.0	0.0	0.0	0.0	0.0	0.0	0.0	0.0	0.0	0.0	0.0	0.0	0.0	0.0	0.0	0.0	0.0	0.0	0.0	0.0	0.0	0.0	0.0	0.0	0.0	0.0	0.0	0.0	0.0	0.0	0.0	0.0	0.0	0.0	0.0	0.0	0.0	0.0	0.0	0.0	0.0	0.0	0.0	0.0	0.0	0.0	0.0	0.0	0.0	0.0	0.0	0.0	0.0	0.0	0.0	0.0	0.0	0.0	0.0	0.0	0.0	0.0	0.0	0.0	0.0	0.0	0.0	0.0	0.0	0.0	0.0	0.0	0.0	0.0	0.0	0.0	0.0
2062.601635911064	-27.8060884243705	4254325.508462997	773.1785534639112	2445.51621110472	17.565820563329453	308.55805206308787	5980549.538775984	2229.0622654790463	-16.014019510020262	256.4488208673096	4968718.583382579	2242.9978310189595	2119.7756997405504	1.515315	129.832657	3.906348485121447	2.585621842899664	0.0234189254	0.0268511322	0.0724071542	0.0048631292	-0.0251753749	-0.0194518304	-0.0458155703	-0.0082564623	0.0441419124	0.0234809473	0.0032616547	-0.0036663276	0.0266456757	-0.0416624497	-0.0079714057	-0.0174022834	-0.0183177031	0.0904737707	0.0081790835	0.0303222343	-0.0239385078	-0.1384373254	0.0909382539	0.0556819541	-0.1143501578	0.0188946749	-0.0941729609	0.0834617324	0.0993441663	-0.0066068417	-0.0269884173	0.0785444321	0.1067127794	-0.0185190618	0.0096851109	0.0210250376	0.0174007698	-0.1708963762	-0.1084642597	0.0495769472	-0.0410294915	0.0553404903	-0.0134073046	0.057431937	-0.0008550176	-0.0586347667	-0.081631751	-0.0562039158	0.0025646777	0.0598118772	0.0815780375	0.1920336679494738	0.0223695181790758	0.0368769296261287	0.000500395343564	-0.3535558962922067	-0.082946753215964	0.1250017718029856	0.00688016386907	0.953161795170402	0.1487464866647271	0.9085174077724634	0.0221255172950998	-0.0188342505116826	-0.0051200877033197	2.621529808968661e-05	0.0003547289923368	-0.0172216870825052	-0.0273121580433125	0.0007459539769828	0.0002965865059677	-0.0534355682970385	-0.0406134687946013	0.00164945384753	0.0028553599592274	0.0	0.0	0.0	0.0	0.0	0.0	0.0	0.0	0.0	0.0	0.0	0.0	0.0	0.0	0.0	0.0	0.0	0.0	0.0	0.0	0.0	0.0	0.0	0.0	0.0	0.0	0.0	0.0	0.0	0.0	0.0	0.0	0.0	0.0	0.0	0.0	0.0	0.0	0.0	0.0	0.0	0.0	0.0	0.0	0.0	0.0	0.0	0.0	1.0	0.0	0.0	0.0	0.0	0.0	0.0	0.0	0.0	0.0	0.0	0.0	0.0	0.0	0.0	0.0	0.0	0.0	0.0	0.0	0.0	0.0	0.0	0.0	0.0	0.0	0.0	0.0	0.0	0.0	0.0	0.0	0.0	0.0	0.0	0.0	0.0	0.0	0.0	0.0	0.0	0.0	0.0	0.0	0.0	0.0	0.0	0.0	0.0	0.0	0.0	0.0	0.0	0.0	0.0	0.0	0.0	0.0	0.0	0.0	0.0	0.0	0.0	0.0	0.0	0.0	0.0	0.0	0.0	0.0	0.0	0.0	0.0	0.0	0.0	0.0	0.0	0.0	0.0	0.0	0.0	0.0	0.0	0.0	0.0	0.0	0.0	0.0	0.0	0.0	0.0	0.0	0.0	0.0	0.0	0.0	0.0	0.0	0.0	0.0	0.0	0.0	0.0	0.0	0.0	0.0	0.0	0.0	0.0	0.0	0.0	0.0	0.0	0.0	0.0	0.0	0.0	0.0	0.0	0.0	0.0	0.0	0.0	0.0	0.0	0.0	0.0	0.0	0.0	0.0	0.0	0.0	0.0	0.0	0.0	0.0	0.0	0.0	0.0	0.0	0.0	0.0	0.0	0.0	0.0	0.0	0.0	0.0	0.0	0.0	0.0	0.0	0.0	0.0	0.0	0.0	0.0	0.0	0.0	0.0	0.0	0.0	0.0	0.0	0.0	0.0	0.0	0.0	0.0	0.0	0.0	0.0	0.0	0.0	0.0	0.0	0.0	0.0	0.0	0.0	0.0	0.0	0.0	0.0	0.0	0.0	0.0	0.0	0.0	0.0	0.0	0.0	0.0
2074.2279575442667	11.62632163320268	4302421.61985826	135.1713547186766	2460.981969545965	15.46575844124527	239.18968416294933	6056432.254430337	2250.650373375934	21.588107896887777	466.0464025676684	5065427.103177232	2259.68758612975	2104.9652576133853	1.344683	115.212845	4.2455930868675535	2.5971836907760752	0.0038265533	-0.0208129061	0.068379507	-0.0430730598	-0.0220236157	-0.060228845	-0.0547315304	0.0029817231	-0.0114420597	-0.0161545702	-0.0272365287	0.0249858275	0.0314059439	0.0084513798	-0.0283363153	-0.0330469352	0.0109018883	-7.19791e-05	0.0108372443	0.0083655852	-0.0406726183	-0.0429815371	0.0354663754	-0.0296607289	0.0151749491	-0.0543986753	-0.0440411045	-0.0263643279	-0.0098838957	-0.0006067045	-0.017944882	-0.0143976818	0.0408564051	-0.1272023759	0.0039721997	0.0177003678	-0.0057894388	-0.0028667317	0.0161037574	-0.0512539036	0.0192433988	-0.030041338	-0.0509463232	0.0568210419	-0.0025646777	-0.060390626	-0.0814885411	-0.0530272111	0.0076839116	0.0637218759	0.0810058262	-0.0168479382977295	-0.2088816062472033	0.0002838530248841	0.0436315254284116	-0.4570604096348774	-0.1035045133426706	0.2089042180556019	0.010713184282303	1.3300036263558113	0.3768418311854092	1.7689096461196083	0.1420097657311725	-0.030508141275805	-0.0116738907641224	0.0001362797255726	0.0009307466841044	-0.0004719489161517	0.0167497381663535	0.0002805537286413	2.2273577945676438e-07	-0.010731894505669	0.0427036737913695	0.0018236037552796	0.0001151735596808	0.0	0.0	0.0	0.0	0.0	0.0	0.0	0.0	0.0	0.0	0.0	0.0	0.0	0.0	0.0	0.0	0.0	0.0	0.0	0.0	0.0	0.0	0.0	0.0	0.0	0.0	0.0	0.0	0.0	0.0	0.0	0.0	0.0	0.0	0.0	0.0	0.0	0.0	0.0	0.0	0.0	0.0	0.0	0.0	0.0	0.0	0.0	0.0	0.0	1.0	0.0	0.0	0.0	0.0	0.0	0.0	0.0	0.0	0.0	0.0	0.0	0.0	0.0	0.0	0.0	0.0	0.0	0.0	0.0	0.0	0.0	0.0	0.0	0.0	0.0	0.0	0.0	0.0	0.0	0.0	0.0	0.0	0.0	0.0	0.0	0.0	0.0	0.0	0.0	0.0	0.0	0.0	0.0	0.0	0.0	0.0	0.0	0.0	0.0	0.0	0.0	0.0	0.0	0.0	0.0	0.0	0.0	0.0	0.0	0.0	0.0	0.0	0.0	0.0	0.0	0.0	0.0	0.0	0.0	0.0	0.0	0.0	0.0	0.0	0.0	0.0	0.0	0.0	0.0	0.0	0.0	0.0	0.0	0.0	0.0	0.0	0.0	0.0	0.0	0.0	0.0	0.0	0.0	0.0	0.0	0.0	0.0	0.0	0.0	0.0	0.0	0.0	0.0	0.0	0.0	0.0	0.0	0.0	0.0	0.0	0.0	0.0	0.0	0.0	0.0	0.0	0.0	0.0	0.0	0.0	0.0	0.0	0.0	0.0	0.0	0.0	0.0	0.0	0.0	0.0	0.0	0.0	0.0	0.0	0.0	0.0	0.0	0.0	0.0	0.0	0.0	0.0	0.0	0.0	0.0	0.0	0.0	0.0	0.0	0.0	0.0	0.0	0.0	0.0	0.0	0.0	0.0	0.0	0.0	0.0	0.0	0.0	0.0	0.0	0.0	0.0	0.0	0.0	0.0	0.0	0.0	0.0	0.0	0.0	0.0	0.0	0.0	0.0	0.0	0.0	0.0	0.0	0.0	0.0	0.0	0.0	0.0	0.0	0.0	0.0	0.0
2060.43553601058	-13.792421533686593	4245394.598055206	190.2308917629016	2444.4261219599475	-16.555847586017535	274.09608929144264	5975219.065720148	2242.652044876762	-7.998328499172203	63.97325878067026	5029488.194389922	2258.386669836809	2128.258303005746	1.084957	92.959419	3.1450651387280155	1.955138614196235	0.0005828317	-0.0219980352	0.0592151038	-0.0094162999	-0.034853299	-0.0262227275	-0.0412933831	-0.0328495684	0.0144059068	0.0729999682	0.00751187	0.0158111101	0.0487941687	-0.011616592	-0.028512688	-0.0370784871	0.0072672826	0.0661957732	0.0056139247	0.0217824596	-0.0497737621	-0.1200712438	0.0739092755	0.044190305	-0.0787249115	-0.0060345075	-0.045252964	0.0487130718	0.0422627232	0.0451075035	-0.0088221904	0.0968431158	0.0770564258	-0.0590546416	0.0070272273	-0.0025129295	-0.0110457648	-0.1139619772	-0.0521954137	0.0493166707	-0.0212106544	0.0217852889	-0.0105975339	0.0562039158	-0.0042732129	-0.0620868871	-0.0812023727	-0.0497051625	0.0127728206	0.0672896215	0.0798654172	0.1528878214856774	0.1697357597834068	0.0233746859586363	0.0288102281492504	-0.3345103758654488	0.1225500337694285	0.1118971915616438	0.015018510776888	0.9102601721687762	-0.419743454187035	0.8285735810367301	0.1761845673328636	-0.0295904598831209	0.0009176813926841	8.421391384786304e-07	0.0008755953160945	-0.0198693026307348	-0.0193973537145831	0.0003762573311286	0.0003947891870317	-0.0390775772181647	-0.0283456827124957	0.0008034777284374	0.0015270570412416	0.0	0.0	0.0	0.0	0.0	0.0	0.0	0.0	0.0	0.0	0.0	0.0	0.0	0.0	0.0	0.0	0.0	0.0	0.0	0.0	0.0	0.0	0.0	0.0	0.0	0.0	0.0	0.0	0.0	0.0	0.0	0.0	0.0	0.0	0.0	0.0	0.0	0.0	0.0	0.0	0.0	0.0	0.0	0.0	0.0	0.0	0.0	0.0	0.0	0.0	1.0	0.0	0.0	0.0	0.0	0.0	0.0	0.0	0.0	0.0	0.0	0.0	0.0	0.0	0.0	0.0	0.0	0.0	0.0	0.0	0.0	0.0	0.0	0.0	0.0	0.0	0.0	0.0	0.0	0.0	0.0	0.0	0.0	0.0	0.0	0.0	0.0	0.0	0.0	0.0	0.0	0.0	0.0	0.0	0.0	0.0	0.0	0.0	0.0	0.0	0.0	0.0	0.0	0.0	0.0	0.0	0.0	0.0	0.0	0.0	0.0	0.0	0.0	0.0	0.0	0.0	0.0	0.0	0.0	0.0	0.0	0.0	0.0	0.0	0.0	0.0	0.0	0.0	0.0	0.0	0.0	0.0	0.0	0.0	0.0	0.0	0.0	0.0	0.0	0.0	0.0	0.0	0.0	0.0	0.0	0.0	0.0	0.0	0.0	0.0	0.0	0.0	0.0	0.0	0.0	0.0	0.0	0.0	0.0	0.0	0.0	0.0	0.0	0.0	0.0	0.0	0.0	0.0	0.0	0.0	0.0	0.0	0.0	0.0	0.0	0.0	0.0	0.0	0.0	0.0	0.0	0.0	0.0	0.0	0.0	0.0	0.0	0.0	0.0	0.0	0.0	0.0	0.0	0.0	0.0	0.0	0.0	0.0	0.0	0.0	0.0	0.0	0.0	0.0	0.0	0.0	0.0	0.0	0.0	0.0	0.0	0.0	0.0	0.0	0.0	0.0	0.0	0.0	0.0	0.0	0.0	0.0	0.0	0.0	0.0	0.0	0.0	0.0	0.0	0.0	0.0	0.0	0.0	0.0	0.0	0.0	0.0	0.0	0.0	0.0	0.0
2079.445820703039	19.010284692458757	4324094.921239335	361.3909240883317	2420.771873996682	-23.65424796326533	559.5234467076422	5860136.465933409	2255.961519655974	13.309474779211996	177.14211889848022	5089362.378168492	2256.001362764046	2064.7434737944773	1.021802	87.548332	2.093967929143504	1.126964523619497	0.026332568	0.0369429463	0.061337474	-0.0044021714	-0.0166005749	-0.0189411187	-0.0317318804	-0.0117202957	-0.0304114755	-0.0028156189	0.0215036891	0.0311675082	0.0161946275	-0.0351350432	-0.0303945804	-0.0112834399	-0.0199209792	0.0238908918	-0.0102097494	0.0108856248	-0.0181238578	-0.0955226339	0.0365280733	-0.0357590653	-0.0664422598	-0.0522061696	-0.0797997143	-0.0031776922	-2.91305e-05	0.0470610306	0.0220365381	0.0428271384	0.0536599516	-0.034380091	0.025239039	0.0468368382	-0.0128345133	-0.05547487	0.0090320108	-0.0274817408	0.0399013502	-0.0193149874	0.0067925708	0.0555806262	-0.0059798738	-0.0637218759	-0.0807737477	-0.0462468756	0.0178113211	0.0704959515	0.0781648097	0.3248639579552161	0.1719761364695387	0.1055365911783284	0.0295757915149894	-0.3991643483845308	-0.064653972519082	0.159332177021247	0.0041801361624982	1.197363935584569	0.2871037634157929	1.433680394238568	0.0824285709675115	-0.0177055595103667	0.0118849003727542	0.0001412508568702	0.0003134868375751	-0.0166667723259488	0.003202530304786	1.0256200353072714e-05	0.000277781299765	-0.0227603267609231	0.0163172504572415	0.0002662526624843	0.0005180324742639	0.0	0.0	0.0	0.0	0.0	0.0	0.0	0.0	0.0	0.0	0.0	0.0	0.0	0.0	0.0	0.0	0.0	0.0	0.0	0.0	0.0	0.0	0.0	0.0	0.0	0.0	0.0	0.0	0.0	0.0	0.0	0.0	0.0	0.0	0.0	0.0	0.0	0.0	0.0	0.0	0.0	0.0	0.0	0.0	0.0	0.0	0.0	0.0	0.0	0.0	0.0	1.0	0.0	0.0	0.0	0.0	0.0	0.0	0.0	0.0	0.0	0.0	0.0	0.0	0.0	0.0	0.0	0.0	0.0	0.0	0.0	0.0	0.0	0.0	0.0	0.0	0.0	0.0	0.0	0.0	0.0	0.0	0.0	0.0	0.0	0.0	0.0	0.0	0.0	0.0	0.0	0.0	0.0	0.0	0.0	0.0	0.0	0.0	0.0	0.0	0.0	0.0	0.0	0.0	0.0	0.0	0.0	0.0	0.0	0.0	0.0	0.0	0.0	0.0	0.0	0.0	0.0	0.0	0.0	0.0	0.0	0.0	0.0	0.0	0.0	0.0	0.0	0.0	0.0	0.0	0.0	0.0	0.0	0.0	0.0	0.0	0.0	0.0	0.0	0.0	0.0	0.0	0.0	0.0	0.0	0.0	0.0	0.0	0.0	0.0	0.0	0.0	0.0	0.0	0.0	0.0	0.0	0.0	0.0	0.0	0.0	0.0	0.0	0.0	0.0	0.0	0.0	0.0	0.0	0.0	0.0	0.0	0.0	0.0	0.0	0.0	0.0	0.0	0.0	0.0	0.0	0.0	0.0	0.0	0.0	0.0	0.0	0.0	0.0	0.0	0.0	0.0	0.0	0.0	0.0	0.0	0.0	0.0	0.0	0.0	0.0	0.0	0.0	0.0	0.0	0.0	0.0	0.0	0.0	0.0	0.0	0.0	0.0	0.0	0.0	0.0	0.0	0.0	0.0	0.0	0.0	0.0	0.0	0.0	0.0	0.0	0.0	0.0	0.0	0.0	0.0	0.0	0.0	0.0	0.0	0.0	0.0	0.0	0.0	0.0	0.0
2084.9804139866	5.534593283561208	4347143.326707734	30.631722814440828	2400.6145763658496	-20.157297630832545	406.3166477779673	5762950.344260188	2251.072019825811	-4.889499830163004	23.907208589164043	5067325.238442656	2253.786534538668	2023.7760952161125	0.8722309999999999	74.73306999999998	0.3894006791686427	0.2302972149267075	0.0249717234	0.030104568	0.0826195193	-0.018684976	-0.0234845088	0.013181627	0.0296754826	-0.0145672164	0.0737484599	0.1030367738	0.03669553	0.0271598363	0.0137311625	-0.0227782543	-0.0296668573	-0.0123691146	-0.0161230749	0.0166894341	0.0062278299	-0.0080456297	-0.0260551853	-0.1095186013	0.0461076697	-0.0042751917	-0.0331916874	-0.0057651147	-0.0194939374	0.0311486754	-0.0158309928	0.0739058176	0.0196025593	0.0767227738	0.0241735816	-0.0282528914	-0.0360982448	-0.007937571	-0.0243644743	-0.0147299311	0.0165208936	-0.0020336754	0.0176040769	-0.0324012876	0.0249214034	0.0549512416	-0.0076839116	-0.0652939789	-0.0802034182	-0.0426618292	0.0227795284	0.0733236445	0.0759159322	0.2891700807639381	-0.035693877191278	0.0836193356090224	0.001274052868946	-0.3995166893515289	-0.000352340966998	0.159613585070406	1.2414415702515565e-07	1.2149691480104607	0.0176052124258916	1.4761500306172648	0.0003099435045607	-0.0166747223992143	0.0010308371111523	1.0626251497290244e-06	0.0002780463670908	-0.0147505148474174	0.0019162574785313	3.672042724027517e-06	0.0002175776882638	-0.0189924363789174	0.0037678903820057	1.4196997930811068e-05	0.0003607126396072	0.0	0.0	0.0	0.0	0.0	0.0	0.0	0.0	0.0	0.0	0.0	0.0	0.0	0.0	0.0	0.0	0.0	0.0	0.0	0.0	0.0	0.0	0.0	0.0	0.0	0.0	0.0	0.0	0.0	0.0	0.0	0.0	0.0	0.0	0.0	0.0	0.0	0.0	0.0	0.0	0.0	0.0	0.0	0.0	0.0	0.0	0.0	0.0	0.0	0.0	0.0	0.0	0.0	0.0	0.0	0.0	0.0	0.0	0.0	0.0	0.0	0.0	0.0	0.0	0.0	0.0	0.0	0.0	0.0	0.0	0.0	0.0	0.0	0.0	0.0	0.0	0.0	0.0	0.0	0.0	0.0	0.0	0.0	0.0	0.0	0.0	0.0	0.0	0.0	0.0	0.0	0.0	0.0	0.0	0.0	0.0	0.0	0.0	0.0	0.0	0.0	0.0	0.0	0.0	0.0	0.0	0.0	0.0	0.0	0.0	0.0	0.0	0.0	0.0	0.0	0.0	0.0	0.0	0.0	0.0	0.0	0.0	0.0	0.0	0.0	0.0	0.0	0.0	0.0	0.0	0.0	0.0	0.0	0.0	0.0	0.0	0.0	0.0	0.0	0.0	0.0	0.0	0.0	0.0	0.0	0.0	0.0	0.0	0.0	0.0	0.0	0.0	0.0	0.0	0.0	0.0	0.0	0.0	0.0	0.0	0.0	0.0	0.0	0.0	0.0	0.0	0.0	0.0	0.0	0.0	0.0	0.0	0.0	0.0	0.0	0.0	0.0	0.0	0.0	0.0	0.0	0.0	0.0	0.0	0.0	0.0	0.0	0.0	0.0	0.0	0.0	0.0	0.0	0.0	0.0	0.0	0.0	0.0	0.0	0.0	0.0	0.0	0.0	0.0	0.0	0.0	0.0	0.0	0.0	0.0	0.0	0.0	0.0	0.0	0.0	0.0	0.0	0.0	0.0	0.0	0.0	0.0	0.0	0.0	0.0	0.0	0.0	0.0	0.0	0.0	0.0	0.0	0.0	0.0	0.0	0.0	0.0	0.0	0.0	0.0	0.0
2095.0230717807444	10.04265779414436	4389121.671293627	100.85497557028847	2372.419862093991	-28.19471427185863	794.9419128717486	5628376.002058071	2248.2757631384807	-2.796256687330242	7.819051461439099	5054743.907115918	2235.094505815141	1937.6361148575152	1.110858	95.178673	4.05401092102794	2.3804873971294827	0.0561014527	0.1021666511	-0.0401712947	-0.0114805512	-0.0074144357	0.0705825667	0.0705701309	-0.0343494905	0.0603857314	0.0002296889	0.0569004494	0.0214699608	-0.0481150773	-0.0392683986	-0.0141725611	0.0494120641	-0.0464921299	-0.0023219555	-0.0015731934	0.0074247995	0.0732172993	-0.0765462042	0.0057819044	-0.0654261762	-0.1047348422	0.0653154785	-0.0200820291	0.0151171233	-0.0292287327	0.0356003659	0.0235231453	0.0207812606	-0.0252104184	-0.0236824056	-0.0381207357	-0.0046470368	-0.0285691481	0.0396893419	0.0072920481	-0.0126254956	0.0521939258	-0.0563623977	0.0319571036	0.054315831	-0.009384579	-0.0668016447	-0.0794923845	-0.0389598496	0.0276578354	0.0757575129	0.073134559	0.5395796471780585	0.2504095664141204	0.2911461956487981	0.0627049509517077	0.2678592455800697	0.6673759349315986	0.071748575442724	0.4453906385258254	0.5770560441152952	-0.6379131038951655	0.3329936780499935	0.4069331281211643	0.0248626487387745	0.0415373711379888	0.001725353201055	0.0006181513023076	-0.0132414641145512	0.0015090507328661	2.2772341143640144e-06	0.0001753363718969	-0.0120726119340313	0.006919824444886	4.78839703480432e-05	0.0001457479589097	0.0	0.0	0.0	0.0	0.0	0.0	0.0	0.0	0.0	0.0	0.0	0.0	0.0	0.0	0.0	0.0	0.0	0.0	0.0	0.0	0.0	0.0	0.0	0.0	0.0	0.0	0.0	0.0	0.0	0.0	0.0	0.0	0.0	0.0	0.0	0.0	0.0	0.0	0.0	0.0	0.0	0.0	0.0	0.0	0.0	0.0	0.0	0.0	0.0	0.0	0.0	0.0	1.0	0.0	0.0	0.0	0.0	0.0	0.0	0.0	0.0	0.0	0.0	0.0	0.0	0.0	0.0	0.0	0.0	0.0	0.0	0.0	0.0	0.0	0.0	0.0	0.0	0.0	0.0	0.0	0.0	0.0	0.0	0.0	0.0	0.0	0.0	0.0	0.0	0.0	0.0	0.0	0.0	0.0	0.0	0.0	0.0	0.0	0.0	0.0	0.0	0.0	0.0	0.0	0.0	0.0	0.0	0.0	0.0	0.0	0.0	0.0	0.0	0.0	0.0	0.0	0.0	0.0	0.0	0.0	0.0	0.0	0.0	0.0	0.0	0.0	0.0	0.0	0.0	0.0	0.0	0.0	0.0	0.0	0.0	0.0	0.0	0.0	0.0	0.0	0.0	0.0	0.0	0.0	0.0	0.0	0.0	0.0	0.0	0.0	0.0	0.0	0.0	0.0	0.0	0.0	0.0	0.0	0.0	0.0	0.0	0.0	0.0	0.0	0.0	0.0	0.0	0.0	0.0	0.0	0.0	0.0	0.0	0.0	0.0	0.0	0.0	0.0	0.0	0.0	0.0	0.0	0.0	0.0	0.0	0.0	0.0	0.0	0.0	0.0	0.0	0.0	0.0	0.0	0.0	0.0	0.0	0.0	0.0	0.0	0.0	0.0	0.0	0.0	0.0	0.0	0.0	0.0	0.0	0.0	0.0	0.0	0.0	0.0	0.0	0.0	0.0	0.0	0.0	0.0	0.0	0.0	0.0	0.0	0.0	0.0	0.0	0.0	0.0	0.0	0.0	0.0	0.0	0.0	0.0	0.0	0.0	0.0	0.0	0.0	0.0
2068.6763521294783	-26.346719651266085	4279421.849859726	694.1496363824104	2382.2500384605096	9.830176366518572	96.63236739686027	5675115.245745099	2228.182230742081	-20.093532396399496	403.75004416515605	4964796.053394757	2220.8148738847794	1832.2665010084872	0.851391	72.947449	1.2842951705621188	0.5985206306239709	0.0811540114	0.1505279507	-0.011970206	-0.0322273473	-0.0052935685	0.0449868027	0.0149079814	0.0017611668	0.0479415261	-0.0326869734	0.0333129	0.0091404091	-0.0507526883	-0.0977339276	-0.0042926392	0.0512975178	-0.0860381746	0.0264495745	-0.0178075172	0.0217495262	0.0760790141	-0.0913726915	0.0105112162	-0.0428694087	-0.1126775671	0.0704132126	-0.0144133186	0.0183781743	-0.0295941027	-0.0139483715	0.0315626917	0.0499410714	-0.0325027559	-0.0459405939	-0.0410718145	0.0051349032	0.0123158294	0.0158412862	0.0446969433	-0.0272904455	0.030206623	-0.0682292126	0.0096145778	0.0536744641	-0.0110811301	-0.0682433853	-0.0786418943	-0.0351510839	0.0324269895	0.0777844842	0.0698401994	0.551742502334676	0.0121628551566175	0.3044197888825299	0.0001479350455608	0.3200795466101027	0.052220301030033	0.1024509161581289	0.0027269598396672	0.8640638668274434	0.2870078227121482	0.7466063659567939	0.0823734902979679	0.0341576029781521	0.0092949542393776	8.639617431212366e-05	0.001166741841213	-0.0176397459305173	-0.0043982818159661	1.934488293265806e-05	0.0003111606364932	-0.017037459711954	-0.0049648477779227	2.464971345794397e-05	0.0002902750334364	0.0	0.0	0.0	0.0	0.0	0.0	0.0	0.0	0.0	0.0	0.0	0.0	0.0	0.0	0.0	0.0	0.0	0.0	0.0	0.0	0.0	0.0	0.0	0.0	0.0	0.0	0.0	0.0	0.0	0.0	0.0	0.0	0.0	0.0	0.0	0.0	0.0	0.0	0.0	0.0	0.0	0.0	0.0	0.0	0.0	0.0	0.0	0.0	0.0	0.0	0.0	0.0	0.0	1.0	0.0	0.0	0.0	0.0	0.0	0.0	0.0	0.0	0.0	0.0	0.0	0.0	0.0	0.0	0.0	0.0	0.0	0.0	0.0	0.0	0.0	0.0	0.0	0.0	0.0	0.0	0.0	0.0	0.0	0.0	0.0	0.0	0.0	0.0	0.0	0.0	0.0	0.0	0.0	0.0	0.0	0.0	0.0	0.0	0.0	0.0	0.0	0.0	0.0	0.0	0.0	0.0	0.0	0.0	0.0	0.0	0.0	0.0	0.0	0.0	0.0	0.0	0.0	0.0	0.0	0.0	0.0	0.0	0.0	0.0	0.0	0.0	0.0	0.0	0.0	0.0	0.0	0.0	0.0	0.0	0.0	0.0	0.0	0.0	0.0	0.0	0.0	0.0	0.0	0.0	0.0	0.0	0.0	0.0	0.0	0.0	0.0	0.0	0.0	0.0	0.0	0.0	0.0	0.0	0.0	0.0	0.0	0.0	0.0	0.0	0.0	0.0	0.0	0.0	0.0	0.0	0.0	0.0	0.0	0.0	0.0	0.0	0.0	0.0	0.0	0.0	0.0	0.0	0.0	0.0	0.0	0.0	0.0	0.0	0.0	0.0	0.0	0.0	0.0	0.0	0.0	0.0	0.0	0.0	0.0	0.0	0.0	0.0	0.0	0.0	0.0	0.0	0.0	0.0	0.0	0.0	0.0	0.0	0.0	0.0	0.0	0.0	0.0	0.0	0.0	0.0	0.0	0.0	0.0	0.0	0.0	0.0	0.0	0.0	0.0	0.0	0.0	0.0	0.0	0.0	0.0	0.0	0.0	0.0	0.0	0.0	0.0
2076.5640891712947	7.887737041816308	4312118.416435809	62.216395640841085	2443.6374152196595	61.3873767591499	3768.4100253698175	5971363.817061419	2242.370608785878	14.188378043797002	201.31007151370085	5028225.94714675	2251.415387196824	2127.391391450404	1.13213	97.001221	3.6367641581147785	1.942613454465116	-0.0049463339	0.0304933891	-0.0196794476	0.0513354753	-0.0364135198	-0.0068447579	-0.0187462016	-0.0400049065	0.0061648445	0.0157070455	0.0343861691	0.0263194362	0.0002657527	-0.0194100444	-0.0306953905	-0.0014164345	-0.018339699	0.0115902752	0.0008713672	-0.0284905204	0.0310232199	-0.0140243331	0.0275527004	-0.0666619259	-0.0763264784	0.0045067215	0.0182354152	0.0147221796	-0.0382368021	0.0599206015	-0.0112905846	-0.0108415159	-0.1029068296	0.059137744	-0.0156150087	0.0186897343	-0.0893152148	-0.0103285036	-0.0080738572	0.0232881136	-0.0426355202	0.0208621964	-0.0177983038	0.0530272111	-0.0127728206	-0.0696177779	-0.0776534394	-0.0312459714	0.0370681691	0.0793936715	0.066055961	0.3472359291304059	-0.2045065732042701	0.1205727904790562	0.0418229384837534	-0.1094684328131592	-0.4295479794232619	0.0119833377825691	0.184511466626607	0.7125888315558271	-0.1514750352716163	0.5077828428580989	0.0229446863105374	0.0021710206377942	-0.0319865823403579	0.0010231414498164	4.713330609728335e-06	-0.0052837816697812	0.0123559642607361	0.0001526698528125	2.79183487339158e-05	-0.0043553149087354	0.0126821448032186	0.0001608367968098	1.8968767954252848e-05	0.0	0.0	0.0	0.0	0.0	0.0	0.0	0.0	0.0	0.0	0.0	0.0	0.0	0.0	0.0	0.0	0.0	0.0	0.0	0.0	0.0	0.0	0.0	0.0	0.0	0.0	0.0	0.0	0.0	0.0	0.0	0.0	0.0	0.0	0.0	0.0	0.0	0.0	0.0	0.0	0.0	0.0	0.0	0.0	0.0	0.0	0.0	0.0	0.0	0.0	0.0	0.0	0.0	0.0	1.0	0.0	0.0	0.0	0.0	0.0	0.0	0.0	0.0	0.0	0.0	0.0	0.0	0.0	0.0	0.0	0.0	0.0	0.0	0.0	0.0	0.0	0.0	0.0	0.0	0.0	0.0	0.0	0.0	0.0	0.0	0.0	0.0	0.0	0.0	0.0	0.0	0.0	0.0	0.0	0.0	0.0	0.0	0.0	0.0	0.0	0.0	0.0	0.0	0.0	0.0	0.0	0.0	0.0	0.0	0.0	0.0	0.0	0.0	0.0	0.0	0.0	0.0	0.0	0.0	0.0	0.0	0.0	0.0	0.0	0.0	0.0	0.0	0.0	0.0	0.0	0.0	0.0	0.0	0.0	0.0	0.0	0.0	0.0	0.0	0.0	0.0	0.0	0.0	0.0	0.0	0.0	0.0	0.0	0.0	0.0	0.0	0.0	0.0	0.0	0.0	0.0	0.0	0.0	0.0	0.0	0.0	0.0	0.0	0.0	0.0	0.0	0.0	0.0	0.0	0.0	0.0	0.0	0.0	0.0	0.0	0.0	0.0	0.0	0.0	0.0	0.0	0.0	0.0	0.0	0.0	0.0	0.0	0.0	0.0	0.0	0.0	0.0	0.0	0.0	0.0	0.0	0.0	0.0	0.0	0.0	0.0	0.0	0.0	0.0	0.0	0.0	0.0	0.0	0.0	0.0	0.0	0.0	0.0	0.0	0.0	0.0	0.0	0.0	0.0	0.0	0.0	0.0	0.0	0.0	0.0	0.0	0.0	0.0	0.0	0.0	0.0	0.0	0.0	0.0	0.0	0.0	0.0	0.0	0.0	0.0	0.0
2065.4303255994537	-11.133763571840973	4266002.429905865	123.96069127365304	2402.220056403173	-41.417358816486285	1715.397611333574	5770661.199385664	2247.021240234375	4.650631448496824	21.628372869747672	5049104.454064429	2246.2392567491697	2136.308796330972	0.631909	54.142155	0.4511133423323183	0.2192390033813865	-0.0147110391	-0.0129843788	-0.0233688217	0.0429169027	-0.0226104663	0.0137938727	0.0163749894	-0.0324277428	-0.0336810637	0.0729001387	-0.0242963892	0.0328249241	0.0054107287	-0.0164040118	-0.0324068046	-0.0006075216	-0.0067623365	0.0230767664	-0.0122812023	-0.0242884596	0.0171931415	-0.0178626222	0.0064354494	-0.0703790026	-0.0673132914	-0.0154078933	0.0269524178	-0.0079691408	-0.022282991	0.0352589358	-0.0159982431	-0.0159259366	-0.1177041807	0.0576846398	-0.0360237859	-0.0225230676	-0.0379504644	-0.0201089118	0.0187037734	0.0417576634	-0.0539475953	0.017047324	-0.0145520373	0.0523741431	-0.0144589085	-0.0709234662	-0.076528754	-0.0272552159	0.0415630576	0.0805764318	0.0618083875	0.3572992605890874	0.0100633314586814	0.1276627616175085	0.0001012706400472	-0.0931693282414443	0.0162991045717148	0.0086805237249619	0.0002656608098396	0.5080388183382851	-0.2045500132175419	0.2581034409385611	0.0418407079072965	-0.0001139906093049	-0.0022850112470991	5.221276399369383e-06	1.2993859009702356e-08	-0.0041558321117551	0.001127949558026	1.2722702054512738e-06	1.7270940541094852e-05	-0.003364257852173	0.0009910570565624	9.821940893621283e-07	1.1318230895907688e-05	0.0	0.0	0.0	0.0	0.0	0.0	0.0	0.0	0.0	0.0	0.0	0.0	0.0	0.0	0.0	0.0	0.0	0.0	0.0	0.0	0.0	0.0	0.0	0.0	0.0	0.0	0.0	0.0	0.0	0.0	0.0	0.0	0.0	0.0	0.0	0.0	0.0	0.0	0.0	0.0	0.0	0.0	0.0	0.0	0.0	0.0	0.0	0.0	0.0	0.0	0.0	0.0	0.0	0.0	0.0	0.0	0.0	0.0	0.0	0.0	0.0	0.0	0.0	0.0	0.0	0.0	0.0	0.0	0.0	0.0	0.0	0.0	0.0	0.0	0.0	0.0	0.0	0.0	0.0	0.0	0.0	0.0	0.0	0.0	0.0	0.0	0.0	0.0	0.0	0.0	0.0	0.0	0.0	0.0	0.0	0.0	0.0	0.0	0.0	0.0	0.0	0.0	0.0	0.0	0.0	0.0	0.0	0.0	0.0	0.0	0.0	0.0	0.0	0.0	0.0	0.0	0.0	0.0	0.0	0.0	0.0	0.0	0.0	0.0	0.0	0.0	0.0	0.0	0.0	0.0	0.0	0.0	0.0	0.0	0.0	0.0	0.0	0.0	0.0	0.0	0.0	0.0	0.0	0.0	0.0	0.0	0.0	0.0	0.0	0.0	0.0	0.0	0.0	0.0	0.0	0.0	0.0	0.0	0.0	0.0	0.0	0.0	0.0	0.0	0.0	0.0	0.0	0.0	0.0	0.0	0.0	0.0	0.0	0.0	0.0	0.0	0.0	0.0	0.0	0.0	0.0	0.0	0.0	0.0	0.0	0.0	0.0	0.0	0.0	0.0	0.0	0.0	0.0	0.0	0.0	0.0	0.0	0.0	0.0	0.0	0.0	0.0	0.0	0.0	0.0	0.0	0.0	0.0	0.0	0.0	0.0	0.0	0.0	0.0	0.0	0.0	0.0	0.0	0.0	0.0	0.0	0.0	0.0	0.0	0.0	0.0	0.0	0.0	0.0	0.0	0.0	0.0	0.0	0.0	0.0	0.0	0.0	0.0	0.0	0.0	0.0
2081.073493444707	15.643167845253174	4330866.885118157	244.70870023476283	2408.7701604137683	6.550104010595078	42.90386254961373	5802173.685699771	2255.0321303657865	8.010890131411543	64.17436069754685	5085169.908982058	2255.902387984538	2164.9464660394387	0.601294	51.51907	0.4012266793332479	0.1928752908239269	-0.0258077226	-0.0193496844	-0.0203622609	0.0705722187	-0.0233465002	-0.0034222274	-0.026338596	-0.0369592612	0.0183032178	0.0070998265	0.0262501119	0.0407564542	0.0012812418	-0.0167500686	-0.0418418646	0.0013199789	-0.0128016984	0.0156308979	-8.67589e-05	-0.0256577493	0.0212562085	-0.008856652	0.0145843303	-0.088810449	-0.0650311988	-0.0184896558	0.0003055223	-0.0148879046	-0.0147632745	0.0510048393	-0.0380132077	0.0017053769	-0.1010088755	0.0732505881	-0.0011540334	0.0165013186	-0.073861561	-0.0248218027	0.0011905356	0.0181932158	-0.0561284425	0.0041556218	-0.0200527442	0.0517153317	-0.0161386543	-0.0721591615	-0.0752698111	-0.0231897558	0.0458939156	0.0813264124	0.0571272725	0.3199334364798574	-0.03736582410923	0.1023574037778109	0.0013962048113619	-0.0217555406870531	0.0714137875543912	0.000473303550586	0.0050999290528637	0.4546999987721634	-0.0533388195661217	0.2067520888834053	0.0028450296727072	-0.0018249906240223	-0.0017110000147174	2.9275210503629437e-06	3.3305907777693044e-06	-0.0056350495205852	-0.0014792174088301	2.188084142586037e-06	3.1753783099447497e-05	-0.0049562053906956	-0.0015919475385226	2.534296965408165e-06	2.4563971874760125e-05	0.0	0.0	0.0	0.0	0.0	0.0	0.0	0.0	0.0	0.0	0.0	0.0	0.0	0.0	0.0	0.0	0.0	0.0	0.0	0.0	0.0	0.0	0.0	0.0	0.0	0.0	0.0	0.0	0.0	0.0	0.0	0.0	0.0	0.0	0.0	0.0	0.0	0.0	0.0	0.0	0.0	0.0	0.0	0.0	0.0	0.0	0.0	0.0	0.0	0.0	0.0	0.0	0.0	0.0	0.0	0.0	0.0	0.0	0.0	0.0	0.0	0.0	0.0	0.0	0.0	0.0	0.0	0.0	0.0	0.0	0.0	0.0	0.0	0.0	0.0	0.0	0.0	0.0	0.0	0.0	0.0	0.0	0.0	0.0	0.0	0.0	0.0	0.0	0.0	0.0	0.0	0.0	0.0	0.0	0.0	0.0	0.0	0.0	0.0	0.0	0.0	0.0	0.0	0.0	0.0	0.0	0.0	0.0	0.0	0.0	0.0	0.0	0.0	0.0	0.0	0.0	0.0	0.0	0.0	0.0	0.0	0.0	0.0	0.0	0.0	0.0	0.0	0.0	0.0	0.0	0.0	0.0	0.0	0.0	0.0	0.0	0.0	0.0	0.0	0.0	0.0	0.0	0.0	0.0	0.0	0.0	0.0	0.0	0.0	0.0	0.0	0.0	0.0	0.0	0.0	0.0	0.0	0.0	0.0	0.0	0.0	0.0	0.0	0.0	0.0	0.0	0.0	0.0	0.0	0.0	0.0	0.0	0.0	0.0	0.0	0.0	0.0	0.0	0.0	0.0	0.0	0.0	0.0	0.0	0.0	0.0	0.0	0.0	0.0	0.0	0.0	0.0	0.0	0.0	0.0	0.0	0.0	0.0	0.0	0.0	0.0	0.0	0.0	0.0	0.0	0.0	0.0	0.0	0.0	0.0	0.0	0.0	0.0	0.0	0.0	0.0	0.0	0.0	0.0	0.0	0.0	0.0	0.0	0.0	0.0	0.0	0.0	0.0	0.0	0.0	0.0	0.0	0.0	0.0	0.0	0.0	0.0	0.0	0.0	0.0	0.0
2075.3549000685475	-5.718593376159333	4307097.96123853	32.7023102018534	2408.606557349636	-0.1636030641320758	0.0267659625934041	5801385.548107666	2243.94435484513	-11.087775520656578	122.93876599647125	5035286.267641326	2238.760604167234	1934.282369242898	0.996382	85.37036899999998	1.794642593655845	1.2875517072287743	0.0398416374	0.1041919885	-0.0417368419	0.0222065579	-0.0364371256	0.0145127254	0.0191397353	-0.0117391312	0.0872682559	0.053003638	0.057952929	0.0269882333	-0.0216085924	-0.0502117126	-0.0259025095	0.0216475606	-0.0405468625	0.0172052649	-0.0054484283	-0.0125886034	0.067333428	-0.0429460429	-0.0175365327	-0.0754217418	-0.0824611434	0.0442631797	0.0032763851	-0.010149616	-0.0078800431	0.0420881747	0.0203588054	0.0274373744	-0.0754505196	-0.034125291	-0.0160725618	-0.0544401177	0.0178277413	0.0510644581	0.034740125	-0.0086399197	0.0244895379	-0.0384046867	0.0035445559	0.0510508491	-0.0178113211	-0.0733236445	-0.0738788195	-0.0190607341	0.0500436514	0.0816395852	0.0520454508	0.3567740198435132	0.0368405833636558	0.1272877012352995	0.0013572285825744	0.0615872289039032	0.0833427695909563	0.0037929867640617	0.0069460172430912	0.8395891634625912	0.3848891646904278	0.7049099634038136	0.1481396690960952	0.0233460472512265	0.0251710378752488	0.0006335811477172	0.0005450379222565	-0.0051599071826884	0.0004751423378968	2.2576024126203727e-07	2.6624642133959346e-05	-0.0048109840836251	0.0001452213070705	2.1089228027264506e-08	2.3145567852894043e-05	0.0	0.0	0.0	0.0	0.0	0.0	0.0	0.0	0.0	0.0	0.0	0.0	0.0	0.0	0.0	0.0	0.0	0.0	0.0	0.0	0.0	0.0	0.0	0.0	0.0	0.0	0.0	0.0	0.0	0.0	0.0	0.0	0.0	0.0	0.0	0.0	0.0	0.0	0.0	0.0	0.0	0.0	0.0	0.0	0.0	0.0	0.0	0.0	0.0	0.0	0.0	0.0	0.0	0.0	0.0	1.0	0.0	0.0	0.0	0.0	0.0	0.0	0.0	0.0	0.0	0.0	0.0	0.0	0.0	0.0	0.0	0.0	0.0	0.0	0.0	0.0	0.0	0.0	0.0	0.0	0.0	0.0	0.0	0.0	0.0	0.0	0.0	0.0	0.0	0.0	0.0	0.0	0.0	0.0	0.0	0.0	0.0	0.0	0.0	0.0	0.0	0.0	0.0	0.0	0.0	0.0	0.0	0.0	0.0	0.0	0.0	0.0	0.0	0.0	0.0	0.0	0.0	0.0	0.0	0.0	0.0	0.0	0.0	0.0	0.0	0.0	0.0	0.0	0.0	0.0	0.0	0.0	0.0	0.0	0.0	0.0	0.0	0.0	0.0	0.0	0.0	0.0	0.0	0.0	0.0	0.0	0.0	0.0	0.0	0.0	0.0	0.0	0.0	0.0	0.0	0.0	0.0	0.0	0.0	0.0	0.0	0.0	0.0	0.0	0.0	0.0	0.0	0.0	0.0	0.0	0.0	0.0	0.0	0.0	0.0	0.0	0.0	0.0	0.0	0.0	0.0	0.0	0.0	0.0	0.0	0.0	0.0	0.0	0.0	0.0	0.0	0.0	0.0	0.0	0.0	0.0	0.0	0.0	0.0	0.0	0.0	0.0	0.0	0.0	0.0	0.0	0.0	0.0	0.0	0.0	0.0	0.0	0.0	0.0	0.0	0.0	0.0	0.0	0.0	0.0	0.0	0.0	0.0	0.0	0.0	0.0	0.0	0.0	0.0	0.0	0.0	0.0	0.0	0.0	0.0	0.0	0.0	0.0	0.0	0.0	0.0
2070.5359333965466	-4.818966672000897	4287119.051486309	23.222439785855403	2422.5581138297302	13.95155648009404	194.64592821725404	5868787.81488226	2244.9085401452107	0.9641853000807714	0.9296532928918472	5039614.353616902	2249.144647790996	2090.2161721401526	0.82781	70.927032	1.456533332554346	0.9524144481302154	-0.0162883277	0.0070424751	-0.0284140718	0.0474638742	-0.0266577195	-0.0124915517	-0.0239312537	-0.0379449758	0.0220500241	-0.0190022861	0.0090801216	0.0339600696	0.0017534975	-0.0051795783	-0.0369586943	-0.0031407708	-0.0096035911	0.0014924877	-0.0003410856	-0.0259709172	0.033210021	0.0009006972	-0.0019277529	-0.0882230439	-0.0576127613	-0.0033460748	0.0113577968	-0.0051985728	-0.0104477196	0.0414412654	-0.0204220677	-0.0199672035	-0.1083450297	0.0327639104	-0.0115725095	-0.0189050815	-0.0436716699	-0.0181461298	0.0065774572	0.0052543512	-0.038566869	0.0038922579	-0.0328941684	0.0503807682	-0.0194761753	-0.0744157659	-0.0723582192	-0.0148794683	0.0539958877	0.081514268	0.0465985677	0.2962435589851111	-0.060530460858402	0.087760246240165	0.0036639366917305	-0.1121865868098694	-0.1737738157137726	0.0125858302600483	0.0301973390277241	0.6415914689260447	-0.1979976945365464	0.4116396129986797	0.0392030870417875	0.0047204217465223	-0.0186256255047042	0.0003469139254414	2.2282381465040644e-05	-0.0059549386393276	-0.0007950314566392	6.320750170458486e-07	3.546129419815685e-05	-0.003747013816056	0.001063970267569	1.1320327302710616e-06	1.4040112537714547e-05	0.0	0.0	0.0	0.0	0.0	0.0	0.0	0.0	0.0	0.0	0.0	0.0	0.0	0.0	0.0	0.0	0.0	0.0	0.0	0.0	0.0	0.0	0.0	0.0	0.0	0.0	0.0	0.0	0.0	0.0	0.0	0.0	0.0	0.0	0.0	0.0	0.0	0.0	0.0	0.0	0.0	0.0	0.0	0.0	0.0	0.0	0.0	0.0	0.0	0.0	0.0	0.0	0.0	0.0	0.0	0.0	1.0	0.0	0.0	0.0	0.0	0.0	0.0	0.0	0.0	0.0	0.0	0.0	0.0	0.0	0.0	0.0	0.0	0.0	0.0	0.0	0.0	0.0	0.0	0.0	0.0	0.0	0.0	0.0	0.0	0.0	0.0	0.0	0.0	0.0	0.0	0.0	0.0	0.0	0.0	0.0	0.0	0.0	0.0	0.0	0.0	0.0	0.0	0.0	0.0	0.0	0.0	0.0	0.0	0.0	0.0	0.0	0.0	0.0	0.0	0.0	0.0	0.0	0.0	0.0	0.0	0.0	0.0	0.0	0.0	0.0	0.0	0.0	0.0	0.0	0.0	0.0	0.0	0.0	0.0	0.0	0.0	0.0	0.0	0.0	0.0	0.0	0.0	0.0	0.0	0.0	0.0	0.0	0.0	0.0	0.0	0.0	0.0	0.0	0.0	0.0	0.0	0.0	0.0	0.0	0.0	0.0	0.0	0.0	0.0	0.0	0.0	0.0	0.0	0.0	0.0	0.0	0.0	0.0	0.0	0.0	0.0	0.0	0.0	0.0	0.0	0.0	0.0	0.0	0.0	0.0	0.0	0.0	0.0	0.0	0.0	0.0	0.0	0.0	0.0	0.0	0.0	0.0	0.0	0.0	0.0	0.0	0.0	0.0	0.0	0.0	0.0	0.0	0.0	0.0	0.0	0.0	0.0	0.0	0.0	0.0	0.0	0.0	0.0	0.0	0.0	0.0	0.0	0.0	0.0	0.0	0.0	0.0	0.0	0.0	0.0	0.0	0.0	0.0	0.0	0.0	0.0	0.0	0.0	0.0	0.0
2074.396150355294	3.8602169587475146	4303119.3886088645	14.90127496860191	2391.252178453419	-31.305935376311027	980.0615897857622	5718086.980958223	2246.8337170144787	1.9251768692679436	3.70630597796432	5048261.751913099	2248.4770426999403	2134.109272315854	0.768622	65.855774	1.1416562635083771	0.8119534417999155	-0.0328367688	-0.0343397016	-0.0014342123	0.0348032147	-0.0170664809	-0.0077921651	-0.0093459734	-0.0219930136	0.0175476415	0.0549296203	0.0278506986	0.0375003065	0.0092379375	0.0058363907	-0.0400012339	-0.0116874297	0.0099631246	0.0042764732	-0.0018804426	-0.045391724	-0.0057562938	-0.0085688501	0.025809064	-0.0291623016	-0.0181363545	-0.0422342345	0.045165023	-0.0286267469	-0.0241650971	0.0467386455	-0.0061488202	0.0259786003	-0.0507612836	0.0250319699	-0.0069519554	0.0118609666	-0.0334501389	-0.0158998568	0.0173929245	0.02382889	-0.0643209824	0.0678011284	-0.0328533349	0.0497051625	-0.0211324865	-0.0754344479	-0.0707106781	-0.010657419	0.0577350269	0.0809511339	0.040824829	0.2638190609009285	-0.0324244980841826	0.0696004968946478	0.0010513480760111	-0.1839334504296346	-0.0717468636197652	0.0338315141869508	0.0051476124392731	0.8304984374846143	0.1889069685585696	0.6897276546643858	0.0356858427699884	-0.0099172474224386	-0.0146376691689609	0.0002142613586999	9.835179643786506e-05	-0.0044240346899189	0.0015309039494087	2.343666902315156e-06	1.9572082937605817e-05	-0.0029440282695084	0.0008029855465476	6.447857879643481e-07	8.667302451664625e-06	0.0	0.0	0.0	0.0	0.0	0.0	0.0	0.0	0.0	0.0	0.0	0.0	0.0	0.0	0.0	0.0	0.0	0.0	0.0	0.0	0.0	0.0	0.0	0.0	0.0	0.0	0.0	0.0	0.0	0.0	0.0	0.0	0.0	0.0	0.0	0.0	0.0	0.0	0.0	0.0	0.0	0.0	0.0	0.0	0.0	0.0	0.0	0.0	0.0	0.0	0.0	0.0	0.0	0.0	0.0	0.0	0.0	1.0	0.0	0.0	0.0	0.0	0.0	0.0	0.0	0.0	0.0	0.0	0.0	0.0	0.0	0.0	0.0	0.0	0.0	0.0	0.0	0.0	0.0	0.0	0.0	0.0	0.0	0.0	0.0	0.0	0.0	0.0	0.0	0.0	0.0	0.0	0.0	0.0	0.0	0.0	0.0	0.0	0.0	0.0	0.0	0.0	0.0	0.0	0.0	0.0	0.0	0.0	0.0	0.0	0.0	0.0	0.0	0.0	0.0	0.0	0.0	0.0	0.0	0.0	0.0	0.0	0.0	0.0	0.0	0.0	0.0	0.0	0.0	0.0	0.0	0.0	0.0	0.0	0.0	0.0	0.0	0.0	0.0	0.0	0.0	0.0	0.0	0.0	0.0	0.0	0.0	0.0	0.0	0.0	0.0	0.0	0.0	0.0	0.0	0.0	0.0	0.0	0.0	0.0	0.0	0.0	0.0	0.0	0.0	0.0	0.0	0.0	0.0	0.0	0.0	0.0	0.0	0.0	0.0	0.0	0.0	0.0	0.0	0.0	0.0	0.0	0.0	0.0	0.0	0.0	0.0	0.0	0.0	0.0	0.0	0.0	0.0	0.0	0.0	0.0	0.0	0.0	0.0	0.0	0.0	0.0	0.0	0.0	0.0	0.0	0.0	0.0	0.0	0.0	0.0	0.0	0.0	0.0	0.0	0.0	0.0	0.0	0.0	0.0	0.0	0.0	0.0	0.0	0.0	0.0	0.0	0.0	0.0	0.0	0.0	0.0	0.0	0.0	0.0	0.0	0.0	0.0	0.0	0.0	0.0
2076.5246419594387	2.1284916041445285	4311954.588664775	4.530476508913749	2379.69942275792	-11.5527556954994	133.46616415989382	5662969.342674376	2237.379436990489	-9.454280023989668	89.38341077201008	5005866.745067878	2232.4945974316747	1974.4660459424629	0.8718679999999999	74.70194999999998	1.149433629843618	0.6352785199116973	0.0094126548	0.0563976234	0.0347404879	0.0283648057	-0.0227512944	0.0128452849	0.0256239296	0.0098495138	0.0246074571	0.0696262924	0.0122553559	0.0311233804	0.0043012491	-0.0164640101	-0.0315169446	0.0054701103	-0.007868884	0.0297039096	-0.0097268841	-0.0236132461	0.0107943256	-0.0011686259	-0.0063742724	-0.0487459103	-0.0624874893	-0.0234448646	-0.0080932929	0.0122149198	0.0018413045	0.0402621133	0.0357267846	0.003226784	-0.0232087367	0.0257704827	-0.0354695726	0.0183804315	-0.0584889203	-0.0123637571	0.0358655047	-0.0097718611	0.0132347286	0.0343812149	0.0420302513	0.0490241061	-0.0227795284	-0.0763786853	-0.0689390864	-0.0064061583	0.0612463124	0.0799532077	0.0347647336	0.2501696610486874	-0.0136493998522411	0.0625848593092151	0.0001863061163263	-0.1395149077106907	0.0444185427189439	0.0194644094735225	0.0019730069372746	1.3316347214589823	0.501136283974368	1.7732510313951415	0.2511375751156384	-0.0005539784311438	0.0093632689912948	8.767080620334275e-05	3.06892102172546e-07	-0.0059339875760433	-0.0015099528861243	2.2799577183154045e-06	3.5212208552636235e-05	-0.0020126620809663	0.000931366188542	8.674429771594382e-07	4.050808652159598e-06	0.0	0.0	0.0	0.0	0.0	0.0	0.0	0.0	0.0	0.0	0.0	0.0	0.0	0.0	0.0	0.0	0.0	0.0	0.0	0.0	0.0	0.0	0.0	0.0	0.0	0.0	0.0	0.0	0.0	0.0	0.0	0.0	0.0	0.0	0.0	0.0	0.0	0.0	0.0	0.0	0.0	0.0	0.0	0.0	0.0	0.0	0.0	0.0	0.0	0.0	0.0	0.0	0.0	0.0	0.0	0.0	0.0	0.0	1.0	0.0	0.0	0.0	0.0	0.0	0.0	0.0	0.0	0.0	0.0	0.0	0.0	0.0	0.0	0.0	0.0	0.0	0.0	0.0	0.0	0.0	0.0	0.0	0.0	0.0	0.0	0.0	0.0	0.0	0.0	0.0	0.0	0.0	0.0	0.0	0.0	0.0	0.0	0.0	0.0	0.0	0.0	0.0	0.0	0.0	0.0	0.0	0.0	0.0	0.0	0.0	0.0	0.0	0.0	0.0	0.0	0.0	0.0	0.0	0.0	0.0	0.0	0.0	0.0	0.0	0.0	0.0	0.0	0.0	0.0	0.0	0.0	0.0	0.0	0.0	0.0	0.0	0.0	0.0	0.0	0.0	0.0	0.0	0.0	0.0	0.0	0.0	0.0	0.0	0.0	0.0	0.0	0.0	0.0	0.0	0.0	0.0	0.0	0.0	0.0	0.0	0.0	0.0	0.0	0.0	0.0	0.0	0.0	0.0	0.0	0.0	0.0	0.0	0.0	0.0	0.0	0.0	0.0	0.0	0.0	0.0	0.0	0.0	0.0	0.0	0.0	0.0	0.0	0.0	0.0	0.0	0.0	0.0	0.0	0.0	0.0	0.0	0.0	0.0	0.0	0.0	0.0	0.0	0.0	0.0	0.0	0.0	0.0	0.0	0.0	0.0	0.0	0.0	0.0	0.0	0.0	0.0	0.0	0.0	0.0	0.0	0.0	0.0	0.0	0.0	0.0	0.0	0.0	0.0	0.0	0.0	0.0	0.0	0.0	0.0	0.0	0.0	0.0	0.0	0.0	0.0	0.0
2058.0219805836887	-18.502661375749994	4235454.472565609	342.3484779856707	2377.143440560119	-2.5559821978008586	6.533044995474907	5650810.936997999	2202.217158773671	-35.16227821681787	1236.3858093969045	4849760.414397181	2189.4885204993057	1743.922435349547	1.025875	87.897301	1.764708010916013	0.8855242964734299	0.0770612652	0.1645503795	0.0664123452	-0.0151445824	-0.0169182182	0.023521863	0.0289929563	0.032597938	-0.0107544742	-0.0658333599	-0.0791170706	0.004704923	-0.028549173	-0.054218234	0.0038179782	0.032270712	-0.0464887694	0.0065930429	-0.0341986227	-0.04455531	0.0243117004	-0.0778759718	0.0302491222	-0.0297255043	-0.0497276354	0.0400893967	-0.0112478767	0.0035608768	-0.017577816	0.0521353857	0.0170904096	-0.0061957362	-0.0138280615	-0.0437563706	-0.0321713339	-0.0498924584	0.0647263769	0.0608526739	-0.0049769046	0.0373687042	0.0218581736	0.0776422513	0.0399796361	0.0483376736	-0.0244165784	-0.0772475461	-0.0670465522	-0.0021373389	0.0645158866	0.0785258491	0.0284607885	0.2673760440313941	0.0172063829827067	0.0714899489218779	0.0002960596153475	-0.2692838691603043	-0.1297689614496135	0.0725138021899438	0.0168399833557112	2.0938571683566	0.7622224468976178	4.38423784147832	0.5809830585545918	0.0109496307854302	0.011503609216574	0.0001323330250076	0.0001198944143372	-0.0088253088591878	-0.0028913212831444	8.359738762364357e-06	7.788607646005865e-05	-0.0047279359729693	-0.0027152738920029	7.372712308593117e-06	2.235337856449716e-05	0.0	0.0	0.0	0.0	0.0	0.0	0.0	0.0	0.0	0.0	0.0	0.0	0.0	0.0	0.0	0.0	0.0	0.0	0.0	0.0	0.0	0.0	0.0	0.0	0.0	0.0	0.0	0.0	0.0	0.0	0.0	0.0	0.0	0.0	0.0	0.0	0.0	0.0	0.0	0.0	0.0	0.0	0.0	0.0	0.0	0.0	0.0	0.0	0.0	0.0	0.0	0.0	0.0	0.0	0.0	0.0	0.0	0.0	0.0	1.0	0.0	0.0	0.0	0.0	0.0	0.0	0.0	0.0	0.0	0.0	0.0	0.0	0.0	0.0	0.0	0.0	0.0	0.0	0.0	0.0	0.0	0.0	0.0	0.0	0.0	0.0	0.0	0.0	0.0	0.0	0.0	0.0	0.0	0.0	0.0	0.0	0.0	0.0	0.0	0.0	0.0	0.0	0.0	0.0	0.0	0.0	0.0	0.0	0.0	0.0	0.0	0.0	0.0	0.0	0.0	0.0	0.0	0.0	0.0	0.0	0.0	0.0	0.0	0.0	0.0	0.0	0.0	0.0	0.0	0.0	0.0	0.0	0.0	0.0	0.0	0.0	0.0	0.0	0.0	0.0	0.0	0.0	0.0	0.0	0.0	0.0	0.0	0.0	0.0	0.0	0.0	0.0	0.0	0.0	0.0	0.0	0.0	0.0	0.0	0.0	0.0	0.0	0.0	0.0	0.0	0.0	0.0	0.0	0.0	0.0	0.0	0.0	0.0	0.0	0.0	0.0	0.0	0.0	0.0	0.0	0.0	0.0	0.0	0.0	0.0	0.0	0.0	0.0	0.0	0.0	0.0	0.0	0.0	0.0	0.0	0.0	0.0	0.0	0.0	0.0	0.0	0.0	0.0	0.0	0.0	0.0	0.0	0.0	0.0	0.0	0.0	0.0	0.0	0.0	0.0	0.0	0.0	0.0	0.0	0.0	0.0	0.0	0.0	0.0	0.0	0.0	0.0	0.0	0.0	0.0	0.0	0.0	0.0	0.0	0.0	0.0	0.0	0.0	0.0	0.0	0.0
2050.150797344056	-7.871183239632501	4203118.291850469	61.95552559187159	2332.372699058219	-44.77074150189992	2004.419294629944	5439962.407312121	2199.958511684252	-2.2586470894193558	5.101486674542525	4839817.453131989	2195.6242656641307	2110.071118821584	1.499538	128.480927	3.0845469236061938	2.1709191732842186	-0.0481133479	-0.0860375487	-0.0597989035	0.0617398164	0.0120669332	0.0166123835	-0.0382955356	-0.0384320212	-0.0414405623	-0.0303844782	0.0558789164	0.0157541683	-0.0288444978	-0.0469276837	-0.0104503661	0.0273040073	-0.0466492942	-0.0179089766	-0.0237415245	-0.013594627	0.0392707179	0.0349913797	0.0102066097	-0.0879004137	-0.1044209098	0.0114235946	0.0194595343	-0.0371232685	-0.0123324703	0.0194908301	-0.0695336889	0.0440789042	-0.0488541371	0.0784970797	0.0096603711	0.0148694884	-0.1072187665	-0.0792041857	-0.0365912575	-0.0219622794	-0.0564687794	-0.072108317	0.0003297948	0.0476459404	-0.0260429185	-0.0780401729	-0.0650363955	0.0021373389	0.0675308461	0.0766767246	0.0219572114	0.3412231844069708	0.0738471403755767	0.1164332615768336	0.0054534001416501	0.1279865502622215	0.3972704194225258	0.0163805570480241	0.1578237861481495	-0.0817384476814808	-2.175595616038081	0.0066811738293781	4.733216284524117	0.0054829095408868	-0.0054667212445434	2.9885041165542145e-05	3.00622970335475e-05	-0.0077610065070394	0.0010643023521483	1.1327394967886155e-06	6.023322200230791e-05	-0.0025022846142609	0.0022256513587083	4.953523970520545e-06	6.261428290766821e-06	0.0	0.0	0.0	0.0	0.0	0.0	0.0	0.0	0.0	0.0	0.0	0.0	0.0	0.0	0.0	0.0	0.0	0.0	0.0	0.0	0.0	0.0	0.0	0.0	0.0	0.0	0.0	0.0	0.0	0.0	0.0	0.0	0.0	0.0	0.0	0.0	0.0	0.0	0.0	0.0	0.0	0.0	0.0	0.0	0.0	0.0	0.0	0.0	0.0	0.0	0.0	0.0	0.0	0.0	0.0	0.0	0.0	0.0	0.0	0.0	1.0	0.0	0.0	0.0	0.0	0.0	0.0	0.0	0.0	0.0	0.0	0.0	0.0	0.0	0.0	0.0	0.0	0.0	0.0	0.0	0.0	0.0	0.0	0.0	0.0	0.0	0.0	0.0	0.0	0.0	0.0	0.0	0.0	0.0	0.0	0.0	0.0	0.0	0.0	0.0	0.0	0.0	0.0	0.0	0.0	0.0	0.0	0.0	0.0	0.0	0.0	0.0	0.0	0.0	0.0	0.0	0.0	0.0	0.0	0.0	0.0	0.0	0.0	0.0	0.0	0.0	0.0	0.0	0.0	0.0	0.0	0.0	0.0	0.0	0.0	0.0	0.0	0.0	0.0	0.0	0.0	0.0	0.0	0.0	0.0	0.0	0.0	0.0	0.0	0.0	0.0	0.0	0.0	0.0	0.0	0.0	0.0	0.0	0.0	0.0	0.0	0.0	0.0	0.0	0.0	0.0	0.0	0.0	0.0	0.0	0.0	0.0	0.0	0.0	0.0	0.0	0.0	0.0	0.0	0.0	0.0	0.0	0.0	0.0	0.0	0.0	0.0	0.0	0.0	0.0	0.0	0.0	0.0	0.0	0.0	0.0	0.0	0.0	0.0	0.0	0.0	0.0	0.0	0.0	0.0	0.0	0.0	0.0	0.0	0.0	0.0	0.0	0.0	0.0	0.0	0.0	0.0	0.0	0.0	0.0	0.0	0.0	0.0	0.0	0.0	0.0	0.0	0.0	0.0	0.0	0.0	0.0	0.0	0.0	0.0	0.0	0.0	0.0	0.0	0.0	0.0
2041.07540430868	-9.075393035376235	4165988.806073841	82.36275874655551	2330.520624448175	-1.8520746100439285	3.430180361169369	5431326.380978312	2182.935787698497	-17.022723985754965	289.7731318951974	4765208.653214857	2172.098464806321	1909.887291329806	1.360173	116.54007	3.226118014400248	1.6572792054388104	0.0133853157	0.086422614	-0.0679342241	-0.0085718237	-0.0016296814	0.06972236	0.0774694063	0.0172513558	0.0242735124	-0.0526255405	0.0185603035	-0.0075949132	-0.0436687473	-0.1084313162	0.016165496	0.0444882362	-0.0998210787	0.0217574292	-0.0029244136	-0.0053116073	0.0898444411	0.031687916	-0.0229053563	-0.032062446	-0.0867476873	0.030980408	0.0214330723	-0.0099655934	-0.0212636317	-0.0533107953	0.0198599964	0.0516041781	-0.0284641702	-0.0718259289	-0.0179523221	-0.0344427888	-0.0052904755	0.0178260583	0.0226520588	-0.0739674426	-0.0408968546	-0.0513215697	0.0307554157	0.0469489822	-0.0276578354	-0.0787557834	-0.0629121428	0.0064061583	0.0702792922	0.0744157659	0.0152996203	0.1671979806086625	-0.1740252037983083	0.0279551647196146	0.0302847715570427	0.304756157259817	0.1767696069975954	0.0928763153877702	0.0312474939580843	0.759616718036618	0.8413551657180988	0.5770175583207229	0.7078785148805294	0.0333239995376989	0.027841089996812	0.0007751262922105	0.0011104889451885	-0.0009711950829025	0.0067898114241369	4.610153917533996e-05	9.432198890539938e-07	0.003546174722515	0.0060484593367759	3.658386034863156e-05	1.2575355162604336e-05	0.0	0.0	0.0	0.0	0.0	0.0	0.0	0.0	0.0	0.0	0.0	0.0	0.0	0.0	0.0	0.0	0.0	0.0	0.0	0.0	0.0	0.0	0.0	0.0	0.0	0.0	0.0	0.0	0.0	0.0	0.0	0.0	0.0	0.0	0.0	0.0	0.0	0.0	0.0	0.0	0.0	0.0	0.0	0.0	0.0	0.0	0.0	0.0	0.0	0.0	0.0	0.0	0.0	0.0	0.0	0.0	0.0	0.0	0.0	0.0	0.0	1.0	0.0	0.0	0.0	0.0	0.0	0.0	0.0	0.0	0.0	0.0	0.0	0.0	0.0	0.0	0.0	0.0	0.0	0.0	0.0	0.0	0.0	0.0	0.0	0.0	0.0	0.0	0.0	0.0	0.0	0.0	0.0	0.0	0.0	0.0	0.0	0.0	0.0	0.0	0.0	0.0	0.0	0.0	0.0	0.0	0.0	0.0	0.0	0.0	0.0	0.0	0.0	0.0	0.0	0.0	0.0	0.0	0.0	0.0	0.0	0.0	0.0	0.0	0.0	0.0	0.0	0.0	0.0	0.0	0.0	0.0	0.0	0.0	0.0	0.0	0.0	0.0	0.0	0.0	0.0	0.0	0.0	0.0	0.0	0.0	0.0	0.0	0.0	0.0	0.0	0.0	0.0	0.0	0.0	0.0	0.0	0.0	0.0	0.0	0.0	0.0	0.0	0.0	0.0	0.0	0.0	0.0	0.0	0.0	0.0	0.0	0.0	0.0	0.0	0.0	0.0	0.0	0.0	0.0	0.0	0.0	0.0	0.0	0.0	0.0	0.0	0.0	0.0	0.0	0.0	0.0	0.0	0.0	0.0	0.0	0.0	0.0	0.0	0.0	0.0	0.0	0.0	0.0	0.0	0.0	0.0	0.0	0.0	0.0	0.0	0.0	0.0	0.0	0.0	0.0	0.0	0.0	0.0	0.0	0.0	0.0	0.0	0.0	0.0	0.0	0.0	0.0	0.0	0.0	0.0	0.0	0.0	0.0	0.0	0.0	0.0	0.0	0.0	0.0	0.0
2014.0275379700672	-27.04786633861272	4056306.9237017706	731.5870734714591	2326.270478549069	-4.2501458991059735	18.063740163687324	5411534.339368915	2180.763338171917	-2.17244952657984	4.719536945536969	4755728.737114723	2169.215254089143	1855.941200971045	1.294459	110.90966	0.7444490461114434	0.4283125812345751	0.031404284	0.0716577573	-0.0729430848	-0.0029933127	0.0043780945	0.0682044986	0.0446120428	0.0261006212	0.1003695715	-0.0228646526	-0.0438806176	-0.0090486035	-0.052356997	-0.0168837367	0.0156103145	0.0528280877	-0.0416087713	-0.0170889286	-0.0268248368	-0.0222133554	0.0812374767	0.0024232374	-0.0527607119	-0.0835391511	-0.0294202933	0.0436118059	0.0369407053	-0.0127833895	0.0502422842	-0.0169853852	-0.0775801975	-0.0178027094	-0.0541559576	-0.0515440299	0.048258353	-0.0590112156	0.100074885	0.0274564286	-0.0157869089	-0.0184655267	-0.0267230683	0.0195150021	-0.0447558582	0.0462468756	-0.0292606206	-0.0793936715	-0.0606775209	0.010657419	0.0727503781	0.0717551168	0.0085347133	0.2046830201990701	0.0374850395904075	0.0418951387578129	0.0014051281930944	0.016124558484492	-0.2886315987753249	0.0002600013863198	0.0833081998116001	0.7532638663021274	-0.0063528517344906	0.5674064522764293	4.035872516042058e-05	0.0354736134988124	0.0021496139611135	4.620840181814084e-06	0.0012583772546631	0.0036790960898822	0.0046502911727847	2.1625207991679297e-05	1.3535748038586492e-05	0.0049858607088412	0.0014396859863262	2.072695739224043e-06	2.4858807007966476e-05	0.0	0.0	0.0	0.0	0.0	0.0	0.0	0.0	0.0	0.0	0.0	0.0	0.0	0.0	0.0	0.0	0.0	0.0	0.0	0.0	0.0	0.0	0.0	0.0	0.0	0.0	0.0	0.0	0.0	0.0	0.0	0.0	0.0	0.0	0.0	0.0	0.0	0.0	0.0	0.0	0.0	0.0	0.0	0.0	0.0	0.0	0.0	0.0	0.0	0.0	0.0	0.0	0.0	0.0	0.0	0.0	0.0	0.0	0.0	0.0	0.0	0.0	1.0	0.0	0.0	0.0	0.0	0.0	0.0	0.0	0.0	0.0	0.0	0.0	0.0	0.0	0.0	0.0	0.0	0.0	0.0	0.0	0.0	0.0	0.0	0.0	0.0	0.0	0.0	0.0	0.0	0.0	0.0	0.0	0.0	0.0	0.0	0.0	0.0	0.0	0.0	0.0	0.0	0.0	0.0	0.0	0.0	0.0	0.0	0.0	0.0	0.0	0.0	0.0	0.0	0.0	0.0	0.0	0.0	0.0	0.0	0.0	0.0	0.0	0.0	0.0	0.0	0.0	0.0	0.0	0.0	0.0	0.0	0.0	0.0	0.0	0.0	0.0	0.0	0.0	0.0	0.0	0.0	0.0	0.0	0.0	0.0	0.0	0.0	0.0	0.0	0.0	0.0	0.0	0.0	0.0	0.0	0.0	0.0	0.0	0.0	0.0	0.0	0.0	0.0	0.0	0.0	0.0	0.0	0.0	0.0	0.0	0.0	0.0	0.0	0.0	0.0	0.0	0.0	0.0	0.0	0.0	0.0	0.0	0.0	0.0	0.0	0.0	0.0	0.0	0.0	0.0	0.0	0.0	0.0	0.0	0.0	0.0	0.0	0.0	0.0	0.0	0.0	0.0	0.0	0.0	0.0	0.0	0.0	0.0	0.0	0.0	0.0	0.0	0.0	0.0	0.0	0.0	0.0	0.0	0.0	0.0	0.0	0.0	0.0	0.0	0.0	0.0	0.0	0.0	0.0	0.0	0.0	0.0	0.0	0.0	0.0	0.0	0.0	0.0	0.0
1832.4353217747	-181.5922161953672	3357819.2084875484	32975.73298274498	2214.39296440229	-111.87751414677903	12516.578171662746	4903536.2007943615	1924.468054895816	-256.2952832761009	65687.27222957682	3703577.2943144855	1928.8793286047744	1688.0741667549978	2.693413	230.772476	5.714541524488497	3.0631999667874665	0.0447886485	0.0042813451	-0.1703019396	-0.0870461763	0.0997814405	0.1498974436	-0.2073200759	0.1198420046	-0.0070666888	0.0218120254	0.1299207461	-0.2322739016	-0.1874857716	0.1908084077	0.2394877683	0.1731291377	0.2355251721	0.0477699564	-0.0089239626	0.1610647289	0.0799482858	0.0957140755	0.0992594225	0.1523162108	-0.0336522853	0.1455654043	-0.1438198758	-0.0530259605	-0.0947459801	-0.0038709837	-0.0027623539	0.0932724071	-0.1173729697	0.0329122717	-0.1020367238	-0.038393455	0.28341117	0.296817442	-0.3229101187	-0.154150076	0.2323608785	0.1082831815	-0.0876778633	0.0455396975	-0.0308505711	-0.0799532077	-0.05833645	0.0148794683	0.0749343514	0.0687090676	0.0017099414	0.0126322570628758	-0.1920507631361943	0.0001595739185025	0.0368834956211946	1.8173599952671111	1.801235436782619	3.302797352397274	3.2444490987214727	-0.5032263829549422	-1.2564902492570695	0.2532367925019141	1.5787677464780927	0.0734021575022057	0.0379285440033933	0.0014385744502173	0.0053878767259786	-0.0027871184198469	-0.0064662145097291	4.181193008583115e-05	7.768029086249882e-06	8.53177157113319e-05	-0.0049005429931298	2.4015321627514246e-05	7.279112614199651e-09	0.0	0.0	0.0	0.0	0.0	0.0	0.0	0.0	0.0	0.0	0.0	0.0	0.0	0.0	0.0	0.0	0.0	0.0	0.0	0.0	0.0	0.0	0.0	0.0	0.0	0.0	0.0	0.0	0.0	0.0	0.0	0.0	0.0	0.0	0.0	0.0	0.0	0.0	0.0	0.0	0.0	0.0	0.0	0.0	0.0	0.0	0.0	0.0	0.0	0.0	0.0	0.0	0.0	0.0	0.0	0.0	0.0	0.0	0.0	0.0	0.0	0.0	0.0	1.0	0.0	0.0	0.0	0.0	0.0	0.0	0.0	0.0	0.0	0.0	0.0	0.0	0.0	0.0	0.0	0.0	0.0	0.0	0.0	0.0	0.0	0.0	0.0	0.0	0.0	0.0	0.0	0.0	0.0	0.0	0.0	0.0	0.0	0.0	0.0	0.0	0.0	0.0	0.0	0.0	0.0	0.0	0.0	0.0	0.0	0.0	0.0	0.0	0.0	0.0	0.0	0.0	0.0	0.0	0.0	0.0	0.0	0.0	0.0	0.0	0.0	0.0	0.0	0.0	0.0	0.0	0.0	0.0	0.0	0.0	0.0	0.0	0.0	0.0	0.0	0.0	0.0	0.0	0.0	0.0	0.0	0.0	0.0	0.0	0.0	0.0	0.0	0.0	0.0	0.0	0.0	0.0	0.0	0.0	0.0	0.0	0.0	0.0	0.0	0.0	0.0	0.0	0.0	0.0	0.0	0.0	0.0	0.0	0.0	0.0	0.0	0.0	0.0	0.0	0.0	0.0	0.0	0.0	0.0	0.0	0.0	0.0	0.0	0.0	0.0	0.0	0.0	0.0	0.0	0.0	0.0	0.0	0.0	0.0	0.0	0.0	0.0	0.0	0.0	0.0	0.0	0.0	0.0	0.0	0.0	0.0	0.0	0.0	0.0	0.0	0.0	0.0	0.0	0.0	0.0	0.0	0.0	0.0	0.0	0.0	0.0	0.0	0.0	0.0	0.0	0.0	0.0	0.0	0.0	0.0	0.0	0.0	0.0	0.0	0.0	0.0	0.0
1600.867617188674	-231.5677045860259	2562777.127763343	53623.60180724096	1774.4431566212274	-439.94980778106265	193555.833366594	3148648.516079906	1620.1051025390625	-304.3629523567536	92636.80676731945	2624740.543273106	1610.2701603693413	1243.5295681894104	2.923382	250.476288	9.000244370414826	4.777114545202915	0.1452047592	-0.0186976247	-0.2561805144	-0.1883060062	0.3784310535	0.354667203	-0.1208785788	0.2581376237	-0.1992868399	0.1821880176	0.1342017995	-0.5195741144	-0.25521067	0.5598447711	0.5426238962	0.2078638552	0.5559982371	-0.1376369701	0.1154636576	0.3212629403	0.1262839662	0.1890436878	0.0224474508	0.3145824911	0.1289917115	0.1947800678	-0.4510511907	-0.101725917	-0.0168020075	0.1519674511	0.1091389875	-0.2573882695	0.014065772	0.2622603978	0.1964945844	-0.0990138279	-0.0795321646	-0.1007961519	0.2265290986	-0.0600781899	-0.1790624896	0.0437478828	-0.0687076521	0.0448275254	-0.0324269895	-0.0804338397	-0.0558930371	0.0190607341	0.0768225931	0.0652939789	-0.0051268245	-0.2715735771807317	-0.2842058342436075	0.0737522078227388	0.0807729562181049	4.828296651317402	3.0109366560502906	23.312448553122834	9.065739546747306	0.0324751803081611	0.5357015632631033	0.0010546373360475	0.2869761648825326	0.1617647549549764	0.0883625974527706	0.0078079486286003	0.0261678359456435	0.0049399823534184	0.0077271007732653	5.97080863601972e-05	2.44034256520852e-05	-0.0072129903954092	-0.0072983081111205	5.326530128484774e-05	5.202723044426537e-05	0.0	0.0	0.0	0.0	0.0	0.0	0.0	0.0	0.0	0.0	0.0	0.0	0.0	0.0	0.0	0.0	0.0	0.0	0.0	0.0	0.0	0.0	0.0	0.0	0.0	0.0	0.0	0.0	0.0	0.0	0.0	0.0	0.0	0.0	0.0	0.0	0.0	0.0	0.0	0.0	0.0	0.0	0.0	0.0	0.0	0.0	0.0	0.0	0.0	0.0	0.0	0.0	0.0	0.0	0.0	0.0	0.0	0.0	0.0	0.0	0.0	0.0	0.0	0.0	1.0	0.0	0.0	0.0	0.0	0.0	0.0	0.0	0.0	0.0	0.0	0.0	0.0	0.0	0.0	0.0	0.0	0.0	0.0	0.0	0.0	0.0	0.0	0.0	0.0	0.0	0.0	0.0	0.0	0.0	0.0	0.0	0.0	0.0	0.0	0.0	0.0	0.0	0.0	0.0	0.0	0.0	0.0	0.0	0.0	0.0	0.0	0.0	0.0	0.0	0.0	0.0	0.0	0.0	0.0	0.0	0.0	0.0	0.0	0.0	0.0	0.0	0.0	0.0	0.0	0.0	0.0	0.0	0.0	0.0	0.0	0.0	0.0	0.0	0.0	0.0	0.0	0.0	0.0	0.0	0.0	0.0	0.0	0.0	0.0	0.0	0.0	0.0	0.0	0.0	0.0	0.0	0.0	0.0	0.0	0.0	0.0	0.0	0.0	0.0	0.0	0.0	0.0	0.0	0.0	0.0	0.0	0.0	0.0	0.0	0.0	0.0	0.0	0.0	0.0	0.0	0.0	0.0	0.0	0.0	0.0	0.0	0.0	0.0	0.0	0.0	0.0	0.0	0.0	0.0	0.0	0.0	0.0	0.0	0.0	0.0	0.0	0.0	0.0	0.0	0.0	0.0	0.0	0.0	0.0	0.0	0.0	0.0	0.0	0.0	0.0	0.0	0.0	0.0	0.0	0.0	0.0	0.0	0.0	0.0	0.0	0.0	0.0	0.0	0.0	0.0	0.0	0.0	0.0	0.0	0.0	0.0	0.0	0.0	0.0	0.0	0.0
1823.3785526254428	222.5109354367687	3324709.346174455	49511.11638894585	2095.7448258073364	321.30166918610894	103234.76262177978	4392146.374898222	1998.982157168181	378.8770546291185	143547.822524436	3995929.664676754	1961.1024760070163	1127.09429434228	3.59342	307.885345	7.007001270193333	3.495372943960904	0.1346889213	-0.003711755	-0.1236618135	-0.2905194052	0.1540995247	0.1843711039	-0.061172948	0.0830678693	-0.3784748992	-0.0407445401	0.1327991089	-0.1725902093	-0.1898733598	-0.0764405206	0.2132490401	0.164906959	-0.1429139816	-0.2319934399	-0.1552778044	0.2033243696	0.0549990094	-0.0037208831	-0.1953060604	0.1555782532	0.0932307423	0.0799983652	-0.0904828537	-0.0570263797	0.0681292771	-0.1485712293	-0.3085307902	-0.080135017	-0.1259064228	-0.1889437395	-0.2010440952	0.3729225253	0.0344422077	0.00866084	0.1584765526	0.486952166	-0.0062656204	-0.096917178	0.0621191578	0.0441104375	-0.0339891844	-0.0808350932	-0.0533515689	0.0231897558	0.0784076511	0.0615281933	-0.0119276293	0.0983889349908793	0.369962512171611	0.0096803825286394	0.1368722604123294	2.4008871755310395	-2.4274094757863622	5.764259229629412	5.892316763137422	0.9829440054733708	0.9504688251652096	0.966178917896034	0.903390987610934	0.1108836965506619	-0.0508810584043144	0.0025888821043432	0.0122951941607392	0.0131374798377708	0.0081974974843524	6.719896500596392e-05	0.0001725933764878	-0.0133176436481453	-0.0061046532527361	3.726679133614145e-05	0.0001773596323389	0.0	0.0	0.0	0.0	0.0	0.0	0.0	0.0	0.0	0.0	0.0	0.0	0.0	0.0	0.0	0.0	0.0	0.0	0.0	0.0	0.0	0.0	0.0	0.0	0.0	0.0	0.0	0.0	0.0	0.0	0.0	0.0	0.0	0.0	0.0	0.0	0.0	0.0	0.0	0.0	0.0	0.0	0.0	0.0	0.0	0.0	0.0	0.0	0.0	0.0	0.0	0.0	0.0	0.0	0.0	0.0	0.0	0.0	0.0	0.0	0.0	0.0	0.0	0.0	0.0	1.0	0.0	0.0	0.0	0.0	0.0	0.0	0.0	0.0	0.0	0.0	0.0	0.0	0.0	0.0	0.0	0.0	0.0	0.0	0.0	0.0	0.0	0.0	0.0	0.0	0.0	0.0	0.0	0.0	0.0	0.0	0.0	0.0	0.0	0.0	0.0	0.0	0.0	0.0	0.0	0.0	0.0	0.0	0.0	0.0	0.0	0.0	0.0	0.0	0.0	0.0	0.0	0.0	0.0	0.0	0.0	0.0	0.0	0.0	0.0	0.0	0.0	0.0	0.0	0.0	0.0	0.0	0.0	0.0	0.0	0.0	0.0	0.0	0.0	0.0	0.0	0.0	0.0	0.0	0.0	0.0	0.0	0.0	0.0	0.0	0.0	0.0	0.0	0.0	0.0	0.0	0.0	0.0	0.0	0.0	0.0	0.0	0.0	0.0	0.0	0.0	0.0	0.0	0.0	0.0	0.0	0.0	0.0	0.0	0.0	0.0	0.0	0.0	0.0	0.0	0.0	0.0	0.0	0.0	0.0	0.0	0.0	0.0	0.0	0.0	0.0	0.0	0.0	0.0	0.0	0.0	0.0	0.0	0.0	0.0	0.0	0.0	0.0	0.0	0.0	0.0	0.0	0.0	0.0	0.0	0.0	0.0	0.0	0.0	0.0	0.0	0.0	0.0	0.0	0.0	0.0	0.0	0.0	0.0	0.0	0.0	0.0	0.0	0.0	0.0	0.0	0.0	0.0	0.0	0.0	0.0	0.0	0.0	0.0	0.0	0.0
1791.417590855908	-31.960961769534837	3209176.984827985	1021.5030772336672	2056.9926810068628	-38.752144800473616	1501.7287266368744	4231218.889715801	1883.9143958713696	-115.06776129681134	13240.589689859951	3549133.450971388	1969.150931036016	1813.652981224328	3.841012	329.099091	19.03665908882751	12.106454140832868	-0.055410119	-0.1419531825	0.1393302587	-0.2234268768	0.300822147	-0.2825290274	0.1073918182	-0.111954339	0.0005044445	0.0161243365	-0.139931186	-0.2602250083	0.3132763144	-0.2068851737	0.2126414083	-0.372863187	-0.2270354204	-0.0554711056	0.1502191164	0.1686196259	-0.1956548994	0.0956312884	0.0707255831	-0.1315822595	0.0525048599	0.1830513169	0.1148708152	0.049313537	0.1261611861	0.0713563887	0.245204035	-0.0803745968	-0.0071392146	-0.2584175876	0.1147500403	-0.0109985386	0.0918115042	0.0836967036	0.01491034	0.111895975	-0.0327256638	-0.071803974	-0.0560097055	0.0433885123	-0.0355364705	-0.0811565722	-0.0507165039	0.0272552159	0.0796832699	0.057431937	-0.0186447705	-1.3442406720583762	-1.4426296070492557	1.8069829844159548	2.081180183135089	-0.478003778534898	-2.878890954065937	0.2284876122936398	8.288013125402683	4.386142333688547	3.403198328215176	19.23824457137481	11.581758861166566	-0.0953783818387017	-0.2062620783893636	0.0425440449814999	0.0090970357221691	0.02853177771581	0.0153942978780392	0.0002369844071578	0.0008140623396243	-0.0179000713706853	-0.0045824277225399	2.099864383230312e-05	0.0003204125550756	0.0	0.0	0.0	0.0	0.0	0.0	0.0	0.0	0.0	0.0	0.0	0.0	0.0	0.0	0.0	0.0	0.0	0.0	0.0	0.0	0.0	0.0	0.0	0.0	0.0	0.0	0.0	0.0	0.0	0.0	0.0	0.0	0.0	0.0	0.0	0.0	0.0	0.0	0.0	0.0	0.0	0.0	0.0	0.0	0.0	0.0	0.0	0.0	0.0	0.0	0.0	0.0	0.0	0.0	0.0	0.0	0.0	0.0	0.0	0.0	0.0	0.0	0.0	0.0	0.0	0.0	1.0	0.0	0.0	0.0	0.0	0.0	0.0	0.0	0.0	0.0	0.0	0.0	0.0	0.0	0.0	0.0	0.0	0.0	0.0	0.0	0.0	0.0	0.0	0.0	0.0	0.0	0.0	0.0	0.0	0.0	0.0	0.0	0.0	0.0	0.0	0.0	0.0	0.0	0.0	0.0	0.0	0.0	0.0	0.0	0.0	0.0	0.0	0.0	0.0	0.0	0.0	0.0	0.0	0.0	0.0	0.0	0.0	0.0	0.0	0.0	0.0	0.0	0.0	0.0	0.0	0.0	0.0	0.0	0.0	0.0	0.0	0.0	0.0	0.0	0.0	0.0	0.0	0.0	0.0	0.0	0.0	0.0	0.0	0.0	0.0	0.0	0.0	0.0	0.0	0.0	0.0	0.0	0.0	0.0	0.0	0.0	0.0	0.0	0.0	0.0	0.0	0.0	0.0	0.0	0.0	0.0	0.0	0.0	0.0	0.0	0.0	0.0	0.0	0.0	0.0	0.0	0.0	0.0	0.0	0.0	0.0	0.0	0.0	0.0	0.0	0.0	0.0	0.0	0.0	0.0	0.0	0.0	0.0	0.0	0.0	0.0	0.0	0.0	0.0	0.0	0.0	0.0	0.0	0.0	0.0	0.0	0.0	0.0	0.0	0.0	0.0	0.0	0.0	0.0	0.0	0.0	0.0	0.0	0.0	0.0	0.0	0.0	0.0	0.0	0.0	0.0	0.0	0.0	0.0	0.0	0.0	0.0	0.0	0.0	0.0
1869.0329031951087	77.61531233920073	3493283.993225937	6024.136709511685	2051.37643934276	-5.616241664102745	31.54217042960357	4208145.29589058	2083.052147740903	199.1377518695333	39655.844219651815	4339106.250207989	2075.532605639733	1714.2334871749968	2.702654	231.564285	6.412288692922974	3.733238506550157	-0.0379803453	-0.1859018619	-0.0122143079	-0.2444062704	0.2672930603	-0.1068472109	0.1540112291	-0.1994231038	0.1930207834	0.0152980834	-0.0746428864	-0.0869499818	0.1533467812	-0.0301794139	0.0963386365	-0.1541692177	-0.1053484928	-0.0756694145	0.0475083811	0.1685774431	-0.1830747681	-0.0228388033	-0.2298947769	0.0102192379	0.1026600066	0.1465468692	0.2309792231	0.1186898253	-0.0063577146	0.2164304482	-0.380871041	0.0136499105	0.0242950642	0.1084277893	0.1427236646	-0.0845930289	0.1513405565	0.0449439852	0.0405603185	-0.1814798873	0.0236926492	-0.0499480424	-0.0272034684	0.0426618292	-0.0370681691	-0.0813979594	-0.0479924649	0.0312459714	0.0806444153	0.0530272111	-0.0252311319	-0.382587055040446	0.9616536170179302	0.1463728546845212	0.924777679123668	-0.3671782414146207	0.1108255371202773	0.1348198609683334	0.0122822996779979	1.964063781532225	-2.422078552156321	3.857546537926664	5.866464512815663	-0.054753067890469	0.0406253139482327	0.0016504161333924	0.0029978984434183	0.0124604282429521	-0.0160713494728578	0.0002582882738787	0.0001552622719977	-0.016242115059207	0.0016579563114783	2.74881913077073e-06	0.0002638063015965	0.0	0.0	0.0	0.0	0.0	0.0	0.0	0.0	0.0	0.0	0.0	0.0	0.0	0.0	0.0	0.0	0.0	0.0	0.0	0.0	0.0	0.0	0.0	0.0	0.0	0.0	0.0	0.0	0.0	0.0	0.0	0.0	0.0	0.0	0.0	0.0	0.0	0.0	0.0	0.0	0.0	0.0	0.0	0.0	0.0	0.0	0.0	0.0	0.0	0.0	0.0	0.0	0.0	0.0	0.0	0.0	0.0	0.0	0.0	0.0	0.0	0.0	0.0	0.0	0.0	0.0	0.0	1.0	0.0	0.0	0.0	0.0	0.0	0.0	0.0	0.0	0.0	0.0	0.0	0.0	0.0	0.0	0.0	0.0	0.0	0.0	0.0	0.0	0.0	0.0	0.0	0.0	0.0	0.0	0.0	0.0	0.0	0.0	0.0	0.0	0.0	0.0	0.0	0.0	0.0	0.0	0.0	0.0	0.0	0.0	0.0	0.0	0.0	0.0	0.0	0.0	0.0	0.0	0.0	0.0	0.0	0.0	0.0	0.0	0.0	0.0	0.0	0.0	0.0	0.0	0.0	0.0	0.0	0.0	0.0	0.0	0.0	0.0	0.0	0.0	0.0	0.0	0.0	0.0	0.0	0.0	0.0	0.0	0.0	0.0	0.0	0.0	0.0	0.0	0.0	0.0	0.0	0.0	0.0	0.0	0.0	0.0	0.0	0.0	0.0	0.0	0.0	0.0	0.0	0.0	0.0	0.0	0.0	0.0	0.0	0.0	0.0	0.0	0.0	0.0	0.0	0.0	0.0	0.0	0.0	0.0	0.0	0.0	0.0	0.0	0.0	0.0	0.0	0.0	0.0	0.0	0.0	0.0	0.0	0.0	0.0	0.0	0.0	0.0	0.0	0.0	0.0	0.0	0.0	0.0	0.0	0.0	0.0	0.0	0.0	0.0	0.0	0.0	0.0	0.0	0.0	0.0	0.0	0.0	0.0	0.0	0.0	0.0	0.0	0.0	0.0	0.0	0.0	0.0	0.0	0.0	0.0	0.0	0.0	0.0	0.0
2102.356598240168	233.32369504505917	4419903.26616397	54439.94666947975	2383.0875762521405	331.71113690938046	110032.27834971374	5679106.396087302	2229.169944431471	146.11779669056796	21350.41050970615	4969198.641156607	2224.9203744283536	1983.20879612371	3.066004	262.696167	5.459578993679408	3.5366115993968066	-0.0403239417	0.054474993	-0.007722439	0.0526344237	-0.0245392718	-0.0097092457	0.0404500063	0.0551095288	0.0129280372	0.001558833	-0.0171394486	0.0398830795	0.0066383707	-0.0219980639	-0.0414715091	0.0047224393	0.0012150479	0.0441707811	-0.0286510093	-0.0938312427	0.0312199246	0.0239128374	0.0216510507	-0.0369940393	-0.00770917	0.003051585	0.0013082196	-0.0322138872	0.0075535049	0.0412993486	0.0531268198	-0.0101454726	0.0581994027	-0.0403522868	-0.082839708	0.0031839064	-0.0114939877	0.0262653078	-0.0105170113	0.0236574875	0.0524476386	0.0428139255	0.0287442373	0.0419304676	-0.0385836084	-0.0815590168	-0.0451842308	0.0351510839	0.081287294	0.0483376736	-0.0316405151	0.1711675223793207	0.5537545774197667	0.0292983207174752	0.3066441320133444	-0.3545158416231402	0.0126623997914804	0.1256814819617634	0.0001603363684792	1.4558066584627198	-0.5082571230695052	2.11937302682439	0.2583253031508901	0.0082308082980748	0.0629838761885438	0.0039669686597338	6.774620523965699e-05	0.0003831712484365	-0.0120772569945156	0.0001458601365115	1.4682020562838602e-07	-0.0036051503742933	0.0126369646849137	0.0001596928764477	1.299710922126712e-05	0.0	0.0	0.0	0.0	0.0	0.0	0.0	0.0	0.0	0.0	0.0	0.0	0.0	0.0	0.0	0.0	0.0	0.0	0.0	0.0	0.0	0.0	0.0	0.0	0.0	0.0	0.0	0.0	0.0	0.0	0.0	0.0	0.0	0.0	0.0	0.0	0.0	0.0	0.0	0.0	0.0	0.0	0.0	0.0	0.0	0.0	0.0	0.0	0.0	0.0	0.0	0.0	0.0	0.0	0.0	0.0	0.0	0.0	0.0	0.0	0.0	0.0	0.0	0.0	0.0	0.0	0.0	0.0	1.0	0.0	0.0	0.0	0.0	0.0	0.0	0.0	0.0	0.0	0.0	0.0	0.0	0.0	0.0	0.0	0.0	0.0	0.0	0.0	0.0	0.0	0.0	0.0	0.0	0.0	0.0	0.0	0.0	0.0	0.0	0.0	0.0	0.0	0.0	0.0	0.0	0.0	0.0	0.0	0.0	0.0	0.0	0.0	0.0	0.0	0.0	0.0	0.0	0.0	0.0	0.0	0.0	0.0	0.0	0.0	0.0	0.0	0.0	0.0	0.0	0.0	0.0	0.0	0.0	0.0	0.0	0.0	0.0	0.0	0.0	0.0	0.0	0.0	0.0	0.0	0.0	0.0	0.0	0.0	0.0	0.0	0.0	0.0	0.0	0.0	0.0	0.0	0.0	0.0	0.0	0.0	0.0	0.0	0.0	0.0	0.0	0.0	0.0	0.0	0.0	0.0	0.0	0.0	0.0	0.0	0.0	0.0	0.0	0.0	0.0	0.0	0.0	0.0	0.0	0.0	0.0	0.0	0.0	0.0	0.0	0.0	0.0	0.0	0.0	0.0	0.0	0.0	0.0	0.0	0.0	0.0	0.0	0.0	0.0	0.0	0.0	0.0	0.0	0.0	0.0	0.0	0.0	0.0	0.0	0.0	0.0	0.0	0.0	0.0	0.0	0.0	0.0	0.0	0.0	0.0	0.0	0.0	0.0	0.0	0.0	0.0	0.0	0.0	0.0	0.0	0.0	0.0	0.0	0.0	0.0	0.0	0.0
2048.006542433044	-54.35005580712368	4194330.797848552	2953.9285662374587	2329.5922968616223	-53.495279390518135	2861.7449170695945	5427000.269597009	2217.877821549125	-11.292122882345666	127.51203918999458	4918982.031319493	2209.389777632125	1891.0364097577344	1.089139	93.317757	0.8789652566043801	0.6086945534060709	-0.0382571444	-0.0026557714	0.0196639191	0.0045238845	0.0011023712	0.0210374851	0.0734845284	0.0404049814	0.0448898692	-0.0179549503	0.0177665103	0.0305241691	0.0316243277	0.027148062	-0.0302891029	-0.0191872634	0.0264355412	0.0223718411	0.0118443733	-0.0435555394	-0.0294780635	0.0338071733	0.0053558574	-0.0197203245	0.0152987213	-0.0234651222	0.0223525839	0.0243497687	-0.016792322	0.069517027	-0.0268149282	-0.037417261	0.0266197549	-0.0186068489	-0.0389058666	0.0149104478	-0.0700331763	-0.0305691764	0.0243625972	-0.039228394	0.0572878563	0.0535974374	0.0239028257	0.041194508	-0.0400821236	-0.0816395852	-0.0422967282	0.0389598496	0.0816093689	0.0433885123	-0.0378279629	0.1010320665643718	-0.0701354558149489	0.0102074784742676	0.0049189821623706	-0.3154252309215479	0.0390906107015923	0.0994930763019118	0.0015280758450234	1.5517983143501937	0.0959916558874738	2.4080780084201026	0.0092143980000191	-0.0029707568138734	-0.0112015651119482	0.0001254750609572	8.825396047175233e-06	0.0003739926586208	-9.17858981570001e-06	8.424651100487194e-11	1.3987050870225425e-07	-0.0013409433920499	0.0022642069822434	5.126633258439764e-06	1.7981291806822918e-06	0.0	0.0	0.0	0.0	0.0	0.0	0.0	0.0	0.0	0.0	0.0	0.0	0.0	0.0	0.0	0.0	0.0	0.0	0.0	0.0	0.0	0.0	0.0	0.0	0.0	0.0	0.0	0.0	0.0	0.0	0.0	0.0	0.0	0.0	0.0	0.0	0.0	0.0	0.0	0.0	0.0	0.0	0.0	0.0	0.0	0.0	0.0	0.0	0.0	0.0	0.0	0.0	0.0	0.0	0.0	0.0	0.0	0.0	0.0	0.0	0.0	0.0	0.0	0.0	0.0	0.0	0.0	0.0	0.0	1.0	0.0	0.0	0.0	0.0	0.0	0.0	0.0	0.0	0.0	0.0	0.0	0.0	0.0	0.0	0.0	0.0	0.0	0.0	0.0	0.0	0.0	0.0	0.0	0.0	0.0	0.0	0.0	0.0	0.0	0.0	0.0	0.0	0.0	0.0	0.0	0.0	0.0	0.0	0.0	0.0	0.0	0.0	0.0	0.0	0.0	0.0	0.0	0.0	0.0	0.0	0.0	0.0	0.0	0.0	0.0	0.0	0.0	0.0	0.0	0.0	0.0	0.0	0.0	0.0	0.0	0.0	0.0	0.0	0.0	0.0	0.0	0.0	0.0	0.0	0.0	0.0	0.0	0.0	0.0	0.0	0.0	0.0	0.0	0.0	0.0	0.0	0.0	0.0	0.0	0.0	0.0	0.0	0.0	0.0	0.0	0.0	0.0	0.0	0.0	0.0	0.0	0.0	0.0	0.0	0.0	0.0	0.0	0.0	0.0	0.0	0.0	0.0	0.0	0.0	0.0	0.0	0.0	0.0	0.0	0.0	0.0	0.0	0.0	0.0	0.0	0.0	0.0	0.0	0.0	0.0	0.0	0.0	0.0	0.0	0.0	0.0	0.0	0.0	0.0	0.0	0.0	0.0	0.0	0.0	0.0	0.0	0.0	0.0	0.0	0.0	0.0	0.0	0.0	0.0	0.0	0.0	0.0	0.0	0.0	0.0	0.0	0.0	0.0	0.0	0.0	0.0	0.0	0.0	0.0	0.0	0.0
2102.2332683728064	54.22672593976222	4419384.714653412	2940.5378061460806	2397.600257350974	68.00796048935172	4625.082689921224	5748486.994049457	2232.1105087943697	14.232687245244506	202.56938622094563	4982317.32347026	2221.954332943162	2036.0432240220368	0.849893	72.819084	0.4893219690576168	0.2010069565472959	-0.0710593653	-0.0003916459	0.0040752644	0.0448151033	-0.0430133564	-0.0147460683	0.0403167464	0.0472001835	-0.0132605013	-0.017680157	0.0477186909	0.046434195	-0.0072189748	-0.0365127143	-0.0432381697	0.013607742	-0.0167865747	0.0333287638	-0.0291337658	-0.088780342	-0.0024797945	0.0545726009	0.054026376	0.0030168798	0.018792195	-0.0429694511	0.0380147051	-0.0066502487	0.0084927226	0.0387567549	0.0232166957	-0.0268409619	0.0052636537	-0.0573808733	-0.0489509213	0.01728133	-0.0335663285	-0.014642875	0.0192677055	0.0036191451	0.034884539	0.0951823725	0.0021548343	0.0404540309	-0.0415630576	-0.0816395852	-0.0393350228	0.0426618292	0.0816093689	0.0382063093	-0.0437500746	0.0845091810655844	-0.0165228854987874	0.0071418016843757	0.000273005745206	-0.1997402504983796	0.1156849804231683	0.0398961676691554	0.0133830146955088	1.4526818291223975	-0.0991164852277961	2.1102844966623944	0.0098240776439119	-0.0005456421059814	0.0024251147078919	5.881181346434099e-06	2.977253078198174e-07	0.0015889530079709	0.00121496034935	1.4761286504929163e-06	2.524771661539771e-06	0.0001789339088653	0.0015198773009152	2.310027009837274e-06	3.2017343741815495e-08	0.0	0.0	0.0	0.0	0.0	0.0	0.0	0.0	0.0	0.0	0.0	0.0	0.0	0.0	0.0	0.0	0.0	0.0	0.0	0.0	0.0	0.0	0.0	0.0	0.0	0.0	0.0	0.0	0.0	0.0	0.0	0.0	0.0	0.0	0.0	0.0	0.0	0.0	0.0	0.0	0.0	0.0	0.0	0.0	0.0	0.0	0.0	0.0	0.0	0.0	0.0	0.0	0.0	0.0	0.0	0.0	0.0	0.0	0.0	0.0	0.0	0.0	0.0	0.0	0.0	0.0	0.0	0.0	0.0	0.0	0.0	0.0	0.0	0.0	0.0	0.0	0.0	0.0	0.0	0.0	0.0	0.0	0.0	0.0	0.0	0.0	0.0	0.0	0.0	0.0	0.0	0.0	0.0	0.0	0.0	0.0	0.0	0.0	0.0	0.0	0.0	0.0	0.0	0.0	0.0	0.0	0.0	0.0	0.0	0.0	0.0	0.0	0.0	0.0	0.0	0.0	0.0	0.0	0.0	0.0	0.0	0.0	0.0	0.0	0.0	0.0	0.0	0.0	0.0	0.0	0.0	0.0	0.0	0.0	0.0	0.0	0.0	0.0	0.0	0.0	0.0	0.0	0.0	0.0	0.0	0.0	0.0	0.0	0.0	0.0	0.0	0.0	0.0	0.0	0.0	0.0	0.0	0.0	0.0	0.0	0.0	0.0	0.0	0.0	0.0	0.0	0.0	0.0	0.0	0.0	0.0	0.0	0.0	0.0	0.0	0.0	0.0	0.0	0.0	0.0	0.0	0.0	0.0	0.0	0.0	0.0	0.0	0.0	0.0	0.0	0.0	0.0	0.0	0.0	0.0	0.0	0.0	0.0	0.0	0.0	0.0	0.0	0.0	0.0	0.0	0.0	0.0	0.0	0.0	0.0	0.0	0.0	0.0	0.0	0.0	0.0	0.0	0.0	0.0	0.0	0.0	0.0	0.0	0.0	0.0	0.0	0.0	0.0	0.0	0.0	0.0	0.0	0.0	0.0	0.0	0.0	0.0	0.0	0.0	0.0	0.0
2079.3252858757915	-22.907982497014928	4323593.644482442	524.7756620835423	2388.3164831710187	-9.283774179955344	86.18846302440552	5704055.623786383	2226.127836144489	-5.982672649880897	35.79237203563291	4955645.142857344	2220.5807050645144	1951.2921446190503	0.7712759999999999	66.083176	0.4106032459583629	0.1830568670719833	-0.0642872612	-0.0379949394	0.0101130968	0.0337414727	-0.0410139551	-0.0109587798	0.0071723523	0.0185765724	0.0320262932	-0.0082429809	0.0525503115	0.0388659152	0.0170455236	0.0245016662	-0.0400738619	-0.011104527	0.0256730557	-0.0010528986	-0.0063489565	-0.0605883572	-0.0144262176	0.0645027836	-0.0048087097	-0.0094505107	0.0078479889	-0.0256627052	0.0445748936	-0.0193400342	-0.0006307935	0.0748060868	-0.037626593	-0.036549606	-0.0185867276	-0.0082976987	-0.0041694736	0.0098932248	-0.0664187114	-0.0445224707	-0.0017160728	-0.0142041354	-0.0015450252	0.0758857658	-0.0044579081	0.0397091175	-0.0430257605	-0.0815590168	-0.0363043104	0.0462468756	0.081287294	0.0328188985	-0.049365311	0.0742107618709724	-0.0102984191946119	0.0055072371774701	0.0001060574379079	-0.1590120052113235	0.0407282452870561	0.0252848178013259	0.0016587899641626	1.3326151512959328	-0.1200666778264647	1.7758631414634818	0.014416007124284	-0.0031209730656094	-0.0025753309596279	6.632329551618474e-06	9.740472876259336e-06	0.0032960278462228	0.0017070748382519	2.9141045033927515e-06	1.086379956307611e-05	-0.0003288583662594	-0.0005077922751247	2.57852994676319e-07	1.0814782505880169e-07	0.0	0.0	0.0	0.0	0.0	0.0	0.0	0.0	0.0	0.0	0.0	0.0	0.0	0.0	0.0	0.0	0.0	0.0	0.0	0.0	0.0	0.0	0.0	0.0	0.0	0.0	0.0	0.0	0.0	0.0	0.0	0.0	0.0	0.0	0.0	0.0	0.0	0.0	0.0	0.0	0.0	0.0	0.0	0.0	0.0	0.0	0.0	0.0	0.0	0.0	0.0	0.0	0.0	0.0	0.0	0.0	0.0	0.0	0.0	0.0	0.0	0.0	0.0	0.0	0.0	0.0	0.0	0.0	0.0	0.0	0.0	0.0	0.0	0.0	0.0	0.0	0.0	0.0	0.0	0.0	0.0	0.0	0.0	0.0	0.0	0.0	0.0	0.0	0.0	0.0	0.0	0.0	0.0	0.0	0.0	0.0	0.0	0.0	0.0	0.0	0.0	0.0	0.0	0.0	0.0	0.0	0.0	0.0	0.0	0.0	0.0	0.0	0.0	0.0	0.0	0.0	0.0	0.0	0.0	0.0	0.0	0.0	0.0	0.0	0.0	0.0	0.0	0.0	0.0	0.0	0.0	0.0	0.0	0.0	0.0	0.0	0.0	0.0	0.0	0.0	0.0	0.0	0.0	0.0	0.0	0.0	0.0	0.0	0.0	0.0	0.0	0.0	0.0	0.0	0.0	0.0	0.0	0.0	0.0	0.0	0.0	0.0	0.0	0.0	0.0	0.0	0.0	0.0	0.0	0.0	0.0	0.0	0.0	0.0	0.0	0.0	0.0	0.0	0.0	0.0	0.0	0.0	0.0	0.0	0.0	0.0	0.0	0.0	0.0	0.0	0.0	0.0	0.0	0.0	0.0	0.0	0.0	0.0	0.0	0.0	0.0	0.0	0.0	0.0	0.0	0.0	0.0	0.0	0.0	0.0	0.0	0.0	0.0	0.0	0.0	0.0	0.0	0.0	0.0	0.0	0.0	0.0	0.0	0.0	0.0	0.0	0.0	0.0	0.0	0.0	0.0	0.0	0.0	0.0	0.0	0.0	0.0	0.0	0.0	0.0	0.0
2102.018587045775	22.69330116998344	4418482.140285916	514.9859179915719	2374.129801292942	-14.186681878076795	201.2619427097526	5636492.313387264	2228.4252879930577	2.297451848568926	5.278284996492775	4965879.264166942	2225.652446361369	2217.978844064181	1.005195	86.12541199999998	1.1331362349181064	0.6382953091466376	-0.1233862871	-0.0839376336	-0.0063609312	0.0811930334	-0.0419496997	0.0166186909	0.0805505795	-0.0003600476	0.0711224713	0.0247096152	-0.0047456629	0.0446482076	0.033072005	-0.0093234267	-0.0474401374	-0.0165331296	0.0173495757	0.0843758612	0.0127022798	-0.0846186655	-0.0368568988	0.0820943345	0.0256524013	0.0143858291	0.0649723742	-0.0775219581	0.0380406402	0.0358571543	0.0408275362	0.0236983917	-0.002048458	-0.0196694638	0.0441014543	-0.043028835	-0.0473288102	0.0384701476	-0.066440956	-0.0112673325	0.0440338309	-0.0496957391	0.0328157575	0.0788738002	-0.0015933304	0.0389598496	-0.044469591	-0.0813979594	-0.0332099078	0.0497051625	0.0806444153	0.0272552159	-0.0546342852	-0.0051263244083514	-0.0793370862793238	2.627920193965933e-05	0.0062943732592928	-0.4401657555962543	-0.2811537503849308	0.1937458923996214	0.079047431355512	1.329424577408851	-0.0031905738870818	1.7673697070187018	1.0179761728928792e-05	-0.0119431360812191	-0.0088221630156096	7.783056027399161e-05	0.0001426384994545	0.0092990633851972	0.0060030355389744	3.603643568218967e-05	8.647257984191521e-05	0.0002350395664919	0.0005638979327513	3.179808785611896e-07	5.524359781670028e-08	0.0	0.0	0.0	0.0	0.0	0.0	0.0	0.0	0.0	0.0	0.0	0.0	0.0	0.0	0.0	0.0	0.0	0.0	0.0	0.0	0.0	0.0	0.0	0.0	0.0	0.0	0.0	0.0	0.0	0.0	0.0	0.0	0.0	0.0	0.0	0.0	0.0	0.0	0.0	0.0	0.0	0.0	0.0	0.0	0.0	0.0	0.0	0.0	0.0	0.0	0.0	0.0	0.0	0.0	0.0	0.0	0.0	0.0	0.0	0.0	0.0	0.0	0.0	0.0	0.0	0.0	0.0	0.0	0.0	0.0	1.0	0.0	0.0	0.0	0.0	0.0	0.0	0.0	0.0	0.0	0.0	0.0	0.0	0.0	0.0	0.0	0.0	0.0	0.0	0.0	0.0	0.0	0.0	0.0	0.0	0.0	0.0	0.0	0.0	0.0	0.0	0.0	0.0	0.0	0.0	0.0	0.0	0.0	0.0	0.0	0.0	0.0	0.0	0.0	0.0	0.0	0.0	0.0	0.0	0.0	0.0	0.0	0.0	0.0	0.0	0.0	0.0	0.0	0.0	0.0	0.0	0.0	0.0	0.0	0.0	0.0	0.0	0.0	0.0	0.0	0.0	0.0	0.0	0.0	0.0	0.0	0.0	0.0	0.0	0.0	0.0	0.0	0.0	0.0	0.0	0.0	0.0	0.0	0.0	0.0	0.0	0.0	0.0	0.0	0.0	0.0	0.0	0.0	0.0	0.0	0.0	0.0	0.0	0.0	0.0	0.0	0.0	0.0	0.0	0.0	0.0	0.0	0.0	0.0	0.0	0.0	0.0	0.0	0.0	0.0	0.0	0.0	0.0	0.0	0.0	0.0	0.0	0.0	0.0	0.0	0.0	0.0	0.0	0.0	0.0	0.0	0.0	0.0	0.0	0.0	0.0	0.0	0.0	0.0	0.0	0.0	0.0	0.0	0.0	0.0	0.0	0.0	0.0	0.0	0.0	0.0	0.0	0.0	0.0	0.0	0.0	0.0	0.0	0.0	0.0	0.0	0.0	0.0	0.0	0.0	0.0
2086.993984107219	-15.024602938555743	4355543.889699724	225.73869346125792	2420.3369596298426	46.20715833690065	2135.101481571407	5858030.99815023	2244.818672843601	16.393384850543043	268.7430668580142	5039210.873947306	2250.9193375750287	2166.090453583407	0.8687479999999999	74.434624	0.8841350675213864	0.4432366431082034	-0.1249404092	-0.1421072481	-0.0348486203	0.049093387	-0.0517153167	-0.0550570176	0.0067772155	-0.0286071074	0.0222826275	0.0571570765	0.1107098904	0.0512594067	0.0541251461	0.0598583414	-0.0617456997	-0.0428555885	0.0665721235	0.0400253733	0.025811987	-0.0445235762	-0.0589153477	0.0808944341	-0.0483318385	0.0094533361	0.0887816747	-0.095267044	0.0430480811	-0.0006734435	0.0377435214	0.0471908926	-0.0275983383	-0.0213041634	0.0231731085	-0.0697081162	-0.0048114046	-0.0472594015	0.002724138	-0.0451149317	0.0497458938	-0.0550728845	0.022310278	0.0749892057	-0.0336190016	0.0382063093	-0.0458939156	-0.0811565722	-0.0300572439	0.0530272111	0.0796832699	0.0215451443	-0.0595200392	-0.161561034753376	-0.1564347103450246	0.0261019679505815	0.0244718186007317	-0.2719758508053473	0.168189904790907	0.0739708634212925	0.0282878440735743	1.170549825973076	-0.1588747514357749	1.3701868950855984	0.0252411866437792	-0.0188997163425918	-0.0069565802613727	4.8394008932920265e-05	0.0003571992778304	0.009632119026639	0.0003330556414417	1.109260602962085e-07	9.277771694334104e-05	-0.0004880385496872	-0.0007230781161791	5.228419620971161e-07	2.381816259807856e-07	0.0	0.0	0.0	0.0	0.0	0.0	0.0	0.0	0.0	0.0	0.0	0.0	0.0	0.0	0.0	0.0	0.0	0.0	0.0	0.0	0.0	0.0	0.0	0.0	0.0	0.0	0.0	0.0	0.0	0.0	0.0	0.0	0.0	0.0	0.0	0.0	0.0	0.0	0.0	0.0	0.0	0.0	0.0	0.0	0.0	0.0	0.0	0.0	0.0	0.0	0.0	0.0	0.0	0.0	0.0	0.0	0.0	0.0	0.0	0.0	0.0	0.0	0.0	0.0	0.0	0.0	0.0	0.0	0.0	0.0	0.0	1.0	0.0	0.0	0.0	0.0	0.0	0.0	0.0	0.0	0.0	0.0	0.0	0.0	0.0	0.0	0.0	0.0	0.0	0.0	0.0	0.0	0.0	0.0	0.0	0.0	0.0	0.0	0.0	0.0	0.0	0.0	0.0	0.0	0.0	0.0	0.0	0.0	0.0	0.0	0.0	0.0	0.0	0.0	0.0	0.0	0.0	0.0	0.0	0.0	0.0	0.0	0.0	0.0	0.0	0.0	0.0	0.0	0.0	0.0	0.0	0.0	0.0	0.0	0.0	0.0	0.0	0.0	0.0	0.0	0.0	0.0	0.0	0.0	0.0	0.0	0.0	0.0	0.0	0.0	0.0	0.0	0.0	0.0	0.0	0.0	0.0	0.0	0.0	0.0	0.0	0.0	0.0	0.0	0.0	0.0	0.0	0.0	0.0	0.0	0.0	0.0	0.0	0.0	0.0	0.0	0.0	0.0	0.0	0.0	0.0	0.0	0.0	0.0	0.0	0.0	0.0	0.0	0.0	0.0	0.0	0.0	0.0	0.0	0.0	0.0	0.0	0.0	0.0	0.0	0.0	0.0	0.0	0.0	0.0	0.0	0.0	0.0	0.0	0.0	0.0	0.0	0.0	0.0	0.0	0.0	0.0	0.0	0.0	0.0	0.0	0.0	0.0	0.0	0.0	0.0	0.0	0.0	0.0	0.0	0.0	0.0	0.0	0.0	0.0	0.0	0.0	0.0	0.0	0.0	0.0
2097.3544543534795	10.36047024626032	4398895.707196382	107.33934372364536	2422.5668527263483	2.229893096505748	4.972423221843993	5868830.155928445	2234.4741950657058	-10.344477777895008	107.00822049736364	4992874.928414534	2231.9472164991425	2032.6325026518848	1.10702	94.849823	1.626427087422216	1.252865727334193	-0.0842336913	-0.0222801075	-0.0469299123	0.0600631384	-0.0563571744	-0.0235559904	0.0454019236	0.0319627098	0.0599647522	-0.0161294017	0.0346015168	0.049237355	0.0261234425	0.0224197491	-0.0513907899	-0.0183778422	0.0301348104	0.0194713204	0.0029614249	-0.0968665269	0.0113696908	0.0885501592	0.0016019083	-0.0127152433	0.0268181063	0.0089169083	0.0357827122	-0.0059433302	0.0439532658	0.0498214657	-0.0367930908	-0.0194640596	-0.00180573	-0.01239501	-0.0150987361	0.050119293	-0.0567030275	0.0178255754	-0.0344444501	0.0064800649	-0.0255880016	0.062978997	-0.0188125368	0.0374485793	-0.0472981097	-0.0808350932	-0.0268518493	0.0562039158	0.0784076511	0.0157193527	-0.0639883028	-0.0494781102277954	0.1120829245255806	0.0024480833917138	0.0125625819702069	-0.2243818277855069	0.0475940230198404	0.0503472046403648	0.0022651910272131	1.287293083323796	0.1167432573507201	1.657123482373286	0.0136289881368564	0.0056122721923676	0.0245119885349593	0.0006008375819379	3.1497599161222624e-05	0.0109133266627443	0.0012812076361052	1.6414930068145303e-06	0.0001191006988477	0.0007189029297696	0.0012069414794568	1.456707734833369e-06	5.168214224313143e-07	0.0	0.0	0.0	0.0	0.0	0.0	0.0	0.0	0.0	0.0	0.0	0.0	0.0	0.0	0.0	0.0	0.0	0.0	0.0	0.0	0.0	0.0	0.0	0.0	0.0	0.0	0.0	0.0	0.0	0.0	0.0	0.0	0.0	0.0	0.0	0.0	0.0	0.0	0.0	0.0	0.0	0.0	0.0	0.0	0.0	0.0	0.0	0.0	0.0	0.0	0.0	0.0	0.0	0.0	0.0	0.0	0.0	0.0	0.0	0.0	0.0	0.0	0.0	0.0	0.0	0.0	0.0	0.0	0.0	0.0	0.0	0.0	1.0	0.0	0.0	0.0	0.0	0.0	0.0	0.0	0.0	0.0	0.0	0.0	0.0	0.0	0.0	0.0	0.0	0.0	0.0	0.0	0.0	0.0	0.0	0.0	0.0	0.0	0.0	0.0	0.0	0.0	0.0	0.0	0.0	0.0	0.0	0.0	0.0	0.0	0.0	0.0	0.0	0.0	0.0	0.0	0.0	0.0	0.0	0.0	0.0	0.0	0.0	0.0	0.0	0.0	0.0	0.0	0.0	0.0	0.0	0.0	0.0	0.0	0.0	0.0	0.0	0.0	0.0	0.0	0.0	0.0	0.0	0.0	0.0	0.0	0.0	0.0	0.0	0.0	0.0	0.0	0.0	0.0	0.0	0.0	0.0	0.0	0.0	0.0	0.0	0.0	0.0	0.0	0.0	0.0	0.0	0.0	0.0	0.0	0.0	0.0	0.0	0.0	0.0	0.0	0.0	0.0	0.0	0.0	0.0	0.0	0.0	0.0	0.0	0.0	0.0	0.0	0.0	0.0	0.0	0.0	0.0	0.0	0.0	0.0	0.0	0.0	0.0	0.0	0.0	0.0	0.0	0.0	0.0	0.0	0.0	0.0	0.0	0.0	0.0	0.0	0.0	0.0	0.0	0.0	0.0	0.0	0.0	0.0	0.0	0.0	0.0	0.0	0.0	0.0	0.0	0.0	0.0	0.0	0.0	0.0	0.0	0.0	0.0	0.0	0.0	0.0	0.0	0.0	0.0
2066.943285185676	-30.411169167803564	4272254.544174154	924.839210152766	2384.723055068761	-37.8437976575874	1432.1530211484178	5686904.049376485	2240.49699468198	6.022799616274369	36.27411521779469	5019826.783178985	2241.3145196894734	2000.4478612001944	1.182026	101.276382	1.7361350911676612	1.145372080546073	-0.0947095368	-0.0827387641	-0.0012828484	0.0262836653	-0.0313017363	-0.0513451617	0.0396327857	0.0437066305	-0.0189442561	0.0421328341	0.0402214029	0.0531407372	0.0426273713	0.022637894	-0.0577825785	-0.0314292198	0.0381151176	0.0322638038	-0.016201003	-0.057009737	-0.0494669536	0.0593184463	-0.0174511251	0.0345513699	0.0697977103	-0.0814137511	0.0462204282	-0.0586224162	0.0037946661	0.051096598	-0.0341119591	-0.0264371802	0.0162825042	-0.0683791256	0.0181578835	0.01117109	-0.0584657256	-0.0557777692	0.0689359604	-0.0659555614	0.0598790435	0.0640986169	-0.0398771549	0.0366867426	-0.0486815572	-0.0804338397	-0.0235993474	0.0592265694	0.0768225931	0.0098091318	-0.0680077345	0.0086733327675716	0.058151442995367	7.522670129703124e-05	0.0033815903224434	-0.4425560097412813	-0.2181741819557744	0.195855821758125	0.0475999736720713	1.6352513027428657	0.3479582194190695	2.6740468231222394	0.1210749224612893	-0.0147595324160116	-0.0203718046083792	0.0004150104230019	0.0002178437971392	0.0094120294598323	-0.001501297202912	2.253893291471395e-06	8.858629855275109e-05	0.0003549798051118	-0.0003639231246577	1.324400406606966e-07	1.260106620372115e-07	0.0	0.0	0.0	0.0	0.0	0.0	0.0	0.0	0.0	0.0	0.0	0.0	0.0	0.0	0.0	0.0	0.0	0.0	0.0	0.0	0.0	0.0	0.0	0.0	0.0	0.0	0.0	0.0	0.0	0.0	0.0	0.0	0.0	0.0	0.0	0.0	0.0	0.0	0.0	0.0	0.0	0.0	0.0	0.0	0.0	0.0	0.0	0.0	0.0	0.0	0.0	0.0	0.0	0.0	0.0	0.0	0.0	0.0	0.0	0.0	0.0	0.0	0.0	0.0	0.0	0.0	0.0	0.0	0.0	0.0	0.0	0.0	0.0	1.0	0.0	0.0	0.0	0.0	0.0	0.0	0.0	0.0	0.0	0.0	0.0	0.0	0.0	0.0	0.0	0.0	0.0	0.0	0.0	0.0	0.0	0.0	0.0	0.0	0.0	0.0	0.0	0.0	0.0	0.0	0.0	0.0	0.0	0.0	0.0	0.0	0.0	0.0	0.0	0.0	0.0	0.0	0.0	0.0	0.0	0.0	0.0	0.0	0.0	0.0	0.0	0.0	0.0	0.0	0.0	0.0	0.0	0.0	0.0	0.0	0.0	0.0	0.0	0.0	0.0	0.0	0.0	0.0	0.0	0.0	0.0	0.0	0.0	0.0	0.0	0.0	0.0	0.0	0.0	0.0	0.0	0.0	0.0	0.0	0.0	0.0	0.0	0.0	0.0	0.0	0.0	0.0	0.0	0.0	0.0	0.0	0.0	0.0	0.0	0.0	0.0	0.0	0.0	0.0	0.0	0.0	0.0	0.0	0.0	0.0	0.0	0.0	0.0	0.0	0.0	0.0	0.0	0.0	0.0	0.0	0.0	0.0	0.0	0.0	0.0	0.0	0.0	0.0	0.0	0.0	0.0	0.0	0.0	0.0	0.0	0.0	0.0	0.0	0.0	0.0	0.0	0.0	0.0	0.0	0.0	0.0	0.0	0.0	0.0	0.0	0.0	0.0	0.0	0.0	0.0	0.0	0.0	0.0	0.0	0.0	0.0	0.0	0.0	0.0	0.0	0.0	0.0
2071.819568155136	4.876282969460135	4292436.322990535	23.77813559824695	2414.598774949165	29.875719880404176	892.5586383723773	5830287.243986009	2233.421608302904	-7.075386379076008	50.061092413214304	4988172.080434331	2236.175541575362	1756.588353262992	1.471819	126.105927	3.5348447049574605	1.9462613845600407	-0.0055050338	0.0467139134	0.0300759451	-0.032926769	-0.0495952272	-0.037043083	-0.0022266312	0.0539204756	-0.044901526	-0.0147605463	-0.0327327555	0.0451932608	0.0236690202	-0.0204011382	-0.0493774715	-0.0189820427	-0.0148776477	0.0034700093	-0.0311404612	-0.0326536093	-0.004162001	-0.0248319973	-0.1160730505	0.118063668	-0.0569368981	-0.0063935155	0.1154582941	-0.2010187541	-0.0719463739	0.0612159602	0.1046662096	-0.0035072674	0.064490711	0.0287335461	0.0564100911	0.0368148835	0.0393713478	-0.058359133	0.0132463299	0.0315189243	0.1745145835	0.0898695071	0.1470410613	0.0359208828	-0.0500436514	-0.0799532077	-0.0203054443	0.0620868871	0.0749343514	0.0038462256	-0.0715501408	-0.4085863965989773	-0.4172597293665488	0.1669428434857367	0.1741056817510456	-0.4094608555663797	0.0330951541749016	0.1676581922411516	0.0010952892298605	1.958906834311996	0.3236555315691303	3.8373159855142456	0.1047529031152963	0.0134344590820024	0.028193991498014	0.00079490115659	0.0001804846908259	-0.013449169513906	-0.0228611989737382	0.0005226344185168	0.0001808801606137	-0.0038065155200735	-0.0041614953251853	1.7318043341539107e-05	1.4489560404560428e-05	0.0	0.0	0.0	0.0	0.0	0.0	0.0	0.0	0.0	0.0	0.0	0.0	0.0	0.0	0.0	0.0	0.0	0.0	0.0	0.0	0.0	0.0	0.0	0.0	0.0	0.0	0.0	0.0	0.0	0.0	0.0	0.0	0.0	0.0	0.0	0.0	0.0	0.0	0.0	0.0	0.0	0.0	0.0	0.0	0.0	0.0	0.0	0.0	0.0	0.0	0.0	0.0	0.0	0.0	0.0	0.0	0.0	0.0	0.0	0.0	0.0	0.0	0.0	0.0	0.0	0.0	0.0	0.0	0.0	0.0	0.0	0.0	0.0	0.0	1.0	0.0	0.0	0.0	0.0	0.0	0.0	0.0	0.0	0.0	0.0	0.0	0.0	0.0	0.0	0.0	0.0	0.0	0.0	0.0	0.0	0.0	0.0	0.0	0.0	0.0	0.0	0.0	0.0	0.0	0.0	0.0	0.0	0.0	0.0	0.0	0.0	0.0	0.0	0.0	0.0	0.0	0.0	0.0	0.0	0.0	0.0	0.0	0.0	0.0	0.0	0.0	0.0	0.0	0.0	0.0	0.0	0.0	0.0	0.0	0.0	0.0	0.0	0.0	0.0	0.0	0.0	0.0	0.0	0.0	0.0	0.0	0.0	0.0	0.0	0.0	0.0	0.0	0.0	0.0	0.0	0.0	0.0	0.0	0.0	0.0	0.0	0.0	0.0	0.0	0.0	0.0	0.0	0.0	0.0	0.0	0.0	0.0	0.0	0.0	0.0	0.0	0.0	0.0	0.0	0.0	0.0	0.0	0.0	0.0	0.0	0.0	0.0	0.0	0.0	0.0	0.0	0.0	0.0	0.0	0.0	0.0	0.0	0.0	0.0	0.0	0.0	0.0	0.0	0.0	0.0	0.0	0.0	0.0	0.0	0.0	0.0	0.0	0.0	0.0	0.0	0.0	0.0	0.0	0.0	0.0	0.0	0.0	0.0	0.0	0.0	0.0	0.0	0.0	0.0	0.0	0.0	0.0	0.0	0.0	0.0	0.0	0.0	0.0	0.0	0.0	0.0
2037.2845497067967	-34.535018448339315	4150528.3364740256	1192.667499227137	2385.5143537129443	-29.084421236220805	845.9035586459318	5690678.731770487	2219.487496417502	-13.934111885402215	194.15947403490733	4926124.74675363	2219.627599204459	1331.312433618014	1.666916	142.821884	6.39915524582905	3.724788879883325	0.1102763133	0.0202330466	0.0819858707	0.0769515703	-0.0350167073	-0.0117110286	0.0017382837	-0.0584829054	0.0046327241	0.0267249467	0.0959674368	0.033164056	0.0082890666	-0.0186757177	-0.0335901833	-0.0108274623	-0.0226956029	-0.0202324242	0.0061901686	-0.0102315556	0.0116787014	-0.0817774146	0.0117575591	0.0012220454	0.0056537311	-0.0058373536	-0.0262313491	0.045821786	-0.0156154768	-0.1118679642	0.0241054305	-0.0168890657	0.002721434	0.0108172926	0.1307502262	0.0027941868	-0.0433324115	0.0712545243	-0.0025520924	0.0068609569	-0.0039395	-0.1020404271	0.0165962441	0.0351510839	-0.0513837948	-0.0793936715	-0.0169759185	0.064777029	0.0727503781	-0.0021373389	-0.0745906743	-0.9988724683941969	-0.5902860717952196	0.9977462081159156	0.3484376465554312	-0.6450798599231007	-0.235619004356721	0.4161280256784072	0.0555163152140525	3.7020628170336	1.743155982721604	13.705269101262754	3.038592780098121	0.0264506989770172	0.0130162398950148	0.0001694225010045	0.0006996394763727	-0.0073360677937459	0.0061131017201601	3.737001264102437e-05	5.381789067443583e-05	-0.0612790576440087	-0.0574725421239352	0.0033030930981875	0.0037551229057377	0.0	0.0	0.0	0.0	0.0	0.0	0.0	0.0	0.0	0.0	0.0	0.0	0.0	0.0	0.0	0.0	0.0	0.0	0.0	0.0	0.0	0.0	0.0	0.0	0.0	0.0	0.0	0.0	0.0	0.0	0.0	0.0	0.0	0.0	0.0	0.0	0.0	0.0	0.0	0.0	0.0	0.0	0.0	0.0	0.0	0.0	0.0	0.0	0.0	0.0	0.0	0.0	0.0	0.0	0.0	0.0	0.0	0.0	0.0	0.0	0.0	0.0	0.0	0.0	0.0	0.0	0.0	0.0	0.0	0.0	0.0	0.0	0.0	0.0	0.0	1.0	0.0	0.0	0.0	0.0	0.0	0.0	0.0	0.0	0.0	0.0	0.0	0.0	0.0	0.0	0.0	0.0	0.0	0.0	0.0	0.0	0.0	0.0	0.0	0.0	0.0	0.0	0.0	0.0	0.0	0.0	0.0	0.0	0.0	0.0	0.0	0.0	0.0	0.0	0.0	0.0	0.0	0.0	0.0	0.0	0.0	0.0	0.0	0.0	0.0	0.0	0.0	0.0	0.0	0.0	0.0	0.0	0.0	0.0	0.0	0.0	0.0	0.0	0.0	0.0	0.0	0.0	0.0	0.0	0.0	0.0	0.0	0.0	0.0	0.0	0.0	0.0	0.0	0.0	0.0	0.0	0.0	0.0	0.0	0.0	0.0	0.0	0.0	0.0	0.0	0.0	0.0	0.0	0.0	0.0	0.0	0.0	0.0	0.0	0.0	0.0	0.0	0.0	0.0	0.0	0.0	0.0	0.0	0.0	0.0	0.0	0.0	0.0	0.0	0.0	0.0	0.0	0.0	0.0	0.0	0.0	0.0	0.0	0.0	0.0	0.0	0.0	0.0	0.0	0.0	0.0	0.0	0.0	0.0	0.0	0.0	0.0	0.0	0.0	0.0	0.0	0.0	0.0	0.0	0.0	0.0	0.0	0.0	0.0	0.0	0.0	0.0	0.0	0.0	0.0	0.0	0.0	0.0	0.0	0.0	0.0	0.0	0.0	0.0	0.0	0.0
2053.7802674000213	16.495717693224606	4218013.386761704	272.1087022145633	2403.323238843108	17.808885130163617	317.1563895793628	5775962.590363327	2214.3966147381325	-5.090881679369431	25.917076273339323	4903552.367363702	2217.1443023149977	1684.432766158195	1.273104	109.079948	5.7279634251994125	3.4661552908269506	-0.0001347467	0.0874013641	0.0577289201	0.0152212211	-0.0382586932	-0.0936927421	-0.0050636083	0.0843250009	-0.0741857596	-0.0549694758	-0.0342562069	0.0382041008	0.0150646752	0.0222355607	-0.0421023552	-0.0184125468	0.0268814597	-0.0169020312	-0.0069715062	-0.0811509036	-0.0050017439	0.0055509478	0.0077378114	-0.0121225151	0.0203197965	-0.007886653	-0.0182033756	-0.0559504413	-0.0345442708	0.0408887877	0.044655856	0.015373905	0.0674449947	-0.0487124089	0.0294682323	0.0220077329	0.039085888	0.0264735881	-0.003572317	0.0712199623	0.0151916197	0.0295690763	-0.0359465779	0.0343774302	-0.0527013995	-0.0787557834	-0.0136166111	0.0672896215	0.0702792922	-0.0081094236	-0.0771080077	-0.2358582751757154	0.7630141932184815	0.0556291259688634	0.5821906590528503	-0.5140391429412858	0.1310407169818148	0.2642362404758117	0.0171716695071081	2.4841345056869244	-1.2179283113466757	6.17092424234442	1.483349371579765	0.0115530564179174	-0.0148976425590998	0.0002219397538187	0.0001334731125955	-0.0048488808338036	0.0024871869599423	6.18609897370702e-06	2.351164534042789e-05	-0.006344283090002	0.0549347745540067	0.0030178294552995	4.024992792608532e-05	0.0	0.0	0.0	0.0	0.0	0.0	0.0	0.0	0.0	0.0	0.0	0.0	0.0	0.0	0.0	0.0	0.0	0.0	0.0	0.0	0.0	0.0	0.0	0.0	0.0	0.0	0.0	0.0	0.0	0.0	0.0	0.0	0.0	0.0	0.0	0.0	0.0	0.0	0.0	0.0	0.0	0.0	0.0	0.0	0.0	0.0	0.0	0.0	0.0	0.0	0.0	0.0	0.0	0.0	0.0	0.0	0.0	0.0	0.0	0.0	0.0	0.0	0.0	0.0	0.0	0.0	0.0	0.0	0.0	0.0	0.0	0.0	0.0	0.0	0.0	0.0	1.0	0.0	0.0	0.0	0.0	0.0	0.0	0.0	0.0	0.0	0.0	0.0	0.0	0.0	0.0	0.0	0.0	0.0	0.0	0.0	0.0	0.0	0.0	0.0	0.0	0.0	0.0	0.0	0.0	0.0	0.0	0.0	0.0	0.0	0.0	0.0	0.0	0.0	0.0	0.0	0.0	0.0	0.0	0.0	0.0	0.0	0.0	0.0	0.0	0.0	0.0	0.0	0.0	0.0	0.0	0.0	0.0	0.0	0.0	0.0	0.0	0.0	0.0	0.0	0.0	0.0	0.0	0.0	0.0	0.0	0.0	0.0	0.0	0.0	0.0	0.0	0.0	0.0	0.0	0.0	0.0	0.0	0.0	0.0	0.0	0.0	0.0	0.0	0.0	0.0	0.0	0.0	0.0	0.0	0.0	0.0	0.0	0.0	0.0	0.0	0.0	0.0	0.0	0.0	0.0	0.0	0.0	0.0	0.0	0.0	0.0	0.0	0.0	0.0	0.0	0.0	0.0	0.0	0.0	0.0	0.0	0.0	0.0	0.0	0.0	0.0	0.0	0.0	0.0	0.0	0.0	0.0	0.0	0.0	0.0	0.0	0.0	0.0	0.0	0.0	0.0	0.0	0.0	0.0	0.0	0.0	0.0	0.0	0.0	0.0	0.0	0.0	0.0	0.0	0.0	0.0	0.0	0.0	0.0	0.0	0.0	0.0	0.0	0.0	0.0
2052.0710107011664	-1.7092566988549152	4210995.432960107	2.921558462580402	2388.987650414036	-14.335588429071777	205.5090956077366	5707261.993830777	2235.145374463952	20.748759725819585	430.5110301597927	4995874.8449876	2231.9979853081786	1622.0034206973726	1.398106	119.790154	2.610226834163261	2.217158018742195	0.0143791344	0.0755740035	0.0721730326	-0.0133158034	-0.0507079441	0.0085796671	-0.0360484279	-0.0891825264	-0.0456634783	0.0452207169	-0.0357435179	0.0482392201	0.0095004554	-0.0236336631	-0.0476044062	0.0009404719	-0.0107924129	0.0378097243	-0.0067640703	-0.0050072135	-0.036020942	-0.0623567822	0.1027880529	0.0143383591	-0.0467544604	-0.0533354112	-0.0437579976	0.1057939079	0.0051828197	-0.1223785467	-0.0738647717	-0.0546026848	0.0583902259	-0.0066867183	0.0476484214	-0.0538013437	-0.0236657709	0.0536677477	0.0181789931	-0.0183055721	-0.0352116815	-0.0376409675	-0.0086573458	0.0336000067	-0.0539958877	-0.0780401729	-0.0102334157	0.0696177779	0.0675308461	-0.0140379523	-0.0790844839	-0.3014829655939763	-0.0656246904182609	0.0908919785433387	0.0043065999924925	-0.4760829465594725	0.0379561963818133	0.2266549720047495	0.0014406728437747	2.703183209354421	0.2190487036674966	7.307199463335667	0.0479823345784107	0.0103726474898448	-0.0011804089280725	1.3933652374735017e-06	0.0001075918159485	-0.0092410696827964	-0.0043921888489928	1.92913228852167e-05	8.539736888229877e-05	-0.0465236301868504	-0.0401793470968484	0.001614379933129	0.0021644481657628	0.0	0.0	0.0	0.0	0.0	0.0	0.0	0.0	0.0	0.0	0.0	0.0	0.0	0.0	0.0	0.0	0.0	0.0	0.0	0.0	0.0	0.0	0.0	0.0	0.0	0.0	0.0	0.0	0.0	0.0	0.0	0.0	0.0	0.0	0.0	0.0	0.0	0.0	0.0	0.0	0.0	0.0	0.0	0.0	0.0	0.0	0.0	0.0	0.0	0.0	0.0	0.0	0.0	0.0	0.0	0.0	0.0	0.0	0.0	0.0	0.0	0.0	0.0	0.0	0.0	0.0	0.0	0.0	0.0	0.0	0.0	0.0	0.0	0.0	0.0	0.0	0.0	1.0	0.0	0.0	0.0	0.0	0.0	0.0	0.0	0.0	0.0	0.0	0.0	0.0	0.0	0.0	0.0	0.0	0.0	0.0	0.0	0.0	0.0	0.0	0.0	0.0	0.0	0.0	0.0	0.0	0.0	0.0	0.0	0.0	0.0	0.0	0.0	0.0	0.0	0.0	0.0	0.0	0.0	0.0	0.0	0.0	0.0	0.0	0.0	0.0	0.0	0.0	0.0	0.0	0.0	0.0	0.0	0.0	0.0	0.0	0.0	0.0	0.0	0.0	0.0	0.0	0.0	0.0	0.0	0.0	0.0	0.0	0.0	0.0	0.0	0.0	0.0	0.0	0.0	0.0	0.0	0.0	0.0	0.0	0.0	0.0	0.0	0.0	0.0	0.0	0.0	0.0	0.0	0.0	0.0	0.0	0.0	0.0	0.0	0.0	0.0	0.0	0.0	0.0	0.0	0.0	0.0	0.0	0.0	0.0	0.0	0.0	0.0	0.0	0.0	0.0	0.0	0.0	0.0	0.0	0.0	0.0	0.0	0.0	0.0	0.0	0.0	0.0	0.0	0.0	0.0	0.0	0.0	0.0	0.0	0.0	0.0	0.0	0.0	0.0	0.0	0.0	0.0	0.0	0.0	0.0	0.0	0.0	0.0	0.0	0.0	0.0	0.0	0.0	0.0	0.0	0.0	0.0	0.0	0.0	0.0	0.0	0.0	0.0	0.0
2055.647933036417	3.5769223352504014	4225688.424596893	12.794373392413185	2429.6192271611462	40.6315767471101	1650.9250289562983	5903049.588991125	2196.8060544884725	-38.33931997547961	1469.90345618221	4825956.841037209	2212.69718863989	1626.693194429894	1.550095	132.812653	1.0096308399910263	0.3853911706352732	0.0233613523	0.0700827871	0.0834508809	0.0346178319	-0.0734822072	-0.0043991227	-0.0776770967	-0.0880454774	0.0205129712	0.0389660863	0.0285431296	0.02405572	0.0100538214	0.0159552683	-0.034111676	-0.005346725	0.0393766768	0.0457683679	0.0228304979	-0.0476311556	-0.0210958457	-0.0679066742	-0.0440230353	0.017578924	-0.0496396861	-0.0172478029	-0.0196146676	-0.0823042407	0.0650402208	0.0135377629	0.128696266	0.1142416351	0.0373169996	0.065041459	0.0629810905	0.0159948956	-0.0417163877	0.0431287484	0.0138693475	0.0276956669	0.0064311336	-0.0761258057	0.1033587883	0.0328188985	-0.0552666915	-0.0772475461	-0.0068322673	0.0717551168	0.0645158866	-0.0198910824	-0.0805062393	-0.1408610344763303	0.160621931117646	0.0198418310337419	0.0257994047559618	-0.7261465079243266	-0.2500635613648541	0.527288750970694	0.0625317847224741	2.8179561166351377	0.1147729072807166	7.940876675281386	0.0131728202456679	0.007847619069624	-0.0025250284202208	6.375768522922755e-06	6.158512506192624e-05	-0.0110512664230975	-0.0018101967403011	3.276812238596728e-06	0.0001221304895542	-0.0518718538308847	-0.0053482236440342	2.86034961466075e-05	0.0026906892198526	0.0	0.0	0.0	0.0	0.0	0.0	0.0	0.0	0.0	0.0	0.0	0.0	0.0	0.0	0.0	0.0	0.0	0.0	0.0	0.0	0.0	0.0	0.0	0.0	0.0	0.0	0.0	0.0	0.0	0.0	0.0	0.0	0.0	0.0	0.0	0.0	0.0	0.0	0.0	0.0	0.0	0.0	0.0	0.0	0.0	0.0	0.0	0.0	0.0	0.0	0.0	0.0	0.0	0.0	0.0	0.0	0.0	0.0	0.0	0.0	0.0	0.0	0.0	0.0	0.0	0.0	0.0	0.0	0.0	0.0	0.0	0.0	0.0	0.0	0.0	0.0	0.0	0.0	1.0	0.0	0.0	0.0	0.0	0.0	0.0	0.0	0.0	0.0	0.0	0.0	0.0	0.0	0.0	0.0	0.0	0.0	0.0	0.0	0.0	0.0	0.0	0.0	0.0	0.0	0.0	0.0	0.0	0.0	0.0	0.0	0.0	0.0	0.0	0.0	0.0	0.0	0.0	0.0	0.0	0.0	0.0	0.0	0.0	0.0	0.0	0.0	0.0	0.0	0.0	0.0	0.0	0.0	0.0	0.0	0.0	0.0	0.0	0.0	0.0	0.0	0.0	0.0	0.0	0.0	0.0	0.0	0.0	0.0	0.0	0.0	0.0	0.0	0.0	0.0	0.0	0.0	0.0	0.0	0.0	0.0	0.0	0.0	0.0	0.0	0.0	0.0	0.0	0.0	0.0	0.0	0.0	0.0	0.0	0.0	0.0	0.0	0.0	0.0	0.0	0.0	0.0	0.0	0.0	0.0	0.0	0.0	0.0	0.0	0.0	0.0	0.0	0.0	0.0	0.0	0.0	0.0	0.0	0.0	0.0	0.0	0.0	0.0	0.0	0.0	0.0	0.0	0.0	0.0	0.0	0.0	0.0	0.0	0.0	0.0	0.0	0.0	0.0	0.0	0.0	0.0	0.0	0.0	0.0	0.0	0.0	0.0	0.0	0.0	0.0	0.0	0.0	0.0	0.0	0.0	0.0	0.0	0.0	0.0	0.0	0.0	0.0
2031.0387662235005	-24.609166812916328	4125118.469902679	605.6110912259423	2406.2417514748768	-23.377475686269463	546.5063694621199	5789999.366540883	2212.9079851896868	16.101930701214314	259.2721723067081	4896961.750916279	2222.718702575471	1511.408898708971	1.279704	109.645416	1.540081569545472	0.8698015955645344	0.0368931244	0.0503232791	0.0981075862	0.0077959254	-0.0423142881	-0.0352642609	-0.0625345005	-0.0823813992	0.0370389513	0.018140401	0.0299966701	0.0307520243	0.0407389522	0.0047162449	-0.0397377388	-0.0339260553	0.0238341698	0.0672957244	0.0118824453	-0.0010217702	-0.0412036768	-0.0824576054	0.0386164009	0.0399307198	-0.0481061289	-0.0305442977	-0.0298443563	0.0438393035	0.0515062022	-0.1253349276	-0.0201312631	-0.0077646622	0.060983949	0.0641798978	0.0307647585	0.0018681226	-0.0549714646	-0.0226160951	-0.0141173928	-0.0112032606	-0.0122059478	-0.0842831093	0.0336653024	0.0320341914	-0.0565132535	-0.0763786853	-0.0034191328	0.0736957799	0.0612463124	-0.0256373767	-0.0813633012	-0.0195137167402918	0.1213473177360385	0.0003807851410203	0.014725171521731	-0.6728253310222954	0.0533211769020312	0.4526939260652613	0.0028431479062177	2.9717010736824747	0.153744957047337	8.831007271325573	0.0236375118174875	0.0100478357857194	0.0022002167160954	4.840953597785632e-06	0.0001009590039767	-0.0190252764113048	-0.0079740099882073	6.358483529202978e-05	0.0003619611425265	-0.0659309894837833	-0.0140591356528986	0.0001976592953066	0.0043468953743107	0.0	0.0	0.0	0.0	0.0	0.0	0.0	0.0	0.0	0.0	0.0	0.0	0.0	0.0	0.0	0.0	0.0	0.0	0.0	0.0	0.0	0.0	0.0	0.0	0.0	0.0	0.0	0.0	0.0	0.0	0.0	0.0	0.0	0.0	0.0	0.0	0.0	0.0	0.0	0.0	0.0	0.0	0.0	0.0	0.0	0.0	0.0	0.0	0.0	0.0	0.0	0.0	0.0	0.0	0.0	0.0	0.0	0.0	0.0	0.0	0.0	0.0	0.0	0.0	0.0	0.0	0.0	0.0	0.0	0.0	0.0	0.0	0.0	0.0	0.0	0.0	0.0	0.0	0.0	1.0	0.0	0.0	0.0	0.0	0.0	0.0	0.0	0.0	0.0	0.0	0.0	0.0	0.0	0.0	0.0	0.0	0.0	0.0	0.0	0.0	0.0	0.0	0.0	0.0	0.0	0.0	0.0	0.0	0.0	0.0	0.0	0.0	0.0	0.0	0.0	0.0	0.0	0.0	0.0	0.0	0.0	0.0	0.0	0.0	0.0	0.0	0.0	0.0	0.0	0.0	0.0	0.0	0.0	0.0	0.0	0.0	0.0	0.0	0.0	0.0	0.0	0.0	0.0	0.0	0.0	0.0	0.0	0.0	0.0	0.0	0.0	0.0	0.0	0.0	0.0	0.0	0.0	0.0	0.0	0.0	0.0	0.0	0.0	0.0	0.0	0.0	0.0	0.0	0.0	0.0	0.0	0.0	0.0	0.0	0.0	0.0	0.0	0.0	0.0	0.0	0.0	0.0	0.0	0.0	0.0	0.0	0.0	0.0	0.0	0.0	0.0	0.0	0.0	0.0	0.0	0.0	0.0	0.0	0.0	0.0	0.0	0.0	0.0	0.0	0.0	0.0	0.0	0.0	0.0	0.0	0.0	0.0	0.0	0.0	0.0	0.0	0.0	0.0	0.0	0.0	0.0	0.0	0.0	0.0	0.0	0.0	0.0	0.0	0.0	0.0	0.0	0.0	0.0	0.0	0.0	0.0	0.0	0.0	0.0	0.0	0.0
2068.354695927176	37.31592970367569	4278091.148164001	1392.478609649666	2427.6601733900097	21.418421915132967	458.74879733464815	5893533.917464012	2233.7842082148013	20.87622302511454	435.81668779432255	4989791.888869827	2234.51571112975	1595.5944115338757	1.304442	111.764984	2.6109321959791982	1.40049476124851	0.0173836992	0.0668495014	0.0817220111	0.0364643626	-0.0625612842	-0.0518775846	-0.0388762177	-0.0500290628	-0.0501723901	0.03722341	0.0053890417	0.0512184233	0.0327518124	0.0145074404	-0.0513015815	-0.0296397448	0.0291705685	0.0111277511	-0.0254405902	-0.0506183201	-0.0210830444	-0.047526499	0.1139231158	-0.0182475479	0.0063187353	-0.0366777423	-0.0780331609	0.1137930546	0.0299773854	-0.1100788332	-0.0299336283	-0.0542449189	0.0313774164	-0.0522836161	0.0585731088	-0.0712913214	0.0196828372	0.0890680566	-0.0004353385	-0.0093183683	-0.0896912377	-0.0779871511	-0.0423736081	0.0312459714	-0.0577350269	-0.0754344479	-0.0	0.0754344479	0.0577350269	-0.0312459714	-0.0816496581	-0.6279332578337318	-0.60841954109344	0.3943001762936838	0.3701743379843521	-0.5505533313085778	0.1222719997137176	0.3031089706149726	0.0149504419139913	2.9825900976639304	0.0108890239814556	8.895843690682934	0.0001185708432687	0.010124256153754	7.642036803459998e-05	5.8400726505437105e-09	0.0001025005626668	0.0025023916297151	0.0215276680410199	0.0004634404912843	6.261963868468194e-06	-0.0501480452690261	0.0157829442147572	0.0002491013280861	0.0025148264443042	0.0	0.0	0.0	0.0	0.0	0.0	0.0	0.0	0.0	0.0	0.0	0.0	0.0	0.0	0.0	0.0	0.0	0.0	0.0	0.0	0.0	0.0	0.0	0.0	0.0	0.0	0.0	0.0	0.0	0.0	0.0	0.0	0.0	0.0	0.0	0.0	0.0	0.0	0.0	0.0	0.0	0.0	0.0	0.0	0.0	0.0	0.0	0.0	0.0	0.0	0.0	0.0	0.0	0.0	0.0	0.0	0.0	0.0	0.0	0.0	0.0	0.0	0.0	0.0	0.0	0.0	0.0	0.0	0.0	0.0	0.0	0.0	0.0	0.0	0.0	0.0	0.0	0.0	0.0	0.0	1.0	0.0	0.0	0.0	0.0	0.0	0.0	0.0	0.0	0.0	0.0	0.0	0.0	0.0	0.0	0.0	0.0	0.0	0.0	0.0	0.0	0.0	0.0	0.0	0.0	0.0	0.0	0.0	0.0	0.0	0.0	0.0	0.0	0.0	0.0	0.0	0.0	0.0	0.0	0.0	0.0	0.0	0.0	0.0	0.0	0.0	0.0	0.0	0.0	0.0	0.0	0.0	0.0	0.0	0.0	0.0	0.0	0.0	0.0	0.0	0.0	0.0	0.0	0.0	0.0	0.0	0.0	0.0	0.0	0.0	0.0	0.0	0.0	0.0	0.0	0.0	0.0	0.0	0.0	0.0	0.0	0.0	0.0	0.0	0.0	0.0	0.0	0.0	0.0	0.0	0.0	0.0	0.0	0.0	0.0	0.0	0.0	0.0	0.0	0.0	0.0	0.0	0.0	0.0	0.0	0.0	0.0	0.0	0.0	0.0	0.0	0.0	0.0	0.0	0.0	0.0	0.0	0.0	0.0	0.0	0.0	0.0	0.0	0.0	0.0	0.0	0.0	0.0	0.0	0.0	0.0	0.0	0.0	0.0	0.0	0.0	0.0	0.0	0.0	0.0	0.0	0.0	0.0	0.0	0.0	0.0	0.0	0.0	0.0	0.0	0.0	0.0	0.0	0.0	0.0	0.0	0.0	0.0	0.0	0.0	0.0
2042.253368580028	-26.10132734714807	4170798.821476472	681.2792892829798	2425.269120307818	-2.3910530821917746	5.717134841858785	5881930.305918657	2236.8480440222697	3.063835807468422	9.387089855125677	5003489.172046254	2237.5429635396818	1431.3821090278357	1.603888	137.421616	2.769070169050928	1.5624847942633695	0.0553288401	0.0283088046	0.0970150148	0.0205954142	-0.060150609	-0.0213376489	-0.0441215254	-0.0876861163	0.0306844653	-0.0071916639	0.0547253986	0.0450910904	0.0498164636	0.0067370552	-0.047098757	-0.0399518231	0.0198352189	0.0295435238	-0.0160200194	-0.0203109272	-0.050163054	-0.0880272666	0.0082540204	-0.0005769819	0.0029409998	0.001523181	-0.0239891476	-0.0595171009	-0.0720297693	-0.0218397796	-0.0313025998	-0.0115364718	0.0058221631	-0.0063247941	0.1600256784	-0.0393783822	-0.1072729748	0.0570651515	-0.0032737218	0.0060704037	0.0032870264	-0.1398053209	0.0965937959	0.0304543249	-0.0589314758	-0.0744157659	0.0034191328	0.0769663555	0.0539958877	-0.0366867426	-0.0813633012	-1.0550485571852164	-0.4271152993514846	1.1131274580186068	0.1824274789401083	-0.725415688071692	-0.1748623567631142	0.5262279205005264	0.0305768438127506	3.626961178739755	0.6443710810758247	13.154847392085273	0.4152140901268271	0.0038228634033837	-0.0063013927503703	3.9707550594419386e-05	1.4614284600930404e-05	-0.0001690104592146	-0.0026714020889297	7.136389120737966e-06	2.856453532392997e-08	-0.0716296790669362	-0.02148163379791	0.0004614605906275	0.0051308109232322	0.0	0.0	0.0	0.0	0.0	0.0	0.0	0.0	0.0	0.0	0.0	0.0	0.0	0.0	0.0	0.0	0.0	0.0	0.0	0.0	0.0	0.0	0.0	0.0	0.0	0.0	0.0	0.0	0.0	0.0	0.0	0.0	0.0	0.0	0.0	0.0	0.0	0.0	0.0	0.0	0.0	0.0	0.0	0.0	0.0	0.0	0.0	0.0	0.0	0.0	0.0	0.0	0.0	0.0	0.0	0.0	0.0	0.0	0.0	0.0	0.0	0.0	0.0	0.0	0.0	0.0	0.0	0.0	0.0	0.0	0.0	0.0	0.0	0.0	0.0	0.0	0.0	0.0	0.0	0.0	0.0	1.0	0.0	0.0	0.0	0.0	0.0	0.0	0.0	0.0	0.0	0.0	0.0	0.0	0.0	0.0	0.0	0.0	0.0	0.0	0.0	0.0	0.0	0.0	0.0	0.0	0.0	0.0	0.0	0.0	0.0	0.0	0.0	0.0	0.0	0.0	0.0	0.0	0.0	0.0	0.0	0.0	0.0	0.0	0.0	0.0	0.0	0.0	0.0	0.0	0.0	0.0	0.0	0.0	0.0	0.0	0.0	0.0	0.0	0.0	0.0	0.0	0.0	0.0	0.0	0.0	0.0	0.0	0.0	0.0	0.0	0.0	0.0	0.0	0.0	0.0	0.0	0.0	0.0	0.0	0.0	0.0	0.0	0.0	0.0	0.0	0.0	0.0	0.0	0.0	0.0	0.0	0.0	0.0	0.0	0.0	0.0	0.0	0.0	0.0	0.0	0.0	0.0	0.0	0.0	0.0	0.0	0.0	0.0	0.0	0.0	0.0	0.0	0.0	0.0	0.0	0.0	0.0	0.0	0.0	0.0	0.0	0.0	0.0	0.0	0.0	0.0	0.0	0.0	0.0	0.0	0.0	0.0	0.0	0.0	0.0	0.0	0.0	0.0	0.0	0.0	0.0	0.0	0.0	0.0	0.0	0.0	0.0	0.0	0.0	0.0	0.0	0.0	0.0	0.0	0.0	0.0	0.0	0.0	0.0	0.0
2044.9950846992583	2.7417161192302046	4182004.8964441274	7.517007278446734	2330.503552162484	-94.76556814533387	8980.512905907917	5431246.806641956	2137.7372131347656	-99.11083088750412	9822.95679921144	4569920.392421194	2152.461600805409	1434.2506806849035	1.962774	168.171112	3.584501778401117	2.0621734582607587	0.0596111397	0.0256519622	0.0878151215	-0.0507646284	0.003447762	0.1089678508	0.0300359363	-0.0070016974	0.1909191609	-0.1580963271	-0.2224301485	-0.0265187582	-0.0499461495	-0.0519789729	0.0228953582	0.0574810252	-0.0601447735	0.1184360664	0.0543371581	0.0490720232	-0.0351909078	-0.0582776643	-0.163236414	0.2203298997	-0.0382328161	0.0873355977	0.1026873723	0.0791737087	0.1500183359	-0.1675960294	0.1316221154	0.0059055655	-0.0209293818	0.1348701809	-0.1643382215	-0.0092170197	-0.1081647651	0.016846893	-0.1024910731	-0.1195039072	-0.0476278411	-0.1488996874	-0.006445863	0.0296593388	-0.0601020755	-0.0733236445	0.0068322673	0.0782873035	0.0500436514	-0.0419304676	-0.0805062393	-2.684923478194989	-1.6298749210097725	7.208814083762677	2.656492258136612	-0.664782648920351	0.0606330391513409	0.4419359703055586	0.003676365436728	3.3154632684137013	-0.3114979103260538	10.992296684200465	0.0970309481374982	0.0259876837189634	0.0221648203155797	0.0004912792596219	0.0006753597050768	0.0057500225782103	0.0059190330374249	3.503495209812745e-05	3.306275964992823e-05	-0.0680636142616618	0.0035660648052743	1.271681819541672e-05	0.0046326555863602	0.0	0.0	0.0	0.0	0.0	0.0	0.0	0.0	0.0	0.0	0.0	0.0	0.0	0.0	0.0	0.0	0.0	0.0	0.0	0.0	0.0	0.0	0.0	0.0	0.0	0.0	0.0	0.0	0.0	0.0	0.0	0.0	0.0	0.0	0.0	0.0	0.0	0.0	0.0	0.0	0.0	0.0	0.0	0.0	0.0	0.0	0.0	0.0	0.0	0.0	0.0	0.0	0.0	0.0	0.0	0.0	0.0	0.0	0.0	0.0	0.0	0.0	0.0	0.0	0.0	0.0	0.0	0.0	0.0	0.0	0.0	0.0	0.0	0.0	0.0	0.0	0.0	0.0	0.0	0.0	0.0	0.0	1.0	0.0	0.0	0.0	0.0	0.0	0.0	0.0	0.0	0.0	0.0	0.0	0.0	0.0	0.0	0.0	0.0	0.0	0.0	0.0	0.0	0.0	0.0	0.0	0.0	0.0	0.0	0.0	0.0	0.0	0.0	0.0	0.0	0.0	0.0	0.0	0.0	0.0	0.0	0.0	0.0	0.0	0.0	0.0	0.0	0.0	0.0	0.0	0.0	0.0	0.0	0.0	0.0	0.0	0.0	0.0	0.0	0.0	0.0	0.0	0.0	0.0	0.0	0.0	0.0	0.0	0.0	0.0	0.0	0.0	0.0	0.0	0.0	0.0	0.0	0.0	0.0	0.0	0.0	0.0	0.0	0.0	0.0	0.0	0.0	0.0	0.0	0.0	0.0	0.0	0.0	0.0	0.0	0.0	0.0	0.0	0.0	0.0	0.0	0.0	0.0	0.0	0.0	0.0	0.0	0.0	0.0	0.0	0.0	0.0	0.0	0.0	0.0	0.0	0.0	0.0	0.0	0.0	0.0	0.0	0.0	0.0	0.0	0.0	0.0	0.0	0.0	0.0	0.0	0.0	0.0	0.0	0.0	0.0	0.0	0.0	0.0	0.0	0.0	0.0	0.0	0.0	0.0	0.0	0.0	0.0	0.0	0.0	0.0	0.0	0.0	0.0	0.0	0.0	0.0	0.0	0.0	0.0	0.0
2069.8942709940743	24.89918629481599	4284462.29309409	619.9694781439524	2412.507789507304	82.00423734482001	6724.694942505573	5820193.834433419	2220.8223243381667	83.08511120340108	6903.135703681524	4932051.7962787775	2226.657447628859	1567.822490288167	1.896072	162.456039	3.109162520785763	1.735047723143529	0.0270736202	0.0630153888	0.0292897161	0.0513522233	-0.06242764	-0.0182914038	-0.0139531757	-0.118010037	-0.0248823717	0.1195115695	-0.0138554448	0.0385248277	-0.0025040975	0.0029957087	-0.0427216701	0.001984493	-0.0024116004	0.0027088484	-0.0014890021	-0.0018473156	0.0064532432	-0.0287244317	0.0194392524	-0.0153144471	-0.0254518601	-0.0475983663	-0.0901220102	0.1448153955	0.0880716825	-0.1566905823	0.038520491	-0.0312641838	0.0276938147	0.0051313182	-0.007358185	-0.0780861453	-0.0344371697	0.0259456696	0.0033519485	-0.0231417072	-0.0236187846	-0.0561389145	-0.054143453	0.0288611001	-0.0612463124	-0.0721591615	0.0102334157	0.0793936715	0.0458939156	-0.0469489822	-0.0790844839	-1.0912408959395918	1.593682582255397	1.190806692971043	2.5398241729842304	-0.1670603761348985	0.4977222727854525	0.0279091692743337	0.2477274608267164	2.886714054470488	-0.4287492139432132	8.333118032277444	0.1838258884569232	0.0252728084044713	-0.000714875314492	5.110467152701778e-07	0.0006387148446491	-0.0029794356393277	-0.008729458217538	7.620344077174173e-05	8.877036728896061e-06	-0.0703994497656657	-0.0023358355040039	5.456127501765165e-06	0.0049560825273084	0.0	0.0	0.0	0.0	0.0	0.0	0.0	0.0	0.0	0.0	0.0	0.0	0.0	0.0	0.0	0.0	0.0	0.0	0.0	0.0	0.0	0.0	0.0	0.0	0.0	0.0	0.0	0.0	0.0	0.0	0.0	0.0	0.0	0.0	0.0	0.0	0.0	0.0	0.0	0.0	0.0	0.0	0.0	0.0	0.0	0.0	0.0	0.0	0.0	0.0	0.0	0.0	0.0	0.0	0.0	0.0	0.0	0.0	0.0	0.0	0.0	0.0	0.0	0.0	0.0	0.0	0.0	0.0	0.0	0.0	0.0	0.0	0.0	0.0	0.0	0.0	0.0	0.0	0.0	0.0	0.0	0.0	0.0	1.0	0.0	0.0	0.0	0.0	0.0	0.0	0.0	0.0	0.0	0.0	0.0	0.0	0.0	0.0	0.0	0.0	0.0	0.0	0.0	0.0	0.0	0.0	0.0	0.0	0.0	0.0	0.0	0.0	0.0	0.0	0.0	0.0	0.0	0.0	0.0	0.0	0.0	0.0	0.0	0.0	0.0	0.0	0.0	0.0	0.0	0.0	0.0	0.0	0.0	0.0	0.0	0.0	0.0	0.0	0.0	0.0	0.0	0.0	0.0	0.0	0.0	0.0	0.0	0.0	0.0	0.0	0.0	0.0	0.0	0.0	0.0	0.0	0.0	0.0	0.0	0.0	0.0	0.0	0.0	0.0	0.0	0.0	0.0	0.0	0.0	0.0	0.0	0.0	0.0	0.0	0.0	0.0	0.0	0.0	0.0	0.0	0.0	0.0	0.0	0.0	0.0	0.0	0.0	0.0	0.0	0.0	0.0	0.0	0.0	0.0	0.0	0.0	0.0	0.0	0.0	0.0	0.0	0.0	0.0	0.0	0.0	0.0	0.0	0.0	0.0	0.0	0.0	0.0	0.0	0.0	0.0	0.0	0.0	0.0	0.0	0.0	0.0	0.0	0.0	0.0	0.0	0.0	0.0	0.0	0.0	0.0	0.0	0.0	0.0	0.0	0.0	0.0	0.0	0.0	0.0	0.0	0.0
2053.8605659343893	-16.033705059684962	4218343.2243003305	257.07969794096715	2397.079043035638	-15.428746471666273	238.0462176869545	5745987.938560649	2220.239389502484	-0.5829348356828632	0.3398130226526067	4929462.946698362	2218.679272163205	1517.9981890928689	1.16723	100.008659	1.1028147314568058	0.5059446460863771	0.0398326946	0.0383738037	0.0613834108	0.046878327	-0.0385046647	-0.0170205793	-0.0207484876	-0.064525378	-0.0279601958	-0.0238918094	-0.0032837176	0.0364770785	0.016338013	-0.0030105577	-0.035576966	-0.0139718185	-0.0087255616	-0.017043717	-0.0251890918	-0.0385223771	-0.0090693031	-0.1043903161	0.0730010625	-0.0018441005	-0.0015113094	0.0072751579	0.0091014784	0.0161879307	-0.0289948743	-0.0702000692	-0.0317412329	-0.0502329653	0.0308148669	0.0305876159	0.0678629674	-0.0351899877	0.0193692794	0.0402383581	0.0101225472	0.007722463	-0.0357625342	-0.0359900268	0.0739244365	0.0280596966	-0.0623636846	-0.0709234662	0.0136166111	0.080282427	0.0415630576	-0.0517153317	-0.0771080077	-0.8603235002123881	0.2309173957272037	0.740156525017695	0.053322843649434	-0.4014738000014972	-0.2344134238665987	0.1611812120876421	0.0549496532888616	3.0013831843438865	0.1146691298733983	9.008301019262248	0.0131490093459223	0.0235763900919969	-0.0016964183124744	2.8778350908984985e-06	0.00055584616977	-0.0109842697094699	-0.0080048340701422	6.407736849050934e-05	0.0001206541810503	-0.0696444065084902	0.0007550432571755	5.700903202061882e-07	0.0048503433579198	0.0	0.0	0.0	0.0	0.0	0.0	0.0	0.0	0.0	0.0	0.0	0.0	0.0	0.0	0.0	0.0	0.0	0.0	0.0	0.0	0.0	0.0	0.0	0.0	0.0	0.0	0.0	0.0	0.0	0.0	0.0	0.0	0.0	0.0	0.0	0.0	0.0	0.0	0.0	0.0	0.0	0.0	0.0	0.0	0.0	0.0	0.0	0.0	0.0	0.0	0.0	0.0	0.0	0.0	0.0	0.0	0.0	0.0	0.0	0.0	0.0	0.0	0.0	0.0	0.0	0.0	0.0	0.0	0.0	0.0	0.0	0.0	0.0	0.0	0.0	0.0	0.0	0.0	0.0	0.0	0.0	0.0	0.0	0.0	1.0	0.0	0.0	0.0	0.0	0.0	0.0	0.0	0.0	0.0	0.0	0.0	0.0	0.0	0.0	0.0	0.0	0.0	0.0	0.0	0.0	0.0	0.0	0.0	0.0	0.0	0.0	0.0	0.0	0.0	0.0	0.0	0.0	0.0	0.0	0.0	0.0	0.0	0.0	0.0	0.0	0.0	0.0	0.0	0.0	0.0	0.0	0.0	0.0	0.0	0.0	0.0	0.0	0.0	0.0	0.0	0.0	0.0	0.0	0.0	0.0	0.0	0.0	0.0	0.0	0.0	0.0	0.0	0.0	0.0	0.0	0.0	0.0	0.0	0.0	0.0	0.0	0.0	0.0	0.0	0.0	0.0	0.0	0.0	0.0	0.0	0.0	0.0	0.0	0.0	0.0	0.0	0.0	0.0	0.0	0.0	0.0	0.0	0.0	0.0	0.0	0.0	0.0	0.0	0.0	0.0	0.0	0.0	0.0	0.0	0.0	0.0	0.0	0.0	0.0	0.0	0.0	0.0	0.0	0.0	0.0	0.0	0.0	0.0	0.0	0.0	0.0	0.0	0.0	0.0	0.0	0.0	0.0	0.0	0.0	0.0	0.0	0.0	0.0	0.0	0.0	0.0	0.0	0.0	0.0	0.0	0.0	0.0	0.0	0.0	0.0	0.0	0.0	0.0	0.0	0.0	0.0
2066.325867962309	12.465302027919734	4269702.59261019	155.38375464725982	2384.2035723124463	-12.875470723191484	165.77774634376104	5684426.674227431	2180.0648807028065	-40.17450879967737	1613.9911572953545	4752682.884073742	2202.3677504270336	1865.6734362251584	1.598908	136.994919	7.258219375659985	4.581890111345973	-0.0705962274	-0.0230632229	0.0035783421	0.012589678	-0.0263166897	-0.0293075391	0.0441130068	0.0164866362	-0.0042165281	-0.0304065523	-0.0249064263	0.0100025155	0.0168241255	0.0210915209	-0.0247153978	-0.010560774	0.0176452141	0.0330711791	0.0554117581	-0.0244476842	-0.0438669274	0.0957924075	-0.2035286718	0.102308114	-0.0298447024	-0.0600155188	0.0165753359	0.0588460599	0.1434707929	0.0760452255	0.1528315443	0.0532237647	-0.0674030618	0.0167722775	-0.0435705135	-0.0506386689	0.0619441389	-0.0406684985	-0.0374150319	0.0005332695	0.039132274	0.0010372612	-0.0592296426	0.0272552159	-0.063453702	-0.0696177779	0.0169759185	0.0809511339	0.0370681691	-0.0562039158	-0.0745906743	-0.6439601364346856	0.2163633637777025	0.4146846573169789	0.0468131051852024	-0.3807964835997239	0.0206773164017732	0.1450059619219147	0.000427551413579	1.915583290342617	-1.0857998940012694	3.669459342239848	1.178961409813168	0.0070856010232415	-0.0164907890687554	0.0002719461241101	5.0205741860561e-05	0.0124481124729798	0.0234323821824497	0.0005490765347443	0.0001549555041399	0.0091399982698895	0.0787844047783797	0.0062069824362835	8.353956837358305e-05	0.0	0.0	0.0	0.0	0.0	0.0	0.0	0.0	0.0	0.0	0.0	0.0	0.0	0.0	0.0	0.0	0.0	0.0	0.0	0.0	0.0	0.0	0.0	0.0	0.0	0.0	0.0	0.0	0.0	0.0	0.0	0.0	0.0	0.0	0.0	0.0	0.0	0.0	0.0	0.0	0.0	0.0	0.0	0.0	0.0	0.0	0.0	0.0	0.0	0.0	0.0	0.0	0.0	0.0	0.0	0.0	0.0	0.0	0.0	0.0	0.0	0.0	0.0	0.0	0.0	0.0	0.0	0.0	0.0	0.0	0.0	0.0	0.0	0.0	0.0	0.0	0.0	0.0	0.0	0.0	0.0	0.0	0.0	0.0	0.0	1.0	0.0	0.0	0.0	0.0	0.0	0.0	0.0	0.0	0.0	0.0	0.0	0.0	0.0	0.0	0.0	0.0	0.0	0.0	0.0	0.0	0.0	0.0	0.0	0.0	0.0	0.0	0.0	0.0	0.0	0.0	0.0	0.0	0.0	0.0	0.0	0.0	0.0	0.0	0.0	0.0	0.0	0.0	0.0	0.0	0.0	0.0	0.0	0.0	0.0	0.0	0.0	0.0	0.0	0.0	0.0	0.0	0.0	0.0	0.0	0.0	0.0	0.0	0.0	0.0	0.0	0.0	0.0	0.0	0.0	0.0	0.0	0.0	0.0	0.0	0.0	0.0	0.0	0.0	0.0	0.0	0.0	0.0	0.0	0.0	0.0	0.0	0.0	0.0	0.0	0.0	0.0	0.0	0.0	0.0	0.0	0.0	0.0	0.0	0.0	0.0	0.0	0.0	0.0	0.0	0.0	0.0	0.0	0.0	0.0	0.0	0.0	0.0	0.0	0.0	0.0	0.0	0.0	0.0	0.0	0.0	0.0	0.0	0.0	0.0	0.0	0.0	0.0	0.0	0.0	0.0	0.0	0.0	0.0	0.0	0.0	0.0	0.0	0.0	0.0	0.0	0.0	0.0	0.0	0.0	0.0	0.0	0.0	0.0	0.0	0.0	0.0	0.0	0.0	0.0	0.0
2071.9896041809407	5.663736218631584	4293140.919833891	32.077907954239194	2378.3586266922625	-5.844945620183808	34.16338930290588	5656589.757161505	2253.330204839292	73.26532413648556	5367.807720824294	5077497.012041085	2243.950775040152	1658.393177284063	1.492516	127.879234	6.583311225319253	4.297204632069714	-0.0162614623	0.0072610165	-0.035944984	-0.0038926836	-0.0258880049	-0.0101632508	0.01489539	0.0583165074	0.0650991199	-0.10517551	0.0092627387	0.0632333972	0.0207838369	0.0147435554	-0.0625106823	-0.0091082783	0.0085415766	0.0073035111	0.0038325719	-0.0040234816	0.0263017105	-0.0213496391	-0.0441821406	-0.015049889	-0.0648416151	-0.0084250098	0.0094690123	-0.0170014645	0.1359788004	-0.0856995156	0.0401366239	0.0274954718	-0.05575703	0.0592379025	-0.0462101686	-0.0290964113	0.103441131	-0.0502715879	-0.0288864652	-0.021231503	-0.0561360888	-0.0887272811	-0.0790977641	0.0264477464	-0.0645158866	-0.0682433853	0.0203054443	0.0813979594	0.0324269895	-0.060390626	-0.0715501408	-0.5209853303669405	0.1229748060677451	0.2714257144575501	0.0151228029273995	0.1753067425756711	0.556103226175395	0.0307324539924926	0.3092507981626825	1.7245831242069087	-0.1910001661357083	2.974186952299262	0.0364810634638681	0.0431273671910373	0.0360417661677957	0.001299008908494	0.0018599698008305	0.0023581880601519	-0.0100899244128279	0.0001018065746565	5.561050927042982e-06	-0.0589929716882949	-0.0681329699581844	0.0046421015953228	0.0034801707086159	0.0	0.0	0.0	0.0	0.0	0.0	0.0	0.0	0.0	0.0	0.0	0.0	0.0	0.0	0.0	0.0	0.0	0.0	0.0	0.0	0.0	0.0	0.0	0.0	0.0	0.0	0.0	0.0	0.0	0.0	0.0	0.0	0.0	0.0	0.0	0.0	0.0	0.0	0.0	0.0	0.0	0.0	0.0	0.0	0.0	0.0	0.0	0.0	0.0	0.0	0.0	0.0	0.0	0.0	0.0	0.0	0.0	0.0	0.0	0.0	0.0	0.0	0.0	0.0	0.0	0.0	0.0	0.0	0.0	0.0	0.0	0.0	0.0	0.0	0.0	0.0	0.0	0.0	0.0	0.0	0.0	0.0	0.0	0.0	0.0	0.0	1.0	0.0	0.0	0.0	0.0	0.0	0.0	0.0	0.0	0.0	0.0	0.0	0.0	0.0	0.0	0.0	0.0	0.0	0.0	0.0	0.0	0.0	0.0	0.0	0.0	0.0	0.0	0.0	0.0	0.0	0.0	0.0	0.0	0.0	0.0	0.0	0.0	0.0	0.0	0.0	0.0	0.0	0.0	0.0	0.0	0.0	0.0	0.0	0.0	0.0	0.0	0.0	0.0	0.0	0.0	0.0	0.0	0.0	0.0	0.0	0.0	0.0	0.0	0.0	0.0	0.0	0.0	0.0	0.0	0.0	0.0	0.0	0.0	0.0	0.0	0.0	0.0	0.0	0.0	0.0	0.0	0.0	0.0	0.0	0.0	0.0	0.0	0.0	0.0	0.0	0.0	0.0	0.0	0.0	0.0	0.0	0.0	0.0	0.0	0.0	0.0	0.0	0.0	0.0	0.0	0.0	0.0	0.0	0.0	0.0	0.0	0.0	0.0	0.0	0.0	0.0	0.0	0.0	0.0	0.0	0.0	0.0	0.0	0.0	0.0	0.0	0.0	0.0	0.0	0.0	0.0	0.0	0.0	0.0	0.0	0.0	0.0	0.0	0.0	0.0	0.0	0.0	0.0	0.0	0.0	0.0	0.0	0.0	0.0	0.0	0.0	0.0	0.0	0.0	0.0
2084.353086848484	12.363482667543394	4344527.790654805	152.8557036706459	2406.3694265705267	28.01079987826415	784.604909820163	5790613.817133365	2243.6472974030867	-9.682907436205369	93.75869641812125	5033953.195144175	2235.381661764005	1799.2937342489631	1.523654	130.547119	3.5214184295520106	1.9740490919279696	-0.0456592676	0.0332861104	0.042424911	0.0062212093	-0.0357119674	-0.0705077692	-0.0036795578	0.0512713711	-0.0611043801	-0.048765245	-0.0404835394	0.0575902952	0.0326723528	0.0328978908	-0.0558078794	-0.0243077136	0.0338305184	-0.0047856816	-0.0495236697	-0.0315731829	-0.0257619761	-0.0178449245	0.0789418485	-0.0191410684	-0.0286116984	-0.0498571905	0.0011228413	0.0109066123	-0.0265161439	-0.092364796	-0.0195739562	-0.024191424	0.0918874117	0.0262143787	0.004882935	0.0889435975	0.033605402	0.0221655748	0.0484156852	0.0130879615	-0.0086753504	0.0375096057	0.0587087038	0.0256373767	-0.0655497724	-0.0668016447	0.0235993474	0.0816216788	0.0276578354	-0.0642529755	-0.0680077345	-0.5752350735336904	-0.0542497431667499	0.3308953898233102	0.0029430346336583	-0.3138528417487265	-0.4891595843243976	0.0985036062737511	0.2392770989364175	2.2642843180044423	0.5397011937975336	5.126983472760842	0.2912773785864829	0.0124745863883838	-0.0306527808026534	0.0009395929709355	0.0001556153055612	-0.0034531371312096	-0.0058113251913615	3.377150047975278e-05	1.1924156046938464e-05	-0.0466909195170433	0.0123020521712515	0.0001513404876241	0.002180041965347	0.0	0.0	0.0	0.0	0.0	0.0	0.0	0.0	0.0	0.0	0.0	0.0	0.0	0.0	0.0	0.0	0.0	0.0	0.0	0.0	0.0	0.0	0.0	0.0	0.0	0.0	0.0	0.0	0.0	0.0	0.0	0.0	0.0	0.0	0.0	0.0	0.0	0.0	0.0	0.0	0.0	0.0	0.0	0.0	0.0	0.0	0.0	0.0	0.0	0.0	0.0	0.0	0.0	0.0	0.0	0.0	0.0	0.0	0.0	0.0	0.0	0.0	0.0	0.0	0.0	0.0	0.0	0.0	0.0	0.0	0.0	0.0	0.0	0.0	0.0	0.0	0.0	0.0	0.0	0.0	0.0	0.0	0.0	0.0	0.0	0.0	0.0	1.0	0.0	0.0	0.0	0.0	0.0	0.0	0.0	0.0	0.0	0.0	0.0	0.0	0.0	0.0	0.0	0.0	0.0	0.0	0.0	0.0	0.0	0.0	0.0	0.0	0.0	0.0	0.0	0.0	0.0	0.0	0.0	0.0	0.0	0.0	0.0	0.0	0.0	0.0	0.0	0.0	0.0	0.0	0.0	0.0	0.0	0.0	0.0	0.0	0.0	0.0	0.0	0.0	0.0	0.0	0.0	0.0	0.0	0.0	0.0	0.0	0.0	0.0	0.0	0.0	0.0	0.0	0.0	0.0	0.0	0.0	0.0	0.0	0.0	0.0	0.0	0.0	0.0	0.0	0.0	0.0	0.0	0.0	0.0	0.0	0.0	0.0	0.0	0.0	0.0	0.0	0.0	0.0	0.0	0.0	0.0	0.0	0.0	0.0	0.0	0.0	0.0	0.0	0.0	0.0	0.0	0.0	0.0	0.0	0.0	0.0	0.0	0.0	0.0	0.0	0.0	0.0	0.0	0.0	0.0	0.0	0.0	0.0	0.0	0.0	0.0	0.0	0.0	0.0	0.0	0.0	0.0	0.0	0.0	0.0	0.0	0.0	0.0	0.0	0.0	0.0	0.0	0.0	0.0	0.0	0.0	0.0	0.0	0.0	0.0	0.0	0.0	0.0	0.0
2081.104686994676	-3.2483998538082237	4330996.718231208	10.552101610221284	2449.589651447453	43.220224876926295	1867.9878384120784	6000489.460478454	2253.834532364555	10.18723496146822	103.77975616016042	5079770.099278952	2256.601210325022	1694.025267406984	1.242021	106.416779	2.6879714684937657	1.3772888715617495	-0.02956548	0.0221543062	0.087478361	0.0372162884	-0.0632250534	-0.0930933142	-0.0059204563	-0.0068912395	-0.0514105706	-0.0322605874	-0.0024637362	0.0672696953	0.0436115059	0.0063851887	-0.0699960433	-0.0378595894	0.0277055017	0.0156474112	-0.032488502	-0.0509066224	-0.0689750649	-0.0276702978	0.0804494648	-0.0110435082	0.0073365508	-0.0773254714	-0.0325041866	0.0069541153	-0.0297436632	0.0165607366	0.0142349022	0.0018970715	0.0059594251	0.0091428331	0.030788358	-0.0341919151	-0.0153060153	-0.039815477	-0.0110328574	0.0399763537	0.0216040204	-0.0313131436	-0.0358599539	0.0248241955	-0.0665549058	-0.0652939789	0.0268518493	0.0816216788	0.0227795284	-0.0677702193	-0.0639883028	-0.5910912704092652	-0.0158561968755748	0.3493888899540391	0.0002514189793569	-0.5558267857129806	-0.2419739439642541	0.3089434157160237	0.0585513895576159	2.7250433227521142	0.4607590047476719	7.425861110875884	0.2122988604560652	-0.0035142460856911	-0.0159888324740749	0.000255642763884	1.234992555079522e-05	-0.0105772421531127	-0.0071241050219031	5.0752872363104976e-05	0.0001118780515655	-0.030416210554896	0.0162747089621473	0.0002648661518025	0.0009251458645197	0.0	0.0	0.0	0.0	0.0	0.0	0.0	0.0	0.0	0.0	0.0	0.0	0.0	0.0	0.0	0.0	0.0	0.0	0.0	0.0	0.0	0.0	0.0	0.0	0.0	0.0	0.0	0.0	0.0	0.0	0.0	0.0	0.0	0.0	0.0	0.0	0.0	0.0	0.0	0.0	0.0	0.0	0.0	0.0	0.0	0.0	0.0	0.0	0.0	0.0	0.0	0.0	0.0	0.0	0.0	0.0	0.0	0.0	0.0	0.0	0.0	0.0	0.0	0.0	0.0	0.0	0.0	0.0	0.0	0.0	0.0	0.0	0.0	0.0	0.0	0.0	0.0	0.0	0.0	0.0	0.0	0.0	0.0	0.0	0.0	0.0	0.0	0.0	1.0	0.0	0.0	0.0	0.0	0.0	0.0	0.0	0.0	0.0	0.0	0.0	0.0	0.0	0.0	0.0	0.0	0.0	0.0	0.0	0.0	0.0	0.0	0.0	0.0	0.0	0.0	0.0	0.0	0.0	0.0	0.0	0.0	0.0	0.0	0.0	0.0	0.0	0.0	0.0	0.0	0.0	0.0	0.0	0.0	0.0	0.0	0.0	0.0	0.0	0.0	0.0	0.0	0.0	0.0	0.0	0.0	0.0	0.0	0.0	0.0	0.0	0.0	0.0	0.0	0.0	0.0	0.0	0.0	0.0	0.0	0.0	0.0	0.0	0.0	0.0	0.0	0.0	0.0	0.0	0.0	0.0	0.0	0.0	0.0	0.0	0.0	0.0	0.0	0.0	0.0	0.0	0.0	0.0	0.0	0.0	0.0	0.0	0.0	0.0	0.0	0.0	0.0	0.0	0.0	0.0	0.0	0.0	0.0	0.0	0.0	0.0	0.0	0.0	0.0	0.0	0.0	0.0	0.0	0.0	0.0	0.0	0.0	0.0	0.0	0.0	0.0	0.0	0.0	0.0	0.0	0.0	0.0	0.0	0.0	0.0	0.0	0.0	0.0	0.0	0.0	0.0	0.0	0.0	0.0	0.0	0.0	0.0	0.0	0.0	0.0	0.0	0.0
2078.8037689560097	-2.3009180386661683	4321425.109825711	5.294223820659367	2399.38540691219	-50.20424453526312	2520.4661693564963	5757050.330903175	2230.0262991863747	-23.808233178180217	566.8319670666012	4973017.295062878	2231.577572918935	1806.642967572536	0.910782	78.036118	1.3551051211769032	0.548968496234468	-0.0491988982	0.0199683494	0.0478828571	0.0434450337	-0.0317806332	-0.0601557924	0.0081719707	0.0316814712	-0.0221274877	-0.0627916195	0.0078953357	0.0471406088	0.0409176659	0.033359697	-0.0491646224	-0.0354002357	0.034978776	-0.0060877212	-0.0117389759	-0.054981949	-0.0487488797	-0.0039440699	0.0223222	-0.0392247638	0.0073330179	-0.0529490064	-0.0494775345	-0.0250100861	-0.012652917	0.0156192358	-0.0280604841	0.011348927	0.072314732	0.0572932344	0.0277837168	0.0259635527	0.0062809778	-0.0077855965	-0.0419295409	0.064519188	0.0313193734	0.0283921215	0.0566345576	0.024008292	-0.0675308461	-0.0637218759	0.0300572439	0.0813979594	0.0178113211	-0.0709234662	-0.0595200392	-0.7057181158729975	-0.1146268454637322	0.4980380590713335	0.0131393137009663	-0.4267278199101412	0.1290989658028394	0.1820966322852619	0.0166665429713627	2.3809286821072178	-0.3441146406448965	5.668821389280812	0.1184148859061662	0.002173982311982	0.0056882283976731	3.235594230409468e-05	4.726199092810603e-06	-0.0045489499312882	0.0060282922218245	3.634030711170977e-05	2.069294547736692e-05	-0.0267874377890849	0.0036287727658111	1.3167991785892348e-05	0.000717566823304	0.0	0.0	0.0	0.0	0.0	0.0	0.0	0.0	0.0	0.0	0.0	0.0	0.0	0.0	0.0	0.0	0.0	0.0	0.0	0.0	0.0	0.0	0.0	0.0	0.0	0.0	0.0	0.0	0.0	0.0	0.0	0.0	0.0	0.0	0.0	0.0	0.0	0.0	0.0	0.0	0.0	0.0	0.0	0.0	0.0	0.0	0.0	0.0	0.0	0.0	0.0	0.0	0.0	0.0	0.0	0.0	0.0	0.0	0.0	0.0	0.0	0.0	0.0	0.0	0.0	0.0	0.0	0.0	0.0	0.0	0.0	0.0	0.0	0.0	0.0	0.0	0.0	0.0	0.0	0.0	0.0	0.0	0.0	0.0	0.0	0.0	0.0	0.0	0.0	1.0	0.0	0.0	0.0	0.0	0.0	0.0	0.0	0.0	0.0	0.0	0.0	0.0	0.0	0.0	0.0	0.0	0.0	0.0	0.0	0.0	0.0	0.0	0.0	0.0	0.0	0.0	0.0	0.0	0.0	0.0	0.0	0.0	0.0	0.0	0.0	0.0	0.0	0.0	0.0	0.0	0.0	0.0	0.0	0.0	0.0	0.0	0.0	0.0	0.0	0.0	0.0	0.0	0.0	0.0	0.0	0.0	0.0	0.0	0.0	0.0	0.0	0.0	0.0	0.0	0.0	0.0	0.0	0.0	0.0	0.0	0.0	0.0	0.0	0.0	0.0	0.0	0.0	0.0	0.0	0.0	0.0	0.0	0.0	0.0	0.0	0.0	0.0	0.0	0.0	0.0	0.0	0.0	0.0	0.0	0.0	0.0	0.0	0.0	0.0	0.0	0.0	0.0	0.0	0.0	0.0	0.0	0.0	0.0	0.0	0.0	0.0	0.0	0.0	0.0	0.0	0.0	0.0	0.0	0.0	0.0	0.0	0.0	0.0	0.0	0.0	0.0	0.0	0.0	0.0	0.0	0.0	0.0	0.0	0.0	0.0	0.0	0.0	0.0	0.0	0.0	0.0	0.0	0.0	0.0	0.0	0.0	0.0	0.0	0.0	0.0	0.0
2071.7981247570096	-7.005644199000017	4292347.469746661	49.07905064298259	2420.120524367241	20.73511745505129	429.9450958747729	5856983.35246357	2211.1118260259213	-18.914473160453326	357.75729493750924	4889015.507191684	2208.443289620536	1639.0192221290752	0.9055740000000002	77.589836	2.1233996377644724	1.409289737089647	-0.0085277658	0.0364067833	-0.0027932476	0.0511435435	-0.0417273648	-0.0361334448	0.0012443203	0.0809211543	-0.0555241004	-0.068207534	-0.0464833843	0.0280929436	0.0072958554	-0.0151293811	-0.0269112949	-0.0067766004	-0.0108565003	-0.0028859848	-0.057482521	-0.0531437754	0.0229007929	-0.0177939502	0.0470849867	-0.0453171113	-0.0026051051	0.0032491656	-0.0204029876	0.005456108	-0.0226486942	-0.0155512862	0.0441188233	-0.0557721909	0.0370491392	0.0295058527	-0.0366369936	-0.0408205202	0.0210699783	-0.0637870008	-0.031789953	0.0542037175	0.0641001294	-0.007247708	-0.0145574018	0.0231897558	-0.0684771651	-0.0620868871	0.0332099078	0.0809511339	0.0127728206	-0.0736957799	-0.0546342852	-0.5009420062546468	0.2047761096183507	0.2509428936304306	0.0419332550704267	-0.2088183331683097	0.2179094867418315	0.0436050962671911	0.0474845444120884	2.2078036851529177	-0.1731249969543	4.874397112174804	0.0299722645704264	0.0277073682979818	0.0255333859859997	0.00065195379991	0.000767698258	-0.008129190183594	-0.0035802402523058	1.2818120264230705e-05	6.608373304104106e-05	-0.0282255924397791	-0.0014381546506942	2.0682887993133576e-06	0.0007966840685765	0.0	0.0	0.0	0.0	0.0	0.0	0.0	0.0	0.0	0.0	0.0	0.0	0.0	0.0	0.0	0.0	0.0	0.0	0.0	0.0	0.0	0.0	0.0	0.0	0.0	0.0	0.0	0.0	0.0	0.0	0.0	0.0	0.0	0.0	0.0	0.0	0.0	0.0	0.0	0.0	0.0	0.0	0.0	0.0	0.0	0.0	0.0	0.0	0.0	0.0	0.0	0.0	0.0	0.0	0.0	0.0	0.0	0.0	0.0	0.0	0.0	0.0	0.0	0.0	0.0	0.0	0.0	0.0	0.0	0.0	0.0	0.0	0.0	0.0	0.0	0.0	0.0	0.0	0.0	0.0	0.0	0.0	0.0	0.0	0.0	0.0	0.0	0.0	0.0	0.0	1.0	0.0	0.0	0.0	0.0	0.0	0.0	0.0	0.0	0.0	0.0	0.0	0.0	0.0	0.0	0.0	0.0	0.0	0.0	0.0	0.0	0.0	0.0	0.0	0.0	0.0	0.0	0.0	0.0	0.0	0.0	0.0	0.0	0.0	0.0	0.0	0.0	0.0	0.0	0.0	0.0	0.0	0.0	0.0	0.0	0.0	0.0	0.0	0.0	0.0	0.0	0.0	0.0	0.0	0.0	0.0	0.0	0.0	0.0	0.0	0.0	0.0	0.0	0.0	0.0	0.0	0.0	0.0	0.0	0.0	0.0	0.0	0.0	0.0	0.0	0.0	0.0	0.0	0.0	0.0	0.0	0.0	0.0	0.0	0.0	0.0	0.0	0.0	0.0	0.0	0.0	0.0	0.0	0.0	0.0	0.0	0.0	0.0	0.0	0.0	0.0	0.0	0.0	0.0	0.0	0.0	0.0	0.0	0.0	0.0	0.0	0.0	0.0	0.0	0.0	0.0	0.0	0.0	0.0	0.0	0.0	0.0	0.0	0.0	0.0	0.0	0.0	0.0	0.0	0.0	0.0	0.0	0.0	0.0	0.0	0.0	0.0	0.0	0.0	0.0	0.0	0.0	0.0	0.0	0.0	0.0	0.0	0.0	0.0	0.0	0.0
2055.928302488398	-15.869822268611642	4226841.184972825	251.851258837322	2375.348177557122	-44.77234681011896	2004.5630388855693	5642278.964623942	2206.508384372877	-4.603441653044229	21.19167505298258	4868679.250307804	2204.0642867138163	1676.0563530048107	1.083548	92.838715	0.7145579337622346	0.3386561569787749	-0.0166207475	0.0075464327	-0.0082044519	0.0154174932	-0.0289481047	0.0137591954	9.27954e-05	-0.0223590887	0.0127060428	-0.0235462436	-0.0164908621	0.0235662895	0.0387924382	0.0457267737	-0.0237916432	-0.0276348006	0.0398301195	-0.0060817769	-0.025346605	-0.0166240777	-0.0080553418	-0.0100886125	-0.0548435133	-0.0683782182	-0.0297388144	0.0103837205	-0.0068719335	0.0357312913	-0.1216085194	0.0162998112	-0.0275700753	-0.0286873492	0.1082275133	0.048826804	-0.0259292131	-0.1007133859	0.002010612	-0.0156176022	-0.0715376758	0.101552061	0.0031498512	0.031933529	0.0415778829	0.0223686765	-0.0693934478	-0.060390626	0.0363043104	0.080282427	0.0076839116	-0.0760722702	-0.049365311	-0.4692764538946221	0.0316655523600247	0.2202203901799113	0.0010027072062654	-0.160142660335893	0.0486756728324166	0.0256456716594571	0.0023693211256884	1.91679354418006	-0.2910101409728576	3.674097491010356	0.0846869021490424	0.0287664360266856	0.0010590677287038	1.1216244539818311e-06	0.0008275078416773	-0.0050998633611185	0.0030293268224755	9.176820997369513e-06	2.6008606302078885e-05	-0.0254498556390197	0.0027757368007594	7.704714787090032e-06	0.0006476951520469	0.0	0.0	0.0	0.0	0.0	0.0	0.0	0.0	0.0	0.0	0.0	0.0	0.0	0.0	0.0	0.0	0.0	0.0	0.0	0.0	0.0	0.0	0.0	0.0	0.0	0.0	0.0	0.0	0.0	0.0	0.0	0.0	0.0	0.0	0.0	0.0	0.0	0.0	0.0	0.0	0.0	0.0	0.0	0.0	0.0	0.0	0.0	0.0	0.0	0.0	0.0	0.0	0.0	0.0	0.0	0.0	0.0	0.0	0.0	0.0	0.0	0.0	0.0	0.0	0.0	0.0	0.0	0.0	0.0	0.0	0.0	0.0	0.0	0.0	0.0	0.0	0.0	0.0	0.0	0.0	0.0	0.0	0.0	0.0	0.0	0.0	0.0	0.0	0.0	0.0	0.0	1.0	0.0	0.0	0.0	0.0	0.0	0.0	0.0	0.0	0.0	0.0	0.0	0.0	0.0	0.0	0.0	0.0	0.0	0.0	0.0	0.0	0.0	0.0	0.0	0.0	0.0	0.0	0.0	0.0	0.0	0.0	0.0	0.0	0.0	0.0	0.0	0.0	0.0	0.0	0.0	0.0	0.0	0.0	0.0	0.0	0.0	0.0	0.0	0.0	0.0	0.0	0.0	0.0	0.0	0.0	0.0	0.0	0.0	0.0	0.0	0.0	0.0	0.0	0.0	0.0	0.0	0.0	0.0	0.0	0.0	0.0	0.0	0.0	0.0	0.0	0.0	0.0	0.0	0.0	0.0	0.0	0.0	0.0	0.0	0.0	0.0	0.0	0.0	0.0	0.0	0.0	0.0	0.0	0.0	0.0	0.0	0.0	0.0	0.0	0.0	0.0	0.0	0.0	0.0	0.0	0.0	0.0	0.0	0.0	0.0	0.0	0.0	0.0	0.0	0.0	0.0	0.0	0.0	0.0	0.0	0.0	0.0	0.0	0.0	0.0	0.0	0.0	0.0	0.0	0.0	0.0	0.0	0.0	0.0	0.0	0.0	0.0	0.0	0.0	0.0	0.0	0.0	0.0	0.0	0.0	0.0	0.0	0.0	0.0	0.0
2038.882619447262	-17.045683041136044	4157042.335884128	290.55531033887297	2372.202447342546	-3.1457302145763606	9.895618582898637	5627344.451177964	2166.0389162146525	-40.46946815822457	1637.7778530095525	4691724.586556346	2160.162906979019	1408.8984424280618	1.533349	131.377838	5.815301337375136	3.574306578192361	0.0753928535	-0.0435968953	-0.1406143745	0.0589299336	-0.0214375172	0.0738328109	-0.0587214155	-0.0487027135	-0.0433729213	0.0087389017	-0.0524704137	-0.0120254741	-0.1094606257	-0.0898091174	0.0204875888	0.1005779662	-0.0938514147	-0.0385945466	-0.0154896782	0.0492487785	0.1293085699	0.0114968309	0.0720334045	-0.0185709719	0.076623113	-0.0096427891	0.0583924149	0.0135722264	-0.0473840485	0.0017321792	0.0350457559	0.1497812379	0.0022287367	0.0064353078	0.0431972939	0.0101913847	-0.0170166046	-0.0084660185	-0.0625270999	-0.0202191518	0.0011910068	0.0133379004	-0.049291059	0.0215451443	-0.0702792922	-0.0586347667	0.0393350228	0.0793936715	0.0025646777	-0.0780401729	-0.0437500746	-0.3355388752818697	0.1337375786127523	0.1125863368254221	0.0178857399332021	1.4820817289879216	1.6422243893238146	2.196566251399827	2.696900944889976	2.0732740973603683	0.1564805531803081	4.29846548278545	0.0244861635236152	0.0954412283706134	0.0666747923439278	0.0044455279341058	0.0091090280728915	0.0003967098042678	0.0054965731653863	3.021231656244477e-05	1.573786688021962e-07	-0.0309356664548708	-0.0054858108158511	3.009412030730894e-05	0.000957015459007	0.0	0.0	0.0	0.0	0.0	0.0	0.0	0.0	0.0	0.0	0.0	0.0	0.0	0.0	0.0	0.0	0.0	0.0	0.0	0.0	0.0	0.0	0.0	0.0	0.0	0.0	0.0	0.0	0.0	0.0	0.0	0.0	0.0	0.0	0.0	0.0	0.0	0.0	0.0	0.0	0.0	0.0	0.0	0.0	0.0	0.0	0.0	0.0	0.0	0.0	0.0	0.0	0.0	0.0	0.0	0.0	0.0	0.0	0.0	0.0	0.0	0.0	0.0	0.0	0.0	0.0	0.0	0.0	0.0	0.0	0.0	0.0	0.0	0.0	0.0	0.0	0.0	0.0	0.0	0.0	0.0	0.0	0.0	0.0	0.0	0.0	0.0	0.0	0.0	0.0	0.0	0.0	1.0	0.0	0.0	0.0	0.0	0.0	0.0	0.0	0.0	0.0	0.0	0.0	0.0	0.0	0.0	0.0	0.0	0.0	0.0	0.0	0.0	0.0	0.0	0.0	0.0	0.0	0.0	0.0	0.0	0.0	0.0	0.0	0.0	0.0	0.0	0.0	0.0	0.0	0.0	0.0	0.0	0.0	0.0	0.0	0.0	0.0	0.0	0.0	0.0	0.0	0.0	0.0	0.0	0.0	0.0	0.0	0.0	0.0	0.0	0.0	0.0	0.0	0.0	0.0	0.0	0.0	0.0	0.0	0.0	0.0	0.0	0.0	0.0	0.0	0.0	0.0	0.0	0.0	0.0	0.0	0.0	0.0	0.0	0.0	0.0	0.0	0.0	0.0	0.0	0.0	0.0	0.0	0.0	0.0	0.0	0.0	0.0	0.0	0.0	0.0	0.0	0.0	0.0	0.0	0.0	0.0	0.0	0.0	0.0	0.0	0.0	0.0	0.0	0.0	0.0	0.0	0.0	0.0	0.0	0.0	0.0	0.0	0.0	0.0	0.0	0.0	0.0	0.0	0.0	0.0	0.0	0.0	0.0	0.0	0.0	0.0	0.0	0.0	0.0	0.0	0.0	0.0	0.0	0.0	0.0	0.0	0.0	0.0	0.0
1965.1272281968847	-73.75539125037722	3861725.023000771	5439.85773849622	2317.517604462088	-54.68484288045784	2990.4320408603603	5370887.846991695	2124.9702629421067	-41.068653272545816	1686.634281620588	4515498.618388246	2135.482536714667	1414.0018613992097	1.451827	124.39299	2.502901827093761	1.040562062081242	0.0567435233	-0.0621086255	-0.2011362448	0.0035029528	0.0303290199	0.0791703683	-0.0930261839	0.092168019	0.0562690531	0.0152282407	-0.0733490361	-0.0415635047	-0.1026661555	-0.0101677479	0.0403891294	0.0900696815	-0.0553747133	-0.0841281439	0.180864703	0.1372280756	0.1268193134	0.1316627537	0.1081720834	0.0019784578	0.1149576035	-0.028364076	-0.0259266135	0.0246748799	-0.084330468	-0.000464311	0.0347867095	0.2012918757	-0.0293739188	0.0064976969	0.0081182358	0.0341004367	0.0251040602	-0.0088118528	-0.0446571888	-0.041797457	0.0703983173	0.0567752505	0.0800461436	0.0207192494	-0.0711343098	-0.0568210419	0.0422967282	0.0782873035	-0.0025646777	-0.0795889182	-0.0378279629	-0.4328551125479123	-0.0973162372660426	0.1873635484588658	0.0094704500356207	1.9301911703581425	0.4481094413702209	3.725637954128536	0.2008020714451314	1.52474936772429	-0.5485247296360782	2.3248606343756224	0.3008793790223327	0.1071941870249336	0.0117529586543201	0.0001381320371301	0.0114905937319364	0.0105979599008207	0.0102012500965529	0.0001040655035324	0.0001123167540594	-0.0247108468293155	0.0062248196255553	3.8748379370698446e-05	0.0006106259510218	0.0	0.0	0.0	0.0	0.0	0.0	0.0	0.0	0.0	0.0	0.0	0.0	0.0	0.0	0.0	0.0	0.0	0.0	0.0	0.0	0.0	0.0	0.0	0.0	0.0	0.0	0.0	0.0	0.0	0.0	0.0	0.0	0.0	0.0	0.0	0.0	0.0	0.0	0.0	0.0	0.0	0.0	0.0	0.0	0.0	0.0	0.0	0.0	0.0	0.0	0.0	0.0	0.0	0.0	0.0	0.0	0.0	0.0	0.0	0.0	0.0	0.0	0.0	0.0	0.0	0.0	0.0	0.0	0.0	0.0	0.0	0.0	0.0	0.0	0.0	0.0	0.0	0.0	0.0	0.0	0.0	0.0	0.0	0.0	0.0	0.0	0.0	0.0	0.0	0.0	0.0	0.0	0.0	1.0	0.0	0.0	0.0	0.0	0.0	0.0	0.0	0.0	0.0	0.0	0.0	0.0	0.0	0.0	0.0	0.0	0.0	0.0	0.0	0.0	0.0	0.0	0.0	0.0	0.0	0.0	0.0	0.0	0.0	0.0	0.0	0.0	0.0	0.0	0.0	0.0	0.0	0.0	0.0	0.0	0.0	0.0	0.0	0.0	0.0	0.0	0.0	0.0	0.0	0.0	0.0	0.0	0.0	0.0	0.0	0.0	0.0	0.0	0.0	0.0	0.0	0.0	0.0	0.0	0.0	0.0	0.0	0.0	0.0	0.0	0.0	0.0	0.0	0.0	0.0	0.0	0.0	0.0	0.0	0.0	0.0	0.0	0.0	0.0	0.0	0.0	0.0	0.0	0.0	0.0	0.0	0.0	0.0	0.0	0.0	0.0	0.0	0.0	0.0	0.0	0.0	0.0	0.0	0.0	0.0	0.0	0.0	0.0	0.0	0.0	0.0	0.0	0.0	0.0	0.0	0.0	0.0	0.0	0.0	0.0	0.0	0.0	0.0	0.0	0.0	0.0	0.0	0.0	0.0	0.0	0.0	0.0	0.0	0.0	0.0	0.0	0.0	0.0	0.0	0.0	0.0	0.0	0.0	0.0	0.0	0.0	0.0
2002.836411207911	37.7091830110262	4011353.690060184	1421.982483359067	2366.4248189011664	48.907214439078416	2391.9156241900005	5599966.4235114185	2180.9678580242653	55.99759508215857	3135.7306549853893	4756620.797734952	2165.517973577519	1471.8689647792933	1.741597	149.220566	4.263059713552322	2.376397315139768	0.018524754	-0.0322344383	-0.0979961183	-0.0899133141	0.0013922498	0.0386876352	-0.0135477403	0.0592405499	0.0782976653	-0.1080121954	0.0342652006	-0.0051205698	-0.0262744403	-0.0207974717	0.016616058	0.0299354052	-0.0375312594	-0.0715601467	-0.0213070709	0.0580498314	0.0692467965	0.0338617411	-0.0935660389	-0.0709830016	0.0460574918	-0.0062858239	0.0141097125	-0.1141970532	0.0375855147	-0.0488033186	-0.0554080986	0.0576183564	0.0027467039	-0.0637734498	-0.0467324075	0.0425886408	0.030331212	0.0070096259	-0.0093879608	-0.0364816283	-0.0659883242	0.0768851794	0.0739582164	0.0198910824	-0.0719581255	-0.0549512416	0.0451842308	0.0769663555	-0.0076839116	-0.0807101879	-0.0316405151	-0.1347895984392551	0.2980655141086572	0.0181682358474156	0.0888430507008581	0.4449713381702622	-1.4852198321878802	0.1979994917930338	2.205877949924195	1.5336799885560095	0.0089306208317194	2.3521743072971613	7.975598843994178e-05	0.0679549348388183	-0.0392392521861152	0.0015397189121255	0.004617873168948	0.0089719404428225	-0.0016260194579981	2.6439392777887582e-06	8.0495715309554e-05	-0.0161592435449477	0.0085516032843678	7.312991873321017e-05	0.0002611211519449	0.0	0.0	0.0	0.0	0.0	0.0	0.0	0.0	0.0	0.0	0.0	0.0	0.0	0.0	0.0	0.0	0.0	0.0	0.0	0.0	0.0	0.0	0.0	0.0	0.0	0.0	0.0	0.0	0.0	0.0	0.0	0.0	0.0	0.0	0.0	0.0	0.0	0.0	0.0	0.0	0.0	0.0	0.0	0.0	0.0	0.0	0.0	0.0	0.0	0.0	0.0	0.0	0.0	0.0	0.0	0.0	0.0	0.0	0.0	0.0	0.0	0.0	0.0	0.0	0.0	0.0	0.0	0.0	0.0	0.0	0.0	0.0	0.0	0.0	0.0	0.0	0.0	0.0	0.0	0.0	0.0	0.0	0.0	0.0	0.0	0.0	0.0	0.0	0.0	0.0	0.0	0.0	0.0	0.0	1.0	0.0	0.0	0.0	0.0	0.0	0.0	0.0	0.0	0.0	0.0	0.0	0.0	0.0	0.0	0.0	0.0	0.0	0.0	0.0	0.0	0.0	0.0	0.0	0.0	0.0	0.0	0.0	0.0	0.0	0.0	0.0	0.0	0.0	0.0	0.0	0.0	0.0	0.0	0.0	0.0	0.0	0.0	0.0	0.0	0.0	0.0	0.0	0.0	0.0	0.0	0.0	0.0	0.0	0.0	0.0	0.0	0.0	0.0	0.0	0.0	0.0	0.0	0.0	0.0	0.0	0.0	0.0	0.0	0.0	0.0	0.0	0.0	0.0	0.0	0.0	0.0	0.0	0.0	0.0	0.0	0.0	0.0	0.0	0.0	0.0	0.0	0.0	0.0	0.0	0.0	0.0	0.0	0.0	0.0	0.0	0.0	0.0	0.0	0.0	0.0	0.0	0.0	0.0	0.0	0.0	0.0	0.0	0.0	0.0	0.0	0.0	0.0	0.0	0.0	0.0	0.0	0.0	0.0	0.0	0.0	0.0	0.0	0.0	0.0	0.0	0.0	0.0	0.0	0.0	0.0	0.0	0.0	0.0	0.0	0.0	0.0	0.0	0.0	0.0	0.0	0.0	0.0	0.0	0.0	0.0	0.0
2053.850310340128	51.01389913221715	4218301.097284241	2602.417904672025	2363.395940493231	-3.028878407935281	9.17410441005656	5585640.371539884	2214.1230133720064	33.15515534774113	1099.2643261328471	4902340.718343535	2206.8560921805247	1918.0854306902204	1.65128	141.482162	3.958090389856028	2.872303991932888	-0.0893298705	-0.0078693888	0.0174307421	0.0606015589	-0.0092064478	-0.0312710856	0.0637716111	0.0727738	-0.0675872003	-0.0015642467	0.0642869088	0.0323708932	0.0149865552	0.0238358202	-0.0309671785	-0.0144435877	0.0247846816	-0.0181817979	-0.0383238065	-0.0990707967	-0.0119130727	0.0290163517	0.099775456	-0.0112572225	0.0133038027	0.0182574015	0.0169090837	-0.0070661764	-0.0217538724	0.0470551986	-0.0013763384	-0.0657178767	-0.023728425	-0.0041214763	-0.0531788033	0.0610076779	0.0245160962	-0.0454609822	0.0143394586	0.0453079302	0.0214092887	0.049011644	-0.0791586267	0.0190607341	-0.0727503781	-0.0530272111	0.0479924649	0.0754344479	-0.0127728206	-0.0813979594	-0.0252311319	-0.3435727482770261	-0.208783149837771	0.1180422333586287	0.0435904036561811	-0.2393955456537497	-0.6843668838240119	0.0573102272788565	0.4683580316749886	1.7767396278264798	0.2430596392704702	3.156803705088978	0.0590779882422911	0.0144181343491744	-0.0535368004896439	0.0028661890066679	0.0002078825981108	0.0079232633124575	-0.0010486771303649	1.0997237237505703e-06	6.277810151853501e-05	-0.0143071068264811	0.0018521367184665	3.430410423892217e-06	0.0002046933057443	0.0	0.0	0.0	0.0	0.0	0.0	0.0	0.0	0.0	0.0	0.0	0.0	0.0	0.0	0.0	0.0	0.0	0.0	0.0	0.0	0.0	0.0	0.0	0.0	0.0	0.0	0.0	0.0	0.0	0.0	0.0	0.0	0.0	0.0	0.0	0.0	0.0	0.0	0.0	0.0	0.0	0.0	0.0	0.0	0.0	0.0	0.0	0.0	0.0	0.0	0.0	0.0	0.0	0.0	0.0	0.0	0.0	0.0	0.0	0.0	0.0	0.0	0.0	0.0	0.0	0.0	0.0	0.0	0.0	0.0	0.0	0.0	0.0	0.0	0.0	0.0	0.0	0.0	0.0	0.0	0.0	0.0	0.0	0.0	0.0	0.0	0.0	0.0	0.0	0.0	0.0	0.0	0.0	0.0	0.0	1.0	0.0	0.0	0.0	0.0	0.0	0.0	0.0	0.0	0.0	0.0	0.0	0.0	0.0	0.0	0.0	0.0	0.0	0.0	0.0	0.0	0.0	0.0	0.0	0.0	0.0	0.0	0.0	0.0	0.0	0.0	0.0	0.0	0.0	0.0	0.0	0.0	0.0	0.0	0.0	0.0	0.0	0.0	0.0	0.0	0.0	0.0	0.0	0.0	0.0	0.0	0.0	0.0	0.0	0.0	0.0	0.0	0.0	0.0	0.0	0.0	0.0	0.0	0.0	0.0	0.0	0.0	0.0	0.0	0.0	0.0	0.0	0.0	0.0	0.0	0.0	0.0	0.0	0.0	0.0	0.0	0.0	0.0	0.0	0.0	0.0	0.0	0.0	0.0	0.0	0.0	0.0	0.0	0.0	0.0	0.0	0.0	0.0	0.0	0.0	0.0	0.0	0.0	0.0	0.0	0.0	0.0	0.0	0.0	0.0	0.0	0.0	0.0	0.0	0.0	0.0	0.0	0.0	0.0	0.0	0.0	0.0	0.0	0.0	0.0	0.0	0.0	0.0	0.0	0.0	0.0	0.0	0.0	0.0	0.0	0.0	0.0	0.0	0.0	0.0	0.0	0.0	0.0	0.0	0.0	0.0
2048.311079512984	-5.539230827143911	4195578.278455647	30.683078156381413	2325.245346278361	-38.150594214870125	1455.467838947682	5406765.920389175	2194.240978406823	-19.882034965183266	395.29531435677	4814693.471319732	2192.5859612122645	1799.522511841821	1.046162	89.635498	0.5288374580433159	0.3980212117862644	-0.063205702	-0.0462706254	-0.0272645348	0.0299970649	0.0059524158	0.0015291684	0.0963385038	0.0518218223	-0.033259158	0.02530909	-0.0451182513	0.0064100798	0.0132580336	0.0111270146	-0.0082191141	-0.0113235897	0.0181941947	-0.004664043	0.0169555892	-0.0363408566	-0.0054943326	0.0540310574	-0.0627244633	-0.0193216795	0.0209680326	0.0087665388	-0.0394226817	0.0212824883	-0.0347742023	0.0772903053	-0.0058817327	-0.0512099738	0.0204193155	-0.0099444092	-0.066645917	-0.0280542867	-0.0184172469	-0.0452934086	-0.0013778115	-0.0035330904	0.0031300633	-0.0236223586	0.0062440008	0.0182282956	-0.0735107199	-0.0510508491	0.0507165039	0.0736957799	-0.0178113211	-0.0816485389	-0.0186447705	-0.386145001482447	-0.0425722532054209	0.149107962169879	0.0018123967429864	-0.2807706386369091	-0.0413750929831593	0.0788321515205777	0.001711898319365	1.7607627430319042	-0.0159768847945755	3.1002854372492354	0.0002552608477391	0.014037255960726	-0.0003808783884483	1.4506834678705e-07	0.0001970445549069	0.0153808641614721	0.0074576008490146	5.561581042322328e-05	0.0002365709823536	-0.0135673215227409	0.0007397853037402	5.472822956299817e-07	0.0001840722133014	0.0	0.0	0.0	0.0	0.0	0.0	0.0	0.0	0.0	0.0	0.0	0.0	0.0	0.0	0.0	0.0	0.0	0.0	0.0	0.0	0.0	0.0	0.0	0.0	0.0	0.0	0.0	0.0	0.0	0.0	0.0	0.0	0.0	0.0	0.0	0.0	0.0	0.0	0.0	0.0	0.0	0.0	0.0	0.0	0.0	0.0	0.0	0.0	0.0	0.0	0.0	0.0	0.0	0.0	0.0	0.0	0.0	0.0	0.0	0.0	0.0	0.0	0.0	0.0	0.0	0.0	0.0	0.0	0.0	0.0	0.0	0.0	0.0	0.0	0.0	0.0	0.0	0.0	0.0	0.0	0.0	0.0	0.0	0.0	0.0	0.0	0.0	0.0	0.0	0.0	0.0	0.0	0.0	0.0	0.0	0.0	1.0	0.0	0.0	0.0	0.0	0.0	0.0	0.0	0.0	0.0	0.0	0.0	0.0	0.0	0.0	0.0	0.0	0.0	0.0	0.0	0.0	0.0	0.0	0.0	0.0	0.0	0.0	0.0	0.0	0.0	0.0	0.0	0.0	0.0	0.0	0.0	0.0	0.0	0.0	0.0	0.0	0.0	0.0	0.0	0.0	0.0	0.0	0.0	0.0	0.0	0.0	0.0	0.0	0.0	0.0	0.0	0.0	0.0	0.0	0.0	0.0	0.0	0.0	0.0	0.0	0.0	0.0	0.0	0.0	0.0	0.0	0.0	0.0	0.0	0.0	0.0	0.0	0.0	0.0	0.0	0.0	0.0	0.0	0.0	0.0	0.0	0.0	0.0	0.0	0.0	0.0	0.0	0.0	0.0	0.0	0.0	0.0	0.0	0.0	0.0	0.0	0.0	0.0	0.0	0.0	0.0	0.0	0.0	0.0	0.0	0.0	0.0	0.0	0.0	0.0	0.0	0.0	0.0	0.0	0.0	0.0	0.0	0.0	0.0	0.0	0.0	0.0	0.0	0.0	0.0	0.0	0.0	0.0	0.0	0.0	0.0	0.0	0.0	0.0	0.0	0.0	0.0	0.0	0.0	0.0
2053.520889939408	5.209810426423701	4216948.045417538	27.142124679273103	2378.9636853361785	53.7183390578175	2885.6599511306413	5659468.216148292	2199.9374303403106	5.696451933487424	32.44956463053261	4839724.697412329	2195.400509717988	1655.805599117586	1.022618	87.61824	1.9837380339184023	0.979230034950146	-0.017078533	0.0246175006	-0.0086252668	0.0283849077	-0.0238293331	-0.0294556808	0.0039794859	-0.0203291491	-0.0667062252	0.0732575083	-0.1289908433	0.0127448307	-0.0068976807	-0.0040885589	-0.008285567	0.0106478581	-0.002160414	0.0047721506	-0.0421745948	-0.0609801821	0.0315923493	0.0023592564	0.0340274151	-0.0352685392	0.0252399036	0.0814783644	0.0144148174	0.0640320684	-0.0783763755	0.019275688	0.0188817527	-0.1099515905	0.0213111209	-0.0267630013	-0.0783050654	-0.0111436613	0.0151936941	-0.0129389447	-0.0270039649	0.031856489	0.0588817231	-0.0135203879	-0.0294672957	0.0173938582	-0.0742388174	-0.0490241061	0.0533515689	0.0717551168	-0.0227795284	-0.0814605803	-0.0119276293	-0.1801751973332415	0.2059698041492055	0.0324631017340725	0.042423560221262	-0.117265620680925	0.1635050179559841	0.0137512257936825	0.0267338908967866	2.039971376019757	0.2792086329878529	4.161483214979941	0.0779574607349455	0.0311629322965326	0.0171256763358066	0.0002932887899588	0.0009711283493182	0.0076739474792779	-0.0077069166821942	5.939656474628327e-05	5.888946991471563e-05	-0.0116988229642345	0.0018684985585063	3.4912868631404904e-06	0.0001368624587485	0.0	0.0	0.0	0.0	0.0	0.0	0.0	0.0	0.0	0.0	0.0	0.0	0.0	0.0	0.0	0.0	0.0	0.0	0.0	0.0	0.0	0.0	0.0	0.0	0.0	0.0	0.0	0.0	0.0	0.0	0.0	0.0	0.0	0.0	0.0	0.0	0.0	0.0	0.0	0.0	0.0	0.0	0.0	0.0	0.0	0.0	0.0	0.0	0.0	0.0	0.0	0.0	0.0	0.0	0.0	0.0	0.0	0.0	0.0	0.0	0.0	0.0	0.0	0.0	0.0	0.0	0.0	0.0	0.0	0.0	0.0	0.0	0.0	0.0	0.0	0.0	0.0	0.0	0.0	0.0	0.0	0.0	0.0	0.0	0.0	0.0	0.0	0.0	0.0	0.0	0.0	0.0	0.0	0.0	0.0	0.0	0.0	1.0	0.0	0.0	0.0	0.0	0.0	0.0	0.0	0.0	0.0	0.0	0.0	0.0	0.0	0.0	0.0	0.0	0.0	0.0	0.0	0.0	0.0	0.0	0.0	0.0	0.0	0.0	0.0	0.0	0.0	0.0	0.0	0.0	0.0	0.0	0.0	0.0	0.0	0.0	0.0	0.0	0.0	0.0	0.0	0.0	0.0	0.0	0.0	0.0	0.0	0.0	0.0	0.0	0.0	0.0	0.0	0.0	0.0	0.0	0.0	0.0	0.0	0.0	0.0	0.0	0.0	0.0	0.0	0.0	0.0	0.0	0.0	0.0	0.0	0.0	0.0	0.0	0.0	0.0	0.0	0.0	0.0	0.0	0.0	0.0	0.0	0.0	0.0	0.0	0.0	0.0	0.0	0.0	0.0	0.0	0.0	0.0	0.0	0.0	0.0	0.0	0.0	0.0	0.0	0.0	0.0	0.0	0.0	0.0	0.0	0.0	0.0	0.0	0.0	0.0	0.0	0.0	0.0	0.0	0.0	0.0	0.0	0.0	0.0	0.0	0.0	0.0	0.0	0.0	0.0	0.0	0.0	0.0	0.0	0.0	0.0	0.0	0.0	0.0	0.0	0.0	0.0	0.0	0.0
2051.004628500044	-2.516261439363916	4206619.986128603	6.331571631229767	2304.549128702242	-74.41455663393663	5537.526239025362	5310946.686602262	2201.923295062521	1.985864722210408	3.943658694919822	4848466.19733899	2196.1968703851467	1756.2283317601652	1.102544	94.466316	1.2517211286069867	0.5834239152363063	-0.03078695	-0.0052469264	-0.0599922099	0.0526896863	0.0312641191	0.0073201089	0.0664572983	-0.0121929539	-0.0059988599	-0.0287898286	-0.0103205579	0.0153610212	-0.0108486848	-0.0183899617	-0.0118092711	0.0074258183	-0.0245949601	-0.0147660692	-0.0209499479	-0.0193331922	0.0377249347	0.0326528139	-0.0824772639	-0.0414432275	-0.0095707416	0.0599139928	0.0013694449	0.024800709	-0.0699541348	0.0283599088	-0.0104582253	-0.0202909761	0.0634053754	-0.012287553	-0.0095682529	-0.0629151449	-0.0236016252	-0.0502437779	-0.0019956098	-0.0153910334	-0.0298478717	-0.0088552694	-0.0063853086	0.0165575133	-0.0749343514	-0.0469489822	0.0558930371	0.0696177779	-0.0276578354	-0.0808350932	-0.0051268245	-0.3942203155131238	-0.2140451181798823	0.1554096571632668	0.0458153126166397	-0.0707511050021452	0.0465145156787798	0.0050057188590245	0.0021636001688314	1.6679745933550123	-0.3719967826647448	2.7821392440778188	0.1383816063129213	0.036289153280462	0.0051262209839293	2.6278141576078075e-05	0.0013169026458128	0.0114849694172556	0.0038110219379776	1.45238882117473e-05	0.0001319045225152	-0.015144874283999	-0.0034460513197645	1.1875269698450652e-05	0.0002293672170781	0.0	0.0	0.0	0.0	0.0	0.0	0.0	0.0	0.0	0.0	0.0	0.0	0.0	0.0	0.0	0.0	0.0	0.0	0.0	0.0	0.0	0.0	0.0	0.0	0.0	0.0	0.0	0.0	0.0	0.0	0.0	0.0	0.0	0.0	0.0	0.0	0.0	0.0	0.0	0.0	0.0	0.0	0.0	0.0	0.0	0.0	0.0	0.0	0.0	0.0	0.0	0.0	0.0	0.0	0.0	0.0	0.0	0.0	0.0	0.0	0.0	0.0	0.0	0.0	0.0	0.0	0.0	0.0	0.0	0.0	0.0	0.0	0.0	0.0	0.0	0.0	0.0	0.0	0.0	0.0	0.0	0.0	0.0	0.0	0.0	0.0	0.0	0.0	0.0	0.0	0.0	0.0	0.0	0.0	0.0	0.0	0.0	0.0	1.0	0.0	0.0	0.0	0.0	0.0	0.0	0.0	0.0	0.0	0.0	0.0	0.0	0.0	0.0	0.0	0.0	0.0	0.0	0.0	0.0	0.0	0.0	0.0	0.0	0.0	0.0	0.0	0.0	0.0	0.0	0.0	0.0	0.0	0.0	0.0	0.0	0.0	0.0	0.0	0.0	0.0	0.0	0.0	0.0	0.0	0.0	0.0	0.0	0.0	0.0	0.0	0.0	0.0	0.0	0.0	0.0	0.0	0.0	0.0	0.0	0.0	0.0	0.0	0.0	0.0	0.0	0.0	0.0	0.0	0.0	0.0	0.0	0.0	0.0	0.0	0.0	0.0	0.0	0.0	0.0	0.0	0.0	0.0	0.0	0.0	0.0	0.0	0.0	0.0	0.0	0.0	0.0	0.0	0.0	0.0	0.0	0.0	0.0	0.0	0.0	0.0	0.0	0.0	0.0	0.0	0.0	0.0	0.0	0.0	0.0	0.0	0.0	0.0	0.0	0.0	0.0	0.0	0.0	0.0	0.0	0.0	0.0	0.0	0.0	0.0	0.0	0.0	0.0	0.0	0.0	0.0	0.0	0.0	0.0	0.0	0.0	0.0	0.0	0.0	0.0	0.0	0.0
2030.391026909272	-20.61360159077208	4122487.722153688	424.9205705430811	2327.901686158899	23.352557456657	545.3419397664662	5419126.260421445	2190.143115831458	-11.780179231062904	138.77262271596575	4796726.867823928	2191.183461259051	1681.4828055976984	1.121939	96.128128	2.0728201958142134	1.1387376059241336	-0.0185712333	0.0231025341	0.0145047046	0.0276795673	0.0250311434	-0.0250795706	0.0371695711	0.0160582409	-0.1057696108	0.0524576513	-0.0609280634	0.0060644949	0.0029005993	0.0081075345	-0.0055208299	-0.0107716634	-0.0069636465	-0.0397999733	-0.0315240272	-0.0388948952	0.014973876	0.0362672431	-0.0060628163	-0.0287584995	0.0203314034	0.0362396603	-0.0419068824	0.0095726937	-0.0266807645	-0.0239783342	0.0455083255	-0.0722665133	0.0187041844	-0.0782967797	-0.0482345096	0.0857308422	-0.0358311346	0.0088728732	-0.0156015901	-0.0047669697	0.0220201387	-0.0141403326	-0.0154810396	0.0157193527	-0.0755970167	-0.0448275254	0.05833645	0.0672896215	-0.0324269895	-0.0797754371	0.0017099414	-0.2762207256738094	0.1179995898393144	0.0762978892917658	0.0139239032022464	-0.3749173667859224	-0.3041662617837772	0.1405630319176898	0.0925171148075172	2.353789794542834	0.6858152011878218	5.540326396893997	0.4703424901802925	0.0226851963483205	-0.0136039569321415	0.0001850676442115	0.0005146181333618	0.0137811121142639	0.0022961426970083	5.272271285024555e-06	0.0001899190511059	-0.0185415575149152	-0.0033966832309162	1.153745697118732e-05	0.0003437893550789	0.0	0.0	0.0	0.0	0.0	0.0	0.0	0.0	0.0	0.0	0.0	0.0	0.0	0.0	0.0	0.0	0.0	0.0	0.0	0.0	0.0	0.0	0.0	0.0	0.0	0.0	0.0	0.0	0.0	0.0	0.0	0.0	0.0	0.0	0.0	0.0	0.0	0.0	0.0	0.0	0.0	0.0	0.0	0.0	0.0	0.0	0.0	0.0	0.0	0.0	0.0	0.0	0.0	0.0	0.0	0.0	0.0	0.0	0.0	0.0	0.0	0.0	0.0	0.0	0.0	0.0	0.0	0.0	0.0	0.0	0.0	0.0	0.0	0.0	0.0	0.0	0.0	0.0	0.0	0.0	0.0	0.0	0.0	0.0	0.0	0.0	0.0	0.0	0.0	0.0	0.0	0.0	0.0	0.0	0.0	0.0	0.0	0.0	0.0	1.0	0.0	0.0	0.0	0.0	0.0	0.0	0.0	0.0	0.0	0.0	0.0	0.0	0.0	0.0	0.0	0.0	0.0	0.0	0.0	0.0	0.0	0.0	0.0	0.0	0.0	0.0	0.0	0.0	0.0	0.0	0.0	0.0	0.0	0.0	0.0	0.0	0.0	0.0	0.0	0.0	0.0	0.0	0.0	0.0	0.0	0.0	0.0	0.0	0.0	0.0	0.0	0.0	0.0	0.0	0.0	0.0	0.0	0.0	0.0	0.0	0.0	0.0	0.0	0.0	0.0	0.0	0.0	0.0	0.0	0.0	0.0	0.0	0.0	0.0	0.0	0.0	0.0	0.0	0.0	0.0	0.0	0.0	0.0	0.0	0.0	0.0	0.0	0.0	0.0	0.0	0.0	0.0	0.0	0.0	0.0	0.0	0.0	0.0	0.0	0.0	0.0	0.0	0.0	0.0	0.0	0.0	0.0	0.0	0.0	0.0	0.0	0.0	0.0	0.0	0.0	0.0	0.0	0.0	0.0	0.0	0.0	0.0	0.0	0.0	0.0	0.0	0.0	0.0	0.0	0.0	0.0	0.0	0.0	0.0	0.0	0.0	0.0	0.0	0.0	0.0	0.0
2025.6156610642229	-4.775365845049009	4103118.806348649	22.80411895406064	2342.7270256983093	14.82533953941038	219.7906924588048	5488369.916937247	2187.924465013587	-2.2186508178710938	4.922411451640073	4787013.464604991	2186.3376779589503	1577.1830053584915	1.325719	113.588066	1.4091715707655776	0.7153476505894576	0.0046833963	-0.001703935	-0.0013106685	-0.0446088092	0.0020348876	0.0524045171	0.011201478	-0.0767293766	-0.0332267769	0.0445416603	-0.0396931879	-0.0015069025	-0.0081926658	-0.0228657645	0.0044511491	0.0066627593	-0.040391355	-0.0246527902	-0.0110180436	-0.0139932072	-0.0049707029	-0.0317317289	-0.0982915974	-0.0195323832	-0.0037811934	0.0168474467	0.023681959	0.0470493441	-0.0953710112	0.0575074571	-0.0716669094	-0.0570667257	0.0140747491	0.0323075559	-0.0446195314	-0.0714148951	0.0604167179	-0.0101076446	0.0150819148	0.0668002916	0.0189752423	0.0434236802	0.033494418	0.0148794683	-0.0762265226	-0.0426618292	0.0606775209	0.064777029	-0.0370681691	-0.0782873035	0.0085347133	-0.1845733274710994	0.09164739820271	0.0340673132137536	0.008399245597326	-0.2509647957837586	0.1239525710021638	0.0629833287227836	0.0153642398580464	2.178679271600515	-0.1751105229423188	4.746643368501752	0.0306636952451323	0.0292333687996501	0.0065481724513296	4.2878562452351904e-05	0.0008545898513763	0.0055029706260911	-0.0082781414881728	6.852762649820778e-05	3.028268571162148e-05	-0.0129986498820499	0.0055429076328653	3.072382502647642e-05	0.0001689648987561	0.0	0.0	0.0	0.0	0.0	0.0	0.0	0.0	0.0	0.0	0.0	0.0	0.0	0.0	0.0	0.0	0.0	0.0	0.0	0.0	0.0	0.0	0.0	0.0	0.0	0.0	0.0	0.0	0.0	0.0	0.0	0.0	0.0	0.0	0.0	0.0	0.0	0.0	0.0	0.0	0.0	0.0	0.0	0.0	0.0	0.0	0.0	0.0	0.0	0.0	0.0	0.0	0.0	0.0	0.0	0.0	0.0	0.0	0.0	0.0	0.0	0.0	0.0	0.0	0.0	0.0	0.0	0.0	0.0	0.0	0.0	0.0	0.0	0.0	0.0	0.0	0.0	0.0	0.0	0.0	0.0	0.0	0.0	0.0	0.0	0.0	0.0	0.0	0.0	0.0	0.0	0.0	0.0	0.0	0.0	0.0	0.0	0.0	0.0	0.0	1.0	0.0	0.0	0.0	0.0	0.0	0.0	0.0	0.0	0.0	0.0	0.0	0.0	0.0	0.0	0.0	0.0	0.0	0.0	0.0	0.0	0.0	0.0	0.0	0.0	0.0	0.0	0.0	0.0	0.0	0.0	0.0	0.0	0.0	0.0	0.0	0.0	0.0	0.0	0.0	0.0	0.0	0.0	0.0	0.0	0.0	0.0	0.0	0.0	0.0	0.0	0.0	0.0	0.0	0.0	0.0	0.0	0.0	0.0	0.0	0.0	0.0	0.0	0.0	0.0	0.0	0.0	0.0	0.0	0.0	0.0	0.0	0.0	0.0	0.0	0.0	0.0	0.0	0.0	0.0	0.0	0.0	0.0	0.0	0.0	0.0	0.0	0.0	0.0	0.0	0.0	0.0	0.0	0.0	0.0	0.0	0.0	0.0	0.0	0.0	0.0	0.0	0.0	0.0	0.0	0.0	0.0	0.0	0.0	0.0	0.0	0.0	0.0	0.0	0.0	0.0	0.0	0.0	0.0	0.0	0.0	0.0	0.0	0.0	0.0	0.0	0.0	0.0	0.0	0.0	0.0	0.0	0.0	0.0	0.0	0.0	0.0	0.0	0.0	0.0	0.0
1918.089797628619	-107.52586343560392	3679068.471766996	11561.811307572145	2243.590757605148	-99.1362680931611	9827.999651439111	5033699.487611243	2086.3451720527983	-101.57929296078872	10318.352758413745	4352836.17694802	2086.374013761195	1293.29962919095	2.02565	173.558319	8.42954313420018	5.147119411470317	0.0813430798	-0.0818838588	-0.1615852549	0.0090152101	0.0967092388	0.0573213539	-0.0794831327	0.1096182517	0.0735335856	0.0699007478	-0.0163579454	-0.0805151099	-0.1257492246	0.039335491	0.0859486534	0.1041122404	0.0039980654	-0.0913928892	0.1730607595	0.1471396119	0.121977276	0.1189341594	0.1229683189	-0.0161999378	0.0977726183	-0.0296019119	-0.0740043756	-0.0767782395	-0.0424298638	0.0199045733	0.0251569253	0.1701463037	-0.0750793443	0.0615619816	0.0244919988	0.0238016298	0.0660695413	-0.0099027293	-0.028251085	-0.0058302948	0.0944897072	0.086510423	0.0359181656	0.0140379523	-0.0768225931	-0.0404540309	0.0629121428	0.0620868871	-0.0415630576	-0.0763786853	0.0152996203	-0.0062857159444007	0.1782876115266987	3.951022493369319e-05	0.031786472423895	2.3392638249713684	2.590228620755127	5.472155242819677	6.709284307779008	1.3440490851132978	-0.8346301864872174	1.8064679431938928	0.6966075481956874	0.1175907182676236	0.0883573494679735	0.0078070212050055	0.0138275770226956	-0.0001519344770897	-0.0056549051031808	3.1977951725980254e-05	2.308408532852057e-08	-0.0104829701445815	0.0025156797374683	6.328644541509071e-06	0.0001098926630521	0.0	0.0	0.0	0.0	0.0	0.0	0.0	0.0	0.0	0.0	0.0	0.0	0.0	0.0	0.0	0.0	0.0	0.0	0.0	0.0	0.0	0.0	0.0	0.0	0.0	0.0	0.0	0.0	0.0	0.0	0.0	0.0	0.0	0.0	0.0	0.0	0.0	0.0	0.0	0.0	0.0	0.0	0.0	0.0	0.0	0.0	0.0	0.0	0.0	0.0	0.0	0.0	0.0	0.0	0.0	0.0	0.0	0.0	0.0	0.0	0.0	0.0	0.0	0.0	0.0	0.0	0.0	0.0	0.0	0.0	0.0	0.0	0.0	0.0	0.0	0.0	0.0	0.0	0.0	0.0	0.0	0.0	0.0	0.0	0.0	0.0	0.0	0.0	0.0	0.0	0.0	0.0	0.0	0.0	0.0	0.0	0.0	0.0	0.0	0.0	0.0	1.0	0.0	0.0	0.0	0.0	0.0	0.0	0.0	0.0	0.0	0.0	0.0	0.0	0.0	0.0	0.0	0.0	0.0	0.0	0.0	0.0	0.0	0.0	0.0	0.0	0.0	0.0	0.0	0.0	0.0	0.0	0.0	0.0	0.0	0.0	0.0	0.0	0.0	0.0	0.0	0.0	0.0	0.0	0.0	0.0	0.0	0.0	0.0	0.0	0.0	0.0	0.0	0.0	0.0	0.0	0.0	0.0	0.0	0.0	0.0	0.0	0.0	0.0	0.0	0.0	0.0	0.0	0.0	0.0	0.0	0.0	0.0	0.0	0.0	0.0	0.0	0.0	0.0	0.0	0.0	0.0	0.0	0.0	0.0	0.0	0.0	0.0	0.0	0.0	0.0	0.0	0.0	0.0	0.0	0.0	0.0	0.0	0.0	0.0	0.0	0.0	0.0	0.0	0.0	0.0	0.0	0.0	0.0	0.0	0.0	0.0	0.0	0.0	0.0	0.0	0.0	0.0	0.0	0.0	0.0	0.0	0.0	0.0	0.0	0.0	0.0	0.0	0.0	0.0	0.0	0.0	0.0	0.0	0.0	0.0	0.0	0.0	0.0	0.0	0.0
1973.237501515673	55.14770388705415	3893666.237387816	3041.2692440142077	2299.0439356973725	55.453178092224334	3075.054960527949	5285603.018266864	2162.0815777985945	75.73640574579622	5736.0031552918745	4674596.74905606	2156.603806764822	1392.9984540087837	1.492394	127.86882	4.528668452921512	2.338292159374164	0.0714343508	-0.0400615295	-0.081660966	0.0247505867	0.0374945181	0.0381516571	-0.0171491981	0.0477951974	-0.010670618	0.040600864	-0.0538110279	-0.0196307913	-0.0858356756	-0.0174268618	0.0264363768	0.064833565	-0.0410180331	-0.0781781627	0.0083520392	0.0654735167	0.0745444191	0.0171262196	0.0191523451	-0.0839602372	0.0010661885	-0.0577924509	-0.0008809149	-0.0144876319	-0.1079191537	-0.0134457462	-0.0097636476	0.0936719679	-0.0529908324	-0.0326118328	0.0277317691	-0.01376799	0.0416093551	-0.0661282468	0.0494495548	-0.0214832404	-0.0049764788	0.0569295223	-0.0384342126	0.0131948967	-0.0773849666	-0.0382063093	0.0650363955	0.0592265694	-0.0458939156	-0.0740598336	0.0219572114	0.1613901555198822	0.1676758714642829	0.0260467822987317	0.0281151978713067	0.9076955536985024	-1.431568271272866	0.8239112182040309	2.0493877153151816	1.83413454741946	0.4900854623061621	3.364049538037587	0.2401837603638446	0.0787001127123414	-0.0388906055552822	0.0015124792004565	0.0061937077409352	-0.0048502052422676	-0.0046982707651779	2.2073748182925333e-05	2.352449089212011e-05	-0.0156808707816854	-0.0051979006371038	2.701817103320512e-05	0.0002458897084719	0.0	0.0	0.0	0.0	0.0	0.0	0.0	0.0	0.0	0.0	0.0	0.0	0.0	0.0	0.0	0.0	0.0	0.0	0.0	0.0	0.0	0.0	0.0	0.0	0.0	0.0	0.0	0.0	0.0	0.0	0.0	0.0	0.0	0.0	0.0	0.0	0.0	0.0	0.0	0.0	0.0	0.0	0.0	0.0	0.0	0.0	0.0	0.0	0.0	0.0	0.0	0.0	0.0	0.0	0.0	0.0	0.0	0.0	0.0	0.0	0.0	0.0	0.0	0.0	0.0	0.0	0.0	0.0	0.0	0.0	0.0	0.0	0.0	0.0	0.0	0.0	0.0	0.0	0.0	0.0	0.0	0.0	0.0	0.0	0.0	0.0	0.0	0.0	0.0	0.0	0.0	0.0	0.0	0.0	0.0	0.0	0.0	0.0	0.0	0.0	0.0	0.0	1.0	0.0	0.0	0.0	0.0	0.0	0.0	0.0	0.0	0.0	0.0	0.0	0.0	0.0	0.0	0.0	0.0	0.0	0.0	0.0	0.0	0.0	0.0	0.0	0.0	0.0	0.0	0.0	0.0	0.0	0.0	0.0	0.0	0.0	0.0	0.0	0.0	0.0	0.0	0.0	0.0	0.0	0.0	0.0	0.0	0.0	0.0	0.0	0.0	0.0	0.0	0.0	0.0	0.0	0.0	0.0	0.0	0.0	0.0	0.0	0.0	0.0	0.0	0.0	0.0	0.0	0.0	0.0	0.0	0.0	0.0	0.0	0.0	0.0	0.0	0.0	0.0	0.0	0.0	0.0	0.0	0.0	0.0	0.0	0.0	0.0	0.0	0.0	0.0	0.0	0.0	0.0	0.0	0.0	0.0	0.0	0.0	0.0	0.0	0.0	0.0	0.0	0.0	0.0	0.0	0.0	0.0	0.0	0.0	0.0	0.0	0.0	0.0	0.0	0.0	0.0	0.0	0.0	0.0	0.0	0.0	0.0	0.0	0.0	0.0	0.0	0.0	0.0	0.0	0.0	0.0	0.0	0.0	0.0	0.0	0.0	0.0	0.0	0.0
2010.9828216746955	37.74532015902241	4044051.90907072	1424.7091939071038	2329.7792922764606	30.735356579088148	944.662144043697	5427871.5507202055	2163.9066430796747	1.825065281080242	3.330863280204503	4682491.959964347	2156.3882589838645	1510.3803274343943	1.070623	91.731331	1.5241423470501476	0.6564648639978251	0.0353076857	-0.0228524186	-0.1136310651	0.0319475413	0.0197417741	0.0593662778	0.0239062567	0.0299099174	0.0048796345	0.0159210109	-0.0350469914	-0.0170442162	-0.074626293	-0.0509945328	0.0257658103	0.0602543178	-0.0654804479	-0.0577677727	0.0042012116	0.0289660574	0.1120908987	0.0093025903	0.0604021973	-0.0615070378	0.0536161401	0.0232445197	0.082872272	-0.0226339815	-0.025551701	-0.0183785562	-0.0340385785	0.1204509579	-0.0632178983	-0.0276328482	-0.0253289107	0.0287966446	0.0541678968	-0.0467085351	0.057324206	-0.0639834859	-0.0767802521	0.0505297953	-0.0594997807	0.0123503943	-0.0779133966	-0.0359208828	0.0670465522	0.0562039158	-0.0500436514	-0.0713432033	0.0284607885	0.090525656510124	-0.0708644990097582	0.0081948944865889	0.005021777219904	1.1174704120176813	0.2097748583191788	1.2487401217349663	0.0440054911828315	1.2862937114660795	-0.5478408359533804	1.654551512157182	0.3001295815380986	0.083052558910794	0.0043524461984525	1.8943787910424467e-05	0.0068977275416309	0.0013638230787733	0.0062140283210409	3.861414797469839e-05	1.860013390194683e-06	-0.0123341022258223	0.0033467685558631	1.1200859766513984e-05	0.000152130077717	0.0	0.0	0.0	0.0	0.0	0.0	0.0	0.0	0.0	0.0	0.0	0.0	0.0	0.0	0.0	0.0	0.0	0.0	0.0	0.0	0.0	0.0	0.0	0.0	0.0	0.0	0.0	0.0	0.0	0.0	0.0	0.0	0.0	0.0	0.0	0.0	0.0	0.0	0.0	0.0	0.0	0.0	0.0	0.0	0.0	0.0	0.0	0.0	0.0	0.0	0.0	0.0	0.0	0.0	0.0	0.0	0.0	0.0	0.0	0.0	0.0	0.0	0.0	0.0	0.0	0.0	0.0	0.0	0.0	0.0	0.0	0.0	0.0	0.0	0.0	0.0	0.0	0.0	0.0	0.0	0.0	0.0	0.0	0.0	0.0	0.0	0.0	0.0	0.0	0.0	0.0	0.0	0.0	0.0	0.0	0.0	0.0	0.0	0.0	0.0	0.0	0.0	0.0	1.0	0.0	0.0	0.0	0.0	0.0	0.0	0.0	0.0	0.0	0.0	0.0	0.0	0.0	0.0	0.0	0.0	0.0	0.0	0.0	0.0	0.0	0.0	0.0	0.0	0.0	0.0	0.0	0.0	0.0	0.0	0.0	0.0	0.0	0.0	0.0	0.0	0.0	0.0	0.0	0.0	0.0	0.0	0.0	0.0	0.0	0.0	0.0	0.0	0.0	0.0	0.0	0.0	0.0	0.0	0.0	0.0	0.0	0.0	0.0	0.0	0.0	0.0	0.0	0.0	0.0	0.0	0.0	0.0	0.0	0.0	0.0	0.0	0.0	0.0	0.0	0.0	0.0	0.0	0.0	0.0	0.0	0.0	0.0	0.0	0.0	0.0	0.0	0.0	0.0	0.0	0.0	0.0	0.0	0.0	0.0	0.0	0.0	0.0	0.0	0.0	0.0	0.0	0.0	0.0	0.0	0.0	0.0	0.0	0.0	0.0	0.0	0.0	0.0	0.0	0.0	0.0	0.0	0.0	0.0	0.0	0.0	0.0	0.0	0.0	0.0	0.0	0.0	0.0	0.0	0.0	0.0	0.0	0.0	0.0	0.0	0.0	0.0
2017.8458616980583	6.863040023362828	4071701.92157198	47.10131836228005	2312.6228269812177	-17.156465295242924	294.3443014268749	5348224.339874599	2175.804968792459	11.8983257127843	141.570154767504	4734127.262221954	2164.8716176528133	1569.6005243311442	0.731836	62.703949	1.1865696431586268	0.5705172175830555	0.0174296253	-0.0235141444	-0.1205098033	0.019802315	0.0231045583	0.065408711	0.0356237749	0.053543906	0.0062660141	-0.0036012872	-0.0467206642	-0.0158066733	-0.074439771	-0.0438130429	0.0228167513	0.0626582956	-0.0554604765	-0.0477125908	-0.0197171567	0.0431447054	0.0964799001	0.0363331857	0.0266289915	-0.0487838968	0.016215495	0.0101200776	0.0537618909	-0.0230535075	-0.0628897767	-0.0096763447	-0.01971597	0.1053719895	-0.051505126	-0.0374888813	-0.0090322621	0.0331663573	0.0390030767	-0.0308508515	0.0400689852	-0.0819982055	-0.053377013	0.0430217875	-0.0325173508	0.0115045374	-0.0784076511	-0.0336000067	0.0689390864	0.0530272111	-0.0539958877	-0.0682433853	0.0347647336	0.0074864900393976	-0.0830391664707264	5.604753310999948e-05	0.006895503168153	0.9012958619344856	-0.2161745500831956	0.8123342307402274	0.046731436103672	1.1693361187809543	-0.1169575926851251	1.367346958685706	0.0136790784866996	0.0743676654326275	-0.0086848934781664	7.542737472709886e-05	0.0055305496618992	0.0080010612252849	0.0066372381465116	4.405293021350874e-05	6.401698073075751e-05	-0.0124199372795358	-8.583505371350005e-05	7.3676564459994384e-09	0.0001542548420276	0.0	0.0	0.0	0.0	0.0	0.0	0.0	0.0	0.0	0.0	0.0	0.0	0.0	0.0	0.0	0.0	0.0	0.0	0.0	0.0	0.0	0.0	0.0	0.0	0.0	0.0	0.0	0.0	0.0	0.0	0.0	0.0	0.0	0.0	0.0	0.0	0.0	0.0	0.0	0.0	0.0	0.0	0.0	0.0	0.0	0.0	0.0	0.0	0.0	0.0	0.0	0.0	0.0	0.0	0.0	0.0	0.0	0.0	0.0	0.0	0.0	0.0	0.0	0.0	0.0	0.0	0.0	0.0	0.0	0.0	0.0	0.0	0.0	0.0	0.0	0.0	0.0	0.0	0.0	0.0	0.0	0.0	0.0	0.0	0.0	0.0	0.0	0.0	0.0	0.0	0.0	0.0	0.0	0.0	0.0	0.0	0.0	0.0	0.0	0.0	0.0	0.0	0.0	0.0	1.0	0.0	0.0	0.0	0.0	0.0	0.0	0.0	0.0	0.0	0.0	0.0	0.0	0.0	0.0	0.0	0.0	0.0	0.0	0.0	0.0	0.0	0.0	0.0	0.0	0.0	0.0	0.0	0.0	0.0	0.0	0.0	0.0	0.0	0.0	0.0	0.0	0.0	0.0	0.0	0.0	0.0	0.0	0.0	0.0	0.0	0.0	0.0	0.0	0.0	0.0	0.0	0.0	0.0	0.0	0.0	0.0	0.0	0.0	0.0	0.0	0.0	0.0	0.0	0.0	0.0	0.0	0.0	0.0	0.0	0.0	0.0	0.0	0.0	0.0	0.0	0.0	0.0	0.0	0.0	0.0	0.0	0.0	0.0	0.0	0.0	0.0	0.0	0.0	0.0	0.0	0.0	0.0	0.0	0.0	0.0	0.0	0.0	0.0	0.0	0.0	0.0	0.0	0.0	0.0	0.0	0.0	0.0	0.0	0.0	0.0	0.0	0.0	0.0	0.0	0.0	0.0	0.0	0.0	0.0	0.0	0.0	0.0	0.0	0.0	0.0	0.0	0.0	0.0	0.0	0.0	0.0	0.0	0.0	0.0	0.0	0.0
2052.2393440526525	34.3934823545942	4211686.325277662	1182.9116284757824	2350.1130199693653	37.49019298814756	1405.5145702885482	5523031.2066295305	2192.85201296599	17.04704417353105	290.6017150543189	4808599.950768995	2168.5459350160604	1608.3153467028983	0.851507	72.95740499999998	0.4864854142329717	0.3050831994757515	0.0073653207	-0.0122333312	-0.1190042007	0.0332065864	-0.0168121164	0.0562151231	0.0627360175	0.0446663034	-0.03501996	-0.0253382569	0.0099389488	-0.0006376629	-0.0672824158	-0.0473292715	0.0159566349	0.0622297389	-0.055336631	-0.0510190177	-0.0705984991	-0.008469566	0.0997391112	0.0115083601	0.0581198419	-0.0314878016	0.0354967012	0.0516714656	0.1048724407	-0.0053065594	-0.0335261854	-0.0247871311	-0.0368038724	0.0797114193	-0.0618200533	-0.0430651237	-0.0066143562	0.0233345483	0.0414135388	-0.049610117	0.0431673006	-0.0470104617	-0.0564061718	0.0409233739	-0.0866243121	0.010657419	-0.0788675135	-0.0312459714	0.0707106781	0.0497051625	-0.0577350269	-0.064777029	0.040824829	0.0532252014460397	0.045738711406642	0.0028329220689715	0.00209202972114	0.8709273406052773	-0.0303685213292083	0.7585144326137807	0.0009222470877225	1.1797263008550305	0.0103901820740761	1.391754144929094	0.0001079558835324	0.0698662353312777	-0.0045014301013498	2.026287295733811e-05	0.0048812908393654	0.0086207934669249	0.0006197322416399	3.8406805132813844e-07	7.431807999937503e-05	-0.0095413396340647	0.0028785976454711	8.286324404511763e-06	9.103716201257388e-05	0.0	0.0	0.0	0.0	0.0	0.0	0.0	0.0	0.0	0.0	0.0	0.0	0.0	0.0	0.0	0.0	0.0	0.0	0.0	0.0	0.0	0.0	0.0	0.0	0.0	0.0	0.0	0.0	0.0	0.0	0.0	0.0	0.0	0.0	0.0	0.0	0.0	0.0	0.0	0.0	0.0	0.0	0.0	0.0	0.0	0.0	0.0	0.0	0.0	0.0	0.0	0.0	0.0	0.0	0.0	0.0	0.0	0.0	0.0	0.0	0.0	0.0	0.0	0.0	0.0	0.0	0.0	0.0	0.0	0.0	0.0	0.0	0.0	0.0	0.0	0.0	0.0	0.0	0.0	0.0	0.0	0.0	0.0	0.0	0.0	0.0	0.0	0.0	0.0	0.0	0.0	0.0	0.0	0.0	0.0	0.0	0.0	0.0	0.0	0.0	0.0	0.0	0.0	0.0	0.0	0.0	0.0	0.0	0.0	0.0	0.0	0.0	0.0	0.0	0.0	0.0	0.0	0.0	0.0	0.0	0.0	0.0	0.0	0.0	0.0	0.0	0.0	0.0	0.0	0.0	0.0	0.0	0.0	0.0	0.0	0.0	0.0	0.0	0.0	0.0	0.0	0.0	0.0	0.0	0.0	0.0	0.0	0.0	0.0	0.0	0.0	0.0	0.0	0.0	0.0	0.0	0.0	0.0	0.0	0.0	0.0	0.0	0.0	0.0	0.0	0.0	0.0	0.0	0.0	0.0	0.0	0.0	0.0	0.0	0.0	0.0	0.0	0.0	0.0	0.0	0.0	0.0	0.0	0.0	0.0	0.0	0.0	0.0	0.0	0.0	0.0	0.0	0.0	0.0	0.0	0.0	0.0	0.0	0.0	0.0	0.0	0.0	0.0	0.0	0.0	0.0	0.0	0.0	0.0	0.0	0.0	0.0	0.0	0.0	0.0	0.0	0.0	0.0	0.0	0.0	0.0	0.0	0.0	0.0	0.0	0.0	0.0	0.0	0.0	0.0	0.0	0.0	0.0	0.0	0.0	0.0	0.0	0.0	0.0	0.0	0.0
2035.1446618673776	-17.094682185274905	4141813.794727283	292.2281590155552	2337.4010005585133	-12.712019410852008	161.59543750187822	5463443.437411939	2187.4255480558977	-5.426464910092363	29.44652142046372	4784830.5282876445	2178.472391055436	1738.390879416075	1.337937	114.634827	4.846656525001232	2.7797724828512287	-0.0321422394	-0.0171714264	-0.0141735038	-0.0406730664	0.0154013171	0.0188820587	0.0047359255	0.0318851453	0.0379921682	-0.0026921261	-0.0712662913	-0.0055432998	0.0077924678	0.0200222103	0.0114429773	-0.0068715896	0.0076213246	-0.0444388176	-0.0540422694	0.0104786786	0.0011333192	0.0413244536	-0.0861435049	-0.0330221716	-0.0147275613	-0.0287240479	-0.0139103904	-0.0748929076	0.0408917065	-0.0103536924	-0.0209813148	-0.0079932488	-0.0106772502	-0.0472586469	-0.0314925495	0.0524424585	-0.027031884	0.0633898369	-0.0078349017	0.0041426743	-0.0297175904	0.0754225982	-0.0094459085	0.0098091318	-0.0792927819	-0.0288611001	0.0723582192	0.0462468756	-0.0612463124	-0.0609627523	0.0465985677	-0.1461163383692678	-0.1993415398153075	0.0213499843384423	0.0397370494959378	-0.3720500321129805	-1.2429773727182578	0.1384212263952698	1.5449927490895827	1.8755676886127264	0.6958413877576959	3.517754154568085	0.4841952369165561	0.0245279708321704	-0.0453382644991073	0.002055558227791	0.0006016213531438	0.0142595463414556	0.0056387528745307	3.1795533980028234e-05	0.0002033346618641	-0.0127342467546261	-0.0031929071205614	1.01946558805317e-05	0.0001621610404077	0.0	0.0	0.0	0.0	0.0	0.0	0.0	0.0	0.0	0.0	0.0	0.0	0.0	0.0	0.0	0.0	0.0	0.0	0.0	0.0	0.0	0.0	0.0	0.0	0.0	0.0	0.0	0.0	0.0	0.0	0.0	0.0	0.0	0.0	0.0	0.0	0.0	0.0	0.0	0.0	0.0	0.0	0.0	0.0	0.0	0.0	0.0	0.0	0.0	0.0	0.0	0.0	0.0	0.0	0.0	0.0	0.0	0.0	0.0	0.0	0.0	0.0	0.0	0.0	0.0	0.0	0.0	0.0	0.0	0.0	0.0	0.0	0.0	0.0	0.0	0.0	0.0	0.0	0.0	0.0	0.0	0.0	0.0	0.0	0.0	0.0	0.0	0.0	0.0	0.0	0.0	0.0	0.0	0.0	0.0	0.0	0.0	0.0	0.0	0.0	0.0	0.0	0.0	0.0	0.0	1.0	0.0	0.0	0.0	0.0	0.0	0.0	0.0	0.0	0.0	0.0	0.0	0.0	0.0	0.0	0.0	0.0	0.0	0.0	0.0	0.0	0.0	0.0	0.0	0.0	0.0	0.0	0.0	0.0	0.0	0.0	0.0	0.0	0.0	0.0	0.0	0.0	0.0	0.0	0.0	0.0	0.0	0.0	0.0	0.0	0.0	0.0	0.0	0.0	0.0	0.0	0.0	0.0	0.0	0.0	0.0	0.0	0.0	0.0	0.0	0.0	0.0	0.0	0.0	0.0	0.0	0.0	0.0	0.0	0.0	0.0	0.0	0.0	0.0	0.0	0.0	0.0	0.0	0.0	0.0	0.0	0.0	0.0	0.0	0.0	0.0	0.0	0.0	0.0	0.0	0.0	0.0	0.0	0.0	0.0	0.0	0.0	0.0	0.0	0.0	0.0	0.0	0.0	0.0	0.0	0.0	0.0	0.0	0.0	0.0	0.0	0.0	0.0	0.0	0.0	0.0	0.0	0.0	0.0	0.0	0.0	0.0	0.0	0.0	0.0	0.0	0.0	0.0	0.0	0.0	0.0	0.0	0.0	0.0	0.0	0.0
2066.8244111974927	31.6797493301151	4271763.146721862	1003.606517618928	2385.854769353997	48.45376879548394	2347.767710486213	5692302.980449216	2212.710041543712	25.284493487814416	639.3056109353296	4896085.727948376	2212.619124568713	1846.335975880366	1.37849	118.109467	2.4598070041372075	1.676452892255237	-0.0628315825	0.0149605802	0.1083885829	0.0389075556	-0.023568906	-0.0201665493	0.0585949956	-0.0058445937	-0.0863059285	-0.0443677524	0.0298801185	0.017553212	0.0265483053	0.0367813168	-0.0179884404	-0.0252889461	0.0369550227	-0.0063446514	-0.0452429201	-0.0814697327	-0.0686333466	0.0021800334	0.0980754219	0.0381274555	0.0750065282	-0.0102106698	-0.0209917867	0.0149118555	0.0017063802	0.0547445964	-0.0164241784	-0.0227107787	-0.0311254213	0.0043579588	-0.0369499295	0.0845331982	-0.0189832049	0.0048179234	0.0336519709	-0.0015988249	-0.0156910024	0.0282581782	-0.0336052854	0.008959769	-0.0796832699	-0.0264477464	0.0738788195	0.0426618292	-0.0645158866	-0.0568210419	0.0520454508	-0.3500639216441925	-0.2039475832749246	0.1225447492369113	0.0415946167236823	-0.443973844492433	-0.0719238123794525	0.197112774593391	0.0051730347871946	2.6067394564732567	0.7311717678605303	6.795090593934489	0.5346121541162931	-0.0022133510134489	-0.0267413218456193	0.0007150982940509	4.898922708735273e-06	0.0131356020020996	-0.0011239443393559	1.263250877970395e-06	0.0001725440399575	-0.0115442361271554	0.0011900106274707	1.4161252934932102e-06	0.0001332693877595	0.0	0.0	0.0	0.0	0.0	0.0	0.0	0.0	0.0	0.0	0.0	0.0	0.0	0.0	0.0	0.0	0.0	0.0	0.0	0.0	0.0	0.0	0.0	0.0	0.0	0.0	0.0	0.0	0.0	0.0	0.0	0.0	0.0	0.0	0.0	0.0	0.0	0.0	0.0	0.0	0.0	0.0	0.0	0.0	0.0	0.0	0.0	0.0	0.0	0.0	0.0	0.0	0.0	0.0	0.0	0.0	0.0	0.0	0.0	0.0	0.0	0.0	0.0	0.0	0.0	0.0	0.0	0.0	0.0	0.0	0.0	0.0	0.0	0.0	0.0	0.0	0.0	0.0	0.0	0.0	0.0	0.0	0.0	0.0	0.0	0.0	0.0	0.0	0.0	0.0	0.0	0.0	0.0	0.0	0.0	0.0	0.0	0.0	0.0	0.0	0.0	0.0	0.0	0.0	0.0	0.0	1.0	0.0	0.0	0.0	0.0	0.0	0.0	0.0	0.0	0.0	0.0	0.0	0.0	0.0	0.0	0.0	0.0	0.0	0.0	0.0	0.0	0.0	0.0	0.0	0.0	0.0	0.0	0.0	0.0	0.0	0.0	0.0	0.0	0.0	0.0	0.0	0.0	0.0	0.0	0.0	0.0	0.0	0.0	0.0	0.0	0.0	0.0	0.0	0.0	0.0	0.0	0.0	0.0	0.0	0.0	0.0	0.0	0.0	0.0	0.0	0.0	0.0	0.0	0.0	0.0	0.0	0.0	0.0	0.0	0.0	0.0	0.0	0.0	0.0	0.0	0.0	0.0	0.0	0.0	0.0	0.0	0.0	0.0	0.0	0.0	0.0	0.0	0.0	0.0	0.0	0.0	0.0	0.0	0.0	0.0	0.0	0.0	0.0	0.0	0.0	0.0	0.0	0.0	0.0	0.0	0.0	0.0	0.0	0.0	0.0	0.0	0.0	0.0	0.0	0.0	0.0	0.0	0.0	0.0	0.0	0.0	0.0	0.0	0.0	0.0	0.0	0.0	0.0	0.0	0.0	0.0	0.0	0.0	0.0	0.0
2058.0717909714926	-8.75262022600009	4235659.496792607	76.60836082058587	2375.6433515156787	-10.21141783831854	104.27305426873006	5643681.333600647	2209.3515734465227	-3.358468097189416	11.279307959839096	4881234.375090626	2210.9781747213224	1634.0522126364206	1.382085	118.417496	1.1955252023609977	0.8224380777775593	0.012106506	0.0050702598	0.03604959	0.021323467	-0.0122405097	0.0390573568	-0.029929988	-0.1003403549	0.0262798329	0.0613805907	0.0396772308	0.0117101408	0.0092057632	0.0157154971	-0.0116858178	-0.0063960029	0.0113145359	0.0047552834	0.007339204	0.0036190719	-0.0316612593	0.0173660389	-0.1369214446	-0.048091001	-0.0144257504	-0.0330532359	-0.0603124656	0.0028165442	-0.038287118	0.0703658585	-0.0433376339	-0.0378643914	-0.0017259389	0.0131366978	0.0535227469	-0.0345353356	0.0113094353	0.0420869551	-0.0180465803	0.0095302447	-0.0381065122	0.0527136834	0.1001279963	0.0081094236	-0.0800388062	-0.024008292	0.0752698111	0.0389598496	-0.0675308461	-0.0523741431	0.0571272725	-0.3128898974971434	0.037174024147049	0.0979000879557729	0.0013819080712853	-0.3466468130377507	0.0973270314546823	0.1201640129892292	0.0094725510517807	2.6028967901257403	-0.0038426663475163	6.775071700046882	1.4766084658335024e-05	0.0127731305574813	0.0149864815709302	0.0002245946298758	0.0001631528642384	0.0119811297999052	-0.0011544722021944	1.332806065639588e-06	0.0001435474712821	-0.006541560292045	0.0050026758351104	2.5026765511197536e-05	4.279201105445987e-05	0.0	0.0	0.0	0.0	0.0	0.0	0.0	0.0	0.0	0.0	0.0	0.0	0.0	0.0	0.0	0.0	0.0	0.0	0.0	0.0	0.0	0.0	0.0	0.0	0.0	0.0	0.0	0.0	0.0	0.0	0.0	0.0	0.0	0.0	0.0	0.0	0.0	0.0	0.0	0.0	0.0	0.0	0.0	0.0	0.0	0.0	0.0	0.0	0.0	0.0	0.0	0.0	0.0	0.0	0.0	0.0	0.0	0.0	0.0	0.0	0.0	0.0	0.0	0.0	0.0	0.0	0.0	0.0	0.0	0.0	0.0	0.0	0.0	0.0	0.0	0.0	0.0	0.0	0.0	0.0	0.0	0.0	0.0	0.0	0.0	0.0	0.0	0.0	0.0	0.0	0.0	0.0	0.0	0.0	0.0	0.0	0.0	0.0	0.0	0.0	0.0	0.0	0.0	0.0	0.0	0.0	0.0	1.0	0.0	0.0	0.0	0.0	0.0	0.0	0.0	0.0	0.0	0.0	0.0	0.0	0.0	0.0	0.0	0.0	0.0	0.0	0.0	0.0	0.0	0.0	0.0	0.0	0.0	0.0	0.0	0.0	0.0	0.0	0.0	0.0	0.0	0.0	0.0	0.0	0.0	0.0	0.0	0.0	0.0	0.0	0.0	0.0	0.0	0.0	0.0	0.0	0.0	0.0	0.0	0.0	0.0	0.0	0.0	0.0	0.0	0.0	0.0	0.0	0.0	0.0	0.0	0.0	0.0	0.0	0.0	0.0	0.0	0.0	0.0	0.0	0.0	0.0	0.0	0.0	0.0	0.0	0.0	0.0	0.0	0.0	0.0	0.0	0.0	0.0	0.0	0.0	0.0	0.0	0.0	0.0	0.0	0.0	0.0	0.0	0.0	0.0	0.0	0.0	0.0	0.0	0.0	0.0	0.0	0.0	0.0	0.0	0.0	0.0	0.0	0.0	0.0	0.0	0.0	0.0	0.0	0.0	0.0	0.0	0.0	0.0	0.0	0.0	0.0	0.0	0.0	0.0	0.0	0.0	0.0	0.0	0.0
2041.1190977732235	-16.952693198269117	4166167.171294578	287.39380667464	2382.869899383963	7.226547868284342	52.22299409260497	5678068.957390138	2159.595071543818	-49.75650190270471	2475.7094815938576	4663850.873036348	2167.209835464531	1396.7427047654394	1.541047	132.037384	2.058992576239488	1.4842566413115452	0.0738089182	-0.001144386	0.0379058918	-0.0192140584	0.0064527288	-0.0100959587	-0.0439295687	-0.0744067242	0.0191873287	-0.0852357021	0.0400076398	-0.0225645009	0.0099707571	-0.0083128747	0.0214166383	-0.0169890757	-0.0146764944	-0.0121643841	-0.0062347451	-0.003480677	0.0367645135	-0.0448853014	-0.0962356353	0.008913934	0.0371405985	0.1052217664	0.0469936312	-0.0899750301	0.1085686862	-0.0682443506	0.0457605084	0.0537159831	0.0474343391	0.018534145	-0.0729973298	0.029981009	-0.0020830213	-0.0314206244	0.0580968461	0.0023431341	-0.0538624301	0.0642404817	0.0162652679	0.0072581889	-0.0803592349	-0.0215451443	0.076528754	0.0351510839	-0.0702792922	-0.0476459404	0.0618083875	-0.4205989752216368	-0.1077090777244934	0.176903497957491	0.0116012454242609	-0.3284534109278922	0.0181934021098584	0.1078816431501668	0.000330999880331	2.8486516897247967	0.2457548995990564	8.11481644937194	0.0603954706769422	0.0414544203512515	0.0286812897937702	0.0008226163842342	0.0017184689666582	0.0090190238391416	-0.0029621059607636	8.774071722791251e-06	8.134279101100447e-05	-0.0086448684736328	-0.0021033081815877	4.423905306734176e-06	7.473375092641029e-05	0.0	0.0	0.0	0.0	0.0	0.0	0.0	0.0	0.0	0.0	0.0	0.0	0.0	0.0	0.0	0.0	0.0	0.0	0.0	0.0	0.0	0.0	0.0	0.0	0.0	0.0	0.0	0.0	0.0	0.0	0.0	0.0	0.0	0.0	0.0	0.0	0.0	0.0	0.0	0.0	0.0	0.0	0.0	0.0	0.0	0.0	0.0	0.0	0.0	0.0	0.0	0.0	0.0	0.0	0.0	0.0	0.0	0.0	0.0	0.0	0.0	0.0	0.0	0.0	0.0	0.0	0.0	0.0	0.0	0.0	0.0	0.0	0.0	0.0	0.0	0.0	0.0	0.0	0.0	0.0	0.0	0.0	0.0	0.0	0.0	0.0	0.0	0.0	0.0	0.0	0.0	0.0	0.0	0.0	0.0	0.0	0.0	0.0	0.0	0.0	0.0	0.0	0.0	0.0	0.0	0.0	0.0	0.0	1.0	0.0	0.0	0.0	0.0	0.0	0.0	0.0	0.0	0.0	0.0	0.0	0.0	0.0	0.0	0.0	0.0	0.0	0.0	0.0	0.0	0.0	0.0	0.0	0.0	0.0	0.0	0.0	0.0	0.0	0.0	0.0	0.0	0.0	0.0	0.0	0.0	0.0	0.0	0.0	0.0	0.0	0.0	0.0	0.0	0.0	0.0	0.0	0.0	0.0	0.0	0.0	0.0	0.0	0.0	0.0	0.0	0.0	0.0	0.0	0.0	0.0	0.0	0.0	0.0	0.0	0.0	0.0	0.0	0.0	0.0	0.0	0.0	0.0	0.0	0.0	0.0	0.0	0.0	0.0	0.0	0.0	0.0	0.0	0.0	0.0	0.0	0.0	0.0	0.0	0.0	0.0	0.0	0.0	0.0	0.0	0.0	0.0	0.0	0.0	0.0	0.0	0.0	0.0	0.0	0.0	0.0	0.0	0.0	0.0	0.0	0.0	0.0	0.0	0.0	0.0	0.0	0.0	0.0	0.0	0.0	0.0	0.0	0.0	0.0	0.0	0.0	0.0	0.0	0.0	0.0	0.0	0.0
2031.0460647011107	-10.07303307211282	4125148.116937868	101.46599527187864	2364.7034076011346	-18.166491782828416	330.0214236955724	5591822.205920418	2204.658301975416	45.063230431598186	2030.6947369313168	4860518.228469125	2202.043444271287	1410.0908098325517	1.830982	156.87915	6.838536422870718	5.522317895303671	0.0741686521	-0.0104830604	0.0769540069	-0.0238114531	0.0140642637	-0.0052473626	-0.0368312512	-0.0701318377	0.0604842036	0.0417134247	0.1068176017	0.0052817157	0.0153914776	0.0164970513	-0.0033280544	-0.0229195177	0.0143840194	-0.0049914553	-0.0029441123	0.061707578	-0.0547334863	-0.1017865566	0.0323805347	0.0009552361	-0.0550463339	-0.0297770823	-0.0162932263	0.0335934486	-0.0042675711	-0.0847358447	-0.0592646955	-0.0785278872	-0.0066184604	0.0328826898	0.1982761219	-0.0040412003	-0.0150235654	0.140191447	0.1311915952	-0.0860366538	-0.0574895003	0.0396531171	-0.0262502588	0.0064061583	-0.0806444153	-0.0190607341	0.0776534394	0.0312459714	-0.0727503781	-0.0426618292	0.066055961	-0.7382355573098067	-0.3176365820881699	0.5449917380765209	0.1008929982806547	0.0068329266470072	0.3352863375748994	4.6688886563381056e-05	0.1124169281643893	3.500215960055656	0.6515642703308595	12.251511767028338	0.4245359983717853	0.0271729321819129	-0.0142814881693386	0.0002039609043309	0.0007383682433628	0.0086074372540325	-0.000411586585109	1.6940351704176925e-07	7.408797608210655e-05	-0.1046327783767209	-0.0959879099030881	0.0092136788475633	0.0109480183108319	0.0	0.0	0.0	0.0	0.0	0.0	0.0	0.0	0.0	0.0	0.0	0.0	0.0	0.0	0.0	0.0	0.0	0.0	0.0	0.0	0.0	0.0	0.0	0.0	0.0	0.0	0.0	0.0	0.0	0.0	0.0	0.0	0.0	0.0	0.0	0.0	0.0	0.0	0.0	0.0	0.0	0.0	0.0	0.0	0.0	0.0	0.0	0.0	0.0	0.0	0.0	0.0	0.0	0.0	0.0	0.0	0.0	0.0	0.0	0.0	0.0	0.0	0.0	0.0	0.0	0.0	0.0	0.0	0.0	0.0	0.0	0.0	0.0	0.0	0.0	0.0	0.0	0.0	0.0	0.0	0.0	0.0	0.0	0.0	0.0	0.0	0.0	0.0	0.0	0.0	0.0	0.0	0.0	0.0	0.0	0.0	0.0	0.0	0.0	0.0	0.0	0.0	0.0	0.0	0.0	0.0	0.0	0.0	0.0	1.0	0.0	0.0	0.0	0.0	0.0	0.0	0.0	0.0	0.0	0.0	0.0	0.0	0.0	0.0	0.0	0.0	0.0	0.0	0.0	0.0	0.0	0.0	0.0	0.0	0.0	0.0	0.0	0.0	0.0	0.0	0.0	0.0	0.0	0.0	0.0	0.0	0.0	0.0	0.0	0.0	0.0	0.0	0.0	0.0	0.0	0.0	0.0	0.0	0.0	0.0	0.0	0.0	0.0	0.0	0.0	0.0	0.0	0.0	0.0	0.0	0.0	0.0	0.0	0.0	0.0	0.0	0.0	0.0	0.0	0.0	0.0	0.0	0.0	0.0	0.0	0.0	0.0	0.0	0.0	0.0	0.0	0.0	0.0	0.0	0.0	0.0	0.0	0.0	0.0	0.0	0.0	0.0	0.0	0.0	0.0	0.0	0.0	0.0	0.0	0.0	0.0	0.0	0.0	0.0	0.0	0.0	0.0	0.0	0.0	0.0	0.0	0.0	0.0	0.0	0.0	0.0	0.0	0.0	0.0	0.0	0.0	0.0	0.0	0.0	0.0	0.0	0.0	0.0	0.0	0.0	0.0
2022.891951914728	-8.154112786382711	4092091.849121378	66.48955533305002	2356.3034613622376	-8.399946238896973	70.5590968163594	5552166.002027662	2213.340568874193	8.682266898777016	75.38175850159905	4898876.473824337	2210.008831702043	1347.478701113538	1.79854	154.099518	2.295035924760992	0.8967019941945699	0.0795111995	-0.0049829646	0.0942956068	-0.0099536676	0.0128698998	0.0196526725	-0.0230644106	-0.0631712359	0.0520234058	0.0525526118	0.0308273045	0.0121080658	0.0433541251	0.0310689916	-0.0063707672	-0.0399698938	0.0129481065	-0.0445018499	-0.0264285025	0.0248013074	-0.0292700072	-0.1560384698	0.0510157329	0.0371829337	0.0022829345	-0.0023770328	-0.0045860774	0.0045138201	0.0938182991	-0.1441231869	-0.095265565	-0.0400903297	-0.0271715997	0.085486751	0.0050945092	-0.0054809893	-0.0268567793	0.0601328205	0.0445819589	-0.0135505511	-0.0149328321	0.0167382738	0.0481314331	0.0055534252	-0.0808942224	-0.0165575133	0.0786418943	0.0272552159	-0.0749343514	-0.0374485793	0.0698401994	0.1345210991613044	0.8727566564711111	0.0180959261195654	0.761704181414633	0.2186270219093558	0.2117940952623486	0.0477977747089539	0.0448567387879967	3.6153316788020575	0.1151157187464013	13.070623147749703	0.0132516287025005	0.0287420811688455	0.0015691489869326	2.462228543191608e-06	0.0008261072299165	0.0019679296531525	-0.00663950760088	4.40830611821433e-05	3.872747119756919e-06	-0.1183315108745309	-0.01369873249781	0.0001876552720465	0.0140023464658492	0.0	0.0	0.0	0.0	0.0	0.0	0.0	0.0	0.0	0.0	0.0	0.0	0.0	0.0	0.0	0.0	0.0	0.0	0.0	0.0	0.0	0.0	0.0	0.0	0.0	0.0	0.0	0.0	0.0	0.0	0.0	0.0	0.0	0.0	0.0	0.0	0.0	0.0	0.0	0.0	0.0	0.0	0.0	0.0	0.0	0.0	0.0	0.0	0.0	0.0	0.0	0.0	0.0	0.0	0.0	0.0	0.0	0.0	0.0	0.0	0.0	0.0	0.0	0.0	0.0	0.0	0.0	0.0	0.0	0.0	0.0	0.0	0.0	0.0	0.0	0.0	0.0	0.0	0.0	0.0	0.0	0.0	0.0	0.0	0.0	0.0	0.0	0.0	0.0	0.0	0.0	0.0	0.0	0.0	0.0	0.0	0.0	0.0	0.0	0.0	0.0	0.0	0.0	0.0	0.0	0.0	0.0	0.0	0.0	0.0	1.0	0.0	0.0	0.0	0.0	0.0	0.0	0.0	0.0	0.0	0.0	0.0	0.0	0.0	0.0	0.0	0.0	0.0	0.0	0.0	0.0	0.0	0.0	0.0	0.0	0.0	0.0	0.0	0.0	0.0	0.0	0.0	0.0	0.0	0.0	0.0	0.0	0.0	0.0	0.0	0.0	0.0	0.0	0.0	0.0	0.0	0.0	0.0	0.0	0.0	0.0	0.0	0.0	0.0	0.0	0.0	0.0	0.0	0.0	0.0	0.0	0.0	0.0	0.0	0.0	0.0	0.0	0.0	0.0	0.0	0.0	0.0	0.0	0.0	0.0	0.0	0.0	0.0	0.0	0.0	0.0	0.0	0.0	0.0	0.0	0.0	0.0	0.0	0.0	0.0	0.0	0.0	0.0	0.0	0.0	0.0	0.0	0.0	0.0	0.0	0.0	0.0	0.0	0.0	0.0	0.0	0.0	0.0	0.0	0.0	0.0	0.0	0.0	0.0	0.0	0.0	0.0	0.0	0.0	0.0	0.0	0.0	0.0	0.0	0.0	0.0	0.0	0.0	0.0	0.0	0.0
1873.586687673	-149.30526424172808	3510327.076225484	22292.06193029225	2240.015512544815	-116.2879488174226	13522.8870401635	5017669.49644141	1957.708453302798	-255.6321155713952	65347.77851150713	3832622.388133234	1989.4331221630348	1763.3379390236923	2.949523	252.71608	12.716604323692112	8.578958449482268	-0.0613539567	-0.0815936373	-0.0850618471	-0.14490758	0.0966747943	0.0808973082	-0.0633816921	0.0924466479	0.1977287726	0.1032941959	-0.0263359353	-0.1845499531	-0.1642240826	-0.2848176699	0.1703031709	0.1682891041	-0.1412160331	0.4581604382	0.1284901891	0.1504854984	-0.0562797003	0.0441146073	-0.0112963591	0.2269178664	-0.2502026346	-0.1709342837	0.1738899058	-0.0778601041	-0.1325559806	0.1889767419	0.0866746185	-0.2226467639	-0.1073732767	-0.1973327863	0.1203257173	0.1573560074	-0.0734054676	0.1011112802	-0.2541031502	0.0610034523	-0.0171286938	-0.2158541489	-0.0316262524	0.0047000831	-0.0811085467	-0.0140379523	0.0794923845	0.0231897558	-0.0768225931	-0.0320341914	0.073134559	0.9635177423045036	0.8289966431431992	0.9283664397355678	0.6872354343426927	-0.4212695661543506	-0.6398965880637064	0.1774680473678748	0.4094676434155728	1.264773006619876	-2.3505586721821814	1.5996507582742807	5.52512607137086	0.0282195699994956	-0.0005225111693498	2.730179220953984e-07	0.0007963441309564	0.0337623982973644	0.0317944686442119	0.0010108882363677	0.0011398995387898	0.0272945577179678	0.1456260685924987	0.0212069518537071	0.0007449928810194	0.0	0.0	0.0	0.0	0.0	0.0	0.0	0.0	0.0	0.0	0.0	0.0	0.0	0.0	0.0	0.0	0.0	0.0	0.0	0.0	0.0	0.0	0.0	0.0	0.0	0.0	0.0	0.0	0.0	0.0	0.0	0.0	0.0	0.0	0.0	0.0	0.0	0.0	0.0	0.0	0.0	0.0	0.0	0.0	0.0	0.0	0.0	0.0	0.0	0.0	0.0	0.0	0.0	0.0	0.0	0.0	0.0	0.0	0.0	0.0	0.0	0.0	0.0	0.0	0.0	0.0	0.0	0.0	0.0	0.0	0.0	0.0	0.0	0.0	0.0	0.0	0.0	0.0	0.0	0.0	0.0	0.0	0.0	0.0	0.0	0.0	0.0	0.0	0.0	0.0	0.0	0.0	0.0	0.0	0.0	0.0	0.0	0.0	0.0	0.0	0.0	0.0	0.0	0.0	0.0	0.0	0.0	0.0	0.0	0.0	0.0	1.0	0.0	0.0	0.0	0.0	0.0	0.0	0.0	0.0	0.0	0.0	0.0	0.0	0.0	0.0	0.0	0.0	0.0	0.0	0.0	0.0	0.0	0.0	0.0	0.0	0.0	0.0	0.0	0.0	0.0	0.0	0.0	0.0	0.0	0.0	0.0	0.0	0.0	0.0	0.0	0.0	0.0	0.0	0.0	0.0	0.0	0.0	0.0	0.0	0.0	0.0	0.0	0.0	0.0	0.0	0.0	0.0	0.0	0.0	0.0	0.0	0.0	0.0	0.0	0.0	0.0	0.0	0.0	0.0	0.0	0.0	0.0	0.0	0.0	0.0	0.0	0.0	0.0	0.0	0.0	0.0	0.0	0.0	0.0	0.0	0.0	0.0	0.0	0.0	0.0	0.0	0.0	0.0	0.0	0.0	0.0	0.0	0.0	0.0	0.0	0.0	0.0	0.0	0.0	0.0	0.0	0.0	0.0	0.0	0.0	0.0	0.0	0.0	0.0	0.0	0.0	0.0	0.0	0.0	0.0	0.0	0.0	0.0	0.0	0.0	0.0	0.0	0.0	0.0	0.0
2017.5049136331525	143.91822596015254	4070326.076533914	20712.45576351753	2322.734326506314	82.71881396149911	6842.4021831971	5395094.75153074	2183.434154012929	225.72570071013087	50952.0919610796	4767384.704910154	2201.781065937534	1572.6584360325924	2.722067	233.2276	10.209011880937815	6.344021973547616	0.0187182618	0.0177829418	0.0514633805	-0.0610916233	0.0598126248	-0.022187005	-0.0214682173	0.0305593154	-0.0011662763	0.1702209677	-0.0459897894	-0.014709137	0.0322445899	0.0254629432	-0.0015693892	-0.0292283254	0.0348507646	0.0477606705	0.0428839548	0.0731677992	-0.0642514626	-0.0034345622	-0.1167936879	0.0198207737	-0.1456347309	-0.1014661644	-0.0494506556	0.0179139188	0.1925468287	-0.1230076598	0.1439551638	0.0397328864	-0.1231875227	0.1017152991	-0.035377041	0.115075432	0.0168241388	-0.0239771637	0.0363998103	-0.0918362674	-0.0682436029	-0.1592023372	-0.0031744498	0.0038462256	-0.081287294	-0.0115045374	0.0802034182	0.0190607341	-0.0784076511	-0.0264477464	0.0759159322	-0.4671959997962034	-1.430713742100707	0.218272102225574	2.0469418118358083	-0.1361638439744723	0.2851057221798783	0.0185405924059044	0.0812852728197099	2.9157342097196803	1.6509612030998044	8.501505981729649	2.7256728941407538	0.0137970426120235	-0.0144225273874721	0.0002080092962423	0.0001903583848379	0.0142175097067072	-0.0195448885906572	0.0003820026700212	0.0002021375822603	-0.0755826505750514	-0.1028772082930191	0.0105837199861652	0.0057127370679503	0.0	0.0	0.0	0.0	0.0	0.0	0.0	0.0	0.0	0.0	0.0	0.0	0.0	0.0	0.0	0.0	0.0	0.0	0.0	0.0	0.0	0.0	0.0	0.0	0.0	0.0	0.0	0.0	0.0	0.0	0.0	0.0	0.0	0.0	0.0	0.0	0.0	0.0	0.0	0.0	0.0	0.0	0.0	0.0	0.0	0.0	0.0	0.0	0.0	0.0	0.0	0.0	0.0	0.0	0.0	0.0	0.0	0.0	0.0	0.0	0.0	0.0	0.0	0.0	0.0	0.0	0.0	0.0	0.0	0.0	0.0	0.0	0.0	0.0	0.0	0.0	0.0	0.0	0.0	0.0	0.0	0.0	0.0	0.0	0.0	0.0	0.0	0.0	0.0	0.0	0.0	0.0	0.0	0.0	0.0	0.0	0.0	0.0	0.0	0.0	0.0	0.0	0.0	0.0	0.0	0.0	0.0	0.0	0.0	0.0	0.0	0.0	1.0	0.0	0.0	0.0	0.0	0.0	0.0	0.0	0.0	0.0	0.0	0.0	0.0	0.0	0.0	0.0	0.0	0.0	0.0	0.0	0.0	0.0	0.0	0.0	0.0	0.0	0.0	0.0	0.0	0.0	0.0	0.0	0.0	0.0	0.0	0.0	0.0	0.0	0.0	0.0	0.0	0.0	0.0	0.0	0.0	0.0	0.0	0.0	0.0	0.0	0.0	0.0	0.0	0.0	0.0	0.0	0.0	0.0	0.0	0.0	0.0	0.0	0.0	0.0	0.0	0.0	0.0	0.0	0.0	0.0	0.0	0.0	0.0	0.0	0.0	0.0	0.0	0.0	0.0	0.0	0.0	0.0	0.0	0.0	0.0	0.0	0.0	0.0	0.0	0.0	0.0	0.0	0.0	0.0	0.0	0.0	0.0	0.0	0.0	0.0	0.0	0.0	0.0	0.0	0.0	0.0	0.0	0.0	0.0	0.0	0.0	0.0	0.0	0.0	0.0	0.0	0.0	0.0	0.0	0.0	0.0	0.0	0.0	0.0	0.0	0.0	0.0	0.0	0.0
2001.4163878018687	-16.088525831283732	4005667.55736188	258.8406634238839	2450.2218009217145	127.48747441540036	16253.05613281736	6003586.87371205	2209.1704582546067	25.73630424167777	662.3573560202012	4880434.113624869	2208.5615432154427	1020.5935228691726	2.106771	180.508835	4.23704379015563	1.982475361082877	0.136969966	-0.1076261777	0.1289558181	-0.0042569238	-0.0010924436	-0.1040104138	-0.1003972253	0.0080654936	-0.0180175936	-0.1629413588	0.014222062	0.0087421263	-0.0096269239	0.0188929135	-0.0030459986	-0.0064873087	-0.0027681855	-0.0808064122	-0.0144633376	0.0205202717	-0.0626112334	-0.128916067	0.0852023746	0.1565523731	0.0037716447	-0.0164882079	0.1173592527	-0.0109672458	0.0396191199	-0.0854090533	0.0243966107	0.0296353417	-0.1679130152	0.0264049088	-0.0024653999	-0.0294165219	0.0696633306	-0.0734214291	0.0419685054	0.039521113	-0.1038304067	0.060815906	-0.0002359694	0.0029919463	-0.0814303861	-0.008959769	0.0807737477	0.0148794683	-0.0796832699	-0.0207192494	0.0781648097	-0.2922418511076756	0.1749541486885278	0.0854052995388408	0.0306089541433275	-0.3477635312467413	-0.211599687272269	0.1209394736652032	0.044774427653722	4.374793043117684	1.4590588333980037	19.138814170110887	2.1288526793167435	0.0222333315160405	0.008436288904017	7.117097047204036e-05	0.0004943210303021	-0.0034457768008226	-0.0176632865075298	0.000311991690247	1.187337776108723e-05	-0.0538536035706616	0.0217290470043897	0.0004721514837189	0.0029002106175459	0.0	0.0	0.0	0.0	0.0	0.0	0.0	0.0	0.0	0.0	0.0	0.0	0.0	0.0	0.0	0.0	0.0	0.0	0.0	0.0	0.0	0.0	0.0	0.0	0.0	0.0	0.0	0.0	0.0	0.0	0.0	0.0	0.0	0.0	0.0	0.0	0.0	0.0	0.0	0.0	0.0	0.0	0.0	0.0	0.0	0.0	0.0	0.0	0.0	0.0	0.0	0.0	0.0	0.0	0.0	0.0	0.0	0.0	0.0	0.0	0.0	0.0	0.0	0.0	0.0	0.0	0.0	0.0	0.0	0.0	0.0	0.0	0.0	0.0	0.0	0.0	0.0	0.0	0.0	0.0	0.0	0.0	0.0	0.0	0.0	0.0	0.0	0.0	0.0	0.0	0.0	0.0	0.0	0.0	0.0	0.0	0.0	0.0	0.0	0.0	0.0	0.0	0.0	0.0	0.0	0.0	0.0	0.0	0.0	0.0	0.0	0.0	0.0	1.0	0.0	0.0	0.0	0.0	0.0	0.0	0.0	0.0	0.0	0.0	0.0	0.0	0.0	0.0	0.0	0.0	0.0	0.0	0.0	0.0	0.0	0.0	0.0	0.0	0.0	0.0	0.0	0.0	0.0	0.0	0.0	0.0	0.0	0.0	0.0	0.0	0.0	0.0	0.0	0.0	0.0	0.0	0.0	0.0	0.0	0.0	0.0	0.0	0.0	0.0	0.0	0.0	0.0	0.0	0.0	0.0	0.0	0.0	0.0	0.0	0.0	0.0	0.0	0.0	0.0	0.0	0.0	0.0	0.0	0.0	0.0	0.0	0.0	0.0	0.0	0.0	0.0	0.0	0.0	0.0	0.0	0.0	0.0	0.0	0.0	0.0	0.0	0.0	0.0	0.0	0.0	0.0	0.0	0.0	0.0	0.0	0.0	0.0	0.0	0.0	0.0	0.0	0.0	0.0	0.0	0.0	0.0	0.0	0.0	0.0	0.0	0.0	0.0	0.0	0.0	0.0	0.0	0.0	0.0	0.0	0.0	0.0	0.0	0.0	0.0	0.0	0.0
1942.0386945912223	-59.37769321064639	3771514.291289579	3525.710451017642	2309.4243063730737	-140.79749454864077	19823.93447117453	5333440.626866752	2117.735901874045	-91.43455638056184	8360.278100510142	4484805.350086275	2171.093107110532	1814.0120777878608	2.610657	223.6819	7.571601999531055	3.6571338620388736	-0.090630961	-0.132193219	0.0748299424	-0.1323265503	0.0972335045	-0.1450199531	-0.0084696981	0.0197254333	0.1112986611	-0.0348835995	0.1332259455	-0.065479946	0.274326841	-2.14701e-05	0.026117547	-0.2560460056	0.0705943565	0.1740786863	0.1250747652	0.1094140728	-0.1867592303	0.0244816617	0.0491015072	-0.0914000919	-0.0218131286	-0.0407146743	0.033547226	-0.1272192505	0.0712588953	0.0637112414	-0.0843636387	0.0698778449	0.0913825986	0.053434258	0.0489814205	-0.0641780176	-0.0067207574	0.0077313074	-0.0960269539	0.0823610006	-0.1388991341	-0.0107586169	-0.1902413012	0.0021373389	-0.0815377601	-0.0064061583	0.0812023727	0.010657419	-0.0806444153	-0.0148794683	0.0798654172	-1.164538753597455	-0.8722969024897793	1.3561505086303138	0.7609018860932636	-0.9103909660305902	-0.5626274347838489	0.8288117110301113	0.3165496303714541	2.9913798878343982	-1.3834131552832858	8.948353633340137	1.9138319582108565	-0.0429284615442196	-0.0651617930602601	0.0042460592748281	0.0018428528105535	0.0216020407539752	0.0250478175547978	0.0006273931642584	0.0004666481647364	-0.0489979240462367	0.0048556795244249	2.3577623643919236e-05	0.0024007965608407	0.0	0.0	0.0	0.0	0.0	0.0	0.0	0.0	0.0	0.0	0.0	0.0	0.0	0.0	0.0	0.0	0.0	0.0	0.0	0.0	0.0	0.0	0.0	0.0	0.0	0.0	0.0	0.0	0.0	0.0	0.0	0.0	0.0	0.0	0.0	0.0	0.0	0.0	0.0	0.0	0.0	0.0	0.0	0.0	0.0	0.0	0.0	0.0	0.0	0.0	0.0	0.0	0.0	0.0	0.0	0.0	0.0	0.0	0.0	0.0	0.0	0.0	0.0	0.0	0.0	0.0	0.0	0.0	0.0	0.0	0.0	0.0	0.0	0.0	0.0	0.0	0.0	0.0	0.0	0.0	0.0	0.0	0.0	0.0	0.0	0.0	0.0	0.0	0.0	0.0	0.0	0.0	0.0	0.0	0.0	0.0	0.0	0.0	0.0	0.0	0.0	0.0	0.0	0.0	0.0	0.0	0.0	0.0	0.0	0.0	0.0	0.0	0.0	0.0	1.0	0.0	0.0	0.0	0.0	0.0	0.0	0.0	0.0	0.0	0.0	0.0	0.0	0.0	0.0	0.0	0.0	0.0	0.0	0.0	0.0	0.0	0.0	0.0	0.0	0.0	0.0	0.0	0.0	0.0	0.0	0.0	0.0	0.0	0.0	0.0	0.0	0.0	0.0	0.0	0.0	0.0	0.0	0.0	0.0	0.0	0.0	0.0	0.0	0.0	0.0	0.0	0.0	0.0	0.0	0.0	0.0	0.0	0.0	0.0	0.0	0.0	0.0	0.0	0.0	0.0	0.0	0.0	0.0	0.0	0.0	0.0	0.0	0.0	0.0	0.0	0.0	0.0	0.0	0.0	0.0	0.0	0.0	0.0	0.0	0.0	0.0	0.0	0.0	0.0	0.0	0.0	0.0	0.0	0.0	0.0	0.0	0.0	0.0	0.0	0.0	0.0	0.0	0.0	0.0	0.0	0.0	0.0	0.0	0.0	0.0	0.0	0.0	0.0	0.0	0.0	0.0	0.0	0.0	0.0	0.0	0.0	0.0	0.0	0.0	0.0	0.0
2084.4245866835963	142.38589209237398	4344825.857571081	20273.742266941168	2436.294322392712	126.87001601963811	16096.000964823232	5935530.025322963	2208.358556332796	90.6226544587512	8212.465501150216	4876847.513328271	2220.3837701352218	2016.3601670097687	2.053728	175.964035	2.433366724104342	1.4483263960751247	-0.1145927828	-0.0695727022	0.0918405995	-0.0282563167	-0.0178456107	-0.0516979399	-0.0076790354	0.0560205645	0.0512117995	-0.0188283401	0.0639110843	0.0105448411	0.0656563576	0.0662300195	-0.018652694	-0.0653264032	0.0771214388	0.0175903893	0.0142382305	-0.01891585	-0.121159165	0.0246885417	0.0823586448	0.0364399446	0.0604352081	-0.0492679737	-0.0279974493	-0.0019680736	0.0874033379	0.0494973288	0.0004729776	0.0588029941	-0.0315457655	-0.0090330277	-0.0349163888	-0.0637563491	-0.042015507	0.0419577702	0.0051143479	0.0153976272	0.0169450371	-0.0029698212	-0.0587407211	0.0012824971	-0.0816093689	-0.0038462256	0.0814885411	0.0064061583	-0.081287294	-0.008959769	0.0810058262	-0.9538522344346632	0.2106865191627918	0.9098340851359996	0.0443888093569334	-0.8065557761424742	0.103835189888116	0.650532220028789	0.0107817466591011	2.7033872891624284	-0.2879925986719698	7.308302835204984	0.0829397368898342	-0.0272701574052441	0.0156583041389755	0.0002451824885086	0.0007436614849067	0.0223008522551491	0.0006988115011738	4.88337514172917e-07	0.0004973280113059	-0.0287379913587568	0.0202599326874799	0.0004104648725012	0.0008258721473359	0.0	0.0	0.0	0.0	0.0	0.0	0.0	0.0	0.0	0.0	0.0	0.0	0.0	0.0	0.0	0.0	0.0	0.0	0.0	0.0	0.0	0.0	0.0	0.0	0.0	0.0	0.0	0.0	0.0	0.0	0.0	0.0	0.0	0.0	0.0	0.0	0.0	0.0	0.0	0.0	0.0	0.0	0.0	0.0	0.0	0.0	0.0	0.0	0.0	0.0	0.0	0.0	0.0	0.0	0.0	0.0	0.0	0.0	0.0	0.0	0.0	0.0	0.0	0.0	0.0	0.0	0.0	0.0	0.0	0.0	0.0	0.0	0.0	0.0	0.0	0.0	0.0	0.0	0.0	0.0	0.0	0.0	0.0	0.0	0.0	0.0	0.0	0.0	0.0	0.0	0.0	0.0	0.0	0.0	0.0	0.0	0.0	0.0	0.0	0.0	0.0	0.0	0.0	0.0	0.0	0.0	0.0	0.0	0.0	0.0	0.0	0.0	0.0	0.0	0.0	1.0	0.0	0.0	0.0	0.0	0.0	0.0	0.0	0.0	0.0	0.0	0.0	0.0	0.0	0.0	0.0	0.0	0.0	0.0	0.0	0.0	0.0	0.0	0.0	0.0	0.0	0.0	0.0	0.0	0.0	0.0	0.0	0.0	0.0	0.0	0.0	0.0	0.0	0.0	0.0	0.0	0.0	0.0	0.0	0.0	0.0	0.0	0.0	0.0	0.0	0.0	0.0	0.0	0.0	0.0	0.0	0.0	0.0	0.0	0.0	0.0	0.0	0.0	0.0	0.0	0.0	0.0	0.0	0.0	0.0	0.0	0.0	0.0	0.0	0.0	0.0	0.0	0.0	0.0	0.0	0.0	0.0	0.0	0.0	0.0	0.0	0.0	0.0	0.0	0.0	0.0	0.0	0.0	0.0	0.0	0.0	0.0	0.0	0.0	0.0	0.0	0.0	0.0	0.0	0.0	0.0	0.0	0.0	0.0	0.0	0.0	0.0	0.0	0.0	0.0	0.0	0.0	0.0	0.0	0.0	0.0	0.0	0.0	0.0	0.0	0.0
2063.672504958971	-20.75208172462544	4258744.207723633	430.6488959055332	2427.3262232950287	-8.96809909768308	80.42680142586407	5891912.594295708	2202.0069795691447	-6.351576763651337	40.3425273845556	4848834.738071227	2213.6891175379737	1722.6556425954475	1.07323	91.954704	1.868742590649606	0.9711180617226828	-0.0270623756	-0.0056318145	0.0884341613	-0.0248614625	-0.0219150987	-0.0158076576	-0.034407217	-0.117970319	0.0593068025	0.0322841889	0.0475048237	0.0066185527	0.034694336	0.0500104876	-0.0120387655	-0.0307240765	0.0502212657	0.0004427699	-0.0004645871	-0.0195146743	-0.0981339352	-0.01001439	-0.0118234054	0.0208525377	0.0621608526	-0.024741862	-0.0652297837	-0.0030303905	0.0196034582	0.0806701501	-0.0363501793	0.0428434829	-0.0355306546	0.0023861448	-8.40799e-05	-0.0193928642	-0.0283060743	0.0231252322	-0.0385076404	-0.0121361089	-0.0088735433	-0.0601433695	0.0363932566	0.0004275147	-0.0816451812	-0.0012824971	0.081631751	0.0021373389	-0.0816093689	-0.0029919463	0.0815780375	-0.642032272464391	0.3118199619702722	0.41220543888579	0.0972316886831419	-0.7695276054225815	0.0370281707198927	0.5921727355074122	0.0013710854268615	3.0852649435999595	0.3818776544375311	9.51885977220686	0.1458305429587104	-0.0134388630921243	0.0138312943131197	0.0001913047023761	0.0001806030412088	0.0229040615874391	0.00060320933229	3.638614985617494e-07	0.0005245960372012	-0.0204121589337284	0.0083258324250284	6.931948556965429e-05	0.0004166562323357	0.0	0.0	0.0	0.0	0.0	0.0	0.0	0.0	0.0	0.0	0.0	0.0	0.0	0.0	0.0	0.0	0.0	0.0	0.0	0.0	0.0	0.0	0.0	0.0	0.0	0.0	0.0	0.0	0.0	0.0	0.0	0.0	0.0	0.0	0.0	0.0	0.0	0.0	0.0	0.0	0.0	0.0	0.0	0.0	0.0	0.0	0.0	0.0	0.0	0.0	0.0	0.0	0.0	0.0	0.0	0.0	0.0	0.0	0.0	0.0	0.0	0.0	0.0	0.0	0.0	0.0	0.0	0.0	0.0	0.0	0.0	0.0	0.0	0.0	0.0	0.0	0.0	0.0	0.0	0.0	0.0	0.0	0.0	0.0	0.0	0.0	0.0	0.0	0.0	0.0	0.0	0.0	0.0	0.0	0.0	0.0	0.0	0.0	0.0	0.0	0.0	0.0	0.0	0.0	0.0	0.0	0.0	0.0	0.0	0.0	0.0	0.0	0.0	0.0	0.0	0.0	1.0	0.0	0.0	0.0	0.0	0.0	0.0	0.0	0.0	0.0	0.0	0.0	0.0	0.0	0.0	0.0	0.0	0.0	0.0	0.0	0.0	0.0	0.0	0.0	0.0	0.0	0.0	0.0	0.0	0.0	0.0	0.0	0.0	0.0	0.0	0.0	0.0	0.0	0.0	0.0	0.0	0.0	0.0	0.0	0.0	0.0	0.0	0.0	0.0	0.0	0.0	0.0	0.0	0.0	0.0	0.0	0.0	0.0	0.0	0.0	0.0	0.0	0.0	0.0	0.0	0.0	0.0	0.0	0.0	0.0	0.0	0.0	0.0	0.0	0.0	0.0	0.0	0.0	0.0	0.0	0.0	0.0	0.0	0.0	0.0	0.0	0.0	0.0	0.0	0.0	0.0	0.0	0.0	0.0	0.0	0.0	0.0	0.0	0.0	0.0	0.0	0.0	0.0	0.0	0.0	0.0	0.0	0.0	0.0	0.0	0.0	0.0	0.0	0.0	0.0	0.0	0.0	0.0	0.0	0.0	0.0	0.0	0.0	0.0	0.0
2069.723200815155	6.05069585618412	4283754.12799253	36.61092034404368	2392.201769685092	-35.12445360993661	1233.7272413965889	5722629.306884486	2192.4254707668138	-9.581508802330973	91.8053109291459	4806729.444867085	2194.54500906808	1725.4964468832493	0.723106	61.955925	0.7859396989514841	0.3909170776600255	-0.0201366455	0.0289375288	0.1092261201	-0.0107365411	0.0103804142	-0.0291122557	-0.0036761465	-0.0509867026	-0.0489831502	-0.0752471097	0.1080243502	-0.0013861501	0.0454334912	0.0553036072	0.0017870137	-0.0448334199	0.0444153811	-0.0219714352	-0.0185355823	-0.0274124487	-0.091600005	-0.0052592407	0.0457741574	0.0376721978	0.0550857475	-0.0102769735	-0.0507723244	0.0221858921	-0.0088046795	0.0266267513	0.0159326877	0.0317801641	-0.0078037593	-0.0160411516	-0.028488966	0.0341032243	-0.0648484824	0.0381832164	-0.019610062	0.0051104784	0.0075407785	-0.0424249575	0.0021388076	-0.0004275147	-0.0816451812	0.0012824971	0.081631751	-0.0021373389	-0.0816093689	0.0029919463	0.0815780375	-0.5851699086167343	0.0568623638476566	0.3424238219505172	0.0032333284223432	-0.6797275067791446	0.0898000986434368	0.4620294834721921	0.0080640577163709	3.14435359810183	0.0590886545018705	9.886959549895924	0.0034914690908414	-0.0073972873729496	0.0060415757191747	3.6500637170521294e-05	5.471986047799959e-05	0.0191643482650691	-0.00373971332237	1.3985455733511673e-05	0.0003672722444248	-0.0185896763361027	0.0018224825976256	3.321442818648516e-06	0.000345576066281	0.0	0.0	0.0	0.0	0.0	0.0	0.0	0.0	0.0	0.0	0.0	0.0	0.0	0.0	0.0	0.0	0.0	0.0	0.0	0.0	0.0	0.0	0.0	0.0	0.0	0.0	0.0	0.0	0.0	0.0	0.0	0.0	0.0	0.0	0.0	0.0	0.0	0.0	0.0	0.0	0.0	0.0	0.0	0.0	0.0	0.0	0.0	0.0	0.0	0.0	0.0	0.0	0.0	0.0	0.0	0.0	0.0	0.0	0.0	0.0	0.0	0.0	0.0	0.0	0.0	0.0	0.0	0.0	0.0	0.0	0.0	0.0	0.0	0.0	0.0	0.0	0.0	0.0	0.0	0.0	0.0	0.0	0.0	0.0	0.0	0.0	0.0	0.0	0.0	0.0	0.0	0.0	0.0	0.0	0.0	0.0	0.0	0.0	0.0	0.0	0.0	0.0	0.0	0.0	0.0	0.0	0.0	0.0	0.0	0.0	0.0	0.0	0.0	0.0	0.0	0.0	0.0	1.0	0.0	0.0	0.0	0.0	0.0	0.0	0.0	0.0	0.0	0.0	0.0	0.0	0.0	0.0	0.0	0.0	0.0	0.0	0.0	0.0	0.0	0.0	0.0	0.0	0.0	0.0	0.0	0.0	0.0	0.0	0.0	0.0	0.0	0.0	0.0	0.0	0.0	0.0	0.0	0.0	0.0	0.0	0.0	0.0	0.0	0.0	0.0	0.0	0.0	0.0	0.0	0.0	0.0	0.0	0.0	0.0	0.0	0.0	0.0	0.0	0.0	0.0	0.0	0.0	0.0	0.0	0.0	0.0	0.0	0.0	0.0	0.0	0.0	0.0	0.0	0.0	0.0	0.0	0.0	0.0	0.0	0.0	0.0	0.0	0.0	0.0	0.0	0.0	0.0	0.0	0.0	0.0	0.0	0.0	0.0	0.0	0.0	0.0	0.0	0.0	0.0	0.0	0.0	0.0	0.0	0.0	0.0	0.0	0.0	0.0	0.0	0.0	0.0	0.0	0.0	0.0	0.0	0.0	0.0	0.0	0.0	0.0	0.0
2060.404441734674	-9.31875908048096	4245266.463519974	86.83927080004632	2397.9271198429474	5.725350157855246	32.779634430053086	5750054.472078293	2195.522942584494	3.0974718176803435	9.594331661323972	4820320.991414876	2200.2294943141605	1722.2476053014573	0.7307439999999998	62.610394	0.4260254650834155	0.2005488209022747	-0.0239230674	0.0064361176	0.0816432186	-0.0217080939	-0.0043584937	-0.0046353477	-0.0095597746	-0.0829391874	-0.0002449498	-0.0438417986	0.0759503382	-0.0009966017	0.0408590189	0.0519290443	-0.0006598816	-0.036330552	0.0452887274	-0.0118348419	-0.0017192833	-0.0203634616	-0.0817048085	-0.0089741346	-0.0323885862	0.0143170584	0.0580440207	-0.0211694283	-0.0660963329	-0.0336397085	0.0485906164	0.0669999612	-0.0424393811	0.0378933292	-0.0093471346	0.0205404708	-0.0058830229	-0.0081199107	-0.005621393	0.0249327301	-0.0248131815	-0.0237456865	-0.0150469841	-0.0269857635	0.0751380004	-0.0012824971	-0.0816093689	0.0038462256	0.0814885411	-0.0064061583	-0.081287294	0.008959769	0.0810058262	-0.5630036308605497	0.0221662777561846	0.3169730883621621	0.0004913438695643	-0.6614168539989436	0.018310652780201	0.4374722547538598	0.000335280005237	2.95740566816481	-0.1869479299370198	8.746248286093348	0.0349495285077368	-0.0081776369477834	-0.0007803495748338	6.089454589432937e-07	6.687374604975222e-05	0.0207095910852388	0.0015452428201697	2.387775373286013e-06	0.0004288871629178	-0.016943256638906	0.0016464196971966	2.710697819317271e-06	0.0002870739455318	0.0	0.0	0.0	0.0	0.0	0.0	0.0	0.0	0.0	0.0	0.0	0.0	0.0	0.0	0.0	0.0	0.0	0.0	0.0	0.0	0.0	0.0	0.0	0.0	0.0	0.0	0.0	0.0	0.0	0.0	0.0	0.0	0.0	0.0	0.0	0.0	0.0	0.0	0.0	0.0	0.0	0.0	0.0	0.0	0.0	0.0	0.0	0.0	0.0	0.0	0.0	0.0	0.0	0.0	0.0	0.0	0.0	0.0	0.0	0.0	0.0	0.0	0.0	0.0	0.0	0.0	0.0	0.0	0.0	0.0	0.0	0.0	0.0	0.0	0.0	0.0	0.0	0.0	0.0	0.0	0.0	0.0	0.0	0.0	0.0	0.0	0.0	0.0	0.0	0.0	0.0	0.0	0.0	0.0	0.0	0.0	0.0	0.0	0.0	0.0	0.0	0.0	0.0	0.0	0.0	0.0	0.0	0.0	0.0	0.0	0.0	0.0	0.0	0.0	0.0	0.0	0.0	0.0	0.0	0.0	0.0	0.0	0.0	0.0	0.0	0.0	0.0	0.0	0.0	0.0	0.0	0.0	0.0	0.0	0.0	0.0	0.0	0.0	0.0	0.0	0.0	0.0	0.0	0.0	0.0	0.0	0.0	0.0	0.0	0.0	0.0	0.0	0.0	0.0	0.0	0.0	0.0	0.0	0.0	0.0	0.0	0.0	0.0	0.0	0.0	0.0	0.0	0.0	0.0	0.0	0.0	0.0	0.0	0.0	0.0	0.0	0.0	0.0	0.0	0.0	0.0	0.0	0.0	0.0	0.0	0.0	0.0	0.0	0.0	0.0	0.0	0.0	0.0	0.0	0.0	0.0	0.0	0.0	0.0	0.0	0.0	0.0	0.0	0.0	0.0	0.0	0.0	0.0	0.0	0.0	0.0	0.0	0.0	0.0	0.0	0.0	0.0	0.0	0.0	0.0	0.0	0.0	0.0	0.0	0.0	0.0	0.0	0.0	0.0	0.0	0.0	0.0	0.0	0.0	0.0	0.0	0.0	0.0	0.0	0.0	0.0
2044.400085804914	-16.004355929760095	4179571.7108391393	256.1394087264472	2380.301096458957	-17.626023383990287	310.6767003329724	5665833.309803713	2187.119736049486	-8.40320653500794	70.61388007000014	4783492.739817174	2178.804799149676	1331.3003798996815	1.329609	113.921341	5.444514845992793	3.700428889401364	0.0897835846	-0.0054087074	-0.0402844659	-0.0292653145	-0.0037367771	0.04668225	-0.0222015309	-0.0714427312	0.0239572844	0.0057266855	-0.0062412273	-0.0125362215	-0.0417883088	-0.0198111675	0.0208747876	0.0363609795	-0.0329112816	-0.0275218993	-0.0276352769	0.0155546008	0.0657574714	-0.0477783875	0.0114359014	-0.0209057363	0.0268791914	0.0395722808	0.0307804306	0.0183555027	-0.0149738481	-0.027642643	0.003965785	0.0039910158	0.0049686611	-0.0562695379	0.0015988709	0.0001660233	-0.0255908925	-0.0123506791	0.0311278216	0.0075405327	-0.0086570355	0.0060333695	-0.0511900514	-0.0021373389	-0.0815377601	0.0064061583	0.0812023727	-0.010657419	-0.0806444153	0.0148794683	0.0798654172	-0.309201568960546	0.2538020619000037	0.0956056102476632	0.0644154866246933	0.3315564918969897	0.9929733458959332	0.1099297073190386	0.9859960656597648	2.552363805750119	-0.4050418624146914	6.514560996903231	0.1640589103083618	0.0591364962254503	0.0673141331732337	0.0045311925248638	0.0034971251858226	0.0131561342640484	-0.0075534568211904	5.705470994958781e-05	0.0001730838687736	-0.0179296181601252	-0.0009863615212191	9.7290905054185e-07	0.0003214712073678	0.0	0.0	0.0	0.0	0.0	0.0	0.0	0.0	0.0	0.0	0.0	0.0	0.0	0.0	0.0	0.0	0.0	0.0	0.0	0.0	0.0	0.0	0.0	0.0	0.0	0.0	0.0	0.0	0.0	0.0	0.0	0.0	0.0	0.0	0.0	0.0	0.0	0.0	0.0	0.0	0.0	0.0	0.0	0.0	0.0	0.0	0.0	0.0	0.0	0.0	0.0	0.0	0.0	0.0	0.0	0.0	0.0	0.0	0.0	0.0	0.0	0.0	0.0	0.0	0.0	0.0	0.0	0.0	0.0	0.0	0.0	0.0	0.0	0.0	0.0	0.0	0.0	0.0	0.0	0.0	0.0	0.0	0.0	0.0	0.0	0.0	0.0	0.0	0.0	0.0	0.0	0.0	0.0	0.0	0.0	0.0	0.0	0.0	0.0	0.0	0.0	0.0	0.0	0.0	0.0	0.0	0.0	0.0	0.0	0.0	0.0	0.0	0.0	0.0	0.0	0.0	0.0	0.0	1.0	0.0	0.0	0.0	0.0	0.0	0.0	0.0	0.0	0.0	0.0	0.0	0.0	0.0	0.0	0.0	0.0	0.0	0.0	0.0	0.0	0.0	0.0	0.0	0.0	0.0	0.0	0.0	0.0	0.0	0.0	0.0	0.0	0.0	0.0	0.0	0.0	0.0	0.0	0.0	0.0	0.0	0.0	0.0	0.0	0.0	0.0	0.0	0.0	0.0	0.0	0.0	0.0	0.0	0.0	0.0	0.0	0.0	0.0	0.0	0.0	0.0	0.0	0.0	0.0	0.0	0.0	0.0	0.0	0.0	0.0	0.0	0.0	0.0	0.0	0.0	0.0	0.0	0.0	0.0	0.0	0.0	0.0	0.0	0.0	0.0	0.0	0.0	0.0	0.0	0.0	0.0	0.0	0.0	0.0	0.0	0.0	0.0	0.0	0.0	0.0	0.0	0.0	0.0	0.0	0.0	0.0	0.0	0.0	0.0	0.0	0.0	0.0	0.0	0.0	0.0	0.0	0.0	0.0	0.0	0.0	0.0	0.0
2044.669500087639	0.2694142827251653	4180673.364588636	0.0725840557363153	2337.395039179554	-42.906057279403285	1840.929751263436	5463415.569181188	2172.122263701065	-14.99747234842107	224.9241768416546	4718115.12846584	2166.1447825149376	1439.7495404980225	0.868683	74.42900799999998	0.717519701399335	0.369726524442913	0.0705575506	0.0185359108	-0.0445981738	0.0092182588	0.0101774388	0.0721118004	-0.0051664371	-0.1040706875	0.015583658	0.0372333315	0.022364618	-0.023885792	-0.0282326249	-0.0091142491	0.0291660141	0.0253703593	-0.0247909415	-0.0215181757	-0.0234383695	0.01330199	0.0562131662	-0.040213787	-0.0489018031	-0.029344354	0.0092843984	0.0450115473	0.0157124871	0.0262403168	-0.0278039832	0.0121524551	0.0175848489	0.0142415073	0.0255322962	-0.0041074101	0.0354976897	-0.0213052277	-0.0039550427	-0.0306265689	0.0450953484	-0.0102544365	0.0167918571	-0.0207300066	-0.0010308347	-0.0029919463	-0.0814303861	0.008959769	0.0807737477	-0.0148794683	-0.0796832699	0.0207192494	0.0781648097	-0.2558100623160584	0.0533915066444876	0.0654387879821456	0.0028506529817683	0.074516157655097	-0.2570403342418927	0.0055526577516792	0.0660697334271839	2.517246029869419	-0.0351177758806997	6.336527574893352	0.001233258182807	0.052728470893916	-0.0064080253315342	4.106278864958525e-05	0.0027802916428105	0.0128854651582779	-0.0002706691057704	7.32617648186018e-08	0.0001660352123451	-0.0186903254154655	-0.0007607072553403	5.786755283273729e-07	0.0003493282641359	0.0	0.0	0.0	0.0	0.0	0.0	0.0	0.0	0.0	0.0	0.0	0.0	0.0	0.0	0.0	0.0	0.0	0.0	0.0	0.0	0.0	0.0	0.0	0.0	0.0	0.0	0.0	0.0	0.0	0.0	0.0	0.0	0.0	0.0	0.0	0.0	0.0	0.0	0.0	0.0	0.0	0.0	0.0	0.0	0.0	0.0	0.0	0.0	0.0	0.0	0.0	0.0	0.0	0.0	0.0	0.0	0.0	0.0	0.0	0.0	0.0	0.0	0.0	0.0	0.0	0.0	0.0	0.0	0.0	0.0	0.0	0.0	0.0	0.0	0.0	0.0	0.0	0.0	0.0	0.0	0.0	0.0	0.0	0.0	0.0	0.0	0.0	0.0	0.0	0.0	0.0	0.0	0.0	0.0	0.0	0.0	0.0	0.0	0.0	0.0	0.0	0.0	0.0	0.0	0.0	0.0	0.0	0.0	0.0	0.0	0.0	0.0	0.0	0.0	0.0	0.0	0.0	0.0	0.0	1.0	0.0	0.0	0.0	0.0	0.0	0.0	0.0	0.0	0.0	0.0	0.0	0.0	0.0	0.0	0.0	0.0	0.0	0.0	0.0	0.0	0.0	0.0	0.0	0.0	0.0	0.0	0.0	0.0	0.0	0.0	0.0	0.0	0.0	0.0	0.0	0.0	0.0	0.0	0.0	0.0	0.0	0.0	0.0	0.0	0.0	0.0	0.0	0.0	0.0	0.0	0.0	0.0	0.0	0.0	0.0	0.0	0.0	0.0	0.0	0.0	0.0	0.0	0.0	0.0	0.0	0.0	0.0	0.0	0.0	0.0	0.0	0.0	0.0	0.0	0.0	0.0	0.0	0.0	0.0	0.0	0.0	0.0	0.0	0.0	0.0	0.0	0.0	0.0	0.0	0.0	0.0	0.0	0.0	0.0	0.0	0.0	0.0	0.0	0.0	0.0	0.0	0.0	0.0	0.0	0.0	0.0	0.0	0.0	0.0	0.0	0.0	0.0	0.0	0.0	0.0	0.0	0.0	0.0	0.0	0.0	0.0
2051.0762733135243	6.4067732258852175	4206913.878949695	41.04674316791968	2381.544780156384	44.14974097683034	1949.1996283212125	5671755.53989012	2180.547837962275	8.425574261209931	70.99030163116328	4754788.873641952	2179.767756551816	1478.3432622173368	0.755384	64.721527	0.6955413298972317	0.4935765563354088	0.0563290844	0.0340389284	-0.0089233233	0.0056119109	0.0127159398	-0.0160834552	-0.04404656	-0.019288043	-0.053416594	-0.0075536193	0.0307132428	-0.0127872867	2.60429e-05	0.0001460415	0.0163377058	-0.0035383423	-0.0076677607	-0.0225306914	-0.028600893	-0.0022685043	0.0420174047	-0.034489112	-0.0117375427	-0.0303550678	0.0180924388	0.0607838827	-0.0004226753	0.0353424722	-0.0186618204	-0.026648335	0.0388008994	-0.0373290584	0.0583805812	-0.0106674251	-0.0158338444	-0.0114948064	-0.0069969335	-0.0090809327	0.021255219	0.0204025758	0.0682460992	-0.012842064	-0.0297783094	-0.0038462256	-0.081287294	0.0115045374	0.0802034182	-0.0190607341	-0.0784076511	0.0264477464	0.0759159322	-0.2607131075879465	-0.0049030452718881	0.0679713244681641	2.4039852938184428e-05	-0.0739478012751106	-0.1484639589302075	0.0054682773134232	0.0220415471012303	2.585592084996975	0.0683460551275558	6.685286429999004	0.0046711832514989	0.0437685024365142	-0.0089599684574018	8.028103475763523e-05	0.0019156818055351	0.0128292763322912	-5.61888259866996e-05	3.157184165763607e-09	0.0001645903312102	-0.0191507335434286	-0.0004604081279631	2.119756442944871e-07	0.0003667505952514	0.0	0.0	0.0	0.0	0.0	0.0	0.0	0.0	0.0	0.0	0.0	0.0	0.0	0.0	0.0	0.0	0.0	0.0	0.0	0.0	0.0	0.0	0.0	0.0	0.0	0.0	0.0	0.0	0.0	0.0	0.0	0.0	0.0	0.0	0.0	0.0	0.0	0.0	0.0	0.0	0.0	0.0	0.0	0.0	0.0	0.0	0.0	0.0	0.0	0.0	0.0	0.0	0.0	0.0	0.0	0.0	0.0	0.0	0.0	0.0	0.0	0.0	0.0	0.0	0.0	0.0	0.0	0.0	0.0	0.0	0.0	0.0	0.0	0.0	0.0	0.0	0.0	0.0	0.0	0.0	0.0	0.0	0.0	0.0	0.0	0.0	0.0	0.0	0.0	0.0	0.0	0.0	0.0	0.0	0.0	0.0	0.0	0.0	0.0	0.0	0.0	0.0	0.0	0.0	0.0	0.0	0.0	0.0	0.0	0.0	0.0	0.0	0.0	0.0	0.0	0.0	0.0	0.0	0.0	0.0	1.0	0.0	0.0	0.0	0.0	0.0	0.0	0.0	0.0	0.0	0.0	0.0	0.0	0.0	0.0	0.0	0.0	0.0	0.0	0.0	0.0	0.0	0.0	0.0	0.0	0.0	0.0	0.0	0.0	0.0	0.0	0.0	0.0	0.0	0.0	0.0	0.0	0.0	0.0	0.0	0.0	0.0	0.0	0.0	0.0	0.0	0.0	0.0	0.0	0.0	0.0	0.0	0.0	0.0	0.0	0.0	0.0	0.0	0.0	0.0	0.0	0.0	0.0	0.0	0.0	0.0	0.0	0.0	0.0	0.0	0.0	0.0	0.0	0.0	0.0	0.0	0.0	0.0	0.0	0.0	0.0	0.0	0.0	0.0	0.0	0.0	0.0	0.0	0.0	0.0	0.0	0.0	0.0	0.0	0.0	0.0	0.0	0.0	0.0	0.0	0.0	0.0	0.0	0.0	0.0	0.0	0.0	0.0	0.0	0.0	0.0	0.0	0.0	0.0	0.0	0.0	0.0	0.0	0.0	0.0	0.0
2054.7697039490654	3.693430635541063	4222078.5362669295	13.641429859553256	2362.210549550514	-19.33423060587029	373.8124731209714	5580038.680407741	2189.080803912619	8.532965950344078	72.81150790973142	4792074.766058719	2183.526483303164	1543.7451407339868	0.566202	48.512329	0.7025463068792832	0.3806658230452266	0.0301854108	0.0372704425	-0.020458269	-0.0045328175	0.0096068825	0.0038919373	0.0094472938	-0.025480894	-0.0547096657	-0.0145442998	-0.0034888089	-0.0048593154	-0.0006992534	0.0081080413	0.0092695875	0.000167349	0.0025822415	-0.0236065193	-0.0242958876	-0.0102313317	0.0293384833	-0.0232711663	-0.0356919221	-0.0168729864	-0.0060773406	0.073281397	0.0011956347	0.0138219495	-0.0405111165	0.0128561027	0.01868207	-0.0356387194	0.0475975133	-0.001357526	-0.0125487118	-0.0414923138	0.0020655064	-0.0351373236	0.0032858328	0.0038111569	0.0429038896	-0.0407755463	0.004509322	-0.0047000831	-0.0811085467	0.0140379523	0.0794923845	-0.0231897558	-0.0768225931	0.0320341914	0.073134559	-0.2393996154381596	0.0213134921497869	0.0573121758719387	0.000454264947619	-0.0579027344854097	0.0160450667897008	0.0033527266608878	0.0002574441682859	2.3433859137254345	-0.2422061712715404	5.491457540646789	0.0586638294020187	0.0371723220163931	-0.006596180420121	4.350959613478894e-05	0.0013817815240904	0.0146223718023379	0.0017930954700466	3.215191364701993e-06	0.0002138137571258	-0.0190803779002313	7.035564319730209e-05	4.9499165297060794e-09	0.0003640608208156	0.0	0.0	0.0	0.0	0.0	0.0	0.0	0.0	0.0	0.0	0.0	0.0	0.0	0.0	0.0	0.0	0.0	0.0	0.0	0.0	0.0	0.0	0.0	0.0	0.0	0.0	0.0	0.0	0.0	0.0	0.0	0.0	0.0	0.0	0.0	0.0	0.0	0.0	0.0	0.0	0.0	0.0	0.0	0.0	0.0	0.0	0.0	0.0	0.0	0.0	0.0	0.0	0.0	0.0	0.0	0.0	0.0	0.0	0.0	0.0	0.0	0.0	0.0	0.0	0.0	0.0	0.0	0.0	0.0	0.0	0.0	0.0	0.0	0.0	0.0	0.0	0.0	0.0	0.0	0.0	0.0	0.0	0.0	0.0	0.0	0.0	0.0	0.0	0.0	0.0	0.0	0.0	0.0	0.0	0.0	0.0	0.0	0.0	0.0	0.0	0.0	0.0	0.0	0.0	0.0	0.0	0.0	0.0	0.0	0.0	0.0	0.0	0.0	0.0	0.0	0.0	0.0	0.0	0.0	0.0	0.0	1.0	0.0	0.0	0.0	0.0	0.0	0.0	0.0	0.0	0.0	0.0	0.0	0.0	0.0	0.0	0.0	0.0	0.0	0.0	0.0	0.0	0.0	0.0	0.0	0.0	0.0	0.0	0.0	0.0	0.0	0.0	0.0	0.0	0.0	0.0	0.0	0.0	0.0	0.0	0.0	0.0	0.0	0.0	0.0	0.0	0.0	0.0	0.0	0.0	0.0	0.0	0.0	0.0	0.0	0.0	0.0	0.0	0.0	0.0	0.0	0.0	0.0	0.0	0.0	0.0	0.0	0.0	0.0	0.0	0.0	0.0	0.0	0.0	0.0	0.0	0.0	0.0	0.0	0.0	0.0	0.0	0.0	0.0	0.0	0.0	0.0	0.0	0.0	0.0	0.0	0.0	0.0	0.0	0.0	0.0	0.0	0.0	0.0	0.0	0.0	0.0	0.0	0.0	0.0	0.0	0.0	0.0	0.0	0.0	0.0	0.0	0.0	0.0	0.0	0.0	0.0	0.0	0.0	0.0	0.0
2058.806268731929	4.036564782863479	4238683.252169888	16.29385524625369	2379.77549262896	17.56494307844605	308.5272253490498	5663331.395317409	2183.6493145486584	-5.431489363960736	29.5010767108186	4768324.328928825	2178.95185453302	1551.9642845113049	0.431921	37.007122	0.4423283051144316	0.1987378583989879	0.0294170663	0.0474389142	-0.0073903408	-0.0047355373	-0.0008473258	0.0073935536	-0.0151458595	-0.0581451631	-0.0443479151	-0.0093308625	-0.0002350422	-0.0091025212	-0.0009735213	-0.0033226407	0.0141700847	0.0025776973	-0.0132054176	-0.0200891778	-0.0231729331	-0.0139517204	0.0335828802	-0.0221050711	-0.0189123813	-0.0243298004	-0.0050021819	0.0725372889	-0.0076847044	0.0269670247	-0.0282559191	-0.0171354523	0.0286354582	-0.061513536	0.0463225729	-0.0076316395	-0.0299476484	-0.0198364258	0.0050713833	-0.0155773842	-0.0024012042	0.0070222624	0.0641304067	-0.0285519219	0.0147109831	-0.0055534252	-0.0808942224	0.0165575133	0.0786418943	-0.0272552159	-0.0749343514	0.0374485793	0.0698401994	-0.2640253802258172	-0.0246257647876575	0.0697094014033873	0.000606428291377	-0.1088113373137105	-0.0509086028283007	0.011839907127998	0.0025916858419296	2.410857688243013	0.0674717745175783	5.812234792960444	0.0045524403565509	0.0354240045965431	-0.00174831741985	3.056613800550965e-06	0.0012548601016559	0.0123663298762319	-0.0022560419261059	5.089725172348068e-06	0.0001529261146077	-0.0170982939865694	0.0019820839136618	3.928656640797269e-06	0.0002923516572511	0.0	0.0	0.0	0.0	0.0	0.0	0.0	0.0	0.0	0.0	0.0	0.0	0.0	0.0	0.0	0.0	0.0	0.0	0.0	0.0	0.0	0.0	0.0	0.0	0.0	0.0	0.0	0.0	0.0	0.0	0.0	0.0	0.0	0.0	0.0	0.0	0.0	0.0	0.0	0.0	0.0	0.0	0.0	0.0	0.0	0.0	0.0	0.0	0.0	0.0	0.0	0.0	0.0	0.0	0.0	0.0	0.0	0.0	0.0	0.0	0.0	0.0	0.0	0.0	0.0	0.0	0.0	0.0	0.0	0.0	0.0	0.0	0.0	0.0	0.0	0.0	0.0	0.0	0.0	0.0	0.0	0.0	0.0	0.0	0.0	0.0	0.0	0.0	0.0	0.0	0.0	0.0	0.0	0.0	0.0	0.0	0.0	0.0	0.0	0.0	0.0	0.0	0.0	0.0	0.0	0.0	0.0	0.0	0.0	0.0	0.0	0.0	0.0	0.0	0.0	0.0	0.0	0.0	0.0	0.0	0.0	0.0	0.0	0.0	0.0	0.0	0.0	0.0	0.0	0.0	0.0	0.0	0.0	0.0	0.0	0.0	0.0	0.0	0.0	0.0	0.0	0.0	0.0	0.0	0.0	0.0	0.0	0.0	0.0	0.0	0.0	0.0	0.0	0.0	0.0	0.0	0.0	0.0	0.0	0.0	0.0	0.0	0.0	0.0	0.0	0.0	0.0	0.0	0.0	0.0	0.0	0.0	0.0	0.0	0.0	0.0	0.0	0.0	0.0	0.0	0.0	0.0	0.0	0.0	0.0	0.0	0.0	0.0	0.0	0.0	0.0	0.0	0.0	0.0	0.0	0.0	0.0	0.0	0.0	0.0	0.0	0.0	0.0	0.0	0.0	0.0	0.0	0.0	0.0	0.0	0.0	0.0	0.0	0.0	0.0	0.0	0.0	0.0	0.0	0.0	0.0	0.0	0.0	0.0	0.0	0.0	0.0	0.0	0.0	0.0	0.0	0.0	0.0	0.0	0.0	0.0	0.0	0.0	0.0	0.0	0.0
2068.387003120245	9.58073438831616	4278224.794676748	91.7904714194638	2381.771624839469	1.9961322105091317	3.984543801832071	5672836.072890445	2191.1238698544707	7.474555305812373	55.8689770196479	4801023.813046032	2183.3317456394952	1586.9358249590043	0.425247	36.435318	0.3543243476027932	0.1843737275170028	0.0205617283	0.0444268724	0.0034489252	0.0044299683	-0.0023416333	0.0073430729	-0.0052764941	-0.0282232523	-0.0805879109	-0.044805518	0.0193183033	-0.001613226	-0.0053463591	-0.0010519941	0.0085597831	0.0051196023	-0.0070930657	-0.0201424679	-0.0318939329	-0.0174503751	0.0259044975	-0.0176415787	-0.0290568499	-0.0188834954	-0.0135447222	0.073799437	-0.0058007844	0.0230190096	-0.023090502	0.0107852396	0.017318503	-0.0627561663	0.0421593097	0.0012342713	-0.0231138572	-0.0388571998	0.0230125355	-0.0223250515	-0.0067392031	0.0079983412	0.0473924237	-0.0278076705	0.0380715316	-0.0064061583	-0.0806444153	0.0190607341	0.0776534394	-0.0312459714	-0.0727503781	0.0426618292	0.066055961	-0.2700468328572754	-0.0060214526314582	0.0729252919362452	3.62578917928949e-05	-0.1481939900447457	-0.0393826527310352	0.0219614586853821	0.0015509933361333	2.342709143409273	-0.0681485448337397	5.48828613061341	0.0046442241629562	0.0321197785700906	-0.0033042260264525	1.0917909633886078e-05	0.0010316801753916	0.0122150066429791	-0.0001513232332528	2.289872092208157e-08	0.000149206387288	-0.0157384092981435	0.0013598846884258	1.8492863658152023e-06	0.0002476975272358	0.0	0.0	0.0	0.0	0.0	0.0	0.0	0.0	0.0	0.0	0.0	0.0	0.0	0.0	0.0	0.0	0.0	0.0	0.0	0.0	0.0	0.0	0.0	0.0	0.0	0.0	0.0	0.0	0.0	0.0	0.0	0.0	0.0	0.0	0.0	0.0	0.0	0.0	0.0	0.0	0.0	0.0	0.0	0.0	0.0	0.0	0.0	0.0	0.0	0.0	0.0	0.0	0.0	0.0	0.0	0.0	0.0	0.0	0.0	0.0	0.0	0.0	0.0	0.0	0.0	0.0	0.0	0.0	0.0	0.0	0.0	0.0	0.0	0.0	0.0	0.0	0.0	0.0	0.0	0.0	0.0	0.0	0.0	0.0	0.0	0.0	0.0	0.0	0.0	0.0	0.0	0.0	0.0	0.0	0.0	0.0	0.0	0.0	0.0	0.0	0.0	0.0	0.0	0.0	0.0	0.0	0.0	0.0	0.0	0.0	0.0	0.0	0.0	0.0	0.0	0.0	0.0	0.0	0.0	0.0	0.0	0.0	0.0	0.0	0.0	0.0	0.0	0.0	0.0	0.0	0.0	0.0	0.0	0.0	0.0	0.0	0.0	0.0	0.0	0.0	0.0	0.0	0.0	0.0	0.0	0.0	0.0	0.0	0.0	0.0	0.0	0.0	0.0	0.0	0.0	0.0	0.0	0.0	0.0	0.0	0.0	0.0	0.0	0.0	0.0	0.0	0.0	0.0	0.0	0.0	0.0	0.0	0.0	0.0	0.0	0.0	0.0	0.0	0.0	0.0	0.0	0.0	0.0	0.0	0.0	0.0	0.0	0.0	0.0	0.0	0.0	0.0	0.0	0.0	0.0	0.0	0.0	0.0	0.0	0.0	0.0	0.0	0.0	0.0	0.0	0.0	0.0	0.0	0.0	0.0	0.0	0.0	0.0	0.0	0.0	0.0	0.0	0.0	0.0	0.0	0.0	0.0	0.0	0.0	0.0	0.0	0.0	0.0	0.0	0.0	0.0	0.0	0.0	0.0	0.0	0.0	0.0	0.0	0.0	0.0	0.0
2071.970802234693	3.583799114448084	4293063.005313078	12.84361609271887	2394.990692138672	13.219067299202834	174.7437402608537	5735980.415430875	2192.601393326469	1.4775234719982109	2.183075610305648	4807500.870017173	2185.773702056566	1634.1834916577127	0.363488	31.143785	0.2115566284590958	0.1117977736949913	0.008823249	0.0557877864	0.0026223914	0.0017803456	-0.0158912673	0.001417809	-0.0015477191	-0.0254849021	-0.0549953524	-0.0378357189	-0.0169369369	-0.0011898441	0.0033876365	-0.0079819734	0.0060884849	-0.0015660311	-0.0131709952	-0.0151023189	-0.0245133385	-0.0195200959	0.0250976274	-0.0095060949	-0.0200735197	-0.0172439998	-0.0190730715	0.0703538083	-0.0154671672	0.0280227746	-0.0232301329	-0.0063410255	0.015252556	-0.0672113753	0.0418056449	0.0021699712	-0.0273706598	-0.017587011	0.015955944	-0.0067137757	-0.0101970356	0.0119988839	0.0595777787	-0.0204214075	0.0262932906	-0.0072581889	-0.0803592349	0.0215451443	0.076528754	-0.0351510839	-0.0702792922	0.0476459404	0.0618083875	-0.2803862452242924	-0.010339412367017	0.078616446510977	0.0001069034480952	-0.1997875965141702	-0.0515936064694244	0.0399150837209088	0.0026619002285218	2.334932616215184	-0.007776527194089	5.451910322265483	6.04743752004066e-05	0.0302969817534219	-0.0018227968166687	3.322588234857557e-06	0.0009179071033671	0.0125143588410929	0.0002993521981138	8.961173851556416e-08	0.0001566091772036	-0.0150236166643547	0.0007147926337888	5.109285093187317e-07	0.0002257090576774	0.0	0.0	0.0	0.0	0.0	0.0	0.0	0.0	0.0	0.0	0.0	0.0	0.0	0.0	0.0	0.0	0.0	0.0	0.0	0.0	0.0	0.0	0.0	0.0	0.0	0.0	0.0	0.0	0.0	0.0	0.0	0.0	0.0	0.0	0.0	0.0	0.0	0.0	0.0	0.0	0.0	0.0	0.0	0.0	0.0	0.0	0.0	0.0	0.0	0.0	0.0	0.0	0.0	0.0	0.0	0.0	0.0	0.0	0.0	0.0	0.0	0.0	0.0	0.0	0.0	0.0	0.0	0.0	0.0	0.0	0.0	0.0	0.0	0.0	0.0	0.0	0.0	0.0	0.0	0.0	0.0	0.0	0.0	0.0	0.0	0.0	0.0	0.0	0.0	0.0	0.0	0.0	0.0	0.0	0.0	0.0	0.0	0.0	0.0	0.0	0.0	0.0	0.0	0.0	0.0	0.0	0.0	0.0	0.0	0.0	0.0	0.0	0.0	0.0	0.0	0.0	0.0	0.0	0.0	0.0	0.0	0.0	0.0	0.0	0.0	0.0	0.0	0.0	0.0	0.0	0.0	0.0	0.0	0.0	0.0	0.0	0.0	0.0	0.0	0.0	0.0	0.0	0.0	0.0	0.0	0.0	0.0	0.0	0.0	0.0	0.0	0.0	0.0	0.0	0.0	0.0	0.0	0.0	0.0	0.0	0.0	0.0	0.0	0.0	0.0	0.0	0.0	0.0	0.0	0.0	0.0	0.0	0.0	0.0	0.0	0.0	0.0	0.0	0.0	0.0	0.0	0.0	0.0	0.0	0.0	0.0	0.0	0.0	0.0	0.0	0.0	0.0	0.0	0.0	0.0	0.0	0.0	0.0	0.0	0.0	0.0	0.0	0.0	0.0	0.0	0.0	0.0	0.0	0.0	0.0	0.0	0.0	0.0	0.0	0.0	0.0	0.0	0.0	0.0	0.0	0.0	0.0	0.0	0.0	0.0	0.0	0.0	0.0	0.0	0.0	0.0	0.0	0.0	0.0	0.0	0.0	0.0	0.0	0.0	0.0	0.0
2061.593018150499	-10.37778408419399	4250165.772486884	107.6984024981501	2380.428220147956	-14.562471990715949	212.06559048038653	5666438.511276766	2188.968075627866	-3.6333176986031503	13.200997498982892	4791581.236117962	2187.480806038355	1676.659275388271	0.388282	33.268105	0.3725358712952016	0.1903356617822528	-0.0066733635	0.0515369461	-0.0013739884	0.0011478134	-0.0015157637	-0.0160203997	0.011746237	0.0227702688	-0.0557379354	-0.0453028563	-0.0074985793	-0.0037808991	0.0100900416	0.0021315595	0.0044164023	-0.0086944033	0.0003905693	-0.008109075	-0.0129966552	-0.026772019	0.0136689202	-0.0083818793	-0.0270463398	-0.0127432984	-0.0263501003	0.0671749265	-0.0127373909	0.0088355456	-0.0285001554	0.0184486503	0.0065244757	-0.0668866979	0.0349227064	0.0203225402	-0.0318914177	-0.0333908464	0.0321446856	-0.0188668766	-0.016224085	0.015070511	0.0521818153	-0.0320627994	0.0299904637	-0.0081094236	-0.0800388062	0.024008292	0.0752698111	-0.0389598496	-0.0675308461	0.0523741431	0.0571272725	-0.2762404751194793	0.004145770104813	0.0763088000942356	1.7187409761961988e-05	-0.2110550765029586	-0.0112674799887884	0.0445442453176697	0.0001269561052977	2.191917470730239	-0.1430151454849451	4.804502198492448	0.02045333183808	0.0275155886510945	-0.0027813931023274	7.73614758967444e-06	0.0007571076188162	0.0120715702247469	-0.0004427886163459	1.96061758765605e-07	0.0001457228076909	-0.013965648868695	0.0010579677956596	1.1192958566530438e-06	0.0001950393483236	0.0	0.0	0.0	0.0	0.0	0.0	0.0	0.0	0.0	0.0	0.0	0.0	0.0	0.0	0.0	0.0	0.0	0.0	0.0	0.0	0.0	0.0	0.0	0.0	0.0	0.0	0.0	0.0	0.0	0.0	0.0	0.0	0.0	0.0	0.0	0.0	0.0	0.0	0.0	0.0	0.0	0.0	0.0	0.0	0.0	0.0	0.0	0.0	0.0	0.0	0.0	0.0	0.0	0.0	0.0	0.0	0.0	0.0	0.0	0.0	0.0	0.0	0.0	0.0	0.0	0.0	0.0	0.0	0.0	0.0	0.0	0.0	0.0	0.0	0.0	0.0	0.0	0.0	0.0	0.0	0.0	0.0	0.0	0.0	0.0	0.0	0.0	0.0	0.0	0.0	0.0	0.0	0.0	0.0	0.0	0.0	0.0	0.0	0.0	0.0	0.0	0.0	0.0	0.0	0.0	0.0	0.0	0.0	0.0	0.0	0.0	0.0	0.0	0.0	0.0	0.0	0.0	0.0	0.0	0.0	0.0	0.0	0.0	0.0	0.0	0.0	0.0	0.0	0.0	0.0	0.0	0.0	0.0	0.0	0.0	0.0	0.0	0.0	0.0	0.0	0.0	0.0	0.0	0.0	0.0	0.0	0.0	0.0	0.0	0.0	0.0	0.0	0.0	0.0	0.0	0.0	0.0	0.0	0.0	0.0	0.0	0.0	0.0	0.0	0.0	0.0	0.0	0.0	0.0	0.0	0.0	0.0	0.0	0.0	0.0	0.0	0.0	0.0	0.0	0.0	0.0	0.0	0.0	0.0	0.0	0.0	0.0	0.0	0.0	0.0	0.0	0.0	0.0	0.0	0.0	0.0	0.0	0.0	0.0	0.0	0.0	0.0	0.0	0.0	0.0	0.0	0.0	0.0	0.0	0.0	0.0	0.0	0.0	0.0	0.0	0.0	0.0	0.0	0.0	0.0	0.0	0.0	0.0	0.0	0.0	0.0	0.0	0.0	0.0	0.0	0.0	0.0	0.0	0.0	0.0	0.0	0.0	0.0	0.0	0.0	0.0
2062.428454809388	0.8354366588887387	4253611.131207439	0.6979544110151789	2385.495031069403	5.066810921447086	25.67257291369547	5690586.543256812	2192.4807636426845	3.51268801481865	12.338977089450587	4806971.898943209	2190.538248839694	1702.0686301438957	0.347454	29.769938	0.1585336592197931	0.0725412811158899	-0.0138569025	0.0537715506	-0.002695497	0.0027149276	-0.0077345857	-0.0173738884	0.0231981439	0.0198698682	-0.0360317073	-0.0117237188	-0.0166030788	0.0011960986	0.0119486996	-0.0023883045	-0.0003927251	-0.008824712	-0.0016627965	0.0002666924	-0.0220349475	-0.0244415392	0.0127771605	0.0042842007	-0.0117214526	-0.017175701	-0.0283250509	0.0569764124	-0.0198658017	0.0244395545	-0.0248807959	-0.0074335959	0.0139436462	-0.0725009826	0.0368107792	0.0094805794	-0.0415958736	-0.0136280121	0.0268278513	-0.0129217938	-0.0157629959	0.0157147992	0.0639660196	-0.0199194888	0.0294468039	-0.008959769	-0.0796832699	0.0264477464	0.0738788195	-0.0426618292	-0.0645158866	0.0568210419	0.0520454508	-0.2735081120159606	0.0027323631035187	0.0748066873385352	7.465808129470391e-06	-0.245365140408893	-0.0343100639059344	0.0602040521278757	0.0011771804852293	2.1494994896717188	-0.0424179810585201	4.62034805609898	0.0017992851170809	0.0268587889680508	-0.0006567996830436	4.313858236463016e-07	0.0007213945448302	0.0116952441830937	-0.0003763260416531	1.4162128962636581e-07	0.0001367787365021	-0.0134173095703555	0.0005483392983395	3.006759861034561e-07	0.0001800241961067	0.0	0.0	0.0	0.0	0.0	0.0	0.0	0.0	0.0	0.0	0.0	0.0	0.0	0.0	0.0	0.0	0.0	0.0	0.0	0.0	0.0	0.0	0.0	0.0	0.0	0.0	0.0	0.0	0.0	0.0	0.0	0.0	0.0	0.0	0.0	0.0	0.0	0.0	0.0	0.0	0.0	0.0	0.0	0.0	0.0	0.0	0.0	0.0	0.0	0.0	0.0	0.0	0.0	0.0	0.0	0.0	0.0	0.0	0.0	0.0	0.0	0.0	0.0	0.0	0.0	0.0	0.0	0.0	0.0	0.0	0.0	0.0	0.0	0.0	0.0	0.0	0.0	0.0	0.0	0.0	0.0	0.0	0.0	0.0	0.0	0.0	0.0	0.0	0.0	0.0	0.0	0.0	0.0	0.0	0.0	0.0	0.0	0.0	0.0	0.0	0.0	0.0	0.0	0.0	0.0	0.0	0.0	0.0	0.0	0.0	0.0	0.0	0.0	0.0	0.0	0.0	0.0	0.0	0.0	0.0	0.0	0.0	0.0	0.0	0.0	0.0	0.0	0.0	0.0	0.0	0.0	0.0	0.0	0.0	0.0	0.0	0.0	0.0	0.0	0.0	0.0	0.0	0.0	0.0	0.0	0.0	0.0	0.0	0.0	0.0	0.0	0.0	0.0	0.0	0.0	0.0	0.0	0.0	0.0	0.0	0.0	0.0	0.0	0.0	0.0	0.0	0.0	0.0	0.0	0.0	0.0	0.0	0.0	0.0	0.0	0.0	0.0	0.0	0.0	0.0	0.0	0.0	0.0	0.0	0.0	0.0	0.0	0.0	0.0	0.0	0.0	0.0	0.0	0.0	0.0	0.0	0.0	0.0	0.0	0.0	0.0	0.0	0.0	0.0	0.0	0.0	0.0	0.0	0.0	0.0	0.0	0.0	0.0	0.0	0.0	0.0	0.0	0.0	0.0	0.0	0.0	0.0	0.0	0.0	0.0	0.0	0.0	0.0	0.0	0.0	0.0	0.0	0.0	0.0	0.0	0.0	0.0	0.0	0.0	0.0	0.0
2059.608330388591	-2.820124420796674	4241986.47460608	7.953101748773775	2376.8942833469337	-8.60074772246935	73.97286138556171	5649626.434207333	2192.1935341876488	-0.2872294550356855	0.0825007598400969	4805712.491334134	2187.574954574532	1654.7718631608773	0.402065	34.449089	0.1158224045507851	0.0578655745774531	-0.0100159142	0.0452132278	0.0081046812	-0.0015990305	-0.0094415496	0.0046598958	0.021049017	0.0169937455	-0.0214225188	-0.0329562826	-0.0337246676	-9.52336e-05	0.0073271854	-0.0048679488	0.0017390569	-0.003648924	-0.0026557285	0.0052174077	-0.0218179796	-0.0300146047	0.010351163	-0.0018086631	-0.0154465501	-0.0156865571	-0.0200652597	0.0555150982	-0.0160419989	0.0091881496	-0.0075947239	0.0210920248	0.0120728145	-0.0762638698	0.0213974905	0.0100320624	-0.0443326321	-0.0472800986	0.0493252857	-0.0197472174	-0.0113176165	0.0175995658	0.0555280563	-0.0207075733	0.0350738791	-0.0098091318	-0.0792927819	0.0288611001	0.0723582192	-0.0462468756	-0.0612463124	0.0609627523	0.0465985677	-0.2559369029301592	0.0175712090858013	0.0655036982814817	0.0003087473887369	-0.201643474306465	0.043721666102428	0.040660090730382	0.0019115840867722	2.145421505272388	-0.0040779843993306	4.60283343528524	1.662995676118378e-05	0.0263100953030176	-0.0005486936650332	3.010647380475672e-07	0.0006922211148538	0.0114460701975005	-0.0002491739855932	6.208767509640069e-08	0.0001310125229661	-0.0132061463217174	0.0002111632486381	4.4589917575396046e-08	0.0001744023006706	0.0	0.0	0.0	0.0	0.0	0.0	0.0	0.0	0.0	0.0	0.0	0.0	0.0	0.0	0.0	0.0	0.0	0.0	0.0	0.0	0.0	0.0	0.0	0.0	0.0	0.0	0.0	0.0	0.0	0.0	0.0	0.0	0.0	0.0	0.0	0.0	0.0	0.0	0.0	0.0	0.0	0.0	0.0	0.0	0.0	0.0	0.0	0.0	0.0	0.0	0.0	0.0	0.0	0.0	0.0	0.0	0.0	0.0	0.0	0.0	0.0	0.0	0.0	0.0	0.0	0.0	0.0	0.0	0.0	0.0	0.0	0.0	0.0	0.0	0.0	0.0	0.0	0.0	0.0	0.0	0.0	0.0	0.0	0.0	0.0	0.0	0.0	0.0	0.0	0.0	0.0	0.0	0.0	0.0	0.0	0.0	0.0	0.0	0.0	0.0	0.0	0.0	0.0	0.0	0.0	0.0	0.0	0.0	0.0	0.0	0.0	0.0	0.0	0.0	0.0	0.0	0.0	0.0	0.0	0.0	0.0	0.0	0.0	0.0	0.0	0.0	0.0	0.0	0.0	0.0	0.0	0.0	0.0	0.0	0.0	0.0	0.0	0.0	0.0	0.0	0.0	0.0	0.0	0.0	0.0	0.0	0.0	0.0	0.0	0.0	0.0	0.0	0.0	0.0	0.0	0.0	0.0	0.0	0.0	0.0	0.0	0.0	0.0	0.0	0.0	0.0	0.0	0.0	0.0	0.0	0.0	0.0	0.0	0.0	0.0	0.0	0.0	0.0	0.0	0.0	0.0	0.0	0.0	0.0	0.0	0.0	0.0	0.0	0.0	0.0	0.0	0.0	0.0	0.0	0.0	0.0	0.0	0.0	0.0	0.0	0.0	0.0	0.0	0.0	0.0	0.0	0.0	0.0	0.0	0.0	0.0	0.0	0.0	0.0	0.0	0.0	0.0	0.0	0.0	0.0	0.0	0.0	0.0	0.0	0.0	0.0	0.0	0.0	0.0	0.0	0.0	0.0	0.0	0.0	0.0	0.0	0.0	0.0	0.0	0.0	0.0
2067.8193659186936	8.211035530102436	4275876.930068389	67.42110447660458	2381.2982934403094	4.404010093375746	19.395304902555445	5670581.56234173	2195.9645747309146	3.7710405432658254	14.220746778954618	4822260.413473127	2192.4144076569987	1730.9195986917762	0.46886	40.172073	0.0886849646971972	0.0600888733518672	-0.0188533246	0.0567326961	-0.0131310984	0.0007822422	-0.0058783362	-0.0192377544	0.0324222834	0.0252756443	-0.0411283467	-0.0272130538	-0.0096358092	0.0040295482	0.0129715174	0.0025938401	-0.0035414457	-0.0094897257	-0.0014216561	-0.0060530876	-0.0174789369	-0.0249366536	0.0109770374	0.0068435632	-0.01206144	-0.0105246163	-0.0337817958	0.059944607	-0.0159892929	0.0245752947	-0.0271127521	-0.0031899706	0.0071240837	-0.0645688178	0.0389514993	0.007815608	-0.035407454	-0.0193755117	0.0288738212	-0.0139814104	-0.0200093494	0.0148140223	0.0609436649	-0.0234822424	0.0277558884	-0.010657419	-0.0788675135	0.0312459714	0.0707106781	-0.0497051625	-0.0577350269	0.064777029	0.040824829	-0.2536749442013786	0.0022619587287805	0.0643509773155725	5.116457290706747e-06	-0.2038830278376764	-0.0022395535312113	0.0415682890402587	5.015600019161387e-06	2.106499814755388	-0.0389216905170002	4.437341469564484	0.0015148979927011	0.0269365482469982	0.0006264529439806	3.9244329102196273e-07	0.0007255776314628	0.011240405637428	-0.0002056645600725	4.2297911269814974e-08	0.0001263467188939	-0.0131330285873664	7.311773435099943e-05	5.3462030766233214e-09	0.0001724764398765	0.0	0.0	0.0	0.0	0.0	0.0	0.0	0.0	0.0	0.0	0.0	0.0	0.0	0.0	0.0	0.0	0.0	0.0	0.0	0.0	0.0	0.0	0.0	0.0	0.0	0.0	0.0	0.0	0.0	0.0	0.0	0.0	0.0	0.0	0.0	0.0	0.0	0.0	0.0	0.0	0.0	0.0	0.0	0.0	0.0	0.0	0.0	0.0	0.0	0.0	0.0	0.0	0.0	0.0	0.0	0.0	0.0	0.0	0.0	0.0	0.0	0.0	0.0	0.0	0.0	0.0	0.0	0.0	0.0	0.0	0.0	0.0	0.0	0.0	0.0	0.0	0.0	0.0	0.0	0.0	0.0	0.0	0.0	0.0	0.0	0.0	0.0	0.0	0.0	0.0	0.0	0.0	0.0	0.0	0.0	0.0	0.0	0.0	0.0	0.0	0.0	0.0	0.0	0.0	0.0	0.0	0.0	0.0	0.0	0.0	0.0	0.0	0.0	0.0	0.0	0.0	0.0	0.0	0.0	0.0	0.0	0.0	0.0	0.0	0.0	0.0	0.0	0.0	0.0	0.0	0.0	0.0	0.0	0.0	0.0	0.0	0.0	0.0	0.0	0.0	0.0	0.0	0.0	0.0	0.0	0.0	0.0	0.0	0.0	0.0	0.0	0.0	0.0	0.0	0.0	0.0	0.0	0.0	0.0	0.0	0.0	0.0	0.0	0.0	0.0	0.0	0.0	0.0	0.0	0.0	0.0	0.0	0.0	0.0	0.0	0.0	0.0	0.0	0.0	0.0	0.0	0.0	0.0	0.0	0.0	0.0	0.0	0.0	0.0	0.0	0.0	0.0	0.0	0.0	0.0	0.0	0.0	0.0	0.0	0.0	0.0	0.0	0.0	0.0	0.0	0.0	0.0	0.0	0.0	0.0	0.0	0.0	0.0	0.0	0.0	0.0	0.0	0.0	0.0	0.0	0.0	0.0	0.0	0.0	0.0	0.0	0.0	0.0	0.0	0.0	0.0	0.0	0.0	0.0	0.0	0.0	0.0	0.0	0.0	0.0	0.0
2061.452730670944	-6.3666352477494	4249587.360790692	40.53404437788507	2377.886112578928	-3.41218086138133	11.642978230777036	5654342.364395727	2190.596380814262	-5.368193916652672	28.81750592678675	4798712.503636543	2183.953631145198	1642.9875207657835	0.461453	39.537418	0.2113665590198008	0.1571249049748523	-0.0020808162	0.0520839757	0.0114298634	0.0080440479	-0.0076570333	-0.0053123821	0.0059177686	-0.0083692953	-0.0572665041	0.0010202942	-0.0172741827	0.0001603296	0.0087309151	-0.0031893533	0.003939258	-0.0052449447	-0.006439086	-0.0085893687	-0.0307479256	-0.0296937163	0.0177747746	-0.0054993159	-0.0249960615	-0.0143707291	-0.0207057346	0.0702348005	-0.0185191367	0.0127837868	-0.0084456811	0.0119510018	0.0201377277	-0.0675461084	0.035749336	0.0180910295	-0.0309746932	-0.0302955425	0.0362477294	-0.0072851652	-0.0113967898	0.0089810653	0.0558238719	-0.0210164604	0.0453230343	-0.0115045374	-0.0784076511	0.0336000067	0.0689390864	-0.0530272111	-0.0539958877	0.0682433853	0.0347647336	-0.2746026869468778	-0.0209277427454991	0.0754066356784449	0.0004379704164217	-0.2238435511934682	-0.0199605233557917	0.0501059354109028	0.0003984224926371	2.258697824928298	0.1521980101729099	5.101715864335824	0.0231642343005931	0.0269181971835716	-1.835106342660056e-05	3.3676152888711666e-10	0.0007245893396136	0.0113813035654106	0.0001408979279825	1.9852226109789847e-08	0.000129534070848	-0.0133393852508692	-0.0002063566635027	4.258307257200747e-08	0.0001779391988711	0.0	0.0	0.0	0.0	0.0	0.0	0.0	0.0	0.0	0.0	0.0	0.0	0.0	0.0	0.0	0.0	0.0	0.0	0.0	0.0	0.0	0.0	0.0	0.0	0.0	0.0	0.0	0.0	0.0	0.0	0.0	0.0	0.0	0.0	0.0	0.0	0.0	0.0	0.0	0.0	0.0	0.0	0.0	0.0	0.0	0.0	0.0	0.0	0.0	0.0	0.0	0.0	0.0	0.0	0.0	0.0	0.0	0.0	0.0	0.0	0.0	0.0	0.0	0.0	0.0	0.0	0.0	0.0	0.0	0.0	0.0	0.0	0.0	0.0	0.0	0.0	0.0	0.0	0.0	0.0	0.0	0.0	0.0	0.0	0.0	0.0	0.0	0.0	0.0	0.0	0.0	0.0	0.0	0.0	0.0	0.0	0.0	0.0	0.0	0.0	0.0	0.0	0.0	0.0	0.0	0.0	0.0	0.0	0.0	0.0	0.0	0.0	0.0	0.0	0.0	0.0	0.0	0.0	0.0	0.0	0.0	0.0	0.0	0.0	0.0	0.0	0.0	0.0	0.0	0.0	0.0	0.0	0.0	0.0	0.0	0.0	0.0	0.0	0.0	0.0	0.0	0.0	0.0	0.0	0.0	0.0	0.0	0.0	0.0	0.0	0.0	0.0	0.0	0.0	0.0	0.0	0.0	0.0	0.0	0.0	0.0	0.0	0.0	0.0	0.0	0.0	0.0	0.0	0.0	0.0	0.0	0.0	0.0	0.0	0.0	0.0	0.0	0.0	0.0	0.0	0.0	0.0	0.0	0.0	0.0	0.0	0.0	0.0	0.0	0.0	0.0	0.0	0.0	0.0	0.0	0.0	0.0	0.0	0.0	0.0	0.0	0.0	0.0	0.0	0.0	0.0	0.0	0.0	0.0	0.0	0.0	0.0	0.0	0.0	0.0	0.0	0.0	0.0	0.0	0.0	0.0	0.0	0.0	0.0	0.0	0.0	0.0	0.0	0.0	0.0	0.0	0.0	0.0	0.0	0.0	0.0	0.0	0.0	0.0	0.0	0.0
2053.0169872970464	-8.435743373897822	4214878.750130241	71.161766270261	2377.493161554206	-0.3929510247221515	0.1544105078301889	5652473.733237013	2187.804567751677	-2.791813062584879	7.794220176419561	4786488.826675102	2186.318916772716	1683.2719827878532	0.480663	41.183392	0.3184376458420725	0.2106709935977533	-0.0141717914	0.0588424549	0.000303564	-0.0105250261	-0.0012739916	-0.0137260239	0.0074066227	0.0287340665	-0.0173770325	-0.0118358253	-0.0235632169	-0.0002327372	0.0112950263	-0.0023723953	0.0002262142	-0.0080983854	0.0011237189	0.0103497397	-0.0073518338	-0.0246955212	-0.0023651833	0.0056123665	0.0028543035	-0.0037773509	-0.0336306233	0.036167913	-0.0207427606	0.0324762965	-0.0184358083	-0.0010237649	0.0074932115	-0.0696850478	0.0201355853	0.0016226396	-0.0364445694	-0.0188409663	0.0321909802	-0.0123520339	-0.0039030765	0.0108031705	0.0601507817	-0.0160931796	0.0245571188	-0.0123503943	-0.0779133966	0.0359208828	0.0670465522	-0.0562039158	-0.0500436514	0.0713432033	0.0284607885	-0.2482074602332602	0.0263952267136175	0.0616069433154454	0.0006967079932632	-0.2470005692284189	-0.0231570180349507	0.0610092811991629	0.000536247484271	2.2698513220336523	0.0111534971053544	5.152225024137919	0.0001244004976791	0.022954212839571	-0.0039639843440005	1.571317187948186e-05	0.0005268958870843	0.0105691630282418	-0.0008121405371687	6.595722521128244e-07	0.0001117072071175	-0.0137178984494628	-0.0003785131985936	1.4327224150955833e-07	0.0001881807378697	0.0	0.0	0.0	0.0	0.0	0.0	0.0	0.0	0.0	0.0	0.0	0.0	0.0	0.0	0.0	0.0	0.0	0.0	0.0	0.0	0.0	0.0	0.0	0.0	0.0	0.0	0.0	0.0	0.0	0.0	0.0	0.0	0.0	0.0	0.0	0.0	0.0	0.0	0.0	0.0	0.0	0.0	0.0	0.0	0.0	0.0	0.0	0.0	0.0	0.0	0.0	0.0	0.0	0.0	0.0	0.0	0.0	0.0	0.0	0.0	0.0	0.0	0.0	0.0	0.0	0.0	0.0	0.0	0.0	0.0	0.0	0.0	0.0	0.0	0.0	0.0	0.0	0.0	0.0	0.0	0.0	0.0	0.0	0.0	0.0	0.0	0.0	0.0	0.0	0.0	0.0	0.0	0.0	0.0	0.0	0.0	0.0	0.0	0.0	0.0	0.0	0.0	0.0	0.0	0.0	0.0	0.0	0.0	0.0	0.0	0.0	0.0	0.0	0.0	0.0	0.0	0.0	0.0	0.0	0.0	0.0	0.0	0.0	0.0	0.0	0.0	0.0	0.0	0.0	0.0	0.0	0.0	0.0	0.0	0.0	0.0	0.0	0.0	0.0	0.0	0.0	0.0	0.0	0.0	0.0	0.0	0.0	0.0	0.0	0.0	0.0	0.0	0.0	0.0	0.0	0.0	0.0	0.0	0.0	0.0	0.0	0.0	0.0	0.0	0.0	0.0	0.0	0.0	0.0	0.0	0.0	0.0	0.0	0.0	0.0	0.0	0.0	0.0	0.0	0.0	0.0	0.0	0.0	0.0	0.0	0.0	0.0	0.0	0.0	0.0	0.0	0.0	0.0	0.0	0.0	0.0	0.0	0.0	0.0	0.0	0.0	0.0	0.0	0.0	0.0	0.0	0.0	0.0	0.0	0.0	0.0	0.0	0.0	0.0	0.0	0.0	0.0	0.0	0.0	0.0	0.0	0.0	0.0	0.0	0.0	0.0	0.0	0.0	0.0	0.0	0.0	0.0	0.0	0.0	0.0	0.0	0.0	0.0	0.0	0.0	0.0
2074.148568720381	21.13158142333441	4302092.285124804	446.5437334510119	2385.4718017578125	7.978640203606574	63.65869949860715	5690475.716981664	2215.6754618105683	27.87089405889128	776.7867356419413	4909217.752069475	2220.7792734817344	1890.6588374903945	0.8385359999999998	71.846046	1.698735456589984	1.120837993675805	-0.0793199641	-0.006356197	0.0409190198	0.0074370065	-0.0088433856	-0.0560366073	0.047883095	0.0652422415	0.0132309253	0.0113051847	0.0639785241	0.0227843833	0.0552318171	0.0298591754	-0.0311798711	-0.0492916308	0.047791776	0.028040696	0.0043354522	-0.0389110821	-0.0644289171	0.0153891606	0.0221140876	0.0191093062	-0.0072560916	-0.0491864644	-0.0369683773	-0.0441739198	0.0353936705	0.0833390794	-0.0504812383	0.0364374747	0.006902904	0.057311169	-0.0057295984	0.0403720951	-0.0065646857	-0.0199902132	0.0317976912	-0.0197461396	0.0030339135	0.0243114899	0.0212339557	-0.0131948967	-0.0773849666	0.0382063093	0.0650363955	-0.0592265694	-0.0458939156	0.0740598336	0.0219572114	-0.3831453287848063	-0.134937868551546	0.1468003429696173	0.0182082283692343	-0.3980756114704462	-0.1510750422420272	0.1584641924475696	0.0228236683884303	2.0234102179434714	-0.2464411040901808	4.094188910078047	0.0607332177851873	0.0010263293249517	-0.0219278835146193	0.0004808320754307	1.0533518832558122e-06	0.0107562177408833	0.0001870547126414	3.4989465521393635e-08	0.0001156962200892	-0.012507207842599	0.0012106906068637	1.4657717455482344e-06	0.0001564302480179	0.0	0.0	0.0	0.0	0.0	0.0	0.0	0.0	0.0	0.0	0.0	0.0	0.0	0.0	0.0	0.0	0.0	0.0	0.0	0.0	0.0	0.0	0.0	0.0	0.0	0.0	0.0	0.0	0.0	0.0	0.0	0.0	0.0	0.0	0.0	0.0	0.0	0.0	0.0	0.0	0.0	0.0	0.0	0.0	0.0	0.0	0.0	0.0	0.0	0.0	0.0	0.0	0.0	0.0	0.0	0.0	0.0	0.0	0.0	0.0	0.0	0.0	0.0	0.0	0.0	0.0	0.0	0.0	0.0	0.0	0.0	0.0	0.0	0.0	0.0	0.0	0.0	0.0	0.0	0.0	0.0	0.0	0.0	0.0	0.0	0.0	0.0	0.0	0.0	0.0	0.0	0.0	0.0	0.0	0.0	0.0	0.0	0.0	0.0	0.0	0.0	0.0	0.0	0.0	0.0	0.0	0.0	0.0	0.0	0.0	0.0	0.0	0.0	0.0	0.0	0.0	0.0	0.0	0.0	0.0	0.0	0.0	1.0	0.0	0.0	0.0	0.0	0.0	0.0	0.0	0.0	0.0	0.0	0.0	0.0	0.0	0.0	0.0	0.0	0.0	0.0	0.0	0.0	0.0	0.0	0.0	0.0	0.0	0.0	0.0	0.0	0.0	0.0	0.0	0.0	0.0	0.0	0.0	0.0	0.0	0.0	0.0	0.0	0.0	0.0	0.0	0.0	0.0	0.0	0.0	0.0	0.0	0.0	0.0	0.0	0.0	0.0	0.0	0.0	0.0	0.0	0.0	0.0	0.0	0.0	0.0	0.0	0.0	0.0	0.0	0.0	0.0	0.0	0.0	0.0	0.0	0.0	0.0	0.0	0.0	0.0	0.0	0.0	0.0	0.0	0.0	0.0	0.0	0.0	0.0	0.0	0.0	0.0	0.0	0.0	0.0	0.0	0.0	0.0	0.0	0.0	0.0	0.0	0.0	0.0	0.0	0.0	0.0	0.0	0.0	0.0	0.0	0.0	0.0	0.0	0.0	0.0	0.0	0.0	0.0	0.0
2075.0975404445403	0.9489717241594916	4306029.80235898	0.9005473332542384	2378.5866736843163	-6.885128073496162	47.40498858844497	5657674.56422862	2211.936087566873	-3.739374243695238	13.982919734411333	4892661.255480645	2209.758544921875	1854.045450036364	0.566868	48.569439	0.5674107302690737	0.2827519806270397	-0.0706963114	0.0224856126	0.027183891	-0.0112732262	-0.0061712071	-0.0241059796	0.0435315443	0.0614901847	0.0044925567	-0.0217970984	-0.027525728	0.0215068353	0.0388864647	0.0256236838	-0.023475995	-0.0272550507	0.0392468797	0.0204834465	-0.0120069937	-0.0316416887	-0.0445097712	0.025213853	0.023509583	-0.0085307284	-0.0115290933	-0.0344375141	-0.0552537543	-0.0290327388	0.0361162408	0.0443743044	-0.0193765788	-0.0176251934	0.0158670511	0.0363520964	-0.0459413246	0.0507234324	-0.0066336273	-0.0062227367	0.0159358283	-0.0194210913	0.0648378285	0.0114839359	0.0275334209	-0.0140379523	-0.0768225931	0.0404540309	0.0629121428	-0.0620868871	-0.0415630576	0.0763786853	0.0152996203	-0.3250457634783572	0.0580995653064491	0.1056547483552281	0.0033755594887983	-0.3102908424749699	0.0877847689954762	0.0962804069238265	0.0077061656675891	2.0827203007811548	0.0593100828376833	4.337723851285944	0.0035176859262128	0.0060812971527753	0.0050549678278236	2.5552699740331645e-05	3.6982175060352966e-05	0.0094512012434806	-0.0013050164974026	1.7030680584932106e-06	8.932520494476923e-05	-0.011622865905236	0.000884341937363	7.820606621789442e-07	0.000135091011851	0.0	0.0	0.0	0.0	0.0	0.0	0.0	0.0	0.0	0.0	0.0	0.0	0.0	0.0	0.0	0.0	0.0	0.0	0.0	0.0	0.0	0.0	0.0	0.0	0.0	0.0	0.0	0.0	0.0	0.0	0.0	0.0	0.0	0.0	0.0	0.0	0.0	0.0	0.0	0.0	0.0	0.0	0.0	0.0	0.0	0.0	0.0	0.0	0.0	0.0	0.0	0.0	0.0	0.0	0.0	0.0	0.0	0.0	0.0	0.0	0.0	0.0	0.0	0.0	0.0	0.0	0.0	0.0	0.0	0.0	0.0	0.0	0.0	0.0	0.0	0.0	0.0	0.0	0.0	0.0	0.0	0.0	0.0	0.0	0.0	0.0	0.0	0.0	0.0	0.0	0.0	0.0	0.0	0.0	0.0	0.0	0.0	0.0	0.0	0.0	0.0	0.0	0.0	0.0	0.0	0.0	0.0	0.0	0.0	0.0	0.0	0.0	0.0	0.0	0.0	0.0	0.0	0.0	0.0	0.0	0.0	0.0	0.0	1.0	0.0	0.0	0.0	0.0	0.0	0.0	0.0	0.0	0.0	0.0	0.0	0.0	0.0	0.0	0.0	0.0	0.0	0.0	0.0	0.0	0.0	0.0	0.0	0.0	0.0	0.0	0.0	0.0	0.0	0.0	0.0	0.0	0.0	0.0	0.0	0.0	0.0	0.0	0.0	0.0	0.0	0.0	0.0	0.0	0.0	0.0	0.0	0.0	0.0	0.0	0.0	0.0	0.0	0.0	0.0	0.0	0.0	0.0	0.0	0.0	0.0	0.0	0.0	0.0	0.0	0.0	0.0	0.0	0.0	0.0	0.0	0.0	0.0	0.0	0.0	0.0	0.0	0.0	0.0	0.0	0.0	0.0	0.0	0.0	0.0	0.0	0.0	0.0	0.0	0.0	0.0	0.0	0.0	0.0	0.0	0.0	0.0	0.0	0.0	0.0	0.0	0.0	0.0	0.0	0.0	0.0	0.0	0.0	0.0	0.0	0.0	0.0	0.0	0.0	0.0	0.0	0.0
2071.481230118453	-3.616310326087387	4291034.4867330585	13.077700374566264	2390.741970114512	12.155296430195447	147.75123130592223	5715647.167667017	2204.5825427511463	-7.353544815726764	54.074621356901964	4860184.18780311	2205.8796697211183	1767.0258573578449	0.578472	49.563683	0.5120017195201195	0.2818167238028686	-0.0395474951	0.0473671597	0.0424215515	0.0112417292	-0.0154481919	-0.0339963607	0.0107129582	0.0253675194	-0.0224013156	-0.008336694	0.0067065729	0.016699732	0.0283777821	0.0166881243	-0.0197806031	-0.0208861545	0.0285909185	0.0208541825	-0.0171434212	-0.0505738665	-0.0351619449	-0.0025067534	0.0207882623	0.0216891063	-0.0110429302	0.0088699856	-0.0305500579	-0.0064390871	-0.0078957452	0.0670609279	-0.0258897187	-0.0221165716	-0.0026580469	0.0488603654	-0.0126600997	0.0145411636	0.023029101	0.0114012393	-0.0090428743	0.0100946813	0.0376878191	0.0023937959	0.0478323838	-0.0148794683	-0.0762265226	0.0426618292	0.0606775209	-0.064777029	-0.0370681691	0.0782873035	0.0085347133	-0.3235550228807256	0.0014907405976316	0.1046878528313468	2.222307529427024e-06	-0.3117735476909189	-0.001482705215949	0.0972027450397817	2.1984147574023987e-06	2.3251503518711587	0.2424300510900039	5.406324158806573	0.0587723296715019	0.0091943645751274	0.0031130674223521	9.691188776109954e-06	8.453633994035766e-05	0.0089464753161683	-0.0005047259273122	2.547482617012603e-07	8.003942058280869e-05	-0.0099086948025697	0.0017141711026662	2.938382569216197e-06	9.81822326904718e-05	0.0	0.0	0.0	0.0	0.0	0.0	0.0	0.0	0.0	0.0	0.0	0.0	0.0	0.0	0.0	0.0	0.0	0.0	0.0	0.0	0.0	0.0	0.0	0.0	0.0	0.0	0.0	0.0	0.0	0.0	0.0	0.0	0.0	0.0	0.0	0.0	0.0	0.0	0.0	0.0	0.0	0.0	0.0	0.0	0.0	0.0	0.0	0.0	0.0	0.0	0.0	0.0	0.0	0.0	0.0	0.0	0.0	0.0	0.0	0.0	0.0	0.0	0.0	0.0	0.0	0.0	0.0	0.0	0.0	0.0	0.0	0.0	0.0	0.0	0.0	0.0	0.0	0.0	0.0	0.0	0.0	0.0	0.0	0.0	0.0	0.0	0.0	0.0	0.0	0.0	0.0	0.0	0.0	0.0	0.0	0.0	0.0	0.0	0.0	0.0	0.0	0.0	0.0	0.0	0.0	0.0	0.0	0.0	0.0	0.0	0.0	0.0	0.0	0.0	0.0	0.0	0.0	0.0	0.0	0.0	0.0	0.0	0.0	0.0	1.0	0.0	0.0	0.0	0.0	0.0	0.0	0.0	0.0	0.0	0.0	0.0	0.0	0.0	0.0	0.0	0.0	0.0	0.0	0.0	0.0	0.0	0.0	0.0	0.0	0.0	0.0	0.0	0.0	0.0	0.0	0.0	0.0	0.0	0.0	0.0	0.0	0.0	0.0	0.0	0.0	0.0	0.0	0.0	0.0	0.0	0.0	0.0	0.0	0.0	0.0	0.0	0.0	0.0	0.0	0.0	0.0	0.0	0.0	0.0	0.0	0.0	0.0	0.0	0.0	0.0	0.0	0.0	0.0	0.0	0.0	0.0	0.0	0.0	0.0	0.0	0.0	0.0	0.0	0.0	0.0	0.0	0.0	0.0	0.0	0.0	0.0	0.0	0.0	0.0	0.0	0.0	0.0	0.0	0.0	0.0	0.0	0.0	0.0	0.0	0.0	0.0	0.0	0.0	0.0	0.0	0.0	0.0	0.0	0.0	0.0	0.0	0.0	0.0	0.0	0.0	0.0
2080.592858046498	9.111627928044982	4328866.640954095	83.02176349912929	2379.558545674364	-11.183424440147974	125.06898220849902	5662298.872291894	2205.285495260488	0.7029525093416851	0.4941422303897718	4863284.115606296	2205.673236700716	1986.861679470232	0.8224139999999999	70.464661	1.3253081224216925	0.6695822923618541	-0.1144337356	-0.0355885373	-0.0052351154	0.0033029678	-0.0206829428	0.0016746921	0.0576987516	0.0106420323	0.0604853474	0.0044115487	-0.0180708833	0.0154917985	0.0410668324	0.0120879863	-0.0190775071	-0.0261509997	0.0272403164	0.0503562124	-0.0090636252	-0.02791942	-0.0509943212	0.0552221805	0.00220578	0.0115146887	-0.0184124366	-0.0292971048	-0.0241729204	-0.0173726014	0.0547949735	0.0419478152	-0.0243663499	0.0016226006	0.0175002807	0.0572202873	-0.0492201171	0.0640945369	-0.070749264	0.0028266711	0.0096550445	-0.0269322758	0.0223821431	0.0116792093	0.0451909122	-0.0157193527	-0.0755970167	0.0448275254	0.05833645	-0.0672896215	-0.0324269895	0.0797754371	0.0017099414	-0.4020351316716812	-0.0784801087909556	0.161632247098266	0.0061591274758402	-0.349105611935812	-0.0373320642448931	0.1218747282850777	0.0013936830207848	1.648160442679	-0.6769899091921587	2.716432844811837	0.4583153371480073	0.0037213558467508	-0.0054730087283766	2.9953824540886448e-05	1.3848489338146364e-05	0.0140071219019648	0.0050606465857965	2.5610143866333774e-05	0.0001961994639765	-0.0097922293128691	0.0001164654897006	1.3564210291200768e-08	9.588775491581284e-05	0.0	0.0	0.0	0.0	0.0	0.0	0.0	0.0	0.0	0.0	0.0	0.0	0.0	0.0	0.0	0.0	0.0	0.0	0.0	0.0	0.0	0.0	0.0	0.0	0.0	0.0	0.0	0.0	0.0	0.0	0.0	0.0	0.0	0.0	0.0	0.0	0.0	0.0	0.0	0.0	0.0	0.0	0.0	0.0	0.0	0.0	0.0	0.0	0.0	0.0	0.0	0.0	0.0	0.0	0.0	0.0	0.0	0.0	0.0	0.0	0.0	0.0	0.0	0.0	0.0	0.0	0.0	0.0	0.0	0.0	0.0	0.0	0.0	0.0	0.0	0.0	0.0	0.0	0.0	0.0	0.0	0.0	0.0	0.0	0.0	0.0	0.0	0.0	0.0	0.0	0.0	0.0	0.0	0.0	0.0	0.0	0.0	0.0	0.0	0.0	0.0	0.0	0.0	0.0	0.0	0.0	0.0	0.0	0.0	0.0	0.0	0.0	0.0	0.0	0.0	0.0	0.0	0.0	0.0	0.0	0.0	0.0	0.0	0.0	0.0	1.0	0.0	0.0	0.0	0.0	0.0	0.0	0.0	0.0	0.0	0.0	0.0	0.0	0.0	0.0	0.0	0.0	0.0	0.0	0.0	0.0	0.0	0.0	0.0	0.0	0.0	0.0	0.0	0.0	0.0	0.0	0.0	0.0	0.0	0.0	0.0	0.0	0.0	0.0	0.0	0.0	0.0	0.0	0.0	0.0	0.0	0.0	0.0	0.0	0.0	0.0	0.0	0.0	0.0	0.0	0.0	0.0	0.0	0.0	0.0	0.0	0.0	0.0	0.0	0.0	0.0	0.0	0.0	0.0	0.0	0.0	0.0	0.0	0.0	0.0	0.0	0.0	0.0	0.0	0.0	0.0	0.0	0.0	0.0	0.0	0.0	0.0	0.0	0.0	0.0	0.0	0.0	0.0	0.0	0.0	0.0	0.0	0.0	0.0	0.0	0.0	0.0	0.0	0.0	0.0	0.0	0.0	0.0	0.0	0.0	0.0	0.0	0.0	0.0	0.0	0.0
2099.0455365739103	18.452678527412445	4405992.164610855	340.5013448360283	2444.816018300514	65.25747262615005	4258.537733552723	5977125.363338779	2231.380481885827	26.09498662533906	680.9483269766245	4979058.854941025	2244.7965683355565	2106.0264418733764	0.721051	61.779861	1.0438861761776306	0.404889906024331	-0.1454223602	-0.0805046881	-0.0396177071	0.0365734967	-0.0502789758	-0.0728831064	0.0062948837	0.0281737742	0.0518604495	0.067897768	0.0978176454	0.0387753527	0.0516298104	0.0358322881	-0.0509623193	-0.0447770391	0.0510320119	0.0406962058	0.0207710022	-0.0525800716	-0.0534594508	0.0638159224	0.0384560555	0.0243699534	0.0085299991	-0.0403925992	0.0061226224	-0.0411933693	0.0592388771	0.0676911763	-0.0645165161	-0.0039697843	-0.0150926776	0.0562963474	-0.0344182091	0.033983529	-0.0456809236	-0.0543316244	0.0492715612	-0.0482355392	0.018353994	0.0154648908	-0.0212806019	-0.0165575133	-0.0749343514	0.0469489822	0.0558930371	-0.0696177779	-0.0276578354	0.0808350932	-0.0051268245	-0.2883035895070236	0.1137315421646575	0.0831189597226343	0.0129348636831512	-0.2234527096548078	0.1256529022810042	0.0499311134520758	0.0157886518516396	1.4075839347141113	-0.2405765079648887	1.9812925332652596	0.0578770561845801	-0.001558098878974	-0.0052794547257248	2.7872642200977923e-05	2.427672116660036e-06	0.0178812059585473	0.0038740840565825	1.5008527277466724e-05	0.0003197375265319	-0.0076672636198348	0.0021249656930342	4.515479196572741e-06	5.878693141604224e-05	0.0	0.0	0.0	0.0	0.0	0.0	0.0	0.0	0.0	0.0	0.0	0.0	0.0	0.0	0.0	0.0	0.0	0.0	0.0	0.0	0.0	0.0	0.0	0.0	0.0	0.0	0.0	0.0	0.0	0.0	0.0	0.0	0.0	0.0	0.0	0.0	0.0	0.0	0.0	0.0	0.0	0.0	0.0	0.0	0.0	0.0	0.0	0.0	0.0	0.0	0.0	0.0	0.0	0.0	0.0	0.0	0.0	0.0	0.0	0.0	0.0	0.0	0.0	0.0	0.0	0.0	0.0	0.0	0.0	0.0	0.0	0.0	0.0	0.0	0.0	0.0	0.0	0.0	0.0	0.0	0.0	0.0	0.0	0.0	0.0	0.0	0.0	0.0	0.0	0.0	0.0	0.0	0.0	0.0	0.0	0.0	0.0	0.0	0.0	0.0	0.0	0.0	0.0	0.0	0.0	0.0	0.0	0.0	0.0	0.0	0.0	0.0	0.0	0.0	0.0	0.0	0.0	0.0	0.0	0.0	0.0	0.0	0.0	0.0	0.0	0.0	1.0	0.0	0.0	0.0	0.0	0.0	0.0	0.0	0.0	0.0	0.0	0.0	0.0	0.0	0.0	0.0	0.0	0.0	0.0	0.0	0.0	0.0	0.0	0.0	0.0	0.0	0.0	0.0	0.0	0.0	0.0	0.0	0.0	0.0	0.0	0.0	0.0	0.0	0.0	0.0	0.0	0.0	0.0	0.0	0.0	0.0	0.0	0.0	0.0	0.0	0.0	0.0	0.0	0.0	0.0	0.0	0.0	0.0	0.0	0.0	0.0	0.0	0.0	0.0	0.0	0.0	0.0	0.0	0.0	0.0	0.0	0.0	0.0	0.0	0.0	0.0	0.0	0.0	0.0	0.0	0.0	0.0	0.0	0.0	0.0	0.0	0.0	0.0	0.0	0.0	0.0	0.0	0.0	0.0	0.0	0.0	0.0	0.0	0.0	0.0	0.0	0.0	0.0	0.0	0.0	0.0	0.0	0.0	0.0	0.0	0.0	0.0	0.0	0.0	0.0
2072.780064401913	-26.26547217199732	4296417.195381999	689.8750284179655	2368.5835617274456	-76.23245657306825	5811.387435164736	5610188.088885472	2229.9838230298915	-1.396658855935584	1.9506559598632949	4972827.850975011	2222.672700463272	1922.517944907696	0.806123	69.068909	1.0019075781994082	0.5499771486670579	-0.0960772223	-0.0223335093	0.0178140504	0.0034460767	-0.0125235353	-0.0146164728	0.0732248174	0.0775832441	-0.0027909388	0.039843373	-0.0041947283	0.0376198831	0.0393959397	0.0205627682	-0.0375305219	-0.0333597385	0.0317351165	0.0079111738	-0.0103234604	-0.0344172037	-0.0589104668	0.0567208217	0.0137811935	-0.0041372919	-0.0009699961	-0.0602806907	-0.0415579306	-0.0247930558	0.05196849	0.0532809626	-0.0391282389	0.0061960744	-0.0223374645	0.024905852	-0.003560293	0.0787460026	-0.0412388533	0.0043966759	0.0095861493	-0.0339110931	0.0077786983	0.0328115261	0.0088519027	-0.0173938582	-0.0742388174	0.0490241061	0.0533515689	-0.0717551168	-0.0227795284	0.0814605803	-0.0119276293	-0.328921454889624	-0.0406178653826003	0.1081893234867069	0.001649810988239	-0.4083736938805771	-0.1849209842257693	0.1667690738536673	0.0341957704070272	1.95191321974982	0.5443292850357087	3.809965217434109	0.2962943705474857	-0.0017161218768234	-0.0001580229978493	2.4971267849311464e-08	2.945074296111869e-06	0.0144943164756914	-0.0033868894828559	1.1471020369079916e-05	0.0002100852100974	-0.0087631400102361	-0.0010958763904012	1.20094506303898e-06	7.679262283900074e-05	0.0	0.0	0.0	0.0	0.0	0.0	0.0	0.0	0.0	0.0	0.0	0.0	0.0	0.0	0.0	0.0	0.0	0.0	0.0	0.0	0.0	0.0	0.0	0.0	0.0	0.0	0.0	0.0	0.0	0.0	0.0	0.0	0.0	0.0	0.0	0.0	0.0	0.0	0.0	0.0	0.0	0.0	0.0	0.0	0.0	0.0	0.0	0.0	0.0	0.0	0.0	0.0	0.0	0.0	0.0	0.0	0.0	0.0	0.0	0.0	0.0	0.0	0.0	0.0	0.0	0.0	0.0	0.0	0.0	0.0	0.0	0.0	0.0	0.0	0.0	0.0	0.0	0.0	0.0	0.0	0.0	0.0	0.0	0.0	0.0	0.0	0.0	0.0	0.0	0.0	0.0	0.0	0.0	0.0	0.0	0.0	0.0	0.0	0.0	0.0	0.0	0.0	0.0	0.0	0.0	0.0	0.0	0.0	0.0	0.0	0.0	0.0	0.0	0.0	0.0	0.0	0.0	0.0	0.0	0.0	0.0	0.0	0.0	0.0	0.0	0.0	0.0	1.0	0.0	0.0	0.0	0.0	0.0	0.0	0.0	0.0	0.0	0.0	0.0	0.0	0.0	0.0	0.0	0.0	0.0	0.0	0.0	0.0	0.0	0.0	0.0	0.0	0.0	0.0	0.0	0.0	0.0	0.0	0.0	0.0	0.0	0.0	0.0	0.0	0.0	0.0	0.0	0.0	0.0	0.0	0.0	0.0	0.0	0.0	0.0	0.0	0.0	0.0	0.0	0.0	0.0	0.0	0.0	0.0	0.0	0.0	0.0	0.0	0.0	0.0	0.0	0.0	0.0	0.0	0.0	0.0	0.0	0.0	0.0	0.0	0.0	0.0	0.0	0.0	0.0	0.0	0.0	0.0	0.0	0.0	0.0	0.0	0.0	0.0	0.0	0.0	0.0	0.0	0.0	0.0	0.0	0.0	0.0	0.0	0.0	0.0	0.0	0.0	0.0	0.0	0.0	0.0	0.0	0.0	0.0	0.0	0.0	0.0	0.0	0.0	0.0
2088.235125155866	15.455060753953148	4360725.937934736	238.85890290838284	2361.739468927253	-6.844092800192811	46.84160625765108	5577813.319088782	2221.8461771426	-8.137645887291455	66.22128058695154	4936600.434883186	2215.5138225488963	2010.613876271304	0.694954	59.543877	0.6672969108421081	0.350299769913415	-0.1275138868	-0.0587192979	0.0145888679	0.0143075046	-0.0155549516	-0.0220051596	0.0987756978	0.0505493628	0.0371909802	0.0366974959	0.0674712211	0.0320952289	0.0443650442	0.0288813591	-0.0343485666	-0.0341518478	0.0414110981	0.0294612719	-0.004159892	-0.067340762	-0.0642794327	0.0271007608	0.0609333532	0.0589506953	0.0152251301	-0.0460921338	0.0199212457	-0.0520640314	0.0633920085	0.085369063	-0.0707486529	0.0259046273	-0.0213156296	0.0607554951	-0.0249506017	0.0582030812	-0.0440230825	-0.033633044	0.0700719256	-0.0398241416	0.0208772018	0.0310114258	-0.0209214683	-0.0182282956	-0.0735107199	0.0510508491	0.0507165039	-0.0736957799	-0.0178113211	0.0816485389	-0.0186447705	-0.3574143757985695	-0.0284929209089455	0.127745036027481	0.0008118465419234	-0.2901813737629197	0.1181923201176574	0.0842052296789353	0.0139694245347948	1.6550676548126546	-0.2968455649371653	2.7392489420070603	0.0881172894228648	-0.0029413071805948	-0.0012251853037714	1.501079028577418e-06	8.651287930618532e-06	0.0154299197259142	0.0009356032502228	8.75353441827469e-07	0.0002380824227481	-0.0110776735538087	-0.0023145335435726	5.35706552432274e-06	0.0001227148513647	0.0	0.0	0.0	0.0	0.0	0.0	0.0	0.0	0.0	0.0	0.0	0.0	0.0	0.0	0.0	0.0	0.0	0.0	0.0	0.0	0.0	0.0	0.0	0.0	0.0	0.0	0.0	0.0	0.0	0.0	0.0	0.0	0.0	0.0	0.0	0.0	0.0	0.0	0.0	0.0	0.0	0.0	0.0	0.0	0.0	0.0	0.0	0.0	0.0	0.0	0.0	0.0	0.0	0.0	0.0	0.0	0.0	0.0	0.0	0.0	0.0	0.0	0.0	0.0	0.0	0.0	0.0	0.0	0.0	0.0	0.0	0.0	0.0	0.0	0.0	0.0	0.0	0.0	0.0	0.0	0.0	0.0	0.0	0.0	0.0	0.0	0.0	0.0	0.0	0.0	0.0	0.0	0.0	0.0	0.0	0.0	0.0	0.0	0.0	0.0	0.0	0.0	0.0	0.0	0.0	0.0	0.0	0.0	0.0	0.0	0.0	0.0	0.0	0.0	0.0	0.0	0.0	0.0	0.0	0.0	0.0	0.0	0.0	0.0	0.0	0.0	0.0	0.0	1.0	0.0	0.0	0.0	0.0	0.0	0.0	0.0	0.0	0.0	0.0	0.0	0.0	0.0	0.0	0.0	0.0	0.0	0.0	0.0	0.0	0.0	0.0	0.0	0.0	0.0	0.0	0.0	0.0	0.0	0.0	0.0	0.0	0.0	0.0	0.0	0.0	0.0	0.0	0.0	0.0	0.0	0.0	0.0	0.0	0.0	0.0	0.0	0.0	0.0	0.0	0.0	0.0	0.0	0.0	0.0	0.0	0.0	0.0	0.0	0.0	0.0	0.0	0.0	0.0	0.0	0.0	0.0	0.0	0.0	0.0	0.0	0.0	0.0	0.0	0.0	0.0	0.0	0.0	0.0	0.0	0.0	0.0	0.0	0.0	0.0	0.0	0.0	0.0	0.0	0.0	0.0	0.0	0.0	0.0	0.0	0.0	0.0	0.0	0.0	0.0	0.0	0.0	0.0	0.0	0.0	0.0	0.0	0.0	0.0	0.0	0.0	0.0
2019.5336861537064	-68.70143900215976	4078516.309509577	4719.887720967478	2307.636645591422	-54.10282333583064	2927.1154929081	5325186.888076431	2184.6220384680705	-37.22413867452951	1385.6365000606038	4772573.450960388	2176.800011079901	1699.4198656801736	1.809125	155.006409	5.07220113403262	2.896885210332704	-0.0466678252	-0.0060157443	-0.1325635325	-0.1178014899	0.0271534208	0.0155951439	0.0370138638	0.0899833883	0.004390818	0.0968644949	-0.0368258118	-0.0008880132	-0.0764956349	0.0024917354	0.0043986326	0.0625025321	-0.0073087747	-0.0222478319	0.0124425518	0.0754905832	-0.0141526994	0.0592477081	0.111598273	0.0547258825	-0.1225241282	-0.1049459781	0.0056548991	0.1309109649	-0.1542590986	-0.0969843173	0.0284635486	0.0377844755	-0.0463837131	-0.0929573472	-0.0386384485	-0.0576788609	0.0031885131	0.0395420085	-0.0073821693	0.0275546637	-0.0734692344	0.0682293882	-0.0433123993	-0.0190607341	-0.0727503781	0.0530272111	0.0479924649	-0.0754344479	-0.0127728206	0.0813979594	-0.0252311319	-0.5507450678392303	-0.1933306920406607	0.3033201297492383	0.0373767564849208	0.5691171840050799	0.8592985577679997	0.323894369129872	0.7383940113821643	1.2057032739049944	-0.4493643809076602	1.453720384705222	0.2019283468285247	0.0435073046109302	0.046448611791525	0.0021574735373597	0.0018928855545082	0.0057781290793281	-0.0096517906465861	9.315706268552697e-05	3.3386775657377e-05	-0.0263814211820236	-0.0153037476282149	0.000234204691468	0.0006959793835833	0.0	0.0	0.0	0.0	0.0	0.0	0.0	0.0	0.0	0.0	0.0	0.0	0.0	0.0	0.0	0.0	0.0	0.0	0.0	0.0	0.0	0.0	0.0	0.0	0.0	0.0	0.0	0.0	0.0	0.0	0.0	0.0	0.0	0.0	0.0	0.0	0.0	0.0	0.0	0.0	0.0	0.0	0.0	0.0	0.0	0.0	0.0	0.0	0.0	0.0	0.0	0.0	0.0	0.0	0.0	0.0	0.0	0.0	0.0	0.0	0.0	0.0	0.0	0.0	0.0	0.0	0.0	0.0	0.0	0.0	0.0	0.0	0.0	0.0	0.0	0.0	0.0	0.0	0.0	0.0	0.0	0.0	0.0	0.0	0.0	0.0	0.0	0.0	0.0	0.0	0.0	0.0	0.0	0.0	0.0	0.0	0.0	0.0	0.0	0.0	0.0	0.0	0.0	0.0	0.0	0.0	0.0	0.0	0.0	0.0	0.0	0.0	0.0	0.0	0.0	0.0	0.0	0.0	0.0	0.0	0.0	0.0	0.0	0.0	0.0	0.0	0.0	0.0	0.0	1.0	0.0	0.0	0.0	0.0	0.0	0.0	0.0	0.0	0.0	0.0	0.0	0.0	0.0	0.0	0.0	0.0	0.0	0.0	0.0	0.0	0.0	0.0	0.0	0.0	0.0	0.0	0.0	0.0	0.0	0.0	0.0	0.0	0.0	0.0	0.0	0.0	0.0	0.0	0.0	0.0	0.0	0.0	0.0	0.0	0.0	0.0	0.0	0.0	0.0	0.0	0.0	0.0	0.0	0.0	0.0	0.0	0.0	0.0	0.0	0.0	0.0	0.0	0.0	0.0	0.0	0.0	0.0	0.0	0.0	0.0	0.0	0.0	0.0	0.0	0.0	0.0	0.0	0.0	0.0	0.0	0.0	0.0	0.0	0.0	0.0	0.0	0.0	0.0	0.0	0.0	0.0	0.0	0.0	0.0	0.0	0.0	0.0	0.0	0.0	0.0	0.0	0.0	0.0	0.0	0.0	0.0	0.0	0.0	0.0	0.0	0.0
2035.02383204074	15.490145887033576	4141321.996973778	239.94461960158324	2390.150694964683	82.51404937326106	6808.568343972964	5712820.344640158	2195.280029628588	10.657991160517668	113.59277557767274	4819254.408486095	2200.266882707017	1630.0747817305269	1.661411	142.350235	2.2389318124417343	1.269440610448017	0.0057434324	0.0408703918	-0.0661647606	-0.0263791888	0.0058973806	-0.0572748279	-0.0466415799	0.0773849934	0.0413457607	-0.0403242626	0.0891497646	0.0135860616	0.018223294	0.0225215342	-0.0172811175	-0.0247809062	0.0321002907	0.0043985462	0.0273664991	0.0394061829	0.017552856	0.0105165362	-0.0909749278	-0.030532172	-0.0706196091	-0.0165655703	0.002051248	-0.0287869789	-0.0195020613	-0.0356503829	0.0085784981	0.0708871866	-0.021331612	-0.0696402967	0.0392938001	-0.1219990205	0.0181573196	0.0164869464	0.0029231437	0.0108304846	-0.1188534343	-0.0109571498	-0.043308443	-0.0198910824	-0.0719581255	0.0549512416	0.0451842308	-0.0769663555	-0.0076839116	0.0807101879	-0.0316405151	-0.3752885191354806	0.1754565487037496	0.140841472594902	0.0307850004830312	0.1829506218744399	-0.38616656213064	0.0334709300442442	0.1491246137077974	1.9564795758583244	0.75077630195333	3.827812330750769	0.5636650555747178	0.0415454496763371	-0.001961854934593	3.848874784387283e-06	0.001726024388809	0.0113841428856831	0.0056060138063549	3.142739079704287e-05	0.0001295987092416	-0.0154186419298914	0.0109627792521322	0.0001201825289309	0.0002377345189622	0.0	0.0	0.0	0.0	0.0	0.0	0.0	0.0	0.0	0.0	0.0	0.0	0.0	0.0	0.0	0.0	0.0	0.0	0.0	0.0	0.0	0.0	0.0	0.0	0.0	0.0	0.0	0.0	0.0	0.0	0.0	0.0	0.0	0.0	0.0	0.0	0.0	0.0	0.0	0.0	0.0	0.0	0.0	0.0	0.0	0.0	0.0	0.0	0.0	0.0	0.0	0.0	0.0	0.0	0.0	0.0	0.0	0.0	0.0	0.0	0.0	0.0	0.0	0.0	0.0	0.0	0.0	0.0	0.0	0.0	0.0	0.0	0.0	0.0	0.0	0.0	0.0	0.0	0.0	0.0	0.0	0.0	0.0	0.0	0.0	0.0	0.0	0.0	0.0	0.0	0.0	0.0	0.0	0.0	0.0	0.0	0.0	0.0	0.0	0.0	0.0	0.0	0.0	0.0	0.0	0.0	0.0	0.0	0.0	0.0	0.0	0.0	0.0	0.0	0.0	0.0	0.0	0.0	0.0	0.0	0.0	0.0	0.0	0.0	0.0	0.0	0.0	0.0	0.0	0.0	1.0	0.0	0.0	0.0	0.0	0.0	0.0	0.0	0.0	0.0	0.0	0.0	0.0	0.0	0.0	0.0	0.0	0.0	0.0	0.0	0.0	0.0	0.0	0.0	0.0	0.0	0.0	0.0	0.0	0.0	0.0	0.0	0.0	0.0	0.0	0.0	0.0	0.0	0.0	0.0	0.0	0.0	0.0	0.0	0.0	0.0	0.0	0.0	0.0	0.0	0.0	0.0	0.0	0.0	0.0	0.0	0.0	0.0	0.0	0.0	0.0	0.0	0.0	0.0	0.0	0.0	0.0	0.0	0.0	0.0	0.0	0.0	0.0	0.0	0.0	0.0	0.0	0.0	0.0	0.0	0.0	0.0	0.0	0.0	0.0	0.0	0.0	0.0	0.0	0.0	0.0	0.0	0.0	0.0	0.0	0.0	0.0	0.0	0.0	0.0	0.0	0.0	0.0	0.0	0.0	0.0	0.0	0.0	0.0	0.0	0.0
2030.8173785886825	-4.206453452057531	4124219.225177808	17.69425064432672	2316.806499324433	-73.34419564025029	5379.37103411531	5367592.355311934	2148.6488000620966	-46.631229566491584	2174.471570882839	4616691.666008287	2153.165117536272	1140.8884937090393	1.659291	142.168549	5.140819295267651	2.40271245446444	0.1495584898	-0.0998886275	-0.0187579869	0.0935546675	0.0204192808	0.0884308918	0.0606652971	-0.0463653585	0.0472697527	0.0417274626	-0.0606978406	-0.031952746	-0.0752887509	-0.073461754	0.0296568867	0.0644210684	-0.0750506797	-0.0096246936	0.0314536434	0.0515275303	0.0846229638	-0.0930238562	-0.01500208	0.0130267325	0.0691559539	-0.0375226426	0.058786429	0.0455307128	0.0260262344	0.0133131534	0.0312329419	0.106453986	-0.0058821124	-0.0256907231	0.1429700865	-0.0793706532	-0.133348805	-0.0027034166	0.0139118631	0.0050465225	0.0022747751	0.0094524319	-0.0094990081	-0.0207192494	-0.0711343098	0.0568210419	0.0422967282	-0.0782873035	-0.0025646777	0.0795889182	-0.0378279629	-0.2050556080017997	0.1702329111336809	0.0420478023729877	0.0289792440330477	0.2955016554680725	0.1125510335936326	0.0873212283843714	0.012667735162995	3.997118669078013	2.0406390932196885	15.976957654691985	4.164207908776473	0.0786858745006705	0.0371404248243333	0.0013794111561319	0.0061914668459352	0.0048967988258901	-0.0064873440597929	4.208563295013152e-05	2.3978638741238663e-05	-0.028138798192178	-0.0127201562622865	0.0001618023753369	0.0007917919637001	0.0	0.0	0.0	0.0	0.0	0.0	0.0	0.0	0.0	0.0	0.0	0.0	0.0	0.0	0.0	0.0	0.0	0.0	0.0	0.0	0.0	0.0	0.0	0.0	0.0	0.0	0.0	0.0	0.0	0.0	0.0	0.0	0.0	0.0	0.0	0.0	0.0	0.0	0.0	0.0	0.0	0.0	0.0	0.0	0.0	0.0	0.0	0.0	0.0	0.0	0.0	0.0	0.0	0.0	0.0	0.0	0.0	0.0	0.0	0.0	0.0	0.0	0.0	0.0	0.0	0.0	0.0	0.0	0.0	0.0	0.0	0.0	0.0	0.0	0.0	0.0	0.0	0.0	0.0	0.0	0.0	0.0	0.0	0.0	0.0	0.0	0.0	0.0	0.0	0.0	0.0	0.0	0.0	0.0	0.0	0.0	0.0	0.0	0.0	0.0	0.0	0.0	0.0	0.0	0.0	0.0	0.0	0.0	0.0	0.0	0.0	0.0	0.0	0.0	0.0	0.0	0.0	0.0	0.0	0.0	0.0	0.0	0.0	0.0	0.0	0.0	0.0	0.0	0.0	0.0	0.0	1.0	0.0	0.0	0.0	0.0	0.0	0.0	0.0	0.0	0.0	0.0	0.0	0.0	0.0	0.0	0.0	0.0	0.0	0.0	0.0	0.0	0.0	0.0	0.0	0.0	0.0	0.0	0.0	0.0	0.0	0.0	0.0	0.0	0.0	0.0	0.0	0.0	0.0	0.0	0.0	0.0	0.0	0.0	0.0	0.0	0.0	0.0	0.0	0.0	0.0	0.0	0.0	0.0	0.0	0.0	0.0	0.0	0.0	0.0	0.0	0.0	0.0	0.0	0.0	0.0	0.0	0.0	0.0	0.0	0.0	0.0	0.0	0.0	0.0	0.0	0.0	0.0	0.0	0.0	0.0	0.0	0.0	0.0	0.0	0.0	0.0	0.0	0.0	0.0	0.0	0.0	0.0	0.0	0.0	0.0	0.0	0.0	0.0	0.0	0.0	0.0	0.0	0.0	0.0	0.0	0.0	0.0	0.0	0.0	0.0
1955.569672641829	-75.24770594685356	3824252.74455647	5662.217250264141	2307.1890860779645	-9.61741324646846	92.494637553347	5323121.478917273	2115.4048034004545	-33.243996661642086	1105.16331403927	4474937.482249715	2117.6511462274743	1024.4447331395725	1.410181	120.824715	4.39518757545743	2.433514887063169	0.1603528155	-0.1207652916	-0.0652059922	0.0441223722	0.0251045897	0.1164739174	-0.0232731896	-0.0179050497	0.0476791618	-0.0397475038	-0.1231035238	-0.058637854	-0.125729272	-0.0413323576	0.0638200862	0.1051531379	-0.0940583565	-0.0925011521	0.1046649009	0.12006275	0.1315623083	-0.0418883442	0.0909916793	0.014294153	0.1134751149	-0.0383233359	0.0675476419	-0.0053384274	0.0797074637	0.0504278927	0.0132460618	0.1321665642	0.0174633673	-0.0098729036	0.0931176051	-0.0331090002	-0.0833633698	0.0040729191	-0.0434499288	0.0215080683	0.0309556786	-0.041294988	-0.0186945751	-0.0215451443	-0.0702792922	0.0586347667	0.0393350228	-0.0793936715	0.0025646777	0.0780401729	-0.0437500746	-0.3551793380817258	-0.1501237300799261	0.1261523622001728	0.0225371343331105	1.624298296877825	1.3287966414097525	2.638344957240203	1.7657005142218385	4.122357334438568	0.1252386653605555	16.99382999279946	0.0156847233012932	0.1232411894727945	0.044555314972124	0.0019851760922651	0.0151883907826692	0.0158628311874202	0.0109660323615301	0.0001202538657541	0.0002516294132805	-0.0284380216306678	-0.0002992234384898	8.953466614165987e-08	0.0008087210742663	0.0	0.0	0.0	0.0	0.0	0.0	0.0	0.0	0.0	0.0	0.0	0.0	0.0	0.0	0.0	0.0	0.0	0.0	0.0	0.0	0.0	0.0	0.0	0.0	0.0	0.0	0.0	0.0	0.0	0.0	0.0	0.0	0.0	0.0	0.0	0.0	0.0	0.0	0.0	0.0	0.0	0.0	0.0	0.0	0.0	0.0	0.0	0.0	0.0	0.0	0.0	0.0	0.0	0.0	0.0	0.0	0.0	0.0	0.0	0.0	0.0	0.0	0.0	0.0	0.0	0.0	0.0	0.0	0.0	0.0	0.0	0.0	0.0	0.0	0.0	0.0	0.0	0.0	0.0	0.0	0.0	0.0	0.0	0.0	0.0	0.0	0.0	0.0	0.0	0.0	0.0	0.0	0.0	0.0	0.0	0.0	0.0	0.0	0.0	0.0	0.0	0.0	0.0	0.0	0.0	0.0	0.0	0.0	0.0	0.0	0.0	0.0	0.0	0.0	0.0	0.0	0.0	0.0	0.0	0.0	0.0	0.0	0.0	0.0	0.0	0.0	0.0	0.0	0.0	0.0	0.0	0.0	1.0	0.0	0.0	0.0	0.0	0.0	0.0	0.0	0.0	0.0	0.0	0.0	0.0	0.0	0.0	0.0	0.0	0.0	0.0	0.0	0.0	0.0	0.0	0.0	0.0	0.0	0.0	0.0	0.0	0.0	0.0	0.0	0.0	0.0	0.0	0.0	0.0	0.0	0.0	0.0	0.0	0.0	0.0	0.0	0.0	0.0	0.0	0.0	0.0	0.0	0.0	0.0	0.0	0.0	0.0	0.0	0.0	0.0	0.0	0.0	0.0	0.0	0.0	0.0	0.0	0.0	0.0	0.0	0.0	0.0	0.0	0.0	0.0	0.0	0.0	0.0	0.0	0.0	0.0	0.0	0.0	0.0	0.0	0.0	0.0	0.0	0.0	0.0	0.0	0.0	0.0	0.0	0.0	0.0	0.0	0.0	0.0	0.0	0.0	0.0	0.0	0.0	0.0	0.0	0.0	0.0	0.0	0.0	0.0
1989.5755992838108	34.00592664198189	3958411.065265535	1156.4030467798534	2288.582433413153	-18.606652664811463	346.2075233889355	5237609.554527269	2146.295904740043	30.89110133958866	954.2601419727362	4606586.110703881	2147.824578474623	1311.552095021939	1.692774	145.037445	6.917370426065999	3.4424739379006573	0.0992735999	-0.0144743128	0.0080949079	0.0254085198	0.0481982227	0.0152940422	-0.0476596644	-0.0290437923	-0.0409713139	0.048699087	-0.0229819524	-0.0267300325	-0.024499454	-0.026261648	0.0261431967	0.0177039008	-0.0141129634	-0.0116809908	0.0002488008	0.0618919727	0.0560478105	-0.0172168486	-0.1323450103	-0.071292428	0.0037349911	-0.0515307744	-0.0365481345	-0.0395549568	-0.0095154979	-0.0750768749	0.0349850913	0.0709684476	0.0567993133	-0.0449568479	0.0916809225	0.0096887337	-0.0457002753	-0.0534175401	0.0645959332	0.0182245051	-0.0244699526	0.0229390023	0.0015051651	-0.0223686765	-0.0693934478	0.060390626	0.0363043104	-0.080282427	0.0076839116	0.0760722702	-0.049365311	-0.1902828780142869	0.1648964600674389	0.0362075736653999	0.0271908425427724	-0.1409594392715263	-1.765257736149351	0.0198695635197431	3.116134875035133	3.1822029186317096	-0.9401544158068588	10.126415415348172	0.8838903255611361	0.0573203043740662	-0.0659208850987283	0.0043455630921997	0.0032856172935355	0.0104715120664662	-0.005391319120954	2.9066321863964235e-05	0.0001096525649581	-0.0188089895695031	0.0096290320611647	9.271825843493772e-05	0.0003537780886256	0.0	0.0	0.0	0.0	0.0	0.0	0.0	0.0	0.0	0.0	0.0	0.0	0.0	0.0	0.0	0.0	0.0	0.0	0.0	0.0	0.0	0.0	0.0	0.0	0.0	0.0	0.0	0.0	0.0	0.0	0.0	0.0	0.0	0.0	0.0	0.0	0.0	0.0	0.0	0.0	0.0	0.0	0.0	0.0	0.0	0.0	0.0	0.0	0.0	0.0	0.0	0.0	0.0	0.0	0.0	0.0	0.0	0.0	0.0	0.0	0.0	0.0	0.0	0.0	0.0	0.0	0.0	0.0	0.0	0.0	0.0	0.0	0.0	0.0	0.0	0.0	0.0	0.0	0.0	0.0	0.0	0.0	0.0	0.0	0.0	0.0	0.0	0.0	0.0	0.0	0.0	0.0	0.0	0.0	0.0	0.0	0.0	0.0	0.0	0.0	0.0	0.0	0.0	0.0	0.0	0.0	0.0	0.0	0.0	0.0	0.0	0.0	0.0	0.0	0.0	0.0	0.0	0.0	0.0	0.0	0.0	0.0	0.0	0.0	0.0	0.0	0.0	0.0	0.0	0.0	0.0	0.0	0.0	1.0	0.0	0.0	0.0	0.0	0.0	0.0	0.0	0.0	0.0	0.0	0.0	0.0	0.0	0.0	0.0	0.0	0.0	0.0	0.0	0.0	0.0	0.0	0.0	0.0	0.0	0.0	0.0	0.0	0.0	0.0	0.0	0.0	0.0	0.0	0.0	0.0	0.0	0.0	0.0	0.0	0.0	0.0	0.0	0.0	0.0	0.0	0.0	0.0	0.0	0.0	0.0	0.0	0.0	0.0	0.0	0.0	0.0	0.0	0.0	0.0	0.0	0.0	0.0	0.0	0.0	0.0	0.0	0.0	0.0	0.0	0.0	0.0	0.0	0.0	0.0	0.0	0.0	0.0	0.0	0.0	0.0	0.0	0.0	0.0	0.0	0.0	0.0	0.0	0.0	0.0	0.0	0.0	0.0	0.0	0.0	0.0	0.0	0.0	0.0	0.0	0.0	0.0	0.0	0.0	0.0	0.0	0.0
2056.773832324015	67.19823304020429	4230318.597332816	4515.602523725603	2414.637034377007	126.05460096385376	15889.762424156404	5830472.007784986	2201.656148164169	55.360243424125656	3064.756551978448	4847289.794749085	2206.010855219505	1659.515051876354	1.632925	139.909531	3.808922845921891	1.9949204112424632	-0.025050982	0.0891486529	0.0374260569	-0.0334272679	-0.0282106668	-0.0304706615	-0.0281794016	0.0161549029	0.0132393192	-0.0434544314	-0.0509337443	0.0201361639	0.0227640807	0.0094444101	-0.0271980895	-0.020872183	0.0161605431	0.0078400604	-0.011937278	-0.0774949902	-0.0038053128	-0.0663006056	0.0718251627	0.0201498561	0.0166952377	0.080205052	0.0008148431	-0.0496757007	0.0063624994	0.0100080755	-0.010941506	-0.0449468739	0.0051110199	0.0036715756	-0.0304535355	-0.0080512597	0.0838588517	0.0225885817	-0.0261288985	0.0328609306	0.0258259982	-0.0232451216	-0.0189269001	-0.0231897558	-0.0684771651	0.0620868871	0.0332099078	-0.0809511339	0.0127728206	0.0736957799	-0.0546342852	-0.4447028998406779	-0.254420021826391	0.197760669126708	0.0647295475061412	-0.5001791583782449	-0.3592197191067185	0.2501791904759693	0.1290388065951098	2.493499584838233	-0.6887033337934767	6.21754017958844	0.474312281978249	0.0193804191888108	-0.0379398851852554	0.0014394348878703	0.000375600647934	0.0058943034445571	-0.004577208621909	2.0950838768478997e-05	3.47428130965177e-05	-0.0111944879527615	0.0076145016167416	5.798063487136044e-05	0.0001253165605245	0.0	0.0	0.0	0.0	0.0	0.0	0.0	0.0	0.0	0.0	0.0	0.0	0.0	0.0	0.0	0.0	0.0	0.0	0.0	0.0	0.0	0.0	0.0	0.0	0.0	0.0	0.0	0.0	0.0	0.0	0.0	0.0	0.0	0.0	0.0	0.0	0.0	0.0	0.0	0.0	0.0	0.0	0.0	0.0	0.0	0.0	0.0	0.0	0.0	0.0	0.0	0.0	0.0	0.0	0.0	0.0	0.0	0.0	0.0	0.0	0.0	0.0	0.0	0.0	0.0	0.0	0.0	0.0	0.0	0.0	0.0	0.0	0.0	0.0	0.0	0.0	0.0	0.0	0.0	0.0	0.0	0.0	0.0	0.0	0.0	0.0	0.0	0.0	0.0	0.0	0.0	0.0	0.0	0.0	0.0	0.0	0.0	0.0	0.0	0.0	0.0	0.0	0.0	0.0	0.0	0.0	0.0	0.0	0.0	0.0	0.0	0.0	0.0	0.0	0.0	0.0	0.0	0.0	0.0	0.0	0.0	0.0	0.0	0.0	0.0	0.0	0.0	0.0	0.0	0.0	0.0	0.0	0.0	0.0	1.0	0.0	0.0	0.0	0.0	0.0	0.0	0.0	0.0	0.0	0.0	0.0	0.0	0.0	0.0	0.0	0.0	0.0	0.0	0.0	0.0	0.0	0.0	0.0	0.0	0.0	0.0	0.0	0.0	0.0	0.0	0.0	0.0	0.0	0.0	0.0	0.0	0.0	0.0	0.0	0.0	0.0	0.0	0.0	0.0	0.0	0.0	0.0	0.0	0.0	0.0	0.0	0.0	0.0	0.0	0.0	0.0	0.0	0.0	0.0	0.0	0.0	0.0	0.0	0.0	0.0	0.0	0.0	0.0	0.0	0.0	0.0	0.0	0.0	0.0	0.0	0.0	0.0	0.0	0.0	0.0	0.0	0.0	0.0	0.0	0.0	0.0	0.0	0.0	0.0	0.0	0.0	0.0	0.0	0.0	0.0	0.0	0.0	0.0	0.0	0.0	0.0	0.0	0.0	0.0	0.0	0.0
1961.1915058735767	-95.58232645043836	3846272.122710668	9135.981129678168	2244.913766103248	-169.723268273759	28805.98779352637	5039637.817239868	2114.293861720873	-87.36228644329594	7632.16909260049	4470238.533710562	2107.9084378019857	1284.6103831900227	2.413294	206.771835	7.707638234225572	4.5329321779206895	0.0715875765	-0.0428658736	-0.1455580982	-0.1062834917	0.0674861476	0.1684083095	-0.0798500887	-0.0364400675	0.0476102584	0.1567218007	-0.098015643	-0.0463964005	-0.116423617	0.0403943715	0.0575482891	0.1186271593	-0.0241423257	-0.0750897464	0.1514681663	0.2024978694	0.0219312142	0.1066982701	0.0863120218	0.1198441217	-0.061357491	-0.1375908219	-0.0148060822	0.1391148767	-0.1320627201	-0.0519852885	0.0101341045	0.1659347244	-0.0880024085	-0.0149603191	-0.0118981521	-0.0486929887	-0.0577613087	0.144867222	0.0236435915	0.1023790818	0.0675881799	0.1393611228	0.1429643609	-0.024008292	-0.0675308461	0.0637218759	0.0300572439	-0.0813979594	0.0178113211	0.0709234662	-0.0595200392	-0.5245880094228994	-0.0798851095822215	0.27519257963028	0.0063816307329635	2.003378617152165	2.50355777553041	4.013525883662521	6.267801535418775	1.6176528895003486	-0.8758466953378843	2.616800870908827	0.7671074337342927	0.0930172141697948	0.073636794980984	0.0054223775750714	0.0086522021319094	0.0082223020477456	0.0023279986031884	5.419577496447605e-06	6.760625096436149e-05	-0.0201966674440901	-0.0090021794913286	8.103923559409726e-05	0.0004079053758471	0.0	0.0	0.0	0.0	0.0	0.0	0.0	0.0	0.0	0.0	0.0	0.0	0.0	0.0	0.0	0.0	0.0	0.0	0.0	0.0	0.0	0.0	0.0	0.0	0.0	0.0	0.0	0.0	0.0	0.0	0.0	0.0	0.0	0.0	0.0	0.0	0.0	0.0	0.0	0.0	0.0	0.0	0.0	0.0	0.0	0.0	0.0	0.0	0.0	0.0	0.0	0.0	0.0	0.0	0.0	0.0	0.0	0.0	0.0	0.0	0.0	0.0	0.0	0.0	0.0	0.0	0.0	0.0	0.0	0.0	0.0	0.0	0.0	0.0	0.0	0.0	0.0	0.0	0.0	0.0	0.0	0.0	0.0	0.0	0.0	0.0	0.0	0.0	0.0	0.0	0.0	0.0	0.0	0.0	0.0	0.0	0.0	0.0	0.0	0.0	0.0	0.0	0.0	0.0	0.0	0.0	0.0	0.0	0.0	0.0	0.0	0.0	0.0	0.0	0.0	0.0	0.0	0.0	0.0	0.0	0.0	0.0	0.0	0.0	0.0	0.0	0.0	0.0	0.0	0.0	0.0	0.0	0.0	0.0	0.0	1.0	0.0	0.0	0.0	0.0	0.0	0.0	0.0	0.0	0.0	0.0	0.0	0.0	0.0	0.0	0.0	0.0	0.0	0.0	0.0	0.0	0.0	0.0	0.0	0.0	0.0	0.0	0.0	0.0	0.0	0.0	0.0	0.0	0.0	0.0	0.0	0.0	0.0	0.0	0.0	0.0	0.0	0.0	0.0	0.0	0.0	0.0	0.0	0.0	0.0	0.0	0.0	0.0	0.0	0.0	0.0	0.0	0.0	0.0	0.0	0.0	0.0	0.0	0.0	0.0	0.0	0.0	0.0	0.0	0.0	0.0	0.0	0.0	0.0	0.0	0.0	0.0	0.0	0.0	0.0	0.0	0.0	0.0	0.0	0.0	0.0	0.0	0.0	0.0	0.0	0.0	0.0	0.0	0.0	0.0	0.0	0.0	0.0	0.0	0.0	0.0	0.0	0.0	0.0	0.0	0.0
2033.2921040146327	72.10059814105603	4134276.780248252	5198.496252298051	2342.5502729023974	97.63650679914964	9532.887459940392	5487541.781075097	2186.844441952913	72.55058023203992	5263.5866920056615	4782288.613300347	2189.414786202567	1471.812574791336	1.893767	162.25853	6.617245504172481	3.62660401140488	0.0585144214	0.0242019425	0.0034013531	0.0264577835	0.0114791895	0.0229029709	-0.0383010328	-0.0697891483	-0.0195663781	0.0641272073	0.0294346454	0.0077262849	-0.0156149217	-0.0049698086	-0.0083657293	0.0125028977	-0.01485873	-0.0096032513	0.0076261722	0.0890613191	0.02627318	0.0791571102	-0.1875542665	-0.1105737533	-0.0569807636	-0.1182972702	-0.1048421622	0.1100968364	-0.0670351727	-0.1020004726	0.0060468949	0.0161468962	0.0349934607	-0.0457977713	0.1471159712	0.0637069559	-0.0483292797	-0.0517565567	0.0274843428	0.024929753	0.022941998	0.0689415295	0.0348443328	-0.0248241955	-0.0665549058	0.0652939789	0.0268518493	-0.0816216788	0.0227795284	0.0677702193	-0.0639883028	-0.343220728745166	0.1813672806777334	0.1178004686403628	0.0328940905004357	-0.2786511231599178	-2.282029740312083	0.0776464484382836	5.207659735668832	2.7170782752565685	1.09942538575622	7.382514353871209	1.2087361788452131	0.0435575649991357	-0.0494596491706591	0.0024462568960846	0.0018972614686539	0.0095044273033237	0.0012821252555781	1.6438451709912098e-06	9.033413836416503e-05	-0.0098499799217984	0.0103466875222917	0.0001070539426839	9.70221044598316e-05	0.0	0.0	0.0	0.0	0.0	0.0	0.0	0.0	0.0	0.0	0.0	0.0	0.0	0.0	0.0	0.0	0.0	0.0	0.0	0.0	0.0	0.0	0.0	0.0	0.0	0.0	0.0	0.0	0.0	0.0	0.0	0.0	0.0	0.0	0.0	0.0	0.0	0.0	0.0	0.0	0.0	0.0	0.0	0.0	0.0	0.0	0.0	0.0	0.0	0.0	0.0	0.0	0.0	0.0	0.0	0.0	0.0	0.0	0.0	0.0	0.0	0.0	0.0	0.0	0.0	0.0	0.0	0.0	0.0	0.0	0.0	0.0	0.0	0.0	0.0	0.0	0.0	0.0	0.0	0.0	0.0	0.0	0.0	0.0	0.0	0.0	0.0	0.0	0.0	0.0	0.0	0.0	0.0	0.0	0.0	0.0	0.0	0.0	0.0	0.0	0.0	0.0	0.0	0.0	0.0	0.0	0.0	0.0	0.0	0.0	0.0	0.0	0.0	0.0	0.0	0.0	0.0	0.0	0.0	0.0	0.0	0.0	0.0	0.0	0.0	0.0	0.0	0.0	0.0	0.0	0.0	0.0	0.0	0.0	0.0	0.0	1.0	0.0	0.0	0.0	0.0	0.0	0.0	0.0	0.0	0.0	0.0	0.0	0.0	0.0	0.0	0.0	0.0	0.0	0.0	0.0	0.0	0.0	0.0	0.0	0.0	0.0	0.0	0.0	0.0	0.0	0.0	0.0	0.0	0.0	0.0	0.0	0.0	0.0	0.0	0.0	0.0	0.0	0.0	0.0	0.0	0.0	0.0	0.0	0.0	0.0	0.0	0.0	0.0	0.0	0.0	0.0	0.0	0.0	0.0	0.0	0.0	0.0	0.0	0.0	0.0	0.0	0.0	0.0	0.0	0.0	0.0	0.0	0.0	0.0	0.0	0.0	0.0	0.0	0.0	0.0	0.0	0.0	0.0	0.0	0.0	0.0	0.0	0.0	0.0	0.0	0.0	0.0	0.0	0.0	0.0	0.0	0.0	0.0	0.0	0.0	0.0	0.0	0.0	0.0	0.0
2065.870438091023	32.57833407639032	4267820.666978396	1061.3478511928947	2385.8695055817902	43.319232679392826	1876.5559199313757	5692373.297665096	2191.0503752335258	4.205933280612953	17.68987476096764	4800701.746810974	2188.259521697041	1549.3787734229336	1.439525	123.338943	0.8022976588874201	0.5714361940625173	0.0267999558	0.0690790981	0.0313511661	0.0359781376	-0.0254643522	0.0168217942	-0.0279350092	-0.0493615877	-0.0818754405	-0.0135156589	-0.0054812829	0.011067729	-0.0047348876	-0.0265889449	-0.0081254965	0.0069619742	-0.0253843531	0.0015474422	-0.0096305005	-0.0680414583	0.0459035121	-0.0383868736	0.0202760339	0.0264710987	0.0263961828	0.1079143985	0.0318465257	-0.0383283879	0.0475918015	-0.0442000182	0.0017459071	-0.0374981365	0.0369164239	-0.0193728023	0.0212642678	0.0188870108	0.0300885165	0.0227474273	0.0105281266	-0.0289301327	-0.0170168085	0.0186482829	-0.012629733	-0.0256373767	-0.0655497724	0.0668016447	0.0235993474	-0.0816216788	0.0276578354	0.0642529755	-0.0680077345	-0.3801752296037932	-0.0369545008586271	0.1445332052042968	0.0013656351337102	-0.2695075549854806	0.0091435681744371	0.0726343221942518	8.360483896058042e-05	2.7119960660465026	-0.0050822092100659	7.354922662251706	2.582885045487936e-05	0.0334182933642109	-0.0101392716349247	0.0001028048292867	0.0011167823313764	0.0108538298613105	0.0013494025579867	1.8208872635013157e-06	0.0001178056226582	-0.0063163065018242	0.0035336734199741	1.2486847839032158e-05	3.989572782498666e-05	0.0	0.0	0.0	0.0	0.0	0.0	0.0	0.0	0.0	0.0	0.0	0.0	0.0	0.0	0.0	0.0	0.0	0.0	0.0	0.0	0.0	0.0	0.0	0.0	0.0	0.0	0.0	0.0	0.0	0.0	0.0	0.0	0.0	0.0	0.0	0.0	0.0	0.0	0.0	0.0	0.0	0.0	0.0	0.0	0.0	0.0	0.0	0.0	0.0	0.0	0.0	0.0	0.0	0.0	0.0	0.0	0.0	0.0	0.0	0.0	0.0	0.0	0.0	0.0	0.0	0.0	0.0	0.0	0.0	0.0	0.0	0.0	0.0	0.0	0.0	0.0	0.0	0.0	0.0	0.0	0.0	0.0	0.0	0.0	0.0	0.0	0.0	0.0	0.0	0.0	0.0	0.0	0.0	0.0	0.0	0.0	0.0	0.0	0.0	0.0	0.0	0.0	0.0	0.0	0.0	0.0	0.0	0.0	0.0	0.0	0.0	0.0	0.0	0.0	0.0	0.0	0.0	0.0	0.0	0.0	0.0	0.0	0.0	0.0	0.0	0.0	0.0	0.0	0.0	0.0	0.0	0.0	0.0	0.0	0.0	0.0	0.0	1.0	0.0	0.0	0.0	0.0	0.0	0.0	0.0	0.0	0.0	0.0	0.0	0.0	0.0	0.0	0.0	0.0	0.0	0.0	0.0	0.0	0.0	0.0	0.0	0.0	0.0	0.0	0.0	0.0	0.0	0.0	0.0	0.0	0.0	0.0	0.0	0.0	0.0	0.0	0.0	0.0	0.0	0.0	0.0	0.0	0.0	0.0	0.0	0.0	0.0	0.0	0.0	0.0	0.0	0.0	0.0	0.0	0.0	0.0	0.0	0.0	0.0	0.0	0.0	0.0	0.0	0.0	0.0	0.0	0.0	0.0	0.0	0.0	0.0	0.0	0.0	0.0	0.0	0.0	0.0	0.0	0.0	0.0	0.0	0.0	0.0	0.0	0.0	0.0	0.0	0.0	0.0	0.0	0.0	0.0	0.0	0.0	0.0	0.0	0.0	0.0	0.0	0.0	0.0
2008.7512319756108	-57.11920611541223	4035081.511963534	3262.603707254945	2378.5131175420056	-7.356388039784633	54.1164449918864	5657324.650319391	2152.7216946145763	-38.32868061894942	1469.0877579894288	4634210.694464253	2156.973948515251	1107.2522195969868	1.621767	138.953552	5.008866209626972	2.6165973973296364	0.1501904694	-0.0942810203	-0.0093566649	0.0811608789	-0.022870133	0.1030018966	-0.0007206468	0.0144211311	0.1206663173	-0.0617254306	-0.0585890297	-0.0250923352	-0.0697520247	-0.0413513271	0.0277023748	0.0622024397	-0.0716079387	-0.0315439715	0.0785176937	0.0720215057	0.1053771919	-0.0402219228	-0.0373056149	-0.0562274813	0.1052828858	-0.0662488821	0.0474997749	0.0213525196	0.1689582491	0.0376079144	-0.0381121092	-0.0262257306	-0.0438829617	-0.1403988755	0.1172092604	-0.0344253505	-0.018884379	0.0617965233	0.0034665213	-0.02940553	-0.0780896766	0.0537167005	0.0078447526	-0.0264477464	-0.0645158866	0.0682433853	0.0203054443	-0.0813979594	0.0324269895	0.060390626	-0.0715501408	-0.2698726861604825	0.1103025434433107	0.0728312667354742	0.0121666510900634	0.448660821048108	0.7181683760335886	0.2012965323435624	0.515765816334722	3.837544574666495	1.1255485086199926	14.72674836255225	1.2668594452566897	0.0816881655770354	0.0482698722128245	0.0023299805634424	0.0066729563953411	0.0232153709899693	0.0123615411286588	0.0001528076990755	0.0005389534502019	-0.0067818287909425	-0.0004655222891182	2.1671100166594206e-07	4.599320174965661e-05	0.0	0.0	0.0	0.0	0.0	0.0	0.0	0.0	0.0	0.0	0.0	0.0	0.0	0.0	0.0	0.0	0.0	0.0	0.0	0.0	0.0	0.0	0.0	0.0	0.0	0.0	0.0	0.0	0.0	0.0	0.0	0.0	0.0	0.0	0.0	0.0	0.0	0.0	0.0	0.0	0.0	0.0	0.0	0.0	0.0	0.0	0.0	0.0	0.0	0.0	0.0	0.0	0.0	0.0	0.0	0.0	0.0	0.0	0.0	0.0	0.0	0.0	0.0	0.0	0.0	0.0	0.0	0.0	0.0	0.0	0.0	0.0	0.0	0.0	0.0	0.0	0.0	0.0	0.0	0.0	0.0	0.0	0.0	0.0	0.0	0.0	0.0	0.0	0.0	0.0	0.0	0.0	0.0	0.0	0.0	0.0	0.0	0.0	0.0	0.0	0.0	0.0	0.0	0.0	0.0	0.0	0.0	0.0	0.0	0.0	0.0	0.0	0.0	0.0	0.0	0.0	0.0	0.0	0.0	0.0	0.0	0.0	0.0	0.0	0.0	0.0	0.0	0.0	0.0	0.0	0.0	0.0	0.0	0.0	0.0	0.0	0.0	0.0	1.0	0.0	0.0	0.0	0.0	0.0	0.0	0.0	0.0	0.0	0.0	0.0	0.0	0.0	0.0	0.0	0.0	0.0	0.0	0.0	0.0	0.0	0.0	0.0	0.0	0.0	0.0	0.0	0.0	0.0	0.0	0.0	0.0	0.0	0.0	0.0	0.0	0.0	0.0	0.0	0.0	0.0	0.0	0.0	0.0	0.0	0.0	0.0	0.0	0.0	0.0	0.0	0.0	0.0	0.0	0.0	0.0	0.0	0.0	0.0	0.0	0.0	0.0	0.0	0.0	0.0	0.0	0.0	0.0	0.0	0.0	0.0	0.0	0.0	0.0	0.0	0.0	0.0	0.0	0.0	0.0	0.0	0.0	0.0	0.0	0.0	0.0	0.0	0.0	0.0	0.0	0.0	0.0	0.0	0.0	0.0	0.0	0.0	0.0	0.0	0.0	0.0	0.0
2037.9872479740784	29.236015998467565	4153392.0229049576	854.7446314626513	2426.993929510247	48.4808119682416	2350.3891290999977	5890299.533879591	2171.9099127728005	19.18821815822412	368.18771608760176	4717192.669200754	2179.837751541404	1391.2797176393328	1.464508	125.479523	2.7069865506832005	1.576055309231273	0.062829272	0.0108703167	-0.0561857073	-0.0105903672	-0.0344658727	-0.0044835274	-0.0684042112	-0.0716349605	0.0547717448	-0.0357278026	0.0113186289	-0.0075083613	-0.0334798782	-0.0049726428	0.0030561909	0.028616327	-0.0083155686	0.0082621066	0.0223033618	0.0063185143	0.0863668373	-0.0510637531	-0.0103896963	0.0278487905	0.0467887526	0.0517844917	0.1163793918	-0.0517013825	0.0576592756	-0.0233877253	-0.0143919222	0.1139142985	-0.0179039933	-0.0559633362	0.0481688414	0.0155680136	-0.0260421644	0.0586877173	-0.0059395158	0.0001045087	-0.1096383482	0.0241925835	-0.1113413709	-0.0272552159	-0.063453702	0.0696177779	0.0169759185	-0.0809511339	0.0370681691	0.0562039158	-0.0745906743	-0.2197421267149053	0.0501305594455771	0.0482866022531895	0.0025130729903265	0.3286555705236935	-0.1200052505244145	0.1080144840362544	0.0144012601534274	2.3032551070317666	-1.5342894676347285	5.304984088067915	2.3540441704948587	0.0672565107125851	-0.0144316548644503	0.0002082726621266	0.004523438233232	0.020876535850826	-0.0023388351391432	5.470149808091452e-06	0.0004358297491308	-0.0100625642489185	-0.003280735457976	1.0763225145220994e-05	0.0001012551992636	0.0	0.0	0.0	0.0	0.0	0.0	0.0	0.0	0.0	0.0	0.0	0.0	0.0	0.0	0.0	0.0	0.0	0.0	0.0	0.0	0.0	0.0	0.0	0.0	0.0	0.0	0.0	0.0	0.0	0.0	0.0	0.0	0.0	0.0	0.0	0.0	0.0	0.0	0.0	0.0	0.0	0.0	0.0	0.0	0.0	0.0	0.0	0.0	0.0	0.0	0.0	0.0	0.0	0.0	0.0	0.0	0.0	0.0	0.0	0.0	0.0	0.0	0.0	0.0	0.0	0.0	0.0	0.0	0.0	0.0	0.0	0.0	0.0	0.0	0.0	0.0	0.0	0.0	0.0	0.0	0.0	0.0	0.0	0.0	0.0	0.0	0.0	0.0	0.0	0.0	0.0	0.0	0.0	0.0	0.0	0.0	0.0	0.0	0.0	0.0	0.0	0.0	0.0	0.0	0.0	0.0	0.0	0.0	0.0	0.0	0.0	0.0	0.0	0.0	0.0	0.0	0.0	0.0	0.0	0.0	0.0	0.0	0.0	0.0	0.0	0.0	0.0	0.0	0.0	0.0	0.0	0.0	0.0	0.0	0.0	0.0	0.0	0.0	0.0	1.0	0.0	0.0	0.0	0.0	0.0	0.0	0.0	0.0	0.0	0.0	0.0	0.0	0.0	0.0	0.0	0.0	0.0	0.0	0.0	0.0	0.0	0.0	0.0	0.0	0.0	0.0	0.0	0.0	0.0	0.0	0.0	0.0	0.0	0.0	0.0	0.0	0.0	0.0	0.0	0.0	0.0	0.0	0.0	0.0	0.0	0.0	0.0	0.0	0.0	0.0	0.0	0.0	0.0	0.0	0.0	0.0	0.0	0.0	0.0	0.0	0.0	0.0	0.0	0.0	0.0	0.0	0.0	0.0	0.0	0.0	0.0	0.0	0.0	0.0	0.0	0.0	0.0	0.0	0.0	0.0	0.0	0.0	0.0	0.0	0.0	0.0	0.0	0.0	0.0	0.0	0.0	0.0	0.0	0.0	0.0	0.0	0.0	0.0	0.0	0.0	0.0
2051.975160798289	13.987912824210524	4210602.060533164	195.6617051777133	2372.5822900223407	-54.41163948790654	2960.6265117619105	5629146.722927654	2185.9185704770293	14.00865770422888	196.2424906742512	4778239.996756339	2183.802280439317	1710.0901785421706	1.276655	109.384186	2.7200735972279184	1.6723424663756896	-0.0187490734	0.0614678607	-0.0346056302	0.0230200548	-0.0116995427	-0.0058306205	0.0348957344	0.0829168095	-0.0305635516	-0.0047157633	-0.0028606413	0.0121634085	-0.0192849128	-0.0259042734	-0.0125075646	0.0132241464	-0.0208252833	0.0100429884	0.0070332519	-0.0242602194	0.0440819409	0.0619486772	-0.0352433441	-0.0179248517	-0.0187555079	0.0384845712	-0.009908748	0.038145765	0.0286119915	-0.0726101009	0.0248554951	-0.0130439331	0.0167481233	-0.0507077001	0.0550102572	0.0164355889	0.0326070517	-0.0031683032	0.0240913027	-0.0222155071	-0.0257597486	0.0035517575	-0.0242209335	-0.0280596966	-0.0623636846	0.0709234662	0.0136166111	-0.080282427	0.0415630576	0.0517153317	-0.0771080077	-0.3130140585385277	-0.0932719318236224	0.0979778008427608	0.0086996532661104	-0.1285690430500352	-0.4572246135737287	0.0165299988308018	0.2090543472576455	2.081009442856434	-0.2222456641753325	4.330600301257646	0.0493931352447346	0.034956580734552	-0.0322999299780331	0.0010432854765858	0.0012219625366512	0.0187200821075819	-0.0021564537432441	4.650292746751494e-06	0.0003504414741146	-0.005572320217091	0.0044902440318275	2.016229146536248e-05	3.105075260180109e-05	0.0	0.0	0.0	0.0	0.0	0.0	0.0	0.0	0.0	0.0	0.0	0.0	0.0	0.0	0.0	0.0	0.0	0.0	0.0	0.0	0.0	0.0	0.0	0.0	0.0	0.0	0.0	0.0	0.0	0.0	0.0	0.0	0.0	0.0	0.0	0.0	0.0	0.0	0.0	0.0	0.0	0.0	0.0	0.0	0.0	0.0	0.0	0.0	0.0	0.0	0.0	0.0	0.0	0.0	0.0	0.0	0.0	0.0	0.0	0.0	0.0	0.0	0.0	0.0	0.0	0.0	0.0	0.0	0.0	0.0	0.0	0.0	0.0	0.0	0.0	0.0	0.0	0.0	0.0	0.0	0.0	0.0	0.0	0.0	0.0	0.0	0.0	0.0	0.0	0.0	0.0	0.0	0.0	0.0	0.0	0.0	0.0	0.0	0.0	0.0	0.0	0.0	0.0	0.0	0.0	0.0	0.0	0.0	0.0	0.0	0.0	0.0	0.0	0.0	0.0	0.0	0.0	0.0	0.0	0.0	0.0	0.0	0.0	0.0	0.0	0.0	0.0	0.0	0.0	0.0	0.0	0.0	0.0	0.0	0.0	0.0	0.0	0.0	0.0	0.0	1.0	0.0	0.0	0.0	0.0	0.0	0.0	0.0	0.0	0.0	0.0	0.0	0.0	0.0	0.0	0.0	0.0	0.0	0.0	0.0	0.0	0.0	0.0	0.0	0.0	0.0	0.0	0.0	0.0	0.0	0.0	0.0	0.0	0.0	0.0	0.0	0.0	0.0	0.0	0.0	0.0	0.0	0.0	0.0	0.0	0.0	0.0	0.0	0.0	0.0	0.0	0.0	0.0	0.0	0.0	0.0	0.0	0.0	0.0	0.0	0.0	0.0	0.0	0.0	0.0	0.0	0.0	0.0	0.0	0.0	0.0	0.0	0.0	0.0	0.0	0.0	0.0	0.0	0.0	0.0	0.0	0.0	0.0	0.0	0.0	0.0	0.0	0.0	0.0	0.0	0.0	0.0	0.0	0.0	0.0	0.0	0.0	0.0	0.0	0.0	0.0
2057.8395641140487	5.864403315759773	4234703.671633098	34.391226249894224	2376.6887307363013	4.106440713960637	16.862855337273547	5648649.322808931	2190.1815407794456	4.262970302416306	18.172915799283373	4796895.181571026	2182.3639039361933	1631.034152541842	0.7280919999999999	62.383156	0.4990249795999674	0.2457545563777467	0.0009015127	0.057172766	-0.0173258129	0.0292568786	-0.0192815338	-0.0042008158	-0.00244986	-0.0024717541	-0.0480979204	0.0402906614	-0.0468699493	0.0167190175	-0.0217614231	-0.015665928	-0.0119712701	0.0259757834	-0.006759914	0.0204198292	-0.0263676095	-0.0614401873	0.0400103536	0.0023789853	0.003271467	0.0189881586	-0.0055620568	0.0706947418	0.0447950051	-0.0149026658	0.0150319233	-0.0257776385	-0.0025301213	-0.0247898766	0.0004050765	-0.0452062492	0.052666321	-0.0420997592	0.0475458057	0.0243134782	-0.0081071946	0.0011623274	-0.0413802335	0.0128990706	-0.0244309782	-0.0288611001	-0.0612463124	0.0721591615	0.0102334157	-0.0793936715	0.0458939156	0.0469489822	-0.0790844839	-0.325806036609805	-0.0127919780712772	0.1061495734913895	0.000163634702976	-0.1490739629043815	-0.0205049198543463	0.0222230464160169	0.0004204517382331	2.228571159799948	0.1475617169435139	4.9665294142920855	0.0217744603073177	0.0325798712386077	-0.0023767094959442	5.648748028111796e-06	0.0010614480099242	0.0169161347085176	-0.0018039473990642	3.2542262185908497e-06	0.0002861556134767	-0.003389649817483	0.002182670399608	4.764050073324948e-06	1.1489725885162536e-05	0.0	0.0	0.0	0.0	0.0	0.0	0.0	0.0	0.0	0.0	0.0	0.0	0.0	0.0	0.0	0.0	0.0	0.0	0.0	0.0	0.0	0.0	0.0	0.0	0.0	0.0	0.0	0.0	0.0	0.0	0.0	0.0	0.0	0.0	0.0	0.0	0.0	0.0	0.0	0.0	0.0	0.0	0.0	0.0	0.0	0.0	0.0	0.0	0.0	0.0	0.0	0.0	0.0	0.0	0.0	0.0	0.0	0.0	0.0	0.0	0.0	0.0	0.0	0.0	0.0	0.0	0.0	0.0	0.0	0.0	0.0	0.0	0.0	0.0	0.0	0.0	0.0	0.0	0.0	0.0	0.0	0.0	0.0	0.0	0.0	0.0	0.0	0.0	0.0	0.0	0.0	0.0	0.0	0.0	0.0	0.0	0.0	0.0	0.0	0.0	0.0	0.0	0.0	0.0	0.0	0.0	0.0	0.0	0.0	0.0	0.0	0.0	0.0	0.0	0.0	0.0	0.0	0.0	0.0	0.0	0.0	0.0	0.0	0.0	0.0	0.0	0.0	0.0	0.0	0.0	0.0	0.0	0.0	0.0	0.0	0.0	0.0	0.0	0.0	0.0	0.0	0.0	0.0	0.0	0.0	0.0	0.0	0.0	0.0	0.0	0.0	0.0	0.0	0.0	0.0	0.0	0.0	0.0	0.0	0.0	0.0	0.0	0.0	0.0	0.0	0.0	0.0	0.0	0.0	0.0	0.0	0.0	0.0	0.0	0.0	0.0	0.0	0.0	0.0	0.0	0.0	0.0	0.0	0.0	0.0	0.0	0.0	0.0	0.0	0.0	0.0	0.0	0.0	0.0	0.0	0.0	0.0	0.0	0.0	0.0	0.0	0.0	0.0	0.0	0.0	0.0	0.0	0.0	0.0	0.0	0.0	0.0	0.0	0.0	0.0	0.0	0.0	0.0	0.0	0.0	0.0	0.0	0.0	0.0	0.0	0.0	0.0	0.0	0.0	0.0	0.0	0.0	0.0	0.0	0.0	0.0	0.0	0.0	0.0	0.0	0.0
2079.212470612796	21.3729064987474	4323124.497951767	456.8011322041987	2378.527991307925	1.8392605716235264	3.382879450328902	5657395.405435312	2193.7793559198794	3.597815140433795	12.944273784734648	4812667.862460241	2187.2524645868493	1798.077802081298	0.704745	60.382763	0.7393059040060098	0.4044510841238576	-0.0459572019	0.0437870733	-0.0286718733	0.0357285941	-0.0265288014	-0.0046245654	0.0442744709	0.0417974119	-0.0342108867	-0.0112015891	-0.0190790774	0.0192442375	-0.016703218	-0.0214652981	-0.015903661	0.0177643927	-0.0138923393	0.0042595009	-0.0257674026	-0.0379468144	0.0289759126	0.0734510892	-0.0272502042	0.0153396959	-0.0321354492	0.0514027516	0.0050559987	0.0494059267	0.024819382	-0.0483460253	0.0085986719	-0.0193794181	0.0157860916	-0.0183626045	0.0451164464	0.0093219673	0.0050734569	0.0033457906	-0.0197130072	-0.0086125292	-0.0182518802	0.0064159661	0.0232278686	-0.0296593388	-0.0601020755	0.0733236445	0.0068322673	-0.0782873035	0.0500436514	0.0419304676	-0.0805062393	-0.3074354376232691	0.0183705989865359	0.0945165483066109	0.0003374789071241	-0.1717502108571693	-0.0226762479527878	0.0294981349294821	0.0005142122212163	1.8189677185883968	-0.4096034412115512	3.308643561266677	0.1677749790523447	0.0286199135889261	-0.0039599576496816	1.5681264587271822e-05	0.0008190994538375	0.0182521193201972	0.0013359846116795	1.7848548826446855e-06	0.0003331398596787	-0.0029124797617415	0.0004771700557414	2.2769126209634602e-07	8.482538362553825e-06	0.0	0.0	0.0	0.0	0.0	0.0	0.0	0.0	0.0	0.0	0.0	0.0	0.0	0.0	0.0	0.0	0.0	0.0	0.0	0.0	0.0	0.0	0.0	0.0	0.0	0.0	0.0	0.0	0.0	0.0	0.0	0.0	0.0	0.0	0.0	0.0	0.0	0.0	0.0	0.0	0.0	0.0	0.0	0.0	0.0	0.0	0.0	0.0	0.0	0.0	0.0	0.0	0.0	0.0	0.0	0.0	0.0	0.0	0.0	0.0	0.0	0.0	0.0	0.0	0.0	0.0	0.0	0.0	0.0	0.0	0.0	0.0	0.0	0.0	0.0	0.0	0.0	0.0	0.0	0.0	0.0	0.0	0.0	0.0	0.0	0.0	0.0	0.0	0.0	0.0	0.0	0.0	0.0	0.0	0.0	0.0	0.0	0.0	0.0	0.0	0.0	0.0	0.0	0.0	0.0	0.0	0.0	0.0	0.0	0.0	0.0	0.0	0.0	0.0	0.0	0.0	0.0	0.0	0.0	0.0	0.0	0.0	0.0	0.0	0.0	0.0	0.0	0.0	0.0	0.0	0.0	0.0	0.0	0.0	0.0	0.0	0.0	0.0	0.0	0.0	0.0	1.0	0.0	0.0	0.0	0.0	0.0	0.0	0.0	0.0	0.0	0.0	0.0	0.0	0.0	0.0	0.0	0.0	0.0	0.0	0.0	0.0	0.0	0.0	0.0	0.0	0.0	0.0	0.0	0.0	0.0	0.0	0.0	0.0	0.0	0.0	0.0	0.0	0.0	0.0	0.0	0.0	0.0	0.0	0.0	0.0	0.0	0.0	0.0	0.0	0.0	0.0	0.0	0.0	0.0	0.0	0.0	0.0	0.0	0.0	0.0	0.0	0.0	0.0	0.0	0.0	0.0	0.0	0.0	0.0	0.0	0.0	0.0	0.0	0.0	0.0	0.0	0.0	0.0	0.0	0.0	0.0	0.0	0.0	0.0	0.0	0.0	0.0	0.0	0.0	0.0	0.0	0.0	0.0	0.0	0.0	0.0	0.0	0.0	0.0	0.0
2074.97404458693	-4.23842602586592	4305517.285709444	17.964255176737574	2403.3728416129334	24.84485030500855	617.2665866782834	5776201.0158026265	2191.5275394605555	-2.2518164593238907	5.070677366481983	4802792.956214037	2196.617380813439	1711.9557484971135	0.669385	57.353146	1.356558755438479	0.8593097659877346	-0.0093444291	0.0631973592	0.000501727	0.0374126888	-0.0380164882	0.0025287361	-0.0406771398	-0.0508717284	-0.0527170785	0.0701970124	-0.0676887923	0.0153461738	-0.005291135	-0.003870844	-0.017536369	0.0090578339	-0.0009747369	0.0010317805	-0.0125187831	-0.054514439	0.0302050414	0.0293699799	-0.0104637263	0.0290457134	-0.0105351802	0.0421283103	0.005966566	0.0064806864	0.0517937932	-0.0179124085	0.0072759389	-0.031636224	-0.0008234959	-0.0315743547	0.0495504536	-0.001928285	-0.00371423	0.0590306079	-0.0013645234	-0.0392267571	-0.0229632707	0.016624667	-0.002366534	-0.0304543249	-0.0589314758	0.0744157659	0.0034191328	-0.0769663555	0.0539958877	0.0366867426	-0.0813633012	-0.3248271124678581	-0.017391674844589	0.1055126529942065	0.0003024703538999	-0.3458989552211875	-0.1741487443640182	0.119646087223109	0.0303277851635641	2.4586240081070088	0.639656289518612	6.044832013240173	0.4091601687207183	0.0221522454471778	-0.0064676681417483	4.183073119178591e-05	0.000490721978352	0.0217506578990982	0.0034985385789009	1.2239772188058622e-05	0.0004730911190436	-0.0023714455481656	0.0005410342135759	2.927180202596928e-07	5.623753987914443e-06	0.0	0.0	0.0	0.0	0.0	0.0	0.0	0.0	0.0	0.0	0.0	0.0	0.0	0.0	0.0	0.0	0.0	0.0	0.0	0.0	0.0	0.0	0.0	0.0	0.0	0.0	0.0	0.0	0.0	0.0	0.0	0.0	0.0	0.0	0.0	0.0	0.0	0.0	0.0	0.0	0.0	0.0	0.0	0.0	0.0	0.0	0.0	0.0	0.0	0.0	0.0	0.0	0.0	0.0	0.0	0.0	0.0	0.0	0.0	0.0	0.0	0.0	0.0	0.0	0.0	0.0	0.0	0.0	0.0	0.0	0.0	0.0	0.0	0.0	0.0	0.0	0.0	0.0	0.0	0.0	0.0	0.0	0.0	0.0	0.0	0.0	0.0	0.0	0.0	0.0	0.0	0.0	0.0	0.0	0.0	0.0	0.0	0.0	0.0	0.0	0.0	0.0	0.0	0.0	0.0	0.0	0.0	0.0	0.0	0.0	0.0	0.0	0.0	0.0	0.0	0.0	0.0	0.0	0.0	0.0	0.0	0.0	0.0	0.0	0.0	0.0	0.0	0.0	0.0	0.0	0.0	0.0	0.0	0.0	0.0	0.0	0.0	0.0	0.0	0.0	0.0	0.0	1.0	0.0	0.0	0.0	0.0	0.0	0.0	0.0	0.0	0.0	0.0	0.0	0.0	0.0	0.0	0.0	0.0	0.0	0.0	0.0	0.0	0.0	0.0	0.0	0.0	0.0	0.0	0.0	0.0	0.0	0.0	0.0	0.0	0.0	0.0	0.0	0.0	0.0	0.0	0.0	0.0	0.0	0.0	0.0	0.0	0.0	0.0	0.0	0.0	0.0	0.0	0.0	0.0	0.0	0.0	0.0	0.0	0.0	0.0	0.0	0.0	0.0	0.0	0.0	0.0	0.0	0.0	0.0	0.0	0.0	0.0	0.0	0.0	0.0	0.0	0.0	0.0	0.0	0.0	0.0	0.0	0.0	0.0	0.0	0.0	0.0	0.0	0.0	0.0	0.0	0.0	0.0	0.0	0.0	0.0	0.0	0.0	0.0	0.0
2051.426720510705	-23.547324076225323	4208351.5896253055	554.4764711507808	2358.5806015223675	-44.79224009056588	2006.3447723308973	5562902.453877613	2194.3985665362816	2.871027075726033	8.242796469551978	4815385.068816488	2185.818140116303	1640.6142353899163	0.542253	46.460449	0.3306738029988793	0.1513640741849935	-0.0024435863	0.0585882554	0.0190124811	0.0161907822	-0.0063993281	0.0077037559	0.0017610395	-0.0260304976	-0.064952465	-0.0099024712	0.0263810295	0.019117043	-0.0068568294	0.0027376232	-0.0144320086	0.0094324676	0.0053677026	0.0004042326	-0.0294302419	-0.0508099036	0.0101746607	0.0360591759	0.0009707123	0.0149843383	-0.0101945965	0.0324632489	-0.0002629659	0.0136741162	0.0234776608	-0.0349075756	-0.0172581687	-0.0429346813	-0.0102391536	-0.0383695829	0.0673200401	0.0253633181	0.0213269819	0.0323284249	-0.0195900127	-0.0033855062	-0.0305415351	0.0337765617	0.0187139904	-0.0312459714	-0.0577350269	0.0754344479	0.0	-0.0754344479	0.0577350269	0.0312459714	-0.0816496581	-0.2662819483809358	0.0585451640869223	0.0709060760335473	0.0034275362379646	-0.314768648330741	0.0311303068904465	0.0990793019719616	0.0009690960070933	2.499326749681764	0.0407027415747554	6.246634201674812	0.0016567131717013	0.0213124971837667	-0.000839748263411	7.051771459019578e-07	0.000454222536208	0.0192624210629881	-0.00248823683611	6.191322552575196e-06	0.0003710408652078	-0.0030493722575795	-0.0006779267094139	4.595846233367586e-07	9.298671165295497e-06	0.0	0.0	0.0	0.0	0.0	0.0	0.0	0.0	0.0	0.0	0.0	0.0	0.0	0.0	0.0	0.0	0.0	0.0	0.0	0.0	0.0	0.0	0.0	0.0	0.0	0.0	0.0	0.0	0.0	0.0	0.0	0.0	0.0	0.0	0.0	0.0	0.0	0.0	0.0	0.0	0.0	0.0	0.0	0.0	0.0	0.0	0.0	0.0	0.0	0.0	0.0	0.0	0.0	0.0	0.0	0.0	0.0	0.0	0.0	0.0	0.0	0.0	0.0	0.0	0.0	0.0	0.0	0.0	0.0	0.0	0.0	0.0	0.0	0.0	0.0	0.0	0.0	0.0	0.0	0.0	0.0	0.0	0.0	0.0	0.0	0.0	0.0	0.0	0.0	0.0	0.0	0.0	0.0	0.0	0.0	0.0	0.0	0.0	0.0	0.0	0.0	0.0	0.0	0.0	0.0	0.0	0.0	0.0	0.0	0.0	0.0	0.0	0.0	0.0	0.0	0.0	0.0	0.0	0.0	0.0	0.0	0.0	0.0	0.0	0.0	0.0	0.0	0.0	0.0	0.0	0.0	0.0	0.0	0.0	0.0	0.0	0.0	0.0	0.0	0.0	0.0	0.0	0.0	0.0	0.0	0.0	0.0	0.0	0.0	0.0	0.0	0.0	0.0	0.0	0.0	0.0	0.0	0.0	0.0	0.0	0.0	0.0	0.0	0.0	0.0	0.0	0.0	0.0	0.0	0.0	0.0	0.0	0.0	0.0	0.0	0.0	0.0	0.0	0.0	0.0	0.0	0.0	0.0	0.0	0.0	0.0	0.0	0.0	0.0	0.0	0.0	0.0	0.0	0.0	0.0	0.0	0.0	0.0	0.0	0.0	0.0	0.0	0.0	0.0	0.0	0.0	0.0	0.0	0.0	0.0	0.0	0.0	0.0	0.0	0.0	0.0	0.0	0.0	0.0	0.0	0.0	0.0	0.0	0.0	0.0	0.0	0.0	0.0	0.0	0.0	0.0	0.0	0.0	0.0	0.0	0.0	0.0	0.0	0.0	0.0	0.0
2065.3681258624893	13.941405351784397	4265745.495328731	194.36278318276263	2367.430986378291	8.850384855923494	78.32931209795993	5604729.475264087	2191.7618955529256	-2.636670983355998	6.952033874471486	4803820.206797753	2187.044320668077	1682.8007158060543	0.55504	47.55603	0.3491365082418108	0.2337105642937601	-0.0080978095	0.0587217035	-0.0103352944	0.0253513642	-0.0170101821	0.0078530121	-0.0179738314	-0.0431456298	-0.0541955497	0.0253799095	-0.079036505	0.0177219289	-0.0045747229	-0.0107737669	-0.0149820844	0.01400736	-0.0005324778	0.0140239193	-0.0425444362	-0.0616795128	0.0264074859	0.0215789038	-0.0086041978	0.0142144349	-0.0094071356	0.0617155083	0.000231614	0.0077550357	0.0049251966	-0.0085437004	0.0209057374	-0.0484594467	0.0254188968	-0.0050604757	0.000820253	-0.0319404815	0.0115417241	0.0350377875	-0.0222368482	-0.0197465598	0.0137099771	-0.0241106156	0.0301703393	-0.0320341914	-0.0565132535	0.0763786853	-0.0034191328	-0.0736957799	0.0612463124	0.0256373767	-0.0813633012	-0.2891353359053283	-0.0228533875243925	0.083599242469087	0.00052227732134	-0.3071718427598853	0.0075968055708556	0.0943545409845037	5.77114548813839e-05	2.3029684483334165	-0.1963583013483476	5.303663674019224	0.0385565825084085	0.022966832109256	0.0016543349254893	2.7368240456936883e-06	0.0005274753771347	0.0189607944758221	-0.0003016265871659	9.097859808540809e-08	0.0003595117271543	-0.0025587734942705	0.000490598763309	2.406871465603205e-07	6.547321794981264e-06	0.0	0.0	0.0	0.0	0.0	0.0	0.0	0.0	0.0	0.0	0.0	0.0	0.0	0.0	0.0	0.0	0.0	0.0	0.0	0.0	0.0	0.0	0.0	0.0	0.0	0.0	0.0	0.0	0.0	0.0	0.0	0.0	0.0	0.0	0.0	0.0	0.0	0.0	0.0	0.0	0.0	0.0	0.0	0.0	0.0	0.0	0.0	0.0	0.0	0.0	0.0	0.0	0.0	0.0	0.0	0.0	0.0	0.0	0.0	0.0	0.0	0.0	0.0	0.0	0.0	0.0	0.0	0.0	0.0	0.0	0.0	0.0	0.0	0.0	0.0	0.0	0.0	0.0	0.0	0.0	0.0	0.0	0.0	0.0	0.0	0.0	0.0	0.0	0.0	0.0	0.0	0.0	0.0	0.0	0.0	0.0	0.0	0.0	0.0	0.0	0.0	0.0	0.0	0.0	0.0	0.0	0.0	0.0	0.0	0.0	0.0	0.0	0.0	0.0	0.0	0.0	0.0	0.0	0.0	0.0	0.0	0.0	0.0	0.0	0.0	0.0	0.0	0.0	0.0	0.0	0.0	0.0	0.0	0.0	0.0	0.0	0.0	0.0	0.0	0.0	0.0	0.0	0.0	0.0	0.0	0.0	0.0	0.0	0.0	0.0	0.0	0.0	0.0	0.0	0.0	0.0	0.0	0.0	0.0	0.0	0.0	0.0	0.0	0.0	0.0	0.0	0.0	0.0	0.0	0.0	0.0	0.0	0.0	0.0	0.0	0.0	0.0	0.0	0.0	0.0	0.0	0.0	0.0	0.0	0.0	0.0	0.0	0.0	0.0	0.0	0.0	0.0	0.0	0.0	0.0	0.0	0.0	0.0	0.0	0.0	0.0	0.0	0.0	0.0	0.0	0.0	0.0	0.0	0.0	0.0	0.0	0.0	0.0	0.0	0.0	0.0	0.0	0.0	0.0	0.0	0.0	0.0	0.0	0.0	0.0	0.0	0.0	0.0	0.0	0.0	0.0	0.0	0.0	0.0	0.0	0.0	0.0	0.0	0.0	0.0	0.0
2060.0734918653634	-5.294633997125857	4243902.791886351	28.033149163520925	2364.101710489352	-3.3292758889388097	11.084077944669302	5588976.897538681	2181.013511657715	-10.748383895210736	115.52775635882551	4756819.938033517	2178.858308479761	1683.6476624158563	0.514389	44.07299	0.3408997050535291	0.1806559665478122	-0.0102805423	0.0646860588	-0.002519794	0.0226149531	-0.0173403333	0.0202368884	-0.0106954277	-0.0241067671	-0.0348933498	0.0028683796	-0.0489801113	0.0065144816	-0.0119332571	-0.0055572727	-0.0061075225	0.0157345401	-0.0051370388	0.0024444757	-0.0360723849	-0.0509190139	0.02205923	0.0261132116	0.0015443104	-0.0027726945	0.0026160287	0.0602243694	-0.0067482005	0.0475950488	-0.0038752534	-0.0356956322	0.019616875	-0.0781588386	0.0176882069	-0.0185764093	-0.0164464973	-0.0125231338	0.0296847319	0.0190642235	-0.0335656705	-0.0012916968	0.0272222913	-0.0056718455	0.0239189636	-0.0328188985	-0.0552666915	0.0772475461	-0.0068322673	-0.0717551168	0.0645158866	0.0198910824	-0.0805062393	-0.2504048867731114	0.0387304491322169	0.0627026073198547	0.0015000476899832	-0.3157346300368147	-0.0085627872769293	0.0996883566044842	7.332132594994374e-05	2.2577068335440487	-0.0452616147893678	5.097240146231495	0.0020486137733411	0.0252925685706346	0.0023257364613786	5.409050087785854e-06	0.0006397140249002	0.017557772031264	-0.001403022444558	1.968471979933784e-06	0.0003082753587018	-0.0037969116654341	-0.0012381381711636	1.532986130892344e-06	1.4416538195109547e-05	0.0	0.0	0.0	0.0	0.0	0.0	0.0	0.0	0.0	0.0	0.0	0.0	0.0	0.0	0.0	0.0	0.0	0.0	0.0	0.0	0.0	0.0	0.0	0.0	0.0	0.0	0.0	0.0	0.0	0.0	0.0	0.0	0.0	0.0	0.0	0.0	0.0	0.0	0.0	0.0	0.0	0.0	0.0	0.0	0.0	0.0	0.0	0.0	0.0	0.0	0.0	0.0	0.0	0.0	0.0	0.0	0.0	0.0	0.0	0.0	0.0	0.0	0.0	0.0	0.0	0.0	0.0	0.0	0.0	0.0	0.0	0.0	0.0	0.0	0.0	0.0	0.0	0.0	0.0	0.0	0.0	0.0	0.0	0.0	0.0	0.0	0.0	0.0	0.0	0.0	0.0	0.0	0.0	0.0	0.0	0.0	0.0	0.0	0.0	0.0	0.0	0.0	0.0	0.0	0.0	0.0	0.0	0.0	0.0	0.0	0.0	0.0	0.0	0.0	0.0	0.0	0.0	0.0	0.0	0.0	0.0	0.0	0.0	0.0	0.0	0.0	0.0	0.0	0.0	0.0	0.0	0.0	0.0	0.0	0.0	0.0	0.0	0.0	0.0	0.0	0.0	0.0	0.0	0.0	0.0	0.0	0.0	0.0	0.0	0.0	0.0	0.0	0.0	0.0	0.0	0.0	0.0	0.0	0.0	0.0	0.0	0.0	0.0	0.0	0.0	0.0	0.0	0.0	0.0	0.0	0.0	0.0	0.0	0.0	0.0	0.0	0.0	0.0	0.0	0.0	0.0	0.0	0.0	0.0	0.0	0.0	0.0	0.0	0.0	0.0	0.0	0.0	0.0	0.0	0.0	0.0	0.0	0.0	0.0	0.0	0.0	0.0	0.0	0.0	0.0	0.0	0.0	0.0	0.0	0.0	0.0	0.0	0.0	0.0	0.0	0.0	0.0	0.0	0.0	0.0	0.0	0.0	0.0	0.0	0.0	0.0	0.0	0.0	0.0	0.0	0.0	0.0	0.0	0.0	0.0	0.0	0.0	0.0	0.0	0.0	0.0
2084.175819120814	24.102327255450746	4343788.845007917	580.9221791288438	2424.338922788019	60.23721229866669	3628.5217455146417	5877419.212544972	2198.1486189469047	17.13510728918982	293.611901812046	4831857.3509781845	2198.5708424637955	1783.8088288128515	0.895803	76.752663	2.1273102464475784	1.1862662133268942	-0.0398292262	0.0165000223	-0.075259936	0.0185948134	-0.058255401	-0.0257399031	0.0243550809	0.0582932264	0.1021531874	-0.0466564355	0.0393785541	0.0219543943	-0.0249198402	-0.0222434769	-0.0249819524	0.0264658038	-0.0058009425	0.0239387449	-0.0070712024	-0.0463875584	0.0497280997	0.0282588409	0.0033177105	0.0018842307	-0.0183447974	0.0521251331	0.0601521916	-0.0277125157	-0.0152479269	-0.0238724711	-0.0235491511	0.0043502121	-0.0014841591	-0.0153503251	0.0083168168	-0.0766759422	0.0533114261	-0.011467229	-0.0396760725	0.0040389443	-0.0275879195	-0.0232651862	-0.061785559	-0.0336000067	-0.0539958877	0.0780401729	-0.0102334157	-0.0696177779	0.0675308461	0.0140379523	-0.0790844839	-0.2014381890487868	0.0489666977243246	0.0405773440072547	0.0023977374860253	0.1766604756566892	0.4923951056935038	0.0312089236592476	0.2424529401109168	1.3746125475734985	-0.8830942859705502	1.8895596559465035	0.7798555179138359	0.0361179706726692	0.0108254021020345	0.0001171893306707	0.0013045078055117	0.0186020502516093	0.0010442782203453	1.0905170014875474e-06	0.0003460362735633	-0.00160950884663	0.0021874028188041	4.784731091712121e-06	2.590518727380233e-06	0.0	0.0	0.0	0.0	0.0	0.0	0.0	0.0	0.0	0.0	0.0	0.0	0.0	0.0	0.0	0.0	0.0	0.0	0.0	0.0	0.0	0.0	0.0	0.0	0.0	0.0	0.0	0.0	0.0	0.0	0.0	0.0	0.0	0.0	0.0	0.0	0.0	0.0	0.0	0.0	0.0	0.0	0.0	0.0	0.0	0.0	0.0	0.0	0.0	0.0	0.0	0.0	0.0	0.0	0.0	0.0	0.0	0.0	0.0	0.0	0.0	0.0	0.0	0.0	0.0	0.0	0.0	0.0	0.0	0.0	0.0	0.0	0.0	0.0	0.0	0.0	0.0	0.0	0.0	0.0	0.0	0.0	0.0	0.0	0.0	0.0	0.0	0.0	0.0	0.0	0.0	0.0	0.0	0.0	0.0	0.0	0.0	0.0	0.0	0.0	0.0	0.0	0.0	0.0	0.0	0.0	0.0	0.0	0.0	0.0	0.0	0.0	0.0	0.0	0.0	0.0	0.0	0.0	0.0	0.0	0.0	0.0	0.0	0.0	0.0	0.0	0.0	0.0	0.0	0.0	0.0	0.0	0.0	0.0	0.0	0.0	0.0	0.0	0.0	0.0	0.0	0.0	0.0	1.0	0.0	0.0	0.0	0.0	0.0	0.0	0.0	0.0	0.0	0.0	0.0	0.0	0.0	0.0	0.0	0.0	0.0	0.0	0.0	0.0	0.0	0.0	0.0	0.0	0.0	0.0	0.0	0.0	0.0	0.0	0.0	0.0	0.0	0.0	0.0	0.0	0.0	0.0	0.0	0.0	0.0	0.0	0.0	0.0	0.0	0.0	0.0	0.0	0.0	0.0	0.0	0.0	0.0	0.0	0.0	0.0	0.0	0.0	0.0	0.0	0.0	0.0	0.0	0.0	0.0	0.0	0.0	0.0	0.0	0.0	0.0	0.0	0.0	0.0	0.0	0.0	0.0	0.0	0.0	0.0	0.0	0.0	0.0	0.0	0.0	0.0	0.0	0.0	0.0	0.0	0.0	0.0	0.0	0.0	0.0	0.0	0.0
2048.75159945179	-35.424219669024296	4197383.116256267	1254.875339159288	2375.8337845475708	-48.505138240448105	2352.748435724981	5644586.171797633	2178.0991502844768	-20.0494686624279	401.98119364567833	4744115.90846996	2170.5896495858965	1606.6506137021531	0.914543	78.358345	2.0530492226950163	0.8913755230399488	0.0165939278	0.0407149017	-0.0366376594	-0.0120099316	-0.0230331284	0.0169889111	-0.011273516	-0.0119166037	0.0179925326	-0.0535542683	-0.0350916748	0.0038880934	-0.0323248109	-0.0122863653	0.0005664485	0.034693108	-0.0132178777	0.0007971771	-0.0099795515	-0.0096680783	0.0653099116	0.0090903903	-0.0474190198	-0.0389062422	0.0171261469	0.0442428439	0.0181313376	-0.0266309708	0.0698047938	-0.0480773094	-0.0021702621	0.0230218463	0.0047983811	-0.0526868044	-0.007403831	0.0093767702	0.0499873489	0.0038758971	-0.0011407664	-0.0267449	-0.0628469676	0.009376328	-0.0109012851	-0.0343774302	-0.0527013995	0.0787557834	-0.0136166111	-0.0672896215	0.0702792922	0.0081094236	-0.0771080077	-0.562315660058843	-0.3608774710100562	0.3161989015474123	0.1302325490826139	-0.0353491999593131	-0.2120096756160022	0.0012495659377635	0.0449481025548025	2.022187798788316	0.6475752512148176	4.089243493568335	0.4193537059859341	0.0439117012401787	0.0077937305675095	6.0742236158932005e-05	0.0019282375058067	0.0231008761974313	0.0044988259458219	2.02394348908012e-05	0.000533650481089	-0.0059686888303813	-0.0043591799837513	1.9002450130737987e-05	3.562524635391849e-05	0.0	0.0	0.0	0.0	0.0	0.0	0.0	0.0	0.0	0.0	0.0	0.0	0.0	0.0	0.0	0.0	0.0	0.0	0.0	0.0	0.0	0.0	0.0	0.0	0.0	0.0	0.0	0.0	0.0	0.0	0.0	0.0	0.0	0.0	0.0	0.0	0.0	0.0	0.0	0.0	0.0	0.0	0.0	0.0	0.0	0.0	0.0	0.0	0.0	0.0	0.0	0.0	0.0	0.0	0.0	0.0	0.0	0.0	0.0	0.0	0.0	0.0	0.0	0.0	0.0	0.0	0.0	0.0	0.0	0.0	0.0	0.0	0.0	0.0	0.0	0.0	0.0	0.0	0.0	0.0	0.0	0.0	0.0	0.0	0.0	0.0	0.0	0.0	0.0	0.0	0.0	0.0	0.0	0.0	0.0	0.0	0.0	0.0	0.0	0.0	0.0	0.0	0.0	0.0	0.0	0.0	0.0	0.0	0.0	0.0	0.0	0.0	0.0	0.0	0.0	0.0	0.0	0.0	0.0	0.0	0.0	0.0	0.0	0.0	0.0	0.0	0.0	0.0	0.0	0.0	0.0	0.0	0.0	0.0	0.0	0.0	0.0	0.0	0.0	0.0	0.0	0.0	0.0	0.0	1.0	0.0	0.0	0.0	0.0	0.0	0.0	0.0	0.0	0.0	0.0	0.0	0.0	0.0	0.0	0.0	0.0	0.0	0.0	0.0	0.0	0.0	0.0	0.0	0.0	0.0	0.0	0.0	0.0	0.0	0.0	0.0	0.0	0.0	0.0	0.0	0.0	0.0	0.0	0.0	0.0	0.0	0.0	0.0	0.0	0.0	0.0	0.0	0.0	0.0	0.0	0.0	0.0	0.0	0.0	0.0	0.0	0.0	0.0	0.0	0.0	0.0	0.0	0.0	0.0	0.0	0.0	0.0	0.0	0.0	0.0	0.0	0.0	0.0	0.0	0.0	0.0	0.0	0.0	0.0	0.0	0.0	0.0	0.0	0.0	0.0	0.0	0.0	0.0	0.0	0.0	0.0	0.0	0.0	0.0	0.0	0.0
2094.1734914286426	45.42189197685275	4385562.612202431	2063.1482707568803	2387.4655055215912	11.631720974020482	135.296932817468	5699991.540055467	2223.3915906159773	45.29244033150053	2051.405151182536	4943470.165221846	2220.817252873544	1885.409245613308	1.142439	97.884537	2.714100681319737	1.3784794506032854	-0.0645888058	0.0282842695	0.0070965057	0.0520232517	-0.0274371109	-0.0040794793	0.070130223	0.0198184602	-0.0072636094	-0.0247439081	0.0308183238	0.0390999725	0.0039049139	0.0192660349	-0.0413487208	0.0017799598	0.0249347673	0.0143379985	-0.0031211643	-0.0681943209	-0.0006606248	0.0055443028	0.0740741531	0.0346481248	-0.0224891942	0.0366130197	0.0315739563	0.0457149384	-0.0381003695	0.0176565486	0.017322384	-0.0199083244	-0.0139179907	0.0460510981	-0.0453489964	0.0350264511	0.0083789397	-0.0101346692	-0.0021919732	0.0468252737	0.018367204	-0.0127394599	-0.0279018071	-0.0351510839	-0.0513837948	0.0793936715	-0.0169759185	-0.064777029	0.0727503781	0.0021373389	-0.0745906743	-0.2848369214812152	0.2774787385776278	0.0811320718388959	0.0769944503626315	-0.0723344691996317	-0.0369852692403186	0.0052322754343924	0.0013679101407788	1.6451378079921355	-0.3770499907961806	2.7064784072851684	0.1421666955593999	0.0214801035928594	-0.0224315976473193	0.0005031765730112	0.0004613948503599	0.0139341496924909	-0.0091667265049404	8.402887481637685e-05	0.0001941605276527	-0.0148220983322338	-0.0088534095018525	7.838285980749214e-05	0.0002196945989704	0.0	0.0	0.0	0.0	0.0	0.0	0.0	0.0	0.0	0.0	0.0	0.0	0.0	0.0	0.0	0.0	0.0	0.0	0.0	0.0	0.0	0.0	0.0	0.0	0.0	0.0	0.0	0.0	0.0	0.0	0.0	0.0	0.0	0.0	0.0	0.0	0.0	0.0	0.0	0.0	0.0	0.0	0.0	0.0	0.0	0.0	0.0	0.0	0.0	0.0	0.0	0.0	0.0	0.0	0.0	0.0	0.0	0.0	0.0	0.0	0.0	0.0	0.0	0.0	0.0	0.0	0.0	0.0	0.0	0.0	0.0	0.0	0.0	0.0	0.0	0.0	0.0	0.0	0.0	0.0	0.0	0.0	0.0	0.0	0.0	0.0	0.0	0.0	0.0	0.0	0.0	0.0	0.0	0.0	0.0	0.0	0.0	0.0	0.0	0.0	0.0	0.0	0.0	0.0	0.0	0.0	0.0	0.0	0.0	0.0	0.0	0.0	0.0	0.0	0.0	0.0	0.0	0.0	0.0	0.0	0.0	0.0	0.0	0.0	0.0	0.0	0.0	0.0	0.0	0.0	0.0	0.0	0.0	0.0	0.0	0.0	0.0	0.0	0.0	0.0	0.0	0.0	0.0	0.0	0.0	1.0	0.0	0.0	0.0	0.0	0.0	0.0	0.0	0.0	0.0	0.0	0.0	0.0	0.0	0.0	0.0	0.0	0.0	0.0	0.0	0.0	0.0	0.0	0.0	0.0	0.0	0.0	0.0	0.0	0.0	0.0	0.0	0.0	0.0	0.0	0.0	0.0	0.0	0.0	0.0	0.0	0.0	0.0	0.0	0.0	0.0	0.0	0.0	0.0	0.0	0.0	0.0	0.0	0.0	0.0	0.0	0.0	0.0	0.0	0.0	0.0	0.0	0.0	0.0	0.0	0.0	0.0	0.0	0.0	0.0	0.0	0.0	0.0	0.0	0.0	0.0	0.0	0.0	0.0	0.0	0.0	0.0	0.0	0.0	0.0	0.0	0.0	0.0	0.0	0.0	0.0	0.0	0.0	0.0	0.0	0.0
2071.2418451116805	-22.931646316962087	4290042.780941639	525.8604028062408	2370.5765631688782	-16.888942352713002	285.236373793263	5619633.2418455705	2194.9041389797044	-28.487451636272908	811.534900728988	4817604.179310237	2195.8612688975054	1874.7333287422216	0.94997	81.393715	0.7489391861168981	0.3620339645303096	-0.0473604813	0.0181152001	-0.0613276315	0.0483833194	-0.0144327753	-0.0125940187	0.0597749166	0.0629737834	0.0222616778	-0.0070238408	0.0440759002	0.0198952965	-0.0048393339	0.0146792151	-0.0217950666	0.0057733498	0.022772411	0.0059445856	-0.0080485257	-0.0380342402	0.0213534917	0.033564271	-0.0288240676	-0.0459963343	-0.0250288907	0.0277419598	-0.0315035787	0.0292017022	-0.0423171612	0.0001458235	0.0115471822	-0.0355473989	0.0301900027	0.0190306036	-0.0575854724	-0.0363436848	0.0420846768	-0.0442101691	-0.0024113053	0.0022603133	0.0296266066	-0.0363066075	0.0151135276	-0.0359208828	-0.0500436514	0.0799532077	-0.0203054443	-0.0620868871	0.0749343514	-0.0038462256	-0.0715501408	-0.214881167162602	0.0699557543186132	0.0461739160011621	0.0048938075622861	-0.1783593030564958	-0.1060248338568641	0.0318120409867989	0.0112412653943756	1.5212186254327946	-0.1239191825593408	2.314106106363641	0.0153559638061752	0.0248206751876604	0.003340571594801	1.11594185799913e-05	0.0006160659167713	0.0159837696958768	0.0020496200033858	4.200942158279615e-06	0.0002554808936908	-0.0112315016227791	0.0035905967094546	1.2892384729946915e-05	0.0001261466287024	0.0	0.0	0.0	0.0	0.0	0.0	0.0	0.0	0.0	0.0	0.0	0.0	0.0	0.0	0.0	0.0	0.0	0.0	0.0	0.0	0.0	0.0	0.0	0.0	0.0	0.0	0.0	0.0	0.0	0.0	0.0	0.0	0.0	0.0	0.0	0.0	0.0	0.0	0.0	0.0	0.0	0.0	0.0	0.0	0.0	0.0	0.0	0.0	0.0	0.0	0.0	0.0	0.0	0.0	0.0	0.0	0.0	0.0	0.0	0.0	0.0	0.0	0.0	0.0	0.0	0.0	0.0	0.0	0.0	0.0	0.0	0.0	0.0	0.0	0.0	0.0	0.0	0.0	0.0	0.0	0.0	0.0	0.0	0.0	0.0	0.0	0.0	0.0	0.0	0.0	0.0	0.0	0.0	0.0	0.0	0.0	0.0	0.0	0.0	0.0	0.0	0.0	0.0	0.0	0.0	0.0	0.0	0.0	0.0	0.0	0.0	0.0	0.0	0.0	0.0	0.0	0.0	0.0	0.0	0.0	0.0	0.0	0.0	0.0	0.0	0.0	0.0	0.0	0.0	0.0	0.0	0.0	0.0	0.0	0.0	0.0	0.0	0.0	0.0	0.0	0.0	0.0	0.0	0.0	0.0	0.0	1.0	0.0	0.0	0.0	0.0	0.0	0.0	0.0	0.0	0.0	0.0	0.0	0.0	0.0	0.0	0.0	0.0	0.0	0.0	0.0	0.0	0.0	0.0	0.0	0.0	0.0	0.0	0.0	0.0	0.0	0.0	0.0	0.0	0.0	0.0	0.0	0.0	0.0	0.0	0.0	0.0	0.0	0.0	0.0	0.0	0.0	0.0	0.0	0.0	0.0	0.0	0.0	0.0	0.0	0.0	0.0	0.0	0.0	0.0	0.0	0.0	0.0	0.0	0.0	0.0	0.0	0.0	0.0	0.0	0.0	0.0	0.0	0.0	0.0	0.0	0.0	0.0	0.0	0.0	0.0	0.0	0.0	0.0	0.0	0.0	0.0	0.0	0.0	0.0	0.0	0.0	0.0	0.0	0.0	0.0
2062.485088797467	-8.756756314213362	4253844.741511896	76.68078114651559	2354.026454141695	-16.550109027183225	273.9061088116517	5541440.546798922	2195.040573783542	0.1364348038378011	0.0186144556982592	4818203.120555982	2190.554743431171	1903.524141467148	0.7885219999999998	67.560822	0.9355333883509546	0.5092829377452712	-0.0627741908	0.0101264701	-0.0057897549	0.0557706877	-0.0116013855	-0.0141707829	0.068926484	0.0594240623	-0.0071232174	0.0390795823	0.004114147	0.0163854084	0.0157797608	0.0245493932	-0.0172613673	-0.010072635	0.0419632726	0.0193984534	-0.0319100983	-0.0797024492	-0.0012391447	0.022356072	0.0368327211	0.01835506	0.0025753721	0.0250893276	-0.0061945353	-0.0208494498	0.0236731212	0.0207545879	0.0327980811	-0.01858126	-0.025597704	0.0293712995	-0.0376145989	0.0058095204	0.0301504723	0.017317822	-0.0111857832	0.0289958895	0.0065908631	-0.0150624615	-0.040114583	-0.0366867426	-0.0486815572	0.0804338397	-0.0235993474	-0.0592265694	0.0768225931	-0.0098091318	-0.0680077345	-0.3746321787019155	-0.1597510115393135	0.1403492693189439	0.0255203856878338	-0.2684720221220118	-0.090112719065516	0.072077226662282	0.0081203021373806	1.6397339719949997	0.118515346562205	2.6887274989144987	0.0140458873707595	0.0181438153673281	-0.0066768598203323	4.45804570603679e-05	0.0003291980360836	0.0204536028660282	0.0044698331701513	1.9979408568985708e-05	0.0004183498702011	-0.0114278948559738	-0.0001963932331946	3.857030204466751e-08	0.0001305967808391	0.0	0.0	0.0	0.0	0.0	0.0	0.0	0.0	0.0	0.0	0.0	0.0	0.0	0.0	0.0	0.0	0.0	0.0	0.0	0.0	0.0	0.0	0.0	0.0	0.0	0.0	0.0	0.0	0.0	0.0	0.0	0.0	0.0	0.0	0.0	0.0	0.0	0.0	0.0	0.0	0.0	0.0	0.0	0.0	0.0	0.0	0.0	0.0	0.0	0.0	0.0	0.0	0.0	0.0	0.0	0.0	0.0	0.0	0.0	0.0	0.0	0.0	0.0	0.0	0.0	0.0	0.0	0.0	0.0	0.0	0.0	0.0	0.0	0.0	0.0	0.0	0.0	0.0	0.0	0.0	0.0	0.0	0.0	0.0	0.0	0.0	0.0	0.0	0.0	0.0	0.0	0.0	0.0	0.0	0.0	0.0	0.0	0.0	0.0	0.0	0.0	0.0	0.0	0.0	0.0	0.0	0.0	0.0	0.0	0.0	0.0	0.0	0.0	0.0	0.0	0.0	0.0	0.0	0.0	0.0	0.0	0.0	0.0	0.0	0.0	0.0	0.0	0.0	0.0	0.0	0.0	0.0	0.0	0.0	0.0	0.0	0.0	0.0	0.0	0.0	0.0	0.0	0.0	0.0	0.0	0.0	0.0	1.0	0.0	0.0	0.0	0.0	0.0	0.0	0.0	0.0	0.0	0.0	0.0	0.0	0.0	0.0	0.0	0.0	0.0	0.0	0.0	0.0	0.0	0.0	0.0	0.0	0.0	0.0	0.0	0.0	0.0	0.0	0.0	0.0	0.0	0.0	0.0	0.0	0.0	0.0	0.0	0.0	0.0	0.0	0.0	0.0	0.0	0.0	0.0	0.0	0.0	0.0	0.0	0.0	0.0	0.0	0.0	0.0	0.0	0.0	0.0	0.0	0.0	0.0	0.0	0.0	0.0	0.0	0.0	0.0	0.0	0.0	0.0	0.0	0.0	0.0	0.0	0.0	0.0	0.0	0.0	0.0	0.0	0.0	0.0	0.0	0.0	0.0	0.0	0.0	0.0	0.0	0.0	0.0	0.0
2063.900839666781	1.415750869313797	4259686.675977243	2.004350523962772	2352.83725811684	-1.1891960248549367	1.4141871855307833	5535843.16318277	2179.252813256305	-15.78776052723697	249.25338246538172	4749142.824085521	2172.0439223445665	1882.74939946436	0.725874	62.193081	0.9952086559739226	0.6685257581267068	-0.0595852731	0.0047428771	0.0243056052	0.0276148635	-0.0084302218	-0.0097021533	0.0614060269	0.0728768585	-0.0223169727	-0.0051118074	-0.0183153009	0.0110617888	-0.014263577	-0.0064918111	-0.0069052674	0.0193222921	0.0073207238	0.0066780301	-0.0158590438	-0.0554275612	-0.0306644527	0.0442255857	0.0183261171	0.0086610764	0.0090192305	-0.0282212964	-0.0545496524	0.0045654727	-0.0008339796	0.0076629362	-0.0164522652	0.0063910397	-0.0300280926	0.011984142	-0.0294093925	0.0530885848	-0.0075646164	-0.0224261192	0.0159564924	-0.018154501	-0.0324305482	-0.0012440675	-0.0101321158	-0.0374485793	-0.0472981097	0.0808350932	-0.0268518493	-0.0562039158	0.0784076511	-0.0157193527	-0.0639883028	-0.3708022422764969	0.0038299364254186	0.1374943028772779	1.466841302274838e-05	-0.2945958178450496	-0.0261237957230378	0.0867866958917936	0.000682452702979	1.9470166988925257	0.307282726897526	3.790874025766348	0.0944226742495795	0.0080818485515956	-0.0100619668157325	0.0001012431762009	6.53162760109279e-05	0.0216045078318347	0.0011509049658065	1.3245822403180657e-06	0.0004667547586558	-0.0133744670129936	-0.0019465721570198	3.789143162484719e-06	0.0001788763678816	0.0	0.0	0.0	0.0	0.0	0.0	0.0	0.0	0.0	0.0	0.0	0.0	0.0	0.0	0.0	0.0	0.0	0.0	0.0	0.0	0.0	0.0	0.0	0.0	0.0	0.0	0.0	0.0	0.0	0.0	0.0	0.0	0.0	0.0	0.0	0.0	0.0	0.0	0.0	0.0	0.0	0.0	0.0	0.0	0.0	0.0	0.0	0.0	0.0	0.0	0.0	0.0	0.0	0.0	0.0	0.0	0.0	0.0	0.0	0.0	0.0	0.0	0.0	0.0	0.0	0.0	0.0	0.0	0.0	0.0	0.0	0.0	0.0	0.0	0.0	0.0	0.0	0.0	0.0	0.0	0.0	0.0	0.0	0.0	0.0	0.0	0.0	0.0	0.0	0.0	0.0	0.0	0.0	0.0	0.0	0.0	0.0	0.0	0.0	0.0	0.0	0.0	0.0	0.0	0.0	0.0	0.0	0.0	0.0	0.0	0.0	0.0	0.0	0.0	0.0	0.0	0.0	0.0	0.0	0.0	0.0	0.0	0.0	0.0	0.0	0.0	0.0	0.0	0.0	0.0	0.0	0.0	0.0	0.0	0.0	0.0	0.0	0.0	0.0	0.0	0.0	0.0	0.0	0.0	0.0	0.0	0.0	0.0	1.0	0.0	0.0	0.0	0.0	0.0	0.0	0.0	0.0	0.0	0.0	0.0	0.0	0.0	0.0	0.0	0.0	0.0	0.0	0.0	0.0	0.0	0.0	0.0	0.0	0.0	0.0	0.0	0.0	0.0	0.0	0.0	0.0	0.0	0.0	0.0	0.0	0.0	0.0	0.0	0.0	0.0	0.0	0.0	0.0	0.0	0.0	0.0	0.0	0.0	0.0	0.0	0.0	0.0	0.0	0.0	0.0	0.0	0.0	0.0	0.0	0.0	0.0	0.0	0.0	0.0	0.0	0.0	0.0	0.0	0.0	0.0	0.0	0.0	0.0	0.0	0.0	0.0	0.0	0.0	0.0	0.0	0.0	0.0	0.0	0.0	0.0	0.0	0.0	0.0	0.0	0.0	0.0
2086.240375766429	22.339536099648285	4352398.905478052	499.0548731474889	2359.8884444563355	7.051186339495416	49.71922879428677	5569073.470278543	2218.756926163383	39.5041129070778	1560.5749365751506	4922882.297397984	2215.320263480476	2027.728501125577	0.730866	62.620846	0.9590584079213408	0.5183289683533122	-0.0992196456	-0.045375925	0.0247852643	0.0610743649	-0.0152031521	-0.0358826535	0.0646107822	0.0419055193	-0.0066360587	0.0767297001	0.0103412482	0.0393328875	0.0120473013	0.0049635852	-0.0396175062	-0.0066359099	0.023544533	0.0159707161	-0.0298908122	-0.0880581813	-0.0493882767	0.0324970945	0.0733115574	0.0409843385	0.0228512219	-0.0320850891	-0.0047746169	-0.0369011652	-0.0002259188	0.0715230461	-0.0142252568	0.026621277	-0.0411429383	0.0648477281	-0.0392020152	0.0487657472	-0.0226703134	-0.014238865	0.0243151232	0.0001075853	-0.0312324526	-0.0103307088	-0.0432125364	-0.0382063093	-0.0458939156	0.0811565722	-0.0300572439	-0.0530272111	0.0796832699	-0.0215451443	-0.0595200392	-0.4485662570713202	-0.0777640147948233	0.2012116869829737	0.0060472419970094	-0.3145735483849137	-0.019977730539864	0.0989565173434756	0.0003991097175234	1.6538276471576123	-0.2931890517349134	2.735145886502884	0.0859598200572177	-0.0008380337180151	-0.0089198822696107	7.956429970371535e-05	7.023005125302122e-07	0.0216014044761976	-3.103355637100458e-06	9.630816210323188e-12	0.0004666206753442	-0.0109349004212066	0.002439566591787	5.95148515576324e-06	0.0001195720472217	0.0	0.0	0.0	0.0	0.0	0.0	0.0	0.0	0.0	0.0	0.0	0.0	0.0	0.0	0.0	0.0	0.0	0.0	0.0	0.0	0.0	0.0	0.0	0.0	0.0	0.0	0.0	0.0	0.0	0.0	0.0	0.0	0.0	0.0	0.0	0.0	0.0	0.0	0.0	0.0	0.0	0.0	0.0	0.0	0.0	0.0	0.0	0.0	0.0	0.0	0.0	0.0	0.0	0.0	0.0	0.0	0.0	0.0	0.0	0.0	0.0	0.0	0.0	0.0	0.0	0.0	0.0	0.0	0.0	0.0	0.0	0.0	0.0	0.0	0.0	0.0	0.0	0.0	0.0	0.0	0.0	0.0	0.0	0.0	0.0	0.0	0.0	0.0	0.0	0.0	0.0	0.0	0.0	0.0	0.0	0.0	0.0	0.0	0.0	0.0	0.0	0.0	0.0	0.0	0.0	0.0	0.0	0.0	0.0	0.0	0.0	0.0	0.0	0.0	0.0	0.0	0.0	0.0	0.0	0.0	0.0	0.0	0.0	0.0	0.0	0.0	0.0	0.0	0.0	0.0	0.0	0.0	0.0	0.0	0.0	0.0	0.0	0.0	0.0	0.0	0.0	0.0	0.0	0.0	0.0	0.0	0.0	0.0	0.0	1.0	0.0	0.0	0.0	0.0	0.0	0.0	0.0	0.0	0.0	0.0	0.0	0.0	0.0	0.0	0.0	0.0	0.0	0.0	0.0	0.0	0.0	0.0	0.0	0.0	0.0	0.0	0.0	0.0	0.0	0.0	0.0	0.0	0.0	0.0	0.0	0.0	0.0	0.0	0.0	0.0	0.0	0.0	0.0	0.0	0.0	0.0	0.0	0.0	0.0	0.0	0.0	0.0	0.0	0.0	0.0	0.0	0.0	0.0	0.0	0.0	0.0	0.0	0.0	0.0	0.0	0.0	0.0	0.0	0.0	0.0	0.0	0.0	0.0	0.0	0.0	0.0	0.0	0.0	0.0	0.0	0.0	0.0	0.0	0.0	0.0	0.0	0.0	0.0	0.0	0.0	0.0
2089.3134619890056	3.0730862225764213	4365230.7424484845	9.443858931389018	2372.5630923754547	12.674647919119252	160.646699873634	5629055.627302181	2227.7910487962804	9.03412263289738	81.61537174622867	4963052.957096831	2216.74473683427	1993.8873721263449	0.780078	66.837364	0.5780660492125698	0.295381279461992	-0.0913973769	-0.0477254169	0.0242753059	0.0325034656	-0.024339701	-0.024294574	0.0663968044	0.0673471736	-0.0019939434	0.0272244633	0.0363730483	0.045867449	0.0197244681	0.0225066251	-0.0417655755	-0.0109240275	0.0356819041	0.0105903053	-0.0278589299	-0.047987363	-0.053892943	0.0464684273	0.0136812072	-0.025582074	0.0355944671	-0.0801466046	-0.0764610852	-0.0156048258	0.0514299033	0.0016120862	-0.0367554971	0.0127414628	-0.0254855324	0.0337562979	-0.0482467795	0.0650866028	6.42153e-05	-0.0220313341	0.0164208094	-0.0281106045	-0.0526124297	0.0028775983	0.0024656329	-0.0389598496	-0.044469591	0.0813979594	-0.0332099078	-0.0497051625	0.0806444153	-0.0272552159	-0.0546342852	-0.4912468437281063	-0.042680586656786	0.2413234614728265	0.0018216324773674	-0.3530253736416426	-0.0384518252567289	0.1246269144348213	0.001478542865574	1.805178878527947	0.1513512313703346	3.2586707834834163	0.0229071952373165	-0.0026259764569624	-0.0017879427389473	3.196739237754373e-06	6.8957523525208e-06	0.0231308979896867	0.0015294935134891	2.339350407805237e-06	0.0005350384418092	-0.0145291122873446	-0.003594211866138	1.2918358938687204e-05	0.0002110951038582	0.0	0.0	0.0	0.0	0.0	0.0	0.0	0.0	0.0	0.0	0.0	0.0	0.0	0.0	0.0	0.0	0.0	0.0	0.0	0.0	0.0	0.0	0.0	0.0	0.0	0.0	0.0	0.0	0.0	0.0	0.0	0.0	0.0	0.0	0.0	0.0	0.0	0.0	0.0	0.0	0.0	0.0	0.0	0.0	0.0	0.0	0.0	0.0	0.0	0.0	0.0	0.0	0.0	0.0	0.0	0.0	0.0	0.0	0.0	0.0	0.0	0.0	0.0	0.0	0.0	0.0	0.0	0.0	0.0	0.0	0.0	0.0	0.0	0.0	0.0	0.0	0.0	0.0	0.0	0.0	0.0	0.0	0.0	0.0	0.0	0.0	0.0	0.0	0.0	0.0	0.0	0.0	0.0	0.0	0.0	0.0	0.0	0.0	0.0	0.0	0.0	0.0	0.0	0.0	0.0	0.0	0.0	0.0	0.0	0.0	0.0	0.0	0.0	0.0	0.0	0.0	0.0	0.0	0.0	0.0	0.0	0.0	0.0	0.0	0.0	0.0	0.0	0.0	0.0	0.0	0.0	0.0	0.0	0.0	0.0	0.0	0.0	0.0	0.0	0.0	0.0	0.0	0.0	0.0	0.0	0.0	0.0	0.0	0.0	0.0	1.0	0.0	0.0	0.0	0.0	0.0	0.0	0.0	0.0	0.0	0.0	0.0	0.0	0.0	0.0	0.0	0.0	0.0	0.0	0.0	0.0	0.0	0.0	0.0	0.0	0.0	0.0	0.0	0.0	0.0	0.0	0.0	0.0	0.0	0.0	0.0	0.0	0.0	0.0	0.0	0.0	0.0	0.0	0.0	0.0	0.0	0.0	0.0	0.0	0.0	0.0	0.0	0.0	0.0	0.0	0.0	0.0	0.0	0.0	0.0	0.0	0.0	0.0	0.0	0.0	0.0	0.0	0.0	0.0	0.0	0.0	0.0	0.0	0.0	0.0	0.0	0.0	0.0	0.0	0.0	0.0	0.0	0.0	0.0	0.0	0.0	0.0	0.0	0.0	0.0	0.0
2096.762677571728	7.449215582722445	4396413.726057762	55.490812797874895	2382.959858515492	10.396766140037473	108.09274617062964	5678497.687296175	2235.147162395974	7.356113599693799	54.112407291600064	4995882.837566775	2225.163721383656	1990.5560515446184	0.993539	85.126778	1.4748857853676132	0.8385805083212062	-0.086760354	-0.0257500075	-0.0036586963	0.054843012	-0.0326876106	0.0100183981	0.0609143181	0.0460253293	-0.0021234101	0.0400322208	0.0510452745	0.050532233	-0.0037418552	-0.0016771847	-0.047649812	0.0094065117	0.0180669769	0.0098232254	-0.0261649266	-0.0883486966	-0.0182399506	0.0173428612	0.0875720085	0.0370114459	0.0098841406	0.0122138185	0.0095636493	-0.026066271	-0.0022836218	0.0487312056	-0.0250216075	-0.0211268483	-0.0585579762	0.021721374	-0.0302533966	0.018079707	0.0044649746	-0.0224493616	-0.0005568464	0.0175610366	-0.0052633462	-0.0316459252	-0.043413018	-0.0397091175	-0.0430257605	0.0815590168	-0.0363043104	-0.0462468756	0.081287294	-0.0328188985	-0.049365311	-0.4780738849720762	0.01317295875603	0.2285546394922939	0.000173526842388	-0.2094717087055215	0.1435536649361211	0.0438783967480108	0.0206076547165921	1.4648807620008597	-0.3402981165270873	2.14587564688022	0.1158028081118831	0.0106343207990167	0.0132602972559791	0.0001758354833169	0.0001130887788563	0.0246260332972487	0.0014951353075619	2.235429587918511e-06	0.0006064415159572	-0.0097273239479182	0.0048017883394264	2.3057171256651343e-05	9.462083118774291e-05	0.0	0.0	0.0	0.0	0.0	0.0	0.0	0.0	0.0	0.0	0.0	0.0	0.0	0.0	0.0	0.0	0.0	0.0	0.0	0.0	0.0	0.0	0.0	0.0	0.0	0.0	0.0	0.0	0.0	0.0	0.0	0.0	0.0	0.0	0.0	0.0	0.0	0.0	0.0	0.0	0.0	0.0	0.0	0.0	0.0	0.0	0.0	0.0	0.0	0.0	0.0	0.0	0.0	0.0	0.0	0.0	0.0	0.0	0.0	0.0	0.0	0.0	0.0	0.0	0.0	0.0	0.0	0.0	0.0	0.0	0.0	0.0	0.0	0.0	0.0	0.0	0.0	0.0	0.0	0.0	0.0	0.0	0.0	0.0	0.0	0.0	0.0	0.0	0.0	0.0	0.0	0.0	0.0	0.0	0.0	0.0	0.0	0.0	0.0	0.0	0.0	0.0	0.0	0.0	0.0	0.0	0.0	0.0	0.0	0.0	0.0	0.0	0.0	0.0	0.0	0.0	0.0	0.0	0.0	0.0	0.0	0.0	0.0	0.0	0.0	0.0	0.0	0.0	0.0	0.0	0.0	0.0	0.0	0.0	0.0	0.0	0.0	0.0	0.0	0.0	0.0	0.0	0.0	0.0	0.0	0.0	0.0	0.0	0.0	0.0	0.0	1.0	0.0	0.0	0.0	0.0	0.0	0.0	0.0	0.0	0.0	0.0	0.0	0.0	0.0	0.0	0.0	0.0	0.0	0.0	0.0	0.0	0.0	0.0	0.0	0.0	0.0	0.0	0.0	0.0	0.0	0.0	0.0	0.0	0.0	0.0	0.0	0.0	0.0	0.0	0.0	0.0	0.0	0.0	0.0	0.0	0.0	0.0	0.0	0.0	0.0	0.0	0.0	0.0	0.0	0.0	0.0	0.0	0.0	0.0	0.0	0.0	0.0	0.0	0.0	0.0	0.0	0.0	0.0	0.0	0.0	0.0	0.0	0.0	0.0	0.0	0.0	0.0	0.0	0.0	0.0	0.0	0.0	0.0	0.0	0.0	0.0	0.0	0.0	0.0	0.0
2096.0783126491306	-0.6843649225975241	4393544.292758026	0.4683553472819152	2401.5294264701947	18.569567954702507	344.82885402431424	5767343.586202262	2201.197828873344	-33.94933352263024	1152.5572466307854	4845271.881836724	2212.39775622431	2055.556484695899	1.317272	112.864265	1.7408998393626696	1.0912432583490943	-0.0950137906	-0.06912934	0.0443767783	0.0434030808	-0.0400694943	-0.0073531263	0.0327234559	-0.0146393755	0.0307809759	0.0275720117	-0.0688171955	0.0247636444	0.0201535002	0.0587623479	-0.0306438513	-0.0100059342	0.0694420016	0.0388728083	-0.0174583491	-0.0252725773	-0.0758705396	0.0716515795	-0.0265010581	0.0016736363	0.0163090897	-0.1014721188	-0.0716603558	0.0897261875	-0.0082590723	0.0023797612	0.0071108452	0.0638444961	0.0071140159	0.0543426368	-0.0547042487	0.0809205585	-0.0649425712	-0.0474468859	0.0447874103	-0.0484545065	-0.0508113102	0.0003484076	0.0473513608	-0.0404540309	-0.0415630576	0.0816395852	-0.0393350228	-0.0426618292	0.0816093689	-0.0382063093	-0.0437500746	-0.5894305598077807	-0.1113566748357045	0.3474283848353137	0.0124003090304648	-0.4631133083302501	-0.2536415996247286	0.2144739363525893	0.0643340610601911	1.815384854862586	0.3505040928617262	3.295622171264452	0.1228531191128216	-0.0078666219592356	-0.0185009427582523	0.0003422848829441	6.188374104952775e-05	0.0240894988245314	-0.0005365344727173	2.8786924041403224e-07	0.000580303953617	-0.0111977961577588	-0.0014704722098406	2.1622885199134983e-06	0.0001253906387907	0.0	0.0	0.0	0.0	0.0	0.0	0.0	0.0	0.0	0.0	0.0	0.0	0.0	0.0	0.0	0.0	0.0	0.0	0.0	0.0	0.0	0.0	0.0	0.0	0.0	0.0	0.0	0.0	0.0	0.0	0.0	0.0	0.0	0.0	0.0	0.0	0.0	0.0	0.0	0.0	0.0	0.0	0.0	0.0	0.0	0.0	0.0	0.0	0.0	0.0	0.0	0.0	0.0	0.0	0.0	0.0	0.0	0.0	0.0	0.0	0.0	0.0	0.0	0.0	0.0	0.0	0.0	0.0	0.0	0.0	0.0	0.0	0.0	0.0	0.0	0.0	0.0	0.0	0.0	0.0	0.0	0.0	0.0	0.0	0.0	0.0	0.0	0.0	0.0	0.0	0.0	0.0	0.0	0.0	0.0	0.0	0.0	0.0	0.0	0.0	0.0	0.0	0.0	0.0	0.0	0.0	0.0	0.0	0.0	0.0	0.0	0.0	0.0	0.0	0.0	0.0	0.0	0.0	0.0	0.0	0.0	0.0	0.0	0.0	0.0	0.0	0.0	0.0	0.0	0.0	0.0	0.0	0.0	0.0	0.0	0.0	0.0	0.0	0.0	0.0	0.0	0.0	0.0	0.0	0.0	0.0	0.0	0.0	0.0	0.0	0.0	0.0	1.0	0.0	0.0	0.0	0.0	0.0	0.0	0.0	0.0	0.0	0.0	0.0	0.0	0.0	0.0	0.0	0.0	0.0	0.0	0.0	0.0	0.0	0.0	0.0	0.0	0.0	0.0	0.0	0.0	0.0	0.0	0.0	0.0	0.0	0.0	0.0	0.0	0.0	0.0	0.0	0.0	0.0	0.0	0.0	0.0	0.0	0.0	0.0	0.0	0.0	0.0	0.0	0.0	0.0	0.0	0.0	0.0	0.0	0.0	0.0	0.0	0.0	0.0	0.0	0.0	0.0	0.0	0.0	0.0	0.0	0.0	0.0	0.0	0.0	0.0	0.0	0.0	0.0	0.0	0.0	0.0	0.0	0.0	0.0	0.0	0.0	0.0	0.0	0.0
2103.121198570256	7.042885921125617	4423118.775875591	49.60224209798943	2437.034966455747	35.50553998555233	1260.6433696656554	5939139.427727964	2226.513098343559	25.315269470214844	640.8628683495917	4957360.577095434	2233.0585797140407	2022.422299490042	1.384745	118.645409	2.38346977396399	1.2388633497043209	-0.0960574153	-0.0556541532	0.0764679996	0.0308070481	-0.0354428006	-0.0800225541	0.0135689022	0.0898837256	0.0178838965	-0.0375473756	0.0657525315	0.0429994528	0.0252164488	0.008250243	-0.0491320553	-0.027537534	0.0250830838	0.0258125156	-0.012914665	-0.0792735409	-0.0915032334	-0.0153898237	0.1369866454	0.0933551481	0.0995523507	-0.0298587984	0.0011410354	-0.0807432706	0.0233366532	0.0437830544	-0.0028182131	0.0570120007	-0.0535652091	-0.0280326919	-0.0313979505	-0.051927687	-0.0026720223	0.0133149999	0.0205710845	0.009133448	-0.0077560234	-0.0884044442	-0.0877768567	-0.041194508	-0.0400821236	0.0816395852	-0.0422967282	-0.0389598496	0.0816093689	-0.0433885123	-0.0378279629	-1.0555005120399557	-0.4660699522321749	1.1140813309166089	0.2172212003737018	-0.3923168902882707	0.0707964180419793	0.153912542405459	0.0050121328075747	2.2942976967515065	0.4789128418889206	5.263801921319268	0.2293575101261222	-0.0173348142084661	-0.0094681922492305	8.96466644683885e-05	0.000300495783642	0.0358467498567007	0.0117572510321693	0.0001382329518334	0.0012849894752888	-0.0173261641123773	-0.0061283679546185	3.7556893787194935e-05	0.000300195962849	0.0	0.0	0.0	0.0	0.0	0.0	0.0	0.0	0.0	0.0	0.0	0.0	0.0	0.0	0.0	0.0	0.0	0.0	0.0	0.0	0.0	0.0	0.0	0.0	0.0	0.0	0.0	0.0	0.0	0.0	0.0	0.0	0.0	0.0	0.0	0.0	0.0	0.0	0.0	0.0	0.0	0.0	0.0	0.0	0.0	0.0	0.0	0.0	0.0	0.0	0.0	0.0	0.0	0.0	0.0	0.0	0.0	0.0	0.0	0.0	0.0	0.0	0.0	0.0	0.0	0.0	0.0	0.0	0.0	0.0	0.0	0.0	0.0	0.0	0.0	0.0	0.0	0.0	0.0	0.0	0.0	0.0	0.0	0.0	0.0	0.0	0.0	0.0	0.0	0.0	0.0	0.0	0.0	0.0	0.0	0.0	0.0	0.0	0.0	0.0	0.0	0.0	0.0	0.0	0.0	0.0	0.0	0.0	0.0	0.0	0.0	0.0	0.0	0.0	0.0	0.0	0.0	0.0	0.0	0.0	0.0	0.0	0.0	0.0	0.0	0.0	0.0	0.0	0.0	0.0	0.0	0.0	0.0	0.0	0.0	0.0	0.0	0.0	0.0	0.0	0.0	0.0	0.0	0.0	0.0	0.0	0.0	0.0	0.0	0.0	0.0	0.0	0.0	1.0	0.0	0.0	0.0	0.0	0.0	0.0	0.0	0.0	0.0	0.0	0.0	0.0	0.0	0.0	0.0	0.0	0.0	0.0	0.0	0.0	0.0	0.0	0.0	0.0	0.0	0.0	0.0	0.0	0.0	0.0	0.0	0.0	0.0	0.0	0.0	0.0	0.0	0.0	0.0	0.0	0.0	0.0	0.0	0.0	0.0	0.0	0.0	0.0	0.0	0.0	0.0	0.0	0.0	0.0	0.0	0.0	0.0	0.0	0.0	0.0	0.0	0.0	0.0	0.0	0.0	0.0	0.0	0.0	0.0	0.0	0.0	0.0	0.0	0.0	0.0	0.0	0.0	0.0	0.0	0.0	0.0	0.0	0.0	0.0	0.0	0.0	0.0
2051.1745349169178	-51.94666365333842	4207316.972691634	2698.4558647130707	2380.063444372726	-56.97152208302123	3245.7543284561752	5664701.999239364	2175.31531906128	-51.19777928227859	2621.212603436915	4731996.737342679	2189.709079330391	1859.7259125151177	2.254289	193.148224	2.673920278842444	1.5853647451403714	-0.0366287268	-0.0459049117	0.0295255482	-0.0388710962	-0.0230478625	0.0560614275	-0.0052730873	-0.1222410573	0.0366591231	-0.0461037882	-0.0481686032	0.0049771192	0.0150256161	0.2007811114	-0.0109595134	-0.0034135624	0.1561968737	-0.0170958074	0.0536063683	0.059669149	-0.0870646059	0.0640964169	-0.1994223635	-0.0678486147	-0.0816499152	-0.1462171267	-0.0784924041	0.2014872507	-0.1322610539	0.0036293695	-0.0417920413	0.036258345	-0.0129332616	0.0267751241	-0.0418743543	0.0188726411	0.0336961961	0.031602392	-0.1059151407	0.07309901	-0.1526592533	0.0826049986	0.1366278756	-0.0419304676	-0.0385836084	0.0815590168	-0.0451842308	-0.0351510839	0.081287294	-0.0483376736	-0.0316405151	-0.6750812046204544	0.3804193074195012	0.4557346328318038	0.144718849457533	-0.4374534687465399	-0.0451365784582691	0.1913655373183799	0.0020373107149194	1.8396866778089127	-0.4546110189425938	3.3844470725075944	0.2066711785440234	0.0067957287717002	0.0241305429801663	0.0005822831045176	4.618192953851392e-05	0.027778312228937	-0.0080684376277637	6.509968575311312e-05	0.0007716346302883	-0.0136500772398657	0.0036760868725115	1.3513614694252114e-05	0.0001863246086542	0.0	0.0	0.0	0.0	0.0	0.0	0.0	0.0	0.0	0.0	0.0	0.0	0.0	0.0	0.0	0.0	0.0	0.0	0.0	0.0	0.0	0.0	0.0	0.0	0.0	0.0	0.0	0.0	0.0	0.0	0.0	0.0	0.0	0.0	0.0	0.0	0.0	0.0	0.0	0.0	0.0	0.0	0.0	0.0	0.0	0.0	0.0	0.0	0.0	0.0	0.0	0.0	0.0	0.0	0.0	0.0	0.0	0.0	0.0	0.0	0.0	0.0	0.0	0.0	0.0	0.0	0.0	0.0	0.0	0.0	0.0	0.0	0.0	0.0	0.0	0.0	0.0	0.0	0.0	0.0	0.0	0.0	0.0	0.0	0.0	0.0	0.0	0.0	0.0	0.0	0.0	0.0	0.0	0.0	0.0	0.0	0.0	0.0	0.0	0.0	0.0	0.0	0.0	0.0	0.0	0.0	0.0	0.0	0.0	0.0	0.0	0.0	0.0	0.0	0.0	0.0	0.0	0.0	0.0	0.0	0.0	0.0	0.0	0.0	0.0	0.0	0.0	0.0	0.0	0.0	0.0	0.0	0.0	0.0	0.0	0.0	0.0	0.0	0.0	0.0	0.0	0.0	0.0	0.0	0.0	0.0	0.0	0.0	0.0	0.0	0.0	0.0	0.0	0.0	1.0	0.0	0.0	0.0	0.0	0.0	0.0	0.0	0.0	0.0	0.0	0.0	0.0	0.0	0.0	0.0	0.0	0.0	0.0	0.0	0.0	0.0	0.0	0.0	0.0	0.0	0.0	0.0	0.0	0.0	0.0	0.0	0.0	0.0	0.0	0.0	0.0	0.0	0.0	0.0	0.0	0.0	0.0	0.0	0.0	0.0	0.0	0.0	0.0	0.0	0.0	0.0	0.0	0.0	0.0	0.0	0.0	0.0	0.0	0.0	0.0	0.0	0.0	0.0	0.0	0.0	0.0	0.0	0.0	0.0	0.0	0.0	0.0	0.0	0.0	0.0	0.0	0.0	0.0	0.0	0.0	0.0	0.0	0.0	0.0	0.0	0.0
1960.2822768851208	-90.89225803179691	3842706.6050699134	8261.402570118753	2393.637131782428	13.57368740970196	184.24498989630152	5729498.718647608	2134.190026988154	-41.12529207312628	1691.2896480999427	4554767.071295697	2141.3441817120806	934.9352763934492	2.791655	239.189926	12.547010720487366	5.452391387338343	0.2152759911	-0.1259190681	0.0232928955	-0.0211037911	0.004821171	0.0217986391	-0.1943858051	0.0502685179	0.0660746308	-0.144808511	0.038684484	-0.0486882454	-0.0861674405	-0.0785594237	0.0486942645	0.0683252515	-0.0693376419	0.0079680958	0.0279189612	0.1372339628	0.0696456999	-0.133272881	0.0612043048	-0.0912094109	0.0372107496	-0.2008830697	-0.0856417715	-0.1727870171	-0.0718647654	-0.0740402997	-0.0324487524	-0.0903700472	0.0217573119	0.0276750427	0.0238254241	-0.0493977551	-0.0912505428	-0.0426484982	0.0296703755	0.0710364431	0.2409161637	-0.1956727545	-0.2877451266	-0.0426618292	-0.0370681691	0.0813979594	-0.0479924649	-0.0312459714	0.0806444153	-0.0530272111	-0.0252311319	-1.3065929410870467	-0.6315117364665923	1.7071851136984988	0.3988070732950507	1.4976845319548886	1.9351380007014285	2.2430589572569337	3.7447590817587217	4.196287840419174	2.3566011626102616	17.608831639649818	5.553569039616037	0.0983849460737838	0.0915892173020836	0.0083885847260082	0.0096795976139413	0.0069704442028077	-0.0208078680261293	0.0004329673717928	4.858709238445547e-05	-0.0537281883258345	-0.0400781110859688	0.0016062549882192	0.0028867182207763	0.0	0.0	0.0	0.0	0.0	0.0	0.0	0.0	0.0	0.0	0.0	0.0	0.0	0.0	0.0	0.0	0.0	0.0	0.0	0.0	0.0	0.0	0.0	0.0	0.0	0.0	0.0	0.0	0.0	0.0	0.0	0.0	0.0	0.0	0.0	0.0	0.0	0.0	0.0	0.0	0.0	0.0	0.0	0.0	0.0	0.0	0.0	0.0	0.0	0.0	0.0	0.0	0.0	0.0	0.0	0.0	0.0	0.0	0.0	0.0	0.0	0.0	0.0	0.0	0.0	0.0	0.0	0.0	0.0	0.0	0.0	0.0	0.0	0.0	0.0	0.0	0.0	0.0	0.0	0.0	0.0	0.0	0.0	0.0	0.0	0.0	0.0	0.0	0.0	0.0	0.0	0.0	0.0	0.0	0.0	0.0	0.0	0.0	0.0	0.0	0.0	0.0	0.0	0.0	0.0	0.0	0.0	0.0	0.0	0.0	0.0	0.0	0.0	0.0	0.0	0.0	0.0	0.0	0.0	0.0	0.0	0.0	0.0	0.0	0.0	0.0	0.0	0.0	0.0	0.0	0.0	0.0	0.0	0.0	0.0	0.0	0.0	0.0	0.0	0.0	0.0	0.0	0.0	0.0	0.0	0.0	0.0	0.0	0.0	0.0	0.0	0.0	0.0	0.0	0.0	1.0	0.0	0.0	0.0	0.0	0.0	0.0	0.0	0.0	0.0	0.0	0.0	0.0	0.0	0.0	0.0	0.0	0.0	0.0	0.0	0.0	0.0	0.0	0.0	0.0	0.0	0.0	0.0	0.0	0.0	0.0	0.0	0.0	0.0	0.0	0.0	0.0	0.0	0.0	0.0	0.0	0.0	0.0	0.0	0.0	0.0	0.0	0.0	0.0	0.0	0.0	0.0	0.0	0.0	0.0	0.0	0.0	0.0	0.0	0.0	0.0	0.0	0.0	0.0	0.0	0.0	0.0	0.0	0.0	0.0	0.0	0.0	0.0	0.0	0.0	0.0	0.0	0.0	0.0	0.0	0.0	0.0	0.0	0.0	0.0	0.0
2026.2265590350123	65.94428214989148	4105594.0685388665	4348.648348264496	2447.4912757350976	53.8541439526698	2900.2688208748814	5990213.544799415	2197.4333917369013	63.24336474874736	3999.7231847430994	4828713.511120342	2184.4611157141494	1311.702574520396	2.360958	202.287643	5.801964391324038	2.498144043837524	0.1154196057	0.010868611	0.0530753316	-0.1078120543	-0.0397405632	-0.0044115165	-0.1164096784	-0.1063876854	-0.0331284228	-0.106424965	0.0465980825	0.0095668232	-0.0318654137	-0.0563940648	0.0044498863	0.0146068104	-0.0468790801	-0.0272652147	-0.0937672212	0.0627920032	-0.0044140413	-0.171519009	-0.1017058226	0.1289886427	0.0030746137	0.0639157746	0.1506559963	-0.2144341145	-0.3125589467	-0.004224516	-0.0379895135	0.0103559073	0.0858766522	0.0063517684	0.115925323	-0.0395917009	-0.1516026596	-0.1620984389	-0.0194790312	0.1075210384	0.1097226053	-0.0293039298	-0.0701898141	-0.0433885123	-0.0355364705	0.0811565722	-0.0507165039	-0.0272552159	0.0796832699	-0.057431937	-0.0186447705	-1.5334984452079112	-0.2269055041208645	2.351617481455081	0.0514861078003436	-0.3026783031958757	-1.8003628351507643	0.0916141552255344	3.241306338192098	2.83945499639119	-1.3568328440279842	8.062504676530892	1.840995366633068	0.0539007771203164	-0.0444841689534674	0.0019788412874806	0.002905293774174	0.0102588131704477	0.00328836896764	1.081337046733776e-05	0.0001052432476661	-0.0543129145652156	-0.000584726239381	3.419047750207623e-07	0.0029498926885684	0.0	0.0	0.0	0.0	0.0	0.0	0.0	0.0	0.0	0.0	0.0	0.0	0.0	0.0	0.0	0.0	0.0	0.0	0.0	0.0	0.0	0.0	0.0	0.0	0.0	0.0	0.0	0.0	0.0	0.0	0.0	0.0	0.0	0.0	0.0	0.0	0.0	0.0	0.0	0.0	0.0	0.0	0.0	0.0	0.0	0.0	0.0	0.0	0.0	0.0	0.0	0.0	0.0	0.0	0.0	0.0	0.0	0.0	0.0	0.0	0.0	0.0	0.0	0.0	0.0	0.0	0.0	0.0	0.0	0.0	0.0	0.0	0.0	0.0	0.0	0.0	0.0	0.0	0.0	0.0	0.0	0.0	0.0	0.0	0.0	0.0	0.0	0.0	0.0	0.0	0.0	0.0	0.0	0.0	0.0	0.0	0.0	0.0	0.0	0.0	0.0	0.0	0.0	0.0	0.0	0.0	0.0	0.0	0.0	0.0	0.0	0.0	0.0	0.0	0.0	0.0	0.0	0.0	0.0	0.0	0.0	0.0	0.0	0.0	0.0	0.0	0.0	0.0	0.0	0.0	0.0	0.0	0.0	0.0	0.0	0.0	0.0	0.0	0.0	0.0	0.0	0.0	0.0	0.0	0.0	0.0	0.0	0.0	0.0	0.0	0.0	0.0	0.0	0.0	0.0	0.0	1.0	0.0	0.0	0.0	0.0	0.0	0.0	0.0	0.0	0.0	0.0	0.0	0.0	0.0	0.0	0.0	0.0	0.0	0.0	0.0	0.0	0.0	0.0	0.0	0.0	0.0	0.0	0.0	0.0	0.0	0.0	0.0	0.0	0.0	0.0	0.0	0.0	0.0	0.0	0.0	0.0	0.0	0.0	0.0	0.0	0.0	0.0	0.0	0.0	0.0	0.0	0.0	0.0	0.0	0.0	0.0	0.0	0.0	0.0	0.0	0.0	0.0	0.0	0.0	0.0	0.0	0.0	0.0	0.0	0.0	0.0	0.0	0.0	0.0	0.0	0.0	0.0	0.0	0.0	0.0	0.0	0.0	0.0	0.0	0.0
2053.5703240025687	27.343764967556357	4217151.075624015	747.6814826009621	2343.624272594713	-103.86700314038444	10788.354341364631	5492574.731095098	2219.701991869056	22.26860013215492	495.8905518458099	4927076.932707456	2234.269407053027	1867.7196369305148	2.524535	216.302963	4.468810883398092	2.864506591243384	-0.0074472138	0.0508727134	0.0454597889	-0.0524009585	0.0370765883	-0.0783070427	-0.0009439308	-0.0129804717	0.0462716251	-0.0592305931	0.1593448165	0.0405703961	0.1108395291	0.0195936724	-0.0526781639	-0.0986501158	0.0455078961	0.058120198	0.0400458814	0.0295283868	-0.0734929108	-0.0634235879	-0.0668700266	-0.1454375582	-0.0645021614	-0.1094017875	-0.1180608238	-0.2290430014	0.0275401351	0.0541778701	0.030962869	0.1249697947	0.2303532671	0.1380388927	0.0078587682	0.0131298567	0.0984046606	0.2835324583	-0.0281024069	0.1271809535	0.0049233395	0.001366884	0.1202939072	-0.0441104375	-0.0339891844	0.0808350932	-0.0533515689	-0.0231897558	0.0784076511	-0.0615281933	-0.0119276293	-1.1692271509240155	0.3642712942838957	1.367092130457891	0.1326935758392645	-0.7211753605472637	-0.418497057351388	0.5200939006604758	0.1751397870117709	2.421753029944057	-0.4177019664471331	5.86488773804322	0.1744749327738018	-0.0009221586347103	-0.0548229357550267	0.0030055542847997	8.503765475707646e-07	0.0046121104563017	-0.0056467027141459	3.188525154194379e-05	2.127156286112748e-05	-0.0494157417280748	0.0048971728371407	2.3982301796829665e-05	0.0024419155305357	0.0	0.0	0.0	0.0	0.0	0.0	0.0	0.0	0.0	0.0	0.0	0.0	0.0	0.0	0.0	0.0	0.0	0.0	0.0	0.0	0.0	0.0	0.0	0.0	0.0	0.0	0.0	0.0	0.0	0.0	0.0	0.0	0.0	0.0	0.0	0.0	0.0	0.0	0.0	0.0	0.0	0.0	0.0	0.0	0.0	0.0	0.0	0.0	0.0	0.0	0.0	0.0	0.0	0.0	0.0	0.0	0.0	0.0	0.0	0.0	0.0	0.0	0.0	0.0	0.0	0.0	0.0	0.0	0.0	0.0	0.0	0.0	0.0	0.0	0.0	0.0	0.0	0.0	0.0	0.0	0.0	0.0	0.0	0.0	0.0	0.0	0.0	0.0	0.0	0.0	0.0	0.0	0.0	0.0	0.0	0.0	0.0	0.0	0.0	0.0	0.0	0.0	0.0	0.0	0.0	0.0	0.0	0.0	0.0	0.0	0.0	0.0	0.0	0.0	0.0	0.0	0.0	0.0	0.0	0.0	0.0	0.0	0.0	0.0	0.0	0.0	0.0	0.0	0.0	0.0	0.0	0.0	0.0	0.0	0.0	0.0	0.0	0.0	0.0	0.0	0.0	0.0	0.0	0.0	0.0	0.0	0.0	0.0	0.0	0.0	0.0	0.0	0.0	0.0	0.0	0.0	0.0	1.0	0.0	0.0	0.0	0.0	0.0	0.0	0.0	0.0	0.0	0.0	0.0	0.0	0.0	0.0	0.0	0.0	0.0	0.0	0.0	0.0	0.0	0.0	0.0	0.0	0.0	0.0	0.0	0.0	0.0	0.0	0.0	0.0	0.0	0.0	0.0	0.0	0.0	0.0	0.0	0.0	0.0	0.0	0.0	0.0	0.0	0.0	0.0	0.0	0.0	0.0	0.0	0.0	0.0	0.0	0.0	0.0	0.0	0.0	0.0	0.0	0.0	0.0	0.0	0.0	0.0	0.0	0.0	0.0	0.0	0.0	0.0	0.0	0.0	0.0	0.0	0.0	0.0	0.0	0.0	0.0	0.0	0.0	0.0
2014.1312086628288	-39.43911533973983	4056724.525709588	1555.4438187813014	2399.4500180597174	55.82574546500428	3116.5138567234453	5757360.389166778	2183.224527110224	-36.47746475883241	1330.6054352318606	4766469.33577566	2191.974887542193	1572.2565967063713	2.289434	196.159409	3.536671046910502	2.243029654178438	0.0586237311	0.0538942528	0.0942811963	-0.0198497362	-0.0052330334	-0.0277935269	-0.0755110979	0.018043339	-0.0407444999	-0.0596296766	0.0480486949	0.0019131072	0.0007165839	0.020958408	-0.0036451891	-0.0097837087	0.0243527675	-0.0119868939	-0.0083085199	0.0348876815	-0.049393545	-0.0802742301	-0.1125733555	0.1177737621	-0.0570869236	-0.0472936338	0.0374403092	-0.0219787516	-0.0403044722	-0.0382904352	0.1219649395	-0.0093941462	-0.0837567604	0.0503904002	-0.13161503	-0.0637150826	0.0072298066	-0.2323697025	-0.0145240703	-0.0067373063	0.0177912131	0.0256013418	-0.2001495061	-0.0448275254	-0.0324269895	0.0804338397	-0.0558930371	-0.0190607341	0.0768225931	-0.0652939789	-0.0051268245	-0.8783424102505819	0.2908847406734336	0.7714853896448015	0.0846139323566507	-0.5348826821041115	0.1862926784431522	0.286099483614888	0.0347049620415237	2.495032561643648	0.0732795316995913	6.225187483662065	0.0053698897661114	0.0214483229559358	0.0223704815906461	0.0005004384465974	0.0004600305576221	0.0076851100728241	0.0030729996165224	9.443326643146815e-06	5.906091683142245e-05	-0.0151349410133568	0.034280800714718	0.0011751732976422	0.0002290664394777	0.0	0.0	0.0	0.0	0.0	0.0	0.0	0.0	0.0	0.0	0.0	0.0	0.0	0.0	0.0	0.0	0.0	0.0	0.0	0.0	0.0	0.0	0.0	0.0	0.0	0.0	0.0	0.0	0.0	0.0	0.0	0.0	0.0	0.0	0.0	0.0	0.0	0.0	0.0	0.0	0.0	0.0	0.0	0.0	0.0	0.0	0.0	0.0	0.0	0.0	0.0	0.0	0.0	0.0	0.0	0.0	0.0	0.0	0.0	0.0	0.0	0.0	0.0	0.0	0.0	0.0	0.0	0.0	0.0	0.0	0.0	0.0	0.0	0.0	0.0	0.0	0.0	0.0	0.0	0.0	0.0	0.0	0.0	0.0	0.0	0.0	0.0	0.0	0.0	0.0	0.0	0.0	0.0	0.0	0.0	0.0	0.0	0.0	0.0	0.0	0.0	0.0	0.0	0.0	0.0	0.0	0.0	0.0	0.0	0.0	0.0	0.0	0.0	0.0	0.0	0.0	0.0	0.0	0.0	0.0	0.0	0.0	0.0	0.0	0.0	0.0	0.0	0.0	0.0	0.0	0.0	0.0	0.0	0.0	0.0	0.0	0.0	0.0	0.0	0.0	0.0	0.0	0.0	0.0	0.0	0.0	0.0	0.0	0.0	0.0	0.0	0.0	0.0	0.0	0.0	0.0	0.0	0.0	1.0	0.0	0.0	0.0	0.0	0.0	0.0	0.0	0.0	0.0	0.0	0.0	0.0	0.0	0.0	0.0	0.0	0.0	0.0	0.0	0.0	0.0	0.0	0.0	0.0	0.0	0.0	0.0	0.0	0.0	0.0	0.0	0.0	0.0	0.0	0.0	0.0	0.0	0.0	0.0	0.0	0.0	0.0	0.0	0.0	0.0	0.0	0.0	0.0	0.0	0.0	0.0	0.0	0.0	0.0	0.0	0.0	0.0	0.0	0.0	0.0	0.0	0.0	0.0	0.0	0.0	0.0	0.0	0.0	0.0	0.0	0.0	0.0	0.0	0.0	0.0	0.0	0.0	0.0	0.0	0.0	0.0	0.0
1961.2692997834104	-52.86190887941848	3846577.266272909	2794.3814103759423	2392.523542848352	-6.926475211365414	47.97605885365956	5724168.90308363	2189.094356371009	5.869829260785082	34.45489555076874	4792134.101095402	2173.0003321843697	1197.2118922335203	2.301946	197.23143	9.552051928287344	5.933468419921268	0.1364795397	-0.0004530894	0.0809898918	-0.1370156528	0.0078514265	0.0141651998	-0.1330330123	-0.0098748178	-0.125621827	-0.0667139174	0.0684634245	0.0187105919	-0.0234251966	-0.0237376041	0.0089822831	0.0242806189	-0.0352188372	-0.0688263764	-0.1254991734	0.0922389075	-0.0115379134	-0.1457554517	-0.0422818826	0.0104919037	0.0172017192	-0.10742374	-0.0232031252	-0.2254002499	-0.0569222709	-0.076434947	-0.0848665302	-0.3010812985	-0.114627892	-0.1387203356	-0.0780746893	0.144777853	0.0235407567	-0.1056428321	-0.3186036402	-0.4216147078	-0.0895971595	0.1288142672	0.1173567065	-0.0455396975	-0.0308505711	0.0799532077	-0.05833645	-0.0148794683	0.0749343514	-0.0687090676	0.0017099414	2.9259972118842086	3.8043396221347914	8.561459683954162	14.47299996054468	-0.8109102404912107	-0.2760275583870992	0.6575754181335133	0.0761912129891434	3.1225727162876424	0.6275401546439943	9.750460368503983	0.3938066456906082	0.0273487034387474	0.0059003804828116	3.481448984194405e-05	0.0007479515797805	0.0322155982979841	0.02453048822516	0.0006017448525647	0.001037844773697	0.0513170821411008	0.0664520231544576	0.0044158713813205	0.0026334429194764	0.0	0.0	0.0	0.0	0.0	0.0	0.0	0.0	0.0	0.0	0.0	0.0	0.0	0.0	0.0	0.0	0.0	0.0	0.0	0.0	0.0	0.0	0.0	0.0	0.0	0.0	0.0	0.0	0.0	0.0	0.0	0.0	0.0	0.0	0.0	0.0	0.0	0.0	0.0	0.0	0.0	0.0	0.0	0.0	0.0	0.0	0.0	0.0	0.0	0.0	0.0	0.0	0.0	0.0	0.0	0.0	0.0	0.0	0.0	0.0	0.0	0.0	0.0	0.0	0.0	0.0	0.0	0.0	0.0	0.0	0.0	0.0	0.0	0.0	0.0	0.0	0.0	0.0	0.0	0.0	0.0	0.0	0.0	0.0	0.0	0.0	0.0	0.0	0.0	0.0	0.0	0.0	0.0	0.0	0.0	0.0	0.0	0.0	0.0	0.0	0.0	0.0	0.0	0.0	0.0	0.0	0.0	0.0	0.0	0.0	0.0	0.0	0.0	0.0	0.0	0.0	0.0	0.0	0.0	0.0	0.0	0.0	0.0	0.0	0.0	0.0	0.0	0.0	0.0	0.0	0.0	0.0	0.0	0.0	0.0	0.0	0.0	0.0	0.0	0.0	0.0	0.0	0.0	0.0	0.0	0.0	0.0	0.0	0.0	0.0	0.0	0.0	0.0	0.0	0.0	0.0	0.0	0.0	0.0	1.0	0.0	0.0	0.0	0.0	0.0	0.0	0.0	0.0	0.0	0.0	0.0	0.0	0.0	0.0	0.0	0.0	0.0	0.0	0.0	0.0	0.0	0.0	0.0	0.0	0.0	0.0	0.0	0.0	0.0	0.0	0.0	0.0	0.0	0.0	0.0	0.0	0.0	0.0	0.0	0.0	0.0	0.0	0.0	0.0	0.0	0.0	0.0	0.0	0.0	0.0	0.0	0.0	0.0	0.0	0.0	0.0	0.0	0.0	0.0	0.0	0.0	0.0	0.0	0.0	0.0	0.0	0.0	0.0	0.0	0.0	0.0	0.0	0.0	0.0	0.0	0.0	0.0	0.0	0.0	0.0	0.0
2033.109789976856	71.8404901934457	4133535.418099736	5161.056031234568	2344.725412029109	-47.79813081924294	2284.661309813462	5497737.257815075	2224.946304653002	35.85194828199292	1285.3621956146949	4950386.058589049	2195.650676660837	1486.5603505304605	2.477329	212.258362	10.33439363359349	7.431364968684696	0.08107373	0.0590766694	0.1015796899	-0.1232587153	0.0142307251	0.0169642023	-0.0761868625	-0.0743987992	-0.0685853802	-0.0129039487	0.0524110886	0.030091019	0.0011879024	0.0283270702	-0.0086946517	-0.0070089042	0.0195294111	-0.0755140059	-0.0848980915	0.026057608	-0.0814377468	-0.1903583561	0.0948257166	0.0791897031	-0.072627854	-0.0062256579	0.1024769756	-0.0749905135	-0.062145034	-0.051359214	0.0458172463	0.0055265378	-0.0192533039	0.2050273927	-0.0503886464	0.0363447956	0.2356838933	0.1929981187	0.2667112685	-0.0883220362	-0.0644108929	-0.0337108959	0.0451740962	-0.0462468756	-0.0292606206	0.0793936715	-0.0606775209	-0.010657419	0.0727503781	-0.0717551168	0.0085347133	-0.1350517109194839	-3.061048922803693	0.0182389646222798	9.370020507797646	-0.4830223602108674	0.3278878802803433	0.2333106004636769	0.1075104620347367	2.962216309368614	-0.1603564069190284	8.774725463489412	0.025714177239981	0.0215939109367368	-0.0057547925020106	3.3117636741197435e-05	0.0004662969895437	0.013681401928236	-0.0185341963697481	0.0003435164350723	0.0001871807587219	-0.060095937458949	-0.1114130196000497	0.012412860936401	0.0036115216990699	0.0	0.0	0.0	0.0	0.0	0.0	0.0	0.0	0.0	0.0	0.0	0.0	0.0	0.0	0.0	0.0	0.0	0.0	0.0	0.0	0.0	0.0	0.0	0.0	0.0	0.0	0.0	0.0	0.0	0.0	0.0	0.0	0.0	0.0	0.0	0.0	0.0	0.0	0.0	0.0	0.0	0.0	0.0	0.0	0.0	0.0	0.0	0.0	0.0	0.0	0.0	0.0	0.0	0.0	0.0	0.0	0.0	0.0	0.0	0.0	0.0	0.0	0.0	0.0	0.0	0.0	0.0	0.0	0.0	0.0	0.0	0.0	0.0	0.0	0.0	0.0	0.0	0.0	0.0	0.0	0.0	0.0	0.0	0.0	0.0	0.0	0.0	0.0	0.0	0.0	0.0	0.0	0.0	0.0	0.0	0.0	0.0	0.0	0.0	0.0	0.0	0.0	0.0	0.0	0.0	0.0	0.0	0.0	0.0	0.0	0.0	0.0	0.0	0.0	0.0	0.0	0.0	0.0	0.0	0.0	0.0	0.0	0.0	0.0	0.0	0.0	0.0	0.0	0.0	0.0	0.0	0.0	0.0	0.0	0.0	0.0	0.0	0.0	0.0	0.0	0.0	0.0	0.0	0.0	0.0	0.0	0.0	0.0	0.0	0.0	0.0	0.0	0.0	0.0	0.0	0.0	0.0	0.0	0.0	0.0	1.0	0.0	0.0	0.0	0.0	0.0	0.0	0.0	0.0	0.0	0.0	0.0	0.0	0.0	0.0	0.0	0.0	0.0	0.0	0.0	0.0	0.0	0.0	0.0	0.0	0.0	0.0	0.0	0.0	0.0	0.0	0.0	0.0	0.0	0.0	0.0	0.0	0.0	0.0	0.0	0.0	0.0	0.0	0.0	0.0	0.0	0.0	0.0	0.0	0.0	0.0	0.0	0.0	0.0	0.0	0.0	0.0	0.0	0.0	0.0	0.0	0.0	0.0	0.0	0.0	0.0	0.0	0.0	0.0	0.0	0.0	0.0	0.0	0.0	0.0	0.0	0.0	0.0	0.0	0.0	0.0
1803.380574370916	-229.72921560594	3252181.4960183757	52775.51250292047	1953.505393668397	-391.2200183607122	153053.10276615596	3816183.323091518	1872.845200414243	-352.1011042387588	123975.1876061533	3507549.144714666	1910.100108608552	1794.0331661997132	3.769151	322.942017	9.716207640132383	6.100133515484494	-0.0655924633	-0.1979435473	0.1294662123	-0.1903857696	0.3682378152	-0.2067229307	0.1842459542	-0.2640485557	-0.1914333117	-0.0646299497	0.0973614467	-0.2833630063	0.3117845828	-0.1480407681	0.272085737	-0.3851497258	-0.2350434111	-0.2474477406	0.0110674424	0.2375224791	-0.2741354174	0.0756054847	-0.0395106649	-0.3265388547	0.010861027	0.1092444546	0.0756648651	0.2354506938	0.0409823567	-0.0449587603	0.1059899841	-0.0318899363	-0.0804068391	0.160705051	0.2321391511	0.3372307108	0.063837782	-0.1276498235	-0.0410741327	-0.0550689391	0.2900426473	0.0011026265	-0.1613176681	-0.0469489822	-0.0276578354	0.0787557834	-0.0629121428	-0.0064061583	0.0702792922	-0.0744157659	0.0152996203	-1.2433559167121615	-1.1083042057926775	1.5459339356231394	1.2283382125777378	-0.7727809965869028	-0.2897586363760354	0.5971904686858467	0.0839600673544995	4.010751239442406	1.0485349300737925	16.0861255046888	1.0994254995848525	-0.0848747861528473	-0.106468697089584	0.0113355834599536	0.0072037293244915	0.0362368142518954	0.0225554123236594	0.0005087466250902	0.0013131067071263	-0.0437278495143949	0.016368087944554	0.0002679143029606	0.0019121248231535	0.0	0.0	0.0	0.0	0.0	0.0	0.0	0.0	0.0	0.0	0.0	0.0	0.0	0.0	0.0	0.0	0.0	0.0	0.0	0.0	0.0	0.0	0.0	0.0	0.0	0.0	0.0	0.0	0.0	0.0	0.0	0.0	0.0	0.0	0.0	0.0	0.0	0.0	0.0	0.0	0.0	0.0	0.0	0.0	0.0	0.0	0.0	0.0	0.0	0.0	0.0	0.0	0.0	0.0	0.0	0.0	0.0	0.0	0.0	0.0	0.0	0.0	0.0	0.0	0.0	0.0	0.0	0.0	0.0	0.0	0.0	0.0	0.0	0.0	0.0	0.0	0.0	0.0	0.0	0.0	0.0	0.0	0.0	0.0	0.0	0.0	0.0	0.0	0.0	0.0	0.0	0.0	0.0	0.0	0.0	0.0	0.0	0.0	0.0	0.0	0.0	0.0	0.0	0.0	0.0	0.0	0.0	0.0	0.0	0.0	0.0	0.0	0.0	0.0	0.0	0.0	0.0	0.0	0.0	0.0	0.0	0.0	0.0	0.0	0.0	0.0	0.0	0.0	0.0	0.0	0.0	0.0	0.0	0.0	0.0	0.0	0.0	0.0	0.0	0.0	0.0	0.0	0.0	0.0	0.0	0.0	0.0	0.0	0.0	0.0	0.0	0.0	0.0	0.0	0.0	0.0	0.0	0.0	0.0	0.0	0.0	1.0	0.0	0.0	0.0	0.0	0.0	0.0	0.0	0.0	0.0	0.0	0.0	0.0	0.0	0.0	0.0	0.0	0.0	0.0	0.0	0.0	0.0	0.0	0.0	0.0	0.0	0.0	0.0	0.0	0.0	0.0	0.0	0.0	0.0	0.0	0.0	0.0	0.0	0.0	0.0	0.0	0.0	0.0	0.0	0.0	0.0	0.0	0.0	0.0	0.0	0.0	0.0	0.0	0.0	0.0	0.0	0.0	0.0	0.0	0.0	0.0	0.0	0.0	0.0	0.0	0.0	0.0	0.0	0.0	0.0	0.0	0.0	0.0	0.0	0.0	0.0	0.0	0.0	0.0	0.0
1752.366595625623	-51.01397874529312	3070788.6854645354	2602.426027425218	2064.641647547892	111.13625387949492	12351.266926367549	4262745.132789273	1849.585578255032	-23.25962215921095	541.010022989257	3420966.8112890013	1942.6684961618032	1634.1703327623406	2.605678	223.25531	4.798115981327354	2.514701199841039	-0.0302134317	-0.1752806429	0.204858521	-0.1998697093	0.3484545219	-0.2911973921	-0.1558237496	0.0120780036	0.1357682685	0.1703024677	-0.1149968554	-0.3124950028	0.3097378674	0.0660956687	0.2560516384	-0.3477925722	0.033604033	-0.007622473	0.1361078708	0.1695082013	-0.227894524	0.0226497304	0.274629309	-0.1456682295	0.0591439139	0.2258335292	0.131567662	-0.1320857912	-0.009088514	0.0606631855	0.2448805184	-0.0598796381	-0.0792491769	-0.0978511031	-0.0260614211	-0.0658081287	0.0697469511	-0.1883352123	0.0829397073	0.0879542277	-0.2107176293	0.0084809811	0.3982270745	-0.0476459404	-0.0260429185	0.0780401729	-0.0650363955	-0.0021373389	0.0675308461	-0.0766767246	0.0219572114	-1.064402856747634	0.1789530599645274	1.1329534414525244	0.0320241976706677	-1.0900603033755232	-0.3172793067886204	1.1882314649951375	0.1006661585162674	5.496779329521857	1.4860280900794507	30.21458299745876	2.20827948450518	-0.1072587704322284	-0.022383984279381	0.0005010427522195	0.0115044438346334	0.0458647060639156	0.0096278918120202	9.269630074396564e-05	0.0021035712623293	-0.0194226151159011	0.0243052343984938	0.0005907444191657	0.0003772379779404	0.0	0.0	0.0	0.0	0.0	0.0	0.0	0.0	0.0	0.0	0.0	0.0	0.0	0.0	0.0	0.0	0.0	0.0	0.0	0.0	0.0	0.0	0.0	0.0	0.0	0.0	0.0	0.0	0.0	0.0	0.0	0.0	0.0	0.0	0.0	0.0	0.0	0.0	0.0	0.0	0.0	0.0	0.0	0.0	0.0	0.0	0.0	0.0	0.0	0.0	0.0	0.0	0.0	0.0	0.0	0.0	0.0	0.0	0.0	0.0	0.0	0.0	0.0	0.0	0.0	0.0	0.0	0.0	0.0	0.0	0.0	0.0	0.0	0.0	0.0	0.0	0.0	0.0	0.0	0.0	0.0	0.0	0.0	0.0	0.0	0.0	0.0	0.0	0.0	0.0	0.0	0.0	0.0	0.0	0.0	0.0	0.0	0.0	0.0	0.0	0.0	0.0	0.0	0.0	0.0	0.0	0.0	0.0	0.0	0.0	0.0	0.0	0.0	0.0	0.0	0.0	0.0	0.0	0.0	0.0	0.0	0.0	0.0	0.0	0.0	0.0	0.0	0.0	0.0	0.0	0.0	0.0	0.0	0.0	0.0	0.0	0.0	0.0	0.0	0.0	0.0	0.0	0.0	0.0	0.0	0.0	0.0	0.0	0.0	0.0	0.0	0.0	0.0	0.0	0.0	0.0	0.0	0.0	0.0	0.0	0.0	0.0	1.0	0.0	0.0	0.0	0.0	0.0	0.0	0.0	0.0	0.0	0.0	0.0	0.0	0.0	0.0	0.0	0.0	0.0	0.0	0.0	0.0	0.0	0.0	0.0	0.0	0.0	0.0	0.0	0.0	0.0	0.0	0.0	0.0	0.0	0.0	0.0	0.0	0.0	0.0	0.0	0.0	0.0	0.0	0.0	0.0	0.0	0.0	0.0	0.0	0.0	0.0	0.0	0.0	0.0	0.0	0.0	0.0	0.0	0.0	0.0	0.0	0.0	0.0	0.0	0.0	0.0	0.0	0.0	0.0	0.0	0.0	0.0	0.0	0.0	0.0	0.0	0.0	0.0	0.0
2031.383010454777	279.016414829154	4126516.935164312	77850.15974411453	2369.8536427119006	305.21199516400884	93154.36199199496	5616206.287874864	2197.5627076522164	347.9771293971844	121088.08258350482	4829281.854063741	2214.261847093961	2060.025186650368	3.389882	290.446167	9.000422666636023	5.817820873841896	-0.0980770691	-0.20529221	-0.0144117713	-0.0639097077	0.0164406179	-0.0674441777	-0.0539305764	-0.0637132115	0.2066920902	0.0629991349	0.1395755611	0.0217375303	0.1003571657	0.0881045851	-0.0325873706	-0.0952154631	0.1075145985	0.1129124761	0.0693386027	0.0655651219	-0.1678279884	-0.0188950524	-0.0332534884	0.0331024938	0.0496600705	-0.0339302235	0.0281813482	0.0963846868	-0.0685931522	0.1443678434	-0.1771382331	0.0833754636	-0.0004148685	0.0553006801	-0.1456303049	-0.2107401949	0.1585220989	-0.031182088	0.0068804396	0.0600511113	-0.0601748977	-0.043386606	-0.0928292311	-0.0483376736	-0.0244165784	0.0772475461	-0.0670465522	0.0021373389	0.0645158866	-0.0785258491	0.0284607885	-0.6418161563024825	0.4225867004451515	0.4119279784908926	0.1785795193931202	-0.5971073796853545	0.4929529236901686	0.3565372228747102	0.2430025849746852	1.4654645320328186	-4.031314797489038	2.147586294646168	16.251498996454085	-0.0362123509349523	0.0710464194972761	0.0050475937233829	0.0013113343602361	0.0380328276760619	-0.0078318783878537	6.133831908212989e-05	0.001446495981037	-0.0172295481007976	0.0021930670151034	4.809542932734968e-06	0.0002968573277576	0.0	0.0	0.0	0.0	0.0	0.0	0.0	0.0	0.0	0.0	0.0	0.0	0.0	0.0	0.0	0.0	0.0	0.0	0.0	0.0	0.0	0.0	0.0	0.0	0.0	0.0	0.0	0.0	0.0	0.0	0.0	0.0	0.0	0.0	0.0	0.0	0.0	0.0	0.0	0.0	0.0	0.0	0.0	0.0	0.0	0.0	0.0	0.0	0.0	0.0	0.0	0.0	0.0	0.0	0.0	0.0	0.0	0.0	0.0	0.0	0.0	0.0	0.0	0.0	0.0	0.0	0.0	0.0	0.0	0.0	0.0	0.0	0.0	0.0	0.0	0.0	0.0	0.0	0.0	0.0	0.0	0.0	0.0	0.0	0.0	0.0	0.0	0.0	0.0	0.0	0.0	0.0	0.0	0.0	0.0	0.0	0.0	0.0	0.0	0.0	0.0	0.0	0.0	0.0	0.0	0.0	0.0	0.0	0.0	0.0	0.0	0.0	0.0	0.0	0.0	0.0	0.0	0.0	0.0	0.0	0.0	0.0	0.0	0.0	0.0	0.0	0.0	0.0	0.0	0.0	0.0	0.0	0.0	0.0	0.0	0.0	0.0	0.0	0.0	0.0	0.0	0.0	0.0	0.0	0.0	0.0	0.0	0.0	0.0	0.0	0.0	0.0	0.0	0.0	0.0	0.0	0.0	0.0	0.0	0.0	0.0	0.0	0.0	1.0	0.0	0.0	0.0	0.0	0.0	0.0	0.0	0.0	0.0	0.0	0.0	0.0	0.0	0.0	0.0	0.0	0.0	0.0	0.0	0.0	0.0	0.0	0.0	0.0	0.0	0.0	0.0	0.0	0.0	0.0	0.0	0.0	0.0	0.0	0.0	0.0	0.0	0.0	0.0	0.0	0.0	0.0	0.0	0.0	0.0	0.0	0.0	0.0	0.0	0.0	0.0	0.0	0.0	0.0	0.0	0.0	0.0	0.0	0.0	0.0	0.0	0.0	0.0	0.0	0.0	0.0	0.0	0.0	0.0	0.0	0.0	0.0	0.0	0.0	0.0	0.0	0.0
2084.655057445727	53.27204699095	4345786.708534047	2837.9109906059853	2387.029511752194	17.17586904029349	295.01047728931246	5697909.889975918	2212.185019783352	14.62231213113546	213.8120120603512	4893762.561753869	2203.434882931593	1839.4337017603168	2.09347	179.369171	6.0630028819544055	4.389909028195091	-0.001316278	-0.0275573994	-0.1161297406	0.0188482743	-0.0239512447	0.0541132614	0.0146486193	0.0142655165	0.1106913077	0.012797769	-0.1121234052	0.021990477	-0.0487134493	0.008108782	-0.0137395553	0.0623293318	0.0167454419	0.0079976667	-0.0457609083	0.022129041	0.0657152767	0.0200878234	-0.0761689361	-0.084247039	0.0005880242	-0.0385381916	-0.0567683824	-0.059146629	0.0294745331	-0.0541479271	-0.0330284963	0.0146900088	0.0694242719	-0.0072200254	-0.0739628335	-0.0800611598	0.0868924617	-0.060966762	-0.0077256258	-0.0075747835	0.0251361728	0.0282789568	0.0615914148	-0.0490241061	-0.0227795284	0.0763786853	-0.0689390864	0.0064061583	0.0612463124	-0.0799532077	0.0347647336	-0.3856345934897547	0.2561815628127277	0.1487140396960083	0.0656289931251715	-0.0856876955504901	0.5114196841348644	0.0073423811687534	0.2615500933206044	1.092089472913095	-0.3733750591197236	1.1926594168476017	0.139408934772657	0.0456078583551935	0.0818202092901458	0.0066945466482832	0.0020800767437473	0.0415330388827996	0.0035002112067376	1.2251478491772182e-05	0.0017249933188401	-0.0041094370799393	0.0131201110208583	0.0001721373131996	1.6887473113980036e-05	0.0	0.0	0.0	0.0	0.0	0.0	0.0	0.0	0.0	0.0	0.0	0.0	0.0	0.0	0.0	0.0	0.0	0.0	0.0	0.0	0.0	0.0	0.0	0.0	0.0	0.0	0.0	0.0	0.0	0.0	0.0	0.0	0.0	0.0	0.0	0.0	0.0	0.0	0.0	0.0	0.0	0.0	0.0	0.0	0.0	0.0	0.0	0.0	0.0	0.0	0.0	0.0	0.0	0.0	0.0	0.0	0.0	0.0	0.0	0.0	0.0	0.0	0.0	0.0	0.0	0.0	0.0	0.0	0.0	0.0	0.0	0.0	0.0	0.0	0.0	0.0	0.0	0.0	0.0	0.0	0.0	0.0	0.0	0.0	0.0	0.0	0.0	0.0	0.0	0.0	0.0	0.0	0.0	0.0	0.0	0.0	0.0	0.0	0.0	0.0	0.0	0.0	0.0	0.0	0.0	0.0	0.0	0.0	0.0	0.0	0.0	0.0	0.0	0.0	0.0	0.0	0.0	0.0	0.0	0.0	0.0	0.0	0.0	0.0	0.0	0.0	0.0	0.0	0.0	0.0	0.0	0.0	0.0	0.0	0.0	0.0	0.0	0.0	0.0	0.0	0.0	0.0	0.0	0.0	0.0	0.0	0.0	0.0	0.0	0.0	0.0	0.0	0.0	0.0	0.0	0.0	0.0	0.0	0.0	0.0	0.0	0.0	0.0	0.0	1.0	0.0	0.0	0.0	0.0	0.0	0.0	0.0	0.0	0.0	0.0	0.0	0.0	0.0	0.0	0.0	0.0	0.0	0.0	0.0	0.0	0.0	0.0	0.0	0.0	0.0	0.0	0.0	0.0	0.0	0.0	0.0	0.0	0.0	0.0	0.0	0.0	0.0	0.0	0.0	0.0	0.0	0.0	0.0	0.0	0.0	0.0	0.0	0.0	0.0	0.0	0.0	0.0	0.0	0.0	0.0	0.0	0.0	0.0	0.0	0.0	0.0	0.0	0.0	0.0	0.0	0.0	0.0	0.0	0.0	0.0	0.0	0.0	0.0	0.0	0.0	0.0
2042.1956520652425	-42.45940538048444	4170563.081314181	1802.801105264311	2420.210831733599	33.18131998140507	1100.9999957083912	5857420.47004064	2182.367318858271	-29.81770092508077	889.0952884575627	4762727.114420638	2170.961028095737	1302.6517791558206	1.713369	146.802017	5.289713496085748	3.043764487664445	0.129335323	-0.0321175502	-0.104406303	-0.0468635611	-0.0313625239	0.065109273	-0.1028525109	0.0680487465	0.038277484	-0.0994802594	-0.0679490902	0.0113393438	-0.0720865321	-0.0673473185	0.0037726927	0.0835191735	-0.1045018516	-0.0670611441	0.0800029371	0.075752911	0.097511767	-0.0851781854	0.0698195532	0.0390169991	0.1050872528	0.0528313762	0.0992338884	0.0089393687	-0.0181654785	-0.0307918694	-0.0943491346	0.0722000189	0.0201969839	0.0031417403	-0.1629715218	0.1287811272	-0.0058917433	-0.026459809	0.0238068914	0.0285365798	-0.0371413568	-0.0411971972	0.0122941774	-0.0497051625	-0.0211324865	0.0754344479	-0.0707106781	0.010657419	0.0577350269	-0.0809511339	0.040824829	-0.6648806472723265	-0.2792460537825718	0.4420662751172679	0.077978358553139	1.220609873707403	1.306297569257893	1.489888463792002	1.70641333944908	1.6937020890535237	0.6016126161404287	2.86862676646427	0.3619377398993308	0.1045333440233673	0.0589254856681737	0.0034722128612301	0.0109272200127076	0.0413768976025334	-0.0001561412802661	2.4380099403167294e-08	0.0017120476552105	-0.0070789552695964	-0.0029695181896571	8.818038278704385e-06	5.011160770894664e-05	0.0	0.0	0.0	0.0	0.0	0.0	0.0	0.0	0.0	0.0	0.0	0.0	0.0	0.0	0.0	0.0	0.0	0.0	0.0	0.0	0.0	0.0	0.0	0.0	0.0	0.0	0.0	0.0	0.0	0.0	0.0	0.0	0.0	0.0	0.0	0.0	0.0	0.0	0.0	0.0	0.0	0.0	0.0	0.0	0.0	0.0	0.0	0.0	0.0	0.0	0.0	0.0	0.0	0.0	0.0	0.0	0.0	0.0	0.0	0.0	0.0	0.0	0.0	0.0	0.0	0.0	0.0	0.0	0.0	0.0	0.0	0.0	0.0	0.0	0.0	0.0	0.0	0.0	0.0	0.0	0.0	0.0	0.0	0.0	0.0	0.0	0.0	0.0	0.0	0.0	0.0	0.0	0.0	0.0	0.0	0.0	0.0	0.0	0.0	0.0	0.0	0.0	0.0	0.0	0.0	0.0	0.0	0.0	0.0	0.0	0.0	0.0	0.0	0.0	0.0	0.0	0.0	0.0	0.0	0.0	0.0	0.0	0.0	0.0	0.0	0.0	0.0	0.0	0.0	0.0	0.0	0.0	0.0	0.0	0.0	0.0	0.0	0.0	0.0	0.0	0.0	0.0	0.0	0.0	0.0	0.0	0.0	0.0	0.0	0.0	0.0	0.0	0.0	0.0	0.0	0.0	0.0	0.0	0.0	0.0	0.0	0.0	0.0	0.0	0.0	1.0	0.0	0.0	0.0	0.0	0.0	0.0	0.0	0.0	0.0	0.0	0.0	0.0	0.0	0.0	0.0	0.0	0.0	0.0	0.0	0.0	0.0	0.0	0.0	0.0	0.0	0.0	0.0	0.0	0.0	0.0	0.0	0.0	0.0	0.0	0.0	0.0	0.0	0.0	0.0	0.0	0.0	0.0	0.0	0.0	0.0	0.0	0.0	0.0	0.0	0.0	0.0	0.0	0.0	0.0	0.0	0.0	0.0	0.0	0.0	0.0	0.0	0.0	0.0	0.0	0.0	0.0	0.0	0.0	0.0	0.0	0.0	0.0	0.0	0.0	0.0
2068.7266169703007	26.530964905058227	4279629.8157613855	703.8920987934313	2358.6425045483734	-61.56832718522583	3790.6589123870176	5563194.464262224	2190.4517410941744	8.084422235903276	65.35788288836731	4798078.8300625	2191.0791603646626	1531.9340937031516	1.733711	148.544891	3.936325812795198	2.3158052193731944	0.1036057552	0.0361334528	-0.0651902659	0.0084224352	-0.022136462	0.0894327225	-0.0109418031	-0.146253121	0.0253142853	0.0404686613	0.0311511905	0.00399992	-0.0388023384	-0.0406030301	-0.0001415997	0.0493566942	-0.034649541	0.0326418245	-0.0201765458	0.0681245345	0.06181346	0.0028209017	-0.0029969869	-0.0629763582	0.0020660753	-0.0682409923	-0.0111486965	0.1422418989	-0.1188913266	-0.0158782985	0.0779972492	0.0438284457	0.0368585702	-0.0344786248	-0.0648053532	-0.0202067633	-0.0356944261	0.0010735817	0.0643722768	-0.0180283122	-0.0296984947	0.0338239429	0.0122821871	-0.0503807682	-0.0194761753	0.0744157659	-0.0723582192	0.0148794683	0.0539958877	-0.081514268	0.0465985677	-0.497107557495994	0.1677730897763325	0.2471159237196329	0.0281478096530973	0.2753378233534391	-0.9452720503539638	0.0758109169690096	0.8935392491803866	2.1383810745457907	0.444678985492267	4.57267361997561	0.1977394001384318	0.0643791741644618	-0.0401541698589054	0.0016123573570578	0.0041446780660981	0.0346348672510554	-0.006742030351478	4.54549732602506e-05	0.0011995740294982	-0.0077547888026656	-0.0006758335330691	4.56750964420797e-07	6.013674937394777e-05	0.0	0.0	0.0	0.0	0.0	0.0	0.0	0.0	0.0	0.0	0.0	0.0	0.0	0.0	0.0	0.0	0.0	0.0	0.0	0.0	0.0	0.0	0.0	0.0	0.0	0.0	0.0	0.0	0.0	0.0	0.0	0.0	0.0	0.0	0.0	0.0	0.0	0.0	0.0	0.0	0.0	0.0	0.0	0.0	0.0	0.0	0.0	0.0	0.0	0.0	0.0	0.0	0.0	0.0	0.0	0.0	0.0	0.0	0.0	0.0	0.0	0.0	0.0	0.0	0.0	0.0	0.0	0.0	0.0	0.0	0.0	0.0	0.0	0.0	0.0	0.0	0.0	0.0	0.0	0.0	0.0	0.0	0.0	0.0	0.0	0.0	0.0	0.0	0.0	0.0	0.0	0.0	0.0	0.0	0.0	0.0	0.0	0.0	0.0	0.0	0.0	0.0	0.0	0.0	0.0	0.0	0.0	0.0	0.0	0.0	0.0	0.0	0.0	0.0	0.0	0.0	0.0	0.0	0.0	0.0	0.0	0.0	0.0	0.0	0.0	0.0	0.0	0.0	0.0	0.0	0.0	0.0	0.0	0.0	0.0	0.0	0.0	0.0	0.0	0.0	0.0	0.0	0.0	0.0	0.0	0.0	0.0	0.0	0.0	0.0	0.0	0.0	0.0	0.0	0.0	0.0	0.0	0.0	0.0	0.0	0.0	0.0	0.0	0.0	0.0	0.0	1.0	0.0	0.0	0.0	0.0	0.0	0.0	0.0	0.0	0.0	0.0	0.0	0.0	0.0	0.0	0.0	0.0	0.0	0.0	0.0	0.0	0.0	0.0	0.0	0.0	0.0	0.0	0.0	0.0	0.0	0.0	0.0	0.0	0.0	0.0	0.0	0.0	0.0	0.0	0.0	0.0	0.0	0.0	0.0	0.0	0.0	0.0	0.0	0.0	0.0	0.0	0.0	0.0	0.0	0.0	0.0	0.0	0.0	0.0	0.0	0.0	0.0	0.0	0.0	0.0	0.0	0.0	0.0	0.0	0.0	0.0	0.0	0.0	0.0	0.0
2033.454716082288	-35.271900888012624	4134938.082357299	1244.1069922537856	2330.6065845228222	-28.03592002555115	786.0128116791	5431727.051821135	2146.512763645338	-43.93897744883634	1930.6337392493483	4607517.044492347	2142.993672866024	1156.7352519787726	1.636057	140.177887	4.269609950860932	1.9002635874482	0.1936850382	-0.0450225232	-0.0357687716	0.016945184	-0.0067954322	0.136913197	0.0014570631	-0.0055625799	0.063033764	-0.1006442257	0.0479303356	-0.0276849066	-0.0644827651	-0.0380092156	0.035905128	0.0672395751	-0.1126910499	-0.0547429558	0.1475754164	0.1153257268	0.1240945341	-0.0538632141	-0.0234007641	-0.0408111095	0.1402349057	0.0202849632	-0.028361931	0.0429668033	0.0406145988	0.0929524279	-0.0004712904	0.0453683475	0.0848705533	0.0587332564	-0.1413977477	0.0728984829	-0.0680915811	0.0104762655	-0.0377645312	0.0553598644	0.0265025665	-0.0895620177	0.1297059571	-0.0510508491	-0.0178113211	0.0733236445	-0.0738788195	0.0190607341	0.0500436514	-0.0816395852	0.0520454508	-0.6306311623487062	-0.1335236048527122	0.3976956629252802	0.0178285530528632	0.8818487378039208	0.6065109144504817	0.7776571963663683	0.3678554893475594	3.067152065296419	0.9287709907506284	9.407421791652087	0.8626155532599037	0.0989898213882387	0.0346106472237768	0.0011978969012487	0.0097989847384753	0.0392981096540803	0.0046632424030249	2.1745829709369477e-05	0.0015443414223841	-0.020496987992006	-0.0127421991893404	0.0001623636401808	0.0004201265167444	0.0	0.0	0.0	0.0	0.0	0.0	0.0	0.0	0.0	0.0	0.0	0.0	0.0	0.0	0.0	0.0	0.0	0.0	0.0	0.0	0.0	0.0	0.0	0.0	0.0	0.0	0.0	0.0	0.0	0.0	0.0	0.0	0.0	0.0	0.0	0.0	0.0	0.0	0.0	0.0	0.0	0.0	0.0	0.0	0.0	0.0	0.0	0.0	0.0	0.0	0.0	0.0	0.0	0.0	0.0	0.0	0.0	0.0	0.0	0.0	0.0	0.0	0.0	0.0	0.0	0.0	0.0	0.0	0.0	0.0	0.0	0.0	0.0	0.0	0.0	0.0	0.0	0.0	0.0	0.0	0.0	0.0	0.0	0.0	0.0	0.0	0.0	0.0	0.0	0.0	0.0	0.0	0.0	0.0	0.0	0.0	0.0	0.0	0.0	0.0	0.0	0.0	0.0	0.0	0.0	0.0	0.0	0.0	0.0	0.0	0.0	0.0	0.0	0.0	0.0	0.0	0.0	0.0	0.0	0.0	0.0	0.0	0.0	0.0	0.0	0.0	0.0	0.0	0.0	0.0	0.0	0.0	0.0	0.0	0.0	0.0	0.0	0.0	0.0	0.0	0.0	0.0	0.0	0.0	0.0	0.0	0.0	0.0	0.0	0.0	0.0	0.0	0.0	0.0	0.0	0.0	0.0	0.0	0.0	0.0	0.0	0.0	0.0	0.0	0.0	0.0	0.0	1.0	0.0	0.0	0.0	0.0	0.0	0.0	0.0	0.0	0.0	0.0	0.0	0.0	0.0	0.0	0.0	0.0	0.0	0.0	0.0	0.0	0.0	0.0	0.0	0.0	0.0	0.0	0.0	0.0	0.0	0.0	0.0	0.0	0.0	0.0	0.0	0.0	0.0	0.0	0.0	0.0	0.0	0.0	0.0	0.0	0.0	0.0	0.0	0.0	0.0	0.0	0.0	0.0	0.0	0.0	0.0	0.0	0.0	0.0	0.0	0.0	0.0	0.0	0.0	0.0	0.0	0.0	0.0	0.0	0.0	0.0	0.0	0.0	0.0
2080.4553506640686	47.00063458178056	4328294.466106753	2209.059651090067	2324.9612226094287	-5.645361913393572	31.87011113319473	5405444.686637529	2191.5864420351777	45.07367838983964	2031.6364835906973	4803051.1329124095	2189.276827184165	1227.3851981224443	1.796583	153.931763	4.998437208648546	2.705148467070485	0.2150649966	-0.0596696458	0.0885320595	0.1894225636	0.0392460897	0.1637231009	-0.0568452745	-0.1060967664	0.049003043	-0.1345620593	-0.0730571052	0.0068374732	-0.0537031373	-0.0795360504	0.0015452101	0.0508309063	-0.1088613271	-0.008073584	0.0665140903	0.0499233354	0.0976955149	-0.1618529554	-0.0057742435	-0.0433929981	0.1443152865	-0.0646783476	0.0043311387	0.133568528	0.1024520448	0.1357838525	0.1117658733	-0.1466934003	0.0454794839	0.0293715663	-0.1196868626	-0.05048016	-0.1020690315	0.1588943883	0.032250214	0.0024559105	0.0283544798	0.1059130233	-0.0600784677	-0.0517153317	-0.0161386543	0.0721591615	-0.0752698111	0.0231897558	0.0458939156	-0.0813264124	0.0571272725	-0.439019718831517	0.1916114435171891	0.1927383135229042	0.0367149452867409	-0.5261378956881373	-1.407986633492058	0.2768210852791412	1.9824263600922991	4.653554081894441	1.5864020165980222	21.65556559311641	2.5166713582662714	0.0691004041570007	-0.029889417231238	0.000893377262423	0.0047748658546608	0.0346639706424178	-0.0046341390116625	2.147524437941229e-05	0.0012015908606984	-0.022222174049931	-0.001725186057925	2.976266934458807e-06	0.0004938250195054	0.0	0.0	0.0	0.0	0.0	0.0	0.0	0.0	0.0	0.0	0.0	0.0	0.0	0.0	0.0	0.0	0.0	0.0	0.0	0.0	0.0	0.0	0.0	0.0	0.0	0.0	0.0	0.0	0.0	0.0	0.0	0.0	0.0	0.0	0.0	0.0	0.0	0.0	0.0	0.0	0.0	0.0	0.0	0.0	0.0	0.0	0.0	0.0	0.0	0.0	0.0	0.0	0.0	0.0	0.0	0.0	0.0	0.0	0.0	0.0	0.0	0.0	0.0	0.0	0.0	0.0	0.0	0.0	0.0	0.0	0.0	0.0	0.0	0.0	0.0	0.0	0.0	0.0	0.0	0.0	0.0	0.0	0.0	0.0	0.0	0.0	0.0	0.0	0.0	0.0	0.0	0.0	0.0	0.0	0.0	0.0	0.0	0.0	0.0	0.0	0.0	0.0	0.0	0.0	0.0	0.0	0.0	0.0	0.0	0.0	0.0	0.0	0.0	0.0	0.0	0.0	0.0	0.0	0.0	0.0	0.0	0.0	0.0	0.0	0.0	0.0	0.0	0.0	0.0	0.0	0.0	0.0	0.0	0.0	0.0	0.0	0.0	0.0	0.0	0.0	0.0	0.0	0.0	0.0	0.0	0.0	0.0	0.0	0.0	0.0	0.0	0.0	0.0	0.0	0.0	0.0	0.0	0.0	0.0	0.0	0.0	0.0	0.0	0.0	0.0	0.0	0.0	0.0	1.0	0.0	0.0	0.0	0.0	0.0	0.0	0.0	0.0	0.0	0.0	0.0	0.0	0.0	0.0	0.0	0.0	0.0	0.0	0.0	0.0	0.0	0.0	0.0	0.0	0.0	0.0	0.0	0.0	0.0	0.0	0.0	0.0	0.0	0.0	0.0	0.0	0.0	0.0	0.0	0.0	0.0	0.0	0.0	0.0	0.0	0.0	0.0	0.0	0.0	0.0	0.0	0.0	0.0	0.0	0.0	0.0	0.0	0.0	0.0	0.0	0.0	0.0	0.0	0.0	0.0	0.0	0.0	0.0	0.0	0.0	0.0	0.0
2066.343924467601	-14.11142619646762	4269777.214184167	199.13234929835255	2436.3116956736944	111.35047306426576	12398.927851635775	5935614.678476432	2171.7070747043776	-19.87936733080005	395.1892454728803	4716311.618321045	2185.6095306715483	1596.0250544880255	1.797733	154.030319	5.411784242839074	2.423805586339624	0.0697095738	0.0453539828	-0.0706656385	-0.0468171168	-0.022244682	-0.0241734618	-0.1020352411	-0.0080778099	-0.0248412587	0.0023153125	0.0214431459	-0.0134845673	-0.0141284606	-0.0240752238	0.0093023323	0.0168514067	-0.0046418015	0.0469809316	0.0108092892	0.0171231195	0.0607917092	-0.0417710738	-0.0582075338	-0.0060795084	0.0397692893	0.0617379425	0.0023585879	0.0416936445	-0.0399687409	0.0088376899	0.0556439868	0.0589335406	0.0382999386	0.0028687149	-0.0605090459	-0.0665427136	-0.0245824678	0.0111283328	-0.0576415396	0.0026059635	-0.0262305515	-0.0422092724	-0.0874710361	-0.0523741431	-0.0144589085	0.0709234662	-0.076528754	0.0272552159	0.0415630576	-0.0805764318	0.0618083875	-0.8118221138809218	-0.3728023950494048	0.6590551445860885	0.1389816257545724	-0.065997187174716	0.4601407085134212	0.0043556287149744	0.2117294716312333	2.113683112928598	-2.539870968965843	4.467656301879528	6.450944538995492	0.0527616858450861	-0.0163387183119145	0.000266953716076	0.0027837954932155	0.0429640966508158	0.0083001260083979	6.889209175528484e-05	0.0018459136010206	-0.0060816149640355	0.0161405590858955	0.0002605176476052	3.698604057078052e-05	0.0	0.0	0.0	0.0	0.0	0.0	0.0	0.0	0.0	0.0	0.0	0.0	0.0	0.0	0.0	0.0	0.0	0.0	0.0	0.0	0.0	0.0	0.0	0.0	0.0	0.0	0.0	0.0	0.0	0.0	0.0	0.0	0.0	0.0	0.0	0.0	0.0	0.0	0.0	0.0	0.0	0.0	0.0	0.0	0.0	0.0	0.0	0.0	0.0	0.0	0.0	0.0	0.0	0.0	0.0	0.0	0.0	0.0	0.0	0.0	0.0	0.0	0.0	0.0	0.0	0.0	0.0	0.0	0.0	0.0	0.0	0.0	0.0	0.0	0.0	0.0	0.0	0.0	0.0	0.0	0.0	0.0	0.0	0.0	0.0	0.0	0.0	0.0	0.0	0.0	0.0	0.0	0.0	0.0	0.0	0.0	0.0	0.0	0.0	0.0	0.0	0.0	0.0	0.0	0.0	0.0	0.0	0.0	0.0	0.0	0.0	0.0	0.0	0.0	0.0	0.0	0.0	0.0	0.0	0.0	0.0	0.0	0.0	0.0	0.0	0.0	0.0	0.0	0.0	0.0	0.0	0.0	0.0	0.0	0.0	0.0	0.0	0.0	0.0	0.0	0.0	0.0	0.0	0.0	0.0	0.0	0.0	0.0	0.0	0.0	0.0	0.0	0.0	0.0	0.0	0.0	0.0	0.0	0.0	0.0	0.0	0.0	0.0	0.0	0.0	0.0	0.0	0.0	0.0	1.0	0.0	0.0	0.0	0.0	0.0	0.0	0.0	0.0	0.0	0.0	0.0	0.0	0.0	0.0	0.0	0.0	0.0	0.0	0.0	0.0	0.0	0.0	0.0	0.0	0.0	0.0	0.0	0.0	0.0	0.0	0.0	0.0	0.0	0.0	0.0	0.0	0.0	0.0	0.0	0.0	0.0	0.0	0.0	0.0	0.0	0.0	0.0	0.0	0.0	0.0	0.0	0.0	0.0	0.0	0.0	0.0	0.0	0.0	0.0	0.0	0.0	0.0	0.0	0.0	0.0	0.0	0.0	0.0	0.0	0.0	0.0
2082.388013271392	16.044088803791055	4336339.837816375	257.4127855439335	2388.322306593804	-47.98938907989032	2302.981464261096	5704083.440173549	2173.2243134871774	1.517238782799723	2.302013524031584	4722903.916731813	2179.266116896573	1707.5290631466223	1.072809	91.918602	1.7977760826975788	0.9141088992253732	0.0536647829	0.0581734198	-0.047764642	0.0206874838	-0.0102247359	0.0426657872	-0.008096117	-0.0566312457	-0.1023993674	0.0193625306	-0.0747895382	-0.0073604208	-0.0386537247	-0.0041726766	0.0103634118	0.0347664678	-0.0132850429	-0.0155254353	-0.0214195778	-0.0109019948	0.0743138985	-0.0061168739	-0.0241707027	0.0149359171	0.0329860883	0.0818631058	-0.017471931	0.0552750162	-0.0339769015	-0.0286384386	0.0712010604	0.0155574895	0.0728325581	-0.0206525954	-0.0129846644	-0.0098842259	-0.0874735977	0.0191541803	-0.0223523429	-0.0672168459	0.0158189823	-0.0497229511	-0.0459001212	-0.0530272111	-0.0127728206	0.0696177779	-0.0776534394	0.0312459714	0.0370681691	-0.0793936715	0.066055961	-0.5945308754435104	0.2172912384374115	0.3534669618556268	0.047215482301664	-0.2795039572073108	-0.2135067700325948	0.0781224620945462	0.0455851408497513	2.24990297604225	0.1362198631136522	5.062063401603774	0.0185558511067021	0.040720855159349	-0.0120408306857371	0.0001449816036025	0.0016581880449086	0.0477742175094872	0.0048101208586714	2.3137262675025745e-05	0.0022823758586437	0.0016825977138344	0.0077642126778699	6.028299850719569e-05	2.83113506660075e-06	0.0	0.0	0.0	0.0	0.0	0.0	0.0	0.0	0.0	0.0	0.0	0.0	0.0	0.0	0.0	0.0	0.0	0.0	0.0	0.0	0.0	0.0	0.0	0.0	0.0	0.0	0.0	0.0	0.0	0.0	0.0	0.0	0.0	0.0	0.0	0.0	0.0	0.0	0.0	0.0	0.0	0.0	0.0	0.0	0.0	0.0	0.0	0.0	0.0	0.0	0.0	0.0	0.0	0.0	0.0	0.0	0.0	0.0	0.0	0.0	0.0	0.0	0.0	0.0	0.0	0.0	0.0	0.0	0.0	0.0	0.0	0.0	0.0	0.0	0.0	0.0	0.0	0.0	0.0	0.0	0.0	0.0	0.0	0.0	0.0	0.0	0.0	0.0	0.0	0.0	0.0	0.0	0.0	0.0	0.0	0.0	0.0	0.0	0.0	0.0	0.0	0.0	0.0	0.0	0.0	0.0	0.0	0.0	0.0	0.0	0.0	0.0	0.0	0.0	0.0	0.0	0.0	0.0	0.0	0.0	0.0	0.0	0.0	0.0	0.0	0.0	0.0	0.0	0.0	0.0	0.0	0.0	0.0	0.0	0.0	0.0	0.0	0.0	0.0	0.0	0.0	0.0	0.0	0.0	0.0	0.0	0.0	0.0	0.0	0.0	0.0	0.0	0.0	0.0	0.0	0.0	0.0	0.0	0.0	0.0	0.0	0.0	0.0	0.0	0.0	0.0	0.0	0.0	0.0	0.0	1.0	0.0	0.0	0.0	0.0	0.0	0.0	0.0	0.0	0.0	0.0	0.0	0.0	0.0	0.0	0.0	0.0	0.0	0.0	0.0	0.0	0.0	0.0	0.0	0.0	0.0	0.0	0.0	0.0	0.0	0.0	0.0	0.0	0.0	0.0	0.0	0.0	0.0	0.0	0.0	0.0	0.0	0.0	0.0	0.0	0.0	0.0	0.0	0.0	0.0	0.0	0.0	0.0	0.0	0.0	0.0	0.0	0.0	0.0	0.0	0.0	0.0	0.0	0.0	0.0	0.0	0.0	0.0	0.0	0.0	0.0
2051.0557485743966	-31.33226469699548	4206829.683760079	981.7108110425892	2370.9846015825665	-17.33770501123763	300.59601505669445	5621567.980941641	2179.807745228643	6.583431741465574	43.34157349453645	4751561.80615878	2192.526714683825	1674.3887975710406	1.02547	87.862633	2.0937674247397844	1.1641764620517858	0.0399683541	0.0676383162	0.0122537782	0.0035136938	-0.0016064842	0.0318889524	-0.0282156029	-0.0654208255	-0.0732620079	0.0931879082	-0.0626708095	-0.0040294236	-0.0156254422	0.0151328473	0.0007266592	0.0167815698	0.0079736928	-0.0104090897	-0.0083745313	-0.0394810078	0.0208040967	-0.0296566263	-0.0017145493	0.0055080854	0.0269317863	0.0559577544	-0.0275687813	0.0473746334	-0.0323065647	-0.0054153985	0.0158289992	-0.0158636592	0.0015258593	-0.0114424683	-0.0470853332	0.0078333885	-0.0249300283	0.0257052157	-0.0144965846	-0.0410956117	0.0321986791	-0.0388874739	0.012633197	-0.0536744641	-0.0110811301	0.0682433853	-0.0786418943	0.0351510839	0.0324269895	-0.0777844842	0.0698401994	-0.5315485071768364	0.0629823682666739	0.2825438154819233	0.0039667787124789	-0.5723780348690326	-0.2928740776617218	0.3276166148005355	0.0857752253662042	2.455795538912234	0.2058925628699839	6.030931728941231	0.0423917474451702	0.0207327971167242	-0.0199880580426248	0.0003995224643153	0.0004298488762832	0.0392974866321202	-0.008476730877367	7.185496636730712e-05	0.0015442924556016	0.0038581771126707	0.0021755793988363	4.733145720640916e-06	1.488553063273602e-05	0.0	0.0	0.0	0.0	0.0	0.0	0.0	0.0	0.0	0.0	0.0	0.0	0.0	0.0	0.0	0.0	0.0	0.0	0.0	0.0	0.0	0.0	0.0	0.0	0.0	0.0	0.0	0.0	0.0	0.0	0.0	0.0	0.0	0.0	0.0	0.0	0.0	0.0	0.0	0.0	0.0	0.0	0.0	0.0	0.0	0.0	0.0	0.0	0.0	0.0	0.0	0.0	0.0	0.0	0.0	0.0	0.0	0.0	0.0	0.0	0.0	0.0	0.0	0.0	0.0	0.0	0.0	0.0	0.0	0.0	0.0	0.0	0.0	0.0	0.0	0.0	0.0	0.0	0.0	0.0	0.0	0.0	0.0	0.0	0.0	0.0	0.0	0.0	0.0	0.0	0.0	0.0	0.0	0.0	0.0	0.0	0.0	0.0	0.0	0.0	0.0	0.0	0.0	0.0	0.0	0.0	0.0	0.0	0.0	0.0	0.0	0.0	0.0	0.0	0.0	0.0	0.0	0.0	0.0	0.0	0.0	0.0	0.0	0.0	0.0	0.0	0.0	0.0	0.0	0.0	0.0	0.0	0.0	0.0	0.0	0.0	0.0	0.0	0.0	0.0	0.0	0.0	0.0	0.0	0.0	0.0	0.0	0.0	0.0	0.0	0.0	0.0	0.0	0.0	0.0	0.0	0.0	0.0	0.0	0.0	0.0	0.0	0.0	0.0	0.0	0.0	0.0	0.0	0.0	0.0	0.0	1.0	0.0	0.0	0.0	0.0	0.0	0.0	0.0	0.0	0.0	0.0	0.0	0.0	0.0	0.0	0.0	0.0	0.0	0.0	0.0	0.0	0.0	0.0	0.0	0.0	0.0	0.0	0.0	0.0	0.0	0.0	0.0	0.0	0.0	0.0	0.0	0.0	0.0	0.0	0.0	0.0	0.0	0.0	0.0	0.0	0.0	0.0	0.0	0.0	0.0	0.0	0.0	0.0	0.0	0.0	0.0	0.0	0.0	0.0	0.0	0.0	0.0	0.0	0.0	0.0	0.0	0.0	0.0	0.0	0.0
2092.517776437516	41.4620278631196	4378630.644707007	1719.0997545221062	2387.157977796581	16.173376214014297	261.57809816004345	5698523.210957861	2209.5660811714506	29.758335942807665	885.5585580849984	4882182.267063362	2214.3881160722794	1872.9653361136795	0.790089	67.695038	1.2705746252701384	0.5955046487460631	-0.0129432718	0.0413125447	0.0170982412	0.0283548928	-0.0136410727	-0.0189358041	0.047287857	0.0285946768	-0.0890795907	0.0417183602	-0.0591461734	0.0190586881	-0.0012660316	0.0172206562	-0.0209731464	0.0036130091	0.022956974	0.0007570389	-0.025460945	-0.0513433591	-0.0001191397	0.0201210255	0.0205842446	0.0217593489	-0.012387296	0.0267799246	-0.0283678986	0.0090407582	0.0045556065	0.0047746505	0.0177628873	-0.0020077104	-0.0201557216	0.0085557183	-0.0011204621	-0.0300969364	-0.0300748645	0.0232182622	-0.0116630126	-0.0090123771	0.0196722361	-0.036794967	0.0450649794	-0.054315831	-0.009384579	0.0668016447	-0.0794923845	0.0389598496	0.0276578354	-0.0757575129	0.073134559	-0.4845713178484345	0.0469771893284019	0.2348093620813685	0.0022068563171965	-0.3778921911692379	0.1944858436997947	0.1428025081466878	0.0378247433996209	2.0695365606816623	-0.3862589782305718	4.282981575998083	0.1491959982637254	0.0117387896073999	-0.0089940075093243	8.089217107778189e-05	0.0001377991814467	0.038151074038438	-0.0011464125936822	1.3142618349531491e-06	0.0014555044502863	0.0065748092898916	0.0027166321772209	7.380090386311969e-06	4.322811719844489e-05	0.0	0.0	0.0	0.0	0.0	0.0	0.0	0.0	0.0	0.0	0.0	0.0	0.0	0.0	0.0	0.0	0.0	0.0	0.0	0.0	0.0	0.0	0.0	0.0	0.0	0.0	0.0	0.0	0.0	0.0	0.0	0.0	0.0	0.0	0.0	0.0	0.0	0.0	0.0	0.0	0.0	0.0	0.0	0.0	0.0	0.0	0.0	0.0	0.0	0.0	0.0	0.0	0.0	0.0	0.0	0.0	0.0	0.0	0.0	0.0	0.0	0.0	0.0	0.0	0.0	0.0	0.0	0.0	0.0	0.0	0.0	0.0	0.0	0.0	0.0	0.0	0.0	0.0	0.0	0.0	0.0	0.0	0.0	0.0	0.0	0.0	0.0	0.0	0.0	0.0	0.0	0.0	0.0	0.0	0.0	0.0	0.0	0.0	0.0	0.0	0.0	0.0	0.0	0.0	0.0	0.0	0.0	0.0	0.0	0.0	0.0	0.0	0.0	0.0	0.0	0.0	0.0	0.0	0.0	0.0	0.0	0.0	0.0	0.0	0.0	0.0	0.0	0.0	0.0	0.0	0.0	0.0	0.0	0.0	0.0	0.0	0.0	0.0	0.0	0.0	0.0	0.0	0.0	0.0	0.0	0.0	0.0	0.0	0.0	0.0	0.0	0.0	0.0	0.0	0.0	0.0	0.0	0.0	0.0	0.0	0.0	0.0	0.0	0.0	0.0	0.0	0.0	0.0	0.0	0.0	0.0	0.0	1.0	0.0	0.0	0.0	0.0	0.0	0.0	0.0	0.0	0.0	0.0	0.0	0.0	0.0	0.0	0.0	0.0	0.0	0.0	0.0	0.0	0.0	0.0	0.0	0.0	0.0	0.0	0.0	0.0	0.0	0.0	0.0	0.0	0.0	0.0	0.0	0.0	0.0	0.0	0.0	0.0	0.0	0.0	0.0	0.0	0.0	0.0	0.0	0.0	0.0	0.0	0.0	0.0	0.0	0.0	0.0	0.0	0.0	0.0	0.0	0.0	0.0	0.0	0.0	0.0	0.0	0.0	0.0	0.0
2084.3299712103462	-8.187805227169974	4344431.4288857225	67.04015443807195	2392.499804353061	5.3418265564801	28.535110959516047	5724055.313829435	2207.295229372771	-2.2708517986798142	5.156767891567347	4872152.229611793	2213.366912522798	1927.4286472110607	0.624679	53.52272	0.4876110920020861	0.2669322263851997	-0.0332444608	0.0288147297	0.0228551902	0.0256126492	-0.0106276952	-0.0446048012	0.031525861	0.0609673862	-0.0954727841	0.0520041478	0.0172588984	0.0167122457	-0.0033706922	0.01163819	-0.0204859298	0.0002801869	0.02561417	-0.0093090742	-0.0135280102	-0.0548533175	-0.0153088774	0.0282756741	0.0305164294	0.0422802117	-0.0121407326	0.0073469622	-0.0160875388	0.0014604841	0.0038908145	-0.0052978001	-0.0124381497	0.0132445659	-0.0645956778	0.0074575977	0.0349697362	0.0145482319	-0.0318829358	0.0203978738	0.0002081693	0.0164262908	0.0143513212	-0.0080273006	0.0055261245	-0.0549512416	-0.0076839116	0.0652939789	-0.0802034182	0.0426618292	0.0227795284	-0.0733236445	0.0759159322	-0.579625911242033	-0.0950545933935985	0.3359661969831571	0.0090353757252223	-0.3636869355291594	0.0142052556400784	0.1322681870745909	0.0002017892877999	2.033951405691468	-0.0355851549901942	4.136958320714299	0.0012663032556761	0.0072936477406406	-0.0044451418667593	1.975928621561636e-05	5.319729736455174e-05	0.0396183833178112	0.0014673092793731	2.152996521334694e-06	0.001569616296717	0.0075176799033234	0.0009428706134317	8.890049936732578e-07	5.651551112883252e-05	0.0	0.0	0.0	0.0	0.0	0.0	0.0	0.0	0.0	0.0	0.0	0.0	0.0	0.0	0.0	0.0	0.0	0.0	0.0	0.0	0.0	0.0	0.0	0.0	0.0	0.0	0.0	0.0	0.0	0.0	0.0	0.0	0.0	0.0	0.0	0.0	0.0	0.0	0.0	0.0	0.0	0.0	0.0	0.0	0.0	0.0	0.0	0.0	0.0	0.0	0.0	0.0	0.0	0.0	0.0	0.0	0.0	0.0	0.0	0.0	0.0	0.0	0.0	0.0	0.0	0.0	0.0	0.0	0.0	0.0	0.0	0.0	0.0	0.0	0.0	0.0	0.0	0.0	0.0	0.0	0.0	0.0	0.0	0.0	0.0	0.0	0.0	0.0	0.0	0.0	0.0	0.0	0.0	0.0	0.0	0.0	0.0	0.0	0.0	0.0	0.0	0.0	0.0	0.0	0.0	0.0	0.0	0.0	0.0	0.0	0.0	0.0	0.0	0.0	0.0	0.0	0.0	0.0	0.0	0.0	0.0	0.0	0.0	0.0	0.0	0.0	0.0	0.0	0.0	0.0	0.0	0.0	0.0	0.0	0.0	0.0	0.0	0.0	0.0	0.0	0.0	0.0	0.0	0.0	0.0	0.0	0.0	0.0	0.0	0.0	0.0	0.0	0.0	0.0	0.0	0.0	0.0	0.0	0.0	0.0	0.0	0.0	0.0	0.0	0.0	0.0	0.0	0.0	0.0	0.0	0.0	0.0	0.0	0.0	0.0	0.0	0.0	0.0	0.0	0.0	0.0	0.0	0.0	0.0	0.0	0.0	0.0	0.0	0.0	0.0	0.0	0.0	0.0	0.0	0.0	0.0	0.0	0.0	0.0	0.0	0.0	0.0	0.0	0.0	0.0	0.0	0.0	0.0	0.0	0.0	0.0	0.0	0.0	0.0	0.0	0.0	0.0	0.0	0.0	0.0	0.0	0.0	0.0	0.0	0.0	0.0	0.0	0.0	0.0	0.0	0.0	0.0	0.0	0.0	0.0	0.0	0.0	0.0	0.0	0.0	0.0
2089.9211117380364	5.591140527690186	4367770.25328835	31.26085240037969	2380.1257345121203	-12.374069840940592	153.11760442847554	5664998.51208686	2214.4484581325364	7.153228759765625	51.16868168953806	4903781.973725568	2214.508626160306	1931.8470734198704	0.651305	55.80402	0.374471865399954	0.2010868121228571	-0.0347137583	0.0089404397	0.0118374546	0.0237306984	-0.0105430992	-0.0030470809	0.0601772747	0.0250705895	-0.0367717583	0.0202652447	-0.0169602979	0.0222414663	-0.0019709575	0.0163496247	-0.0199063447	0.0026627264	0.020884131	-0.0020527536	-0.0246380376	-0.0482514831	-0.017951476	0.0305905904	0.0065472184	0.0251968874	-0.0130735738	-0.0065366986	-0.0258322104	-0.031059065	0.0216287617	0.0088798171	-0.0356861061	0.0316771619	-0.0312725197	0.0080684017	0.0400440818	-0.0272107364	-0.0256631378	0.0234382231	-0.0253476532	-0.0008241912	-0.0346417488	0.0093137863	0.0496434495	-0.0555806262	-0.0059798738	0.0637218759	-0.0807737477	0.0462468756	0.0178113211	-0.0704959515	0.0781648097	-0.6091776401839581	-0.0295517289419251	0.371097397300096	0.000873304683457	-0.3539476951317084	0.009739240397451	0.1252789708890487	9.485280351934255e-05	1.9473560494473503	-0.0865953562441177	3.792195583319191	0.0074987557230456	0.004969839684723	-0.0023238080559176	5.400083880747538e-06	2.4699306491847606e-05	0.0391407923327999	-0.0004775909850113	2.2809314896406538e-07	0.0015320016244393	0.0053473681479231	-0.0021703117554003	4.710253115628731e-06	2.859434610942252e-05	0.0	0.0	0.0	0.0	0.0	0.0	0.0	0.0	0.0	0.0	0.0	0.0	0.0	0.0	0.0	0.0	0.0	0.0	0.0	0.0	0.0	0.0	0.0	0.0	0.0	0.0	0.0	0.0	0.0	0.0	0.0	0.0	0.0	0.0	0.0	0.0	0.0	0.0	0.0	0.0	0.0	0.0	0.0	0.0	0.0	0.0	0.0	0.0	0.0	0.0	0.0	0.0	0.0	0.0	0.0	0.0	0.0	0.0	0.0	0.0	0.0	0.0	0.0	0.0	0.0	0.0	0.0	0.0	0.0	0.0	0.0	0.0	0.0	0.0	0.0	0.0	0.0	0.0	0.0	0.0	0.0	0.0	0.0	0.0	0.0	0.0	0.0	0.0	0.0	0.0	0.0	0.0	0.0	0.0	0.0	0.0	0.0	0.0	0.0	0.0	0.0	0.0	0.0	0.0	0.0	0.0	0.0	0.0	0.0	0.0	0.0	0.0	0.0	0.0	0.0	0.0	0.0	0.0	0.0	0.0	0.0	0.0	0.0	0.0	0.0	0.0	0.0	0.0	0.0	0.0	0.0	0.0	0.0	0.0	0.0	0.0	0.0	0.0	0.0	0.0	0.0	0.0	0.0	0.0	0.0	0.0	0.0	0.0	0.0	0.0	0.0	0.0	0.0	0.0	0.0	0.0	0.0	0.0	0.0	0.0	0.0	0.0	0.0	0.0	0.0	0.0	0.0	0.0	0.0	0.0	0.0	0.0	0.0	0.0	0.0	0.0	0.0	0.0	0.0	0.0	0.0	0.0	0.0	0.0	0.0	0.0	0.0	0.0	0.0	0.0	0.0	0.0	0.0	0.0	0.0	0.0	0.0	0.0	0.0	0.0	0.0	0.0	0.0	0.0	0.0	0.0	0.0	0.0	0.0	0.0	0.0	0.0	0.0	0.0	0.0	0.0	0.0	0.0	0.0	0.0	0.0	0.0	0.0	0.0	0.0	0.0	0.0	0.0	0.0	0.0	0.0	0.0	0.0	0.0	0.0	0.0	0.0	0.0	0.0	0.0	0.0
2088.626438596292	-1.2946731417446244	4362360.4000034295	1.6761785439548964	2404.0530441493206	23.927309637200324	572.5161464744594	5779471.039083615	2197.1950822913127	-17.253375841223715	297.6789779185221	4827666.229645128	2198.02405688987	1795.0318950328112	0.896308	76.795952	2.995708037427517	1.7670416914605964	-0.0038276711	0.0282075025	-0.0260829609	-0.0082943816	-0.0198675595	0.0104206016	0.0178291778	0.0313434256	0.0277125445	-0.0007223609	-0.0029596246	0.0086412135	-0.035302932	-0.0081495329	-0.0070143006	0.0314714575	-0.0030665513	-0.0147188966	-0.0209461366	-0.0264364367	0.0516463831	0.0115418099	0.0141400046	0.015641028	-0.0167248642	0.048595228	0.0029157891	-0.0177304639	0.0367830428	-0.059279474	-0.0230663308	0.0404360891	-0.0036833902	-0.0473373485	0.043283483	0.0188477971	-0.0277798228	-0.0036625242	-9.94589e-05	-0.0135929533	0.0134135657	-0.0025067246	-0.0187234953	-0.0562039158	-0.0042732129	0.0620868871	-0.0812023727	0.0497051625	0.0127728206	-0.0672896215	0.0798654172	-0.5003218959634097	0.1088557442205484	0.2503219995804209	0.0118495730498094	-0.1171573658264151	0.2367903293052932	0.0137258483673844	0.0560696600525092	1.53250839859016	-0.4148476508571903	2.3485819917493767	0.1720985734217293	0.0360618398645585	0.0310920001798355	0.0009667124751828	0.001300456294417	0.046514829876028	0.0073740375432281	5.437642968893753e-05	0.0021636293983958	0.0115856166857492	0.0062382485378261	3.891574481968948e-05	0.0001342265139891	0.0	0.0	0.0	0.0	0.0	0.0	0.0	0.0	0.0	0.0	0.0	0.0	0.0	0.0	0.0	0.0	0.0	0.0	0.0	0.0	0.0	0.0	0.0	0.0	0.0	0.0	0.0	0.0	0.0	0.0	0.0	0.0	0.0	0.0	0.0	0.0	0.0	0.0	0.0	0.0	0.0	0.0	0.0	0.0	0.0	0.0	0.0	0.0	0.0	0.0	0.0	0.0	0.0	0.0	0.0	0.0	0.0	0.0	0.0	0.0	0.0	0.0	0.0	0.0	0.0	0.0	0.0	0.0	0.0	0.0	0.0	0.0	0.0	0.0	0.0	0.0	0.0	0.0	0.0	0.0	0.0	0.0	0.0	0.0	0.0	0.0	0.0	0.0	0.0	0.0	0.0	0.0	0.0	0.0	0.0	0.0	0.0	0.0	0.0	0.0	0.0	0.0	0.0	0.0	0.0	0.0	0.0	0.0	0.0	0.0	0.0	0.0	0.0	0.0	0.0	0.0	0.0	0.0	0.0	0.0	0.0	0.0	0.0	0.0	0.0	0.0	0.0	0.0	0.0	0.0	0.0	0.0	0.0	0.0	0.0	0.0	0.0	0.0	0.0	0.0	0.0	0.0	0.0	0.0	0.0	0.0	0.0	0.0	0.0	0.0	0.0	0.0	0.0	0.0	0.0	0.0	0.0	0.0	0.0	0.0	0.0	0.0	0.0	0.0	0.0	0.0	0.0	0.0	0.0	0.0	0.0	0.0	0.0	1.0	0.0	0.0	0.0	0.0	0.0	0.0	0.0	0.0	0.0	0.0	0.0	0.0	0.0	0.0	0.0	0.0	0.0	0.0	0.0	0.0	0.0	0.0	0.0	0.0	0.0	0.0	0.0	0.0	0.0	0.0	0.0	0.0	0.0	0.0	0.0	0.0	0.0	0.0	0.0	0.0	0.0	0.0	0.0	0.0	0.0	0.0	0.0	0.0	0.0	0.0	0.0	0.0	0.0	0.0	0.0	0.0	0.0	0.0	0.0	0.0	0.0	0.0	0.0	0.0	0.0	0.0	0.0
2095.0855939236635	6.459155327371718	4389383.6458664695	41.72068754311445	2381.852764390919	-22.200279758401397	492.8524213512866	5673222.591236664	2196.8225276781163	-0.372554613196371	0.1387969398138976	4826029.218114068	2201.822163651629	1866.2985644115777	0.93496	80.107681	1.6691042800774412	0.8299766387420004	-0.0032798116	0.060066125	-0.0029804821	0.0468639188	-0.0184147211	0.025358988	0.0123791996	-0.080970468	-0.0095258852	0.0464648124	-0.1003725397	0.0081169582	-0.0252812023	-0.0073463967	-0.0072662243	0.0297907719	-0.0093947246	0.0111741877	-0.0029762057	-0.0336718895	0.0304073127	0.0268635305	0.0062137905	0.0417807393	-0.049918848	0.0266351788	0.0107158109	0.0631020859	0.0236916285	-0.0138332691	0.0171392055	0.0145475392	-0.0124705621	-0.031365411	0.0404507394	-0.0303469997	-0.0204582367	0.0344994696	0.009122647	-0.0257162435	0.0057347114	0.0177940432	0.0187161449	-0.0568210419	-0.0025646777	0.060390626	-0.0814885411	0.0530272111	0.0076839116	-0.0637218759	0.0810058262	-0.5243105624307418	-0.0239886664673321	0.2749015658764408	0.0005754561188809	-0.3314474102174927	-0.2142900443910775	0.1098573857398828	0.04592022312513	1.916309701441996	0.3838013028518361	3.672242871840712	0.1473034400707668	0.023857211576905	-0.0122046282876535	0.0001489529516397	0.0005691665442252	0.0396201625449492	-0.0068946673310788	4.753643760624531e-05	0.0015697572800881	0.0097444269771376	-0.0018411897086116	3.3899795430972683e-06	9.495385711276704e-05	0.0	0.0	0.0	0.0	0.0	0.0	0.0	0.0	0.0	0.0	0.0	0.0	0.0	0.0	0.0	0.0	0.0	0.0	0.0	0.0	0.0	0.0	0.0	0.0	0.0	0.0	0.0	0.0	0.0	0.0	0.0	0.0	0.0	0.0	0.0	0.0	0.0	0.0	0.0	0.0	0.0	0.0	0.0	0.0	0.0	0.0	0.0	0.0	0.0	0.0	0.0	0.0	0.0	0.0	0.0	0.0	0.0	0.0	0.0	0.0	0.0	0.0	0.0	0.0	0.0	0.0	0.0	0.0	0.0	0.0	0.0	0.0	0.0	0.0	0.0	0.0	0.0	0.0	0.0	0.0	0.0	0.0	0.0	0.0	0.0	0.0	0.0	0.0	0.0	0.0	0.0	0.0	0.0	0.0	0.0	0.0	0.0	0.0	0.0	0.0	0.0	0.0	0.0	0.0	0.0	0.0	0.0	0.0	0.0	0.0	0.0	0.0	0.0	0.0	0.0	0.0	0.0	0.0	0.0	0.0	0.0	0.0	0.0	0.0	0.0	0.0	0.0	0.0	0.0	0.0	0.0	0.0	0.0	0.0	0.0	0.0	0.0	0.0	0.0	0.0	0.0	0.0	0.0	0.0	0.0	0.0	0.0	0.0	0.0	0.0	0.0	0.0	0.0	0.0	0.0	0.0	0.0	0.0	0.0	0.0	0.0	0.0	0.0	0.0	0.0	0.0	0.0	0.0	0.0	0.0	0.0	0.0	0.0	0.0	1.0	0.0	0.0	0.0	0.0	0.0	0.0	0.0	0.0	0.0	0.0	0.0	0.0	0.0	0.0	0.0	0.0	0.0	0.0	0.0	0.0	0.0	0.0	0.0	0.0	0.0	0.0	0.0	0.0	0.0	0.0	0.0	0.0	0.0	0.0	0.0	0.0	0.0	0.0	0.0	0.0	0.0	0.0	0.0	0.0	0.0	0.0	0.0	0.0	0.0	0.0	0.0	0.0	0.0	0.0	0.0	0.0	0.0	0.0	0.0	0.0	0.0	0.0	0.0	0.0	0.0	0.0
2091.30411340308	-3.7814805205835	4373552.894736643	14.29959492755246	2387.9648195031573	6.112055112238068	37.35721769503549	5702375.979184747	2208.821349434231	11.998821756114468	143.97172353500585	4878891.753716457	2208.465477388495	1918.49187824151	0.748355	64.119286	0.9738586507711258	0.46209029859163	-0.0368563166	0.0272599362	-0.0091120835	0.0157167268	-0.0167344351	-7.45383e-05	0.059287869	0.0596570592	-0.01745392	-0.0005193725	-0.0306707705	0.0171462366	-0.0124896242	0.0087763614	-0.015946932	0.0132829165	0.0168717594	-0.0012353888	-0.0154120966	-0.0444420783	0.0088979074	0.0422377248	0.0074760108	0.0326749989	-0.03102272	0.0107822817	-0.0201468913	-0.0054260835	0.0591427346	-0.020153522	-0.0351933761	0.0184754045	-0.0363627705	-0.0301015076	0.0682960089	-0.0168757443	-0.0228410829	0.0168819265	-0.0004537068	0.0137333791	0.0488011976	0.0124012788	0.01277954	-0.057431937	-0.0008550176	0.0586347667	-0.081631751	0.0562039158	0.0025646777	-0.0598118772	0.0815780375	-0.670194623182482	-0.1458840607517402	0.4491608329427091	0.0212821591814174	-0.3472174982088774	-0.0157700879913846	0.1205599910624317	0.000248695675256	1.7405811696361653	-0.1757285318058308	3.029622808092001	0.0308805168906328	0.016218180063905	-0.0076390315129999	5.835480245660703e-05	0.0002630293645852	0.0422726807948212	0.002652518249872	7.035853065904042e-06	0.0017869795415808	0.012182396618709	0.0024379696415714	5.943695973223781e-06	0.0001484107873755	0.0	0.0	0.0	0.0	0.0	0.0	0.0	0.0	0.0	0.0	0.0	0.0	0.0	0.0	0.0	0.0	0.0	0.0	0.0	0.0	0.0	0.0	0.0	0.0	0.0	0.0	0.0	0.0	0.0	0.0	0.0	0.0	0.0	0.0	0.0	0.0	0.0	0.0	0.0	0.0	0.0	0.0	0.0	0.0	0.0	0.0	0.0	0.0	0.0	0.0	0.0	0.0	0.0	0.0	0.0	0.0	0.0	0.0	0.0	0.0	0.0	0.0	0.0	0.0	0.0	0.0	0.0	0.0	0.0	0.0	0.0	0.0	0.0	0.0	0.0	0.0	0.0	0.0	0.0	0.0	0.0	0.0	0.0	0.0	0.0	0.0	0.0	0.0	0.0	0.0	0.0	0.0	0.0	0.0	0.0	0.0	0.0	0.0	0.0	0.0	0.0	0.0	0.0	0.0	0.0	0.0	0.0	0.0	0.0	0.0	0.0	0.0	0.0	0.0	0.0	0.0	0.0	0.0	0.0	0.0	0.0	0.0	0.0	0.0	0.0	0.0	0.0	0.0	0.0	0.0	0.0	0.0	0.0	0.0	0.0	0.0	0.0	0.0	0.0	0.0	0.0	0.0	0.0	0.0	0.0	0.0	0.0	0.0	0.0	0.0	0.0	0.0	0.0	0.0	0.0	0.0	0.0	0.0	0.0	0.0	0.0	0.0	0.0	0.0	0.0	0.0	0.0	0.0	0.0	0.0	0.0	0.0	0.0	0.0	0.0	1.0	0.0	0.0	0.0	0.0	0.0	0.0	0.0	0.0	0.0	0.0	0.0	0.0	0.0	0.0	0.0	0.0	0.0	0.0	0.0	0.0	0.0	0.0	0.0	0.0	0.0	0.0	0.0	0.0	0.0	0.0	0.0	0.0	0.0	0.0	0.0	0.0	0.0	0.0	0.0	0.0	0.0	0.0	0.0	0.0	0.0	0.0	0.0	0.0	0.0	0.0	0.0	0.0	0.0	0.0	0.0	0.0	0.0	0.0	0.0	0.0	0.0	0.0	0.0	0.0	0.0
2083.1962976007894	-8.107815802290588	4339706.814337636	65.73667708387298	2395.6152364652453	7.650416962088002	58.528879693803816	5738972.361184433	2172.9604190328846	-35.860930401346195	1286.0063292501957	4721756.982683569	2178.403270016979	1955.5449956546624	0.709981	60.831356	0.5484748046687091	0.3114314927817147	-0.0453337631	0.026212413	-0.0091677035	0.0273956381	-0.0140064625	-0.0151196075	0.0380658737	0.0711387724	0.0005847794	0.0271813173	0.003166086	-0.0089066525	-0.0229131996	-0.031611198	0.0058060573	0.0320038624	-0.0033568053	0.0882429487	0.0058180778	-0.0341269582	-0.0083403415	0.0431978085	0.0280406881	0.0739657563	-0.0427567448	0.0025602551	0.0094340722	0.0318831454	0.030686521	0.0058216824	-0.0094809897	0.0010730303	-0.0431169011	-0.0400853857	0.0798018108	-0.053205161	-0.0353961847	0.0358115383	-0.0066813788	0.0347191732	0.027383796	-0.0083568632	-0.006149545	-0.058036534	0.0008550176	0.0568210419	-0.081631751	0.0592265694	-0.0025646777	-0.0555806262	0.0815780375	-0.9026747847962752	-0.2324801616137931	0.8148217671070017	0.0540470255439753	-0.3549162142260513	-0.0076987160171739	0.1259655191205523	5.927022831309032e-05	1.7624978749449625	0.0219167053087971	3.1063987591855087	0.0004803419715926	0.0137850199303336	-0.0024331601335714	5.9202682356012045e-06	0.0001900267744796	0.0443937274108943	0.002121046616073	4.498838747555135e-06	0.0019708030334327	0.0133557743036434	0.0011733776849343	1.3768151915020094e-06	0.0001783767072498	0.0	0.0	0.0	0.0	0.0	0.0	0.0	0.0	0.0	0.0	0.0	0.0	0.0	0.0	0.0	0.0	0.0	0.0	0.0	0.0	0.0	0.0	0.0	0.0	0.0	0.0	0.0	0.0	0.0	0.0	0.0	0.0	0.0	0.0	0.0	0.0	0.0	0.0	0.0	0.0	0.0	0.0	0.0	0.0	0.0	0.0	0.0	0.0	0.0	0.0	0.0	0.0	0.0	0.0	0.0	0.0	0.0	0.0	0.0	0.0	0.0	0.0	0.0	0.0	0.0	0.0	0.0	0.0	0.0	0.0	0.0	0.0	0.0	0.0	0.0	0.0	0.0	0.0	0.0	0.0	0.0	0.0	0.0	0.0	0.0	0.0	0.0	0.0	0.0	0.0	0.0	0.0	0.0	0.0	0.0	0.0	0.0	0.0	0.0	0.0	0.0	0.0	0.0	0.0	0.0	0.0	0.0	0.0	0.0	0.0	0.0	0.0	0.0	0.0	0.0	0.0	0.0	0.0	0.0	0.0	0.0	0.0	0.0	0.0	0.0	0.0	0.0	0.0	0.0	0.0	0.0	0.0	0.0	0.0	0.0	0.0	0.0	0.0	0.0	0.0	0.0	0.0	0.0	0.0	0.0	0.0	0.0	0.0	0.0	0.0	0.0	0.0	0.0	0.0	0.0	0.0	0.0	0.0	0.0	0.0	0.0	0.0	0.0	0.0	0.0	0.0	0.0	0.0	0.0	0.0	0.0	0.0	0.0	0.0	0.0	0.0	1.0	0.0	0.0	0.0	0.0	0.0	0.0	0.0	0.0	0.0	0.0	0.0	0.0	0.0	0.0	0.0	0.0	0.0	0.0	0.0	0.0	0.0	0.0	0.0	0.0	0.0	0.0	0.0	0.0	0.0	0.0	0.0	0.0	0.0	0.0	0.0	0.0	0.0	0.0	0.0	0.0	0.0	0.0	0.0	0.0	0.0	0.0	0.0	0.0	0.0	0.0	0.0	0.0	0.0	0.0	0.0	0.0	0.0	0.0	0.0	0.0	0.0	0.0	0.0	0.0
2064.328220858204	-18.868076742585345	4261451.003431598	356.00431996409	2372.745408149615	-22.869828315630457	523.0290471864126	5629920.771895083	2141.587569858717	-31.37284917416764	984.2556653050711	4586397.319373365	2139.727983428211	1964.9954104903711	0.74226	63.597054	1.0346231781734945	0.6242562504415005	-0.0572335618	-0.0127465212	-0.0353600218	0.0120781826	-0.0027313748	0.0272802453	0.0456939634	0.0537915618	0.0296493941	0.013148967	-0.0038137926	-0.03483767	-0.0221152524	-0.0034335401	0.0375156452	0.0407155969	0.0196282728	0.1049937634	-0.0100567628	-0.0185144088	0.0042793076	0.0381036017	0.0150435332	0.0469509877	-0.0085915598	-0.0005781201	-0.0002008347	0.0076104563	0.0712195395	-0.0050609137	-0.0652216839	0.0030058209	-0.0226450072	-0.0638692136	0.0765544719	-0.0179862725	-0.0203506974	0.0259790367	-0.0409930934	0.0349779722	0.0290590316	-0.0112203115	0.0130479833	-0.0586347667	0.0025646777	0.0549512416	-0.0814885411	0.0620868871	-0.0076839116	-0.0510508491	0.0810058262	-0.726736826333422	0.1759379584628532	0.5281464147491743	0.0309541652280766	-0.352433449742378	0.0024827644836732	0.1242093364973132	6.16411948138952e-06	1.6007619404060949	-0.1617359345388676	2.562438789852686	0.0261585125211608	0.0145464197242159	0.0007613997938823	5.797296461240109e-07	0.000211598326793	0.0564140370790269	0.0120203096681326	0.0001444878445178	0.0031825435795538	0.0122481533518963	-0.001107620951747	1.226824172749151e-06	0.0001500172605315	0.0	0.0	0.0	0.0	0.0	0.0	0.0	0.0	0.0	0.0	0.0	0.0	0.0	0.0	0.0	0.0	0.0	0.0	0.0	0.0	0.0	0.0	0.0	0.0	0.0	0.0	0.0	0.0	0.0	0.0	0.0	0.0	0.0	0.0	0.0	0.0	0.0	0.0	0.0	0.0	0.0	0.0	0.0	0.0	0.0	0.0	0.0	0.0	0.0	0.0	0.0	0.0	0.0	0.0	0.0	0.0	0.0	0.0	0.0	0.0	0.0	0.0	0.0	0.0	0.0	0.0	0.0	0.0	0.0	0.0	0.0	0.0	0.0	0.0	0.0	0.0	0.0	0.0	0.0	0.0	0.0	0.0	0.0	0.0	0.0	0.0	0.0	0.0	0.0	0.0	0.0	0.0	0.0	0.0	0.0	0.0	0.0	0.0	0.0	0.0	0.0	0.0	0.0	0.0	0.0	0.0	0.0	0.0	0.0	0.0	0.0	0.0	0.0	0.0	0.0	0.0	0.0	0.0	0.0	0.0	0.0	0.0	0.0	0.0	0.0	0.0	0.0	0.0	0.0	0.0	0.0	0.0	0.0	0.0	0.0	0.0	0.0	0.0	0.0	0.0	0.0	0.0	0.0	0.0	0.0	0.0	0.0	0.0	0.0	0.0	0.0	0.0	0.0	0.0	0.0	0.0	0.0	0.0	0.0	0.0	0.0	0.0	0.0	0.0	0.0	0.0	0.0	0.0	0.0	0.0	0.0	0.0	0.0	0.0	0.0	0.0	0.0	1.0	0.0	0.0	0.0	0.0	0.0	0.0	0.0	0.0	0.0	0.0	0.0	0.0	0.0	0.0	0.0	0.0	0.0	0.0	0.0	0.0	0.0	0.0	0.0	0.0	0.0	0.0	0.0	0.0	0.0	0.0	0.0	0.0	0.0	0.0	0.0	0.0	0.0	0.0	0.0	0.0	0.0	0.0	0.0	0.0	0.0	0.0	0.0	0.0	0.0	0.0	0.0	0.0	0.0	0.0	0.0	0.0	0.0	0.0	0.0	0.0	0.0	0.0	0.0
2096.928837996773	32.60061713856885	4397110.551622496	1062.800237815549	2388.6007794941943	15.855371344579453	251.39280047451123	5705413.683800273	2180.516356095024	38.92878623630713	1515.4503978320956	4754651.579197922	2190.591325926033	2054.128604116638	0.7837779999999999	67.154388	0.6701618376785488	0.4030700676157141	-0.0731355024	0.0008310702	-0.0572791829	0.0340749902	-0.0146089975	0.0096830923	0.0472911519	0.0514468876	0.0471379993	-0.0060611048	0.0261777229	-0.0033548012	-0.0154226539	0.0054772215	-0.0018294367	0.0168315653	0.0212444388	0.0505090027	0.0135901954	-0.0365675912	0.0104992316	0.0561167495	-0.0028192169	0.0447862818	-0.0413982962	0.0327668706	-0.0132849878	-0.0090145814	0.0625251483	-0.004957984	-0.0467800532	0.0344844051	-0.0005569497	-0.0299976688	0.1031187827	-0.0366145896	-0.0585186609	0.0238770545	-0.0146919318	0.0134186853	0.0382842284	-0.0146478479	0.029449613	-0.0592265694	0.0042732129	0.0530272111	-0.0812023727	0.064777029	-0.0127728206	-0.0462468756	0.0798654172	-0.5750705976456487	0.1516662286877732	0.3307061922765236	0.0230026449243719	-0.3453590620950422	0.0070743876473358	0.1192728817711672	5.004696058477752e-05	1.5110329178284303	-0.0897290225776645	2.2832204787611	0.008051297492743	0.0145946774096778	4.825768546190025e-05	2.3288042061396982e-09	0.0002130046086925	0.0509429916383334	-0.0054710454406935	2.993233821413317e-05	0.0025951883970633	0.0093336125027362	-0.0029145408491601	8.494548361422878e-06	8.71163223512335e-05	0.0	0.0	0.0	0.0	0.0	0.0	0.0	0.0	0.0	0.0	0.0	0.0	0.0	0.0	0.0	0.0	0.0	0.0	0.0	0.0	0.0	0.0	0.0	0.0	0.0	0.0	0.0	0.0	0.0	0.0	0.0	0.0	0.0	0.0	0.0	0.0	0.0	0.0	0.0	0.0	0.0	0.0	0.0	0.0	0.0	0.0	0.0	0.0	0.0	0.0	0.0	0.0	0.0	0.0	0.0	0.0	0.0	0.0	0.0	0.0	0.0	0.0	0.0	0.0	0.0	0.0	0.0	0.0	0.0	0.0	0.0	0.0	0.0	0.0	0.0	0.0	0.0	0.0	0.0	0.0	0.0	0.0	0.0	0.0	0.0	0.0	0.0	0.0	0.0	0.0	0.0	0.0	0.0	0.0	0.0	0.0	0.0	0.0	0.0	0.0	0.0	0.0	0.0	0.0	0.0	0.0	0.0	0.0	0.0	0.0	0.0	0.0	0.0	0.0	0.0	0.0	0.0	0.0	0.0	0.0	0.0	0.0	0.0	0.0	0.0	0.0	0.0	0.0	0.0	0.0	0.0	0.0	0.0	0.0	0.0	0.0	0.0	0.0	0.0	0.0	0.0	0.0	0.0	0.0	0.0	0.0	0.0	0.0	0.0	0.0	0.0	0.0	0.0	0.0	0.0	0.0	0.0	0.0	0.0	0.0	0.0	0.0	0.0	0.0	0.0	0.0	0.0	0.0	0.0	0.0	0.0	0.0	0.0	0.0	0.0	0.0	0.0	0.0	1.0	0.0	0.0	0.0	0.0	0.0	0.0	0.0	0.0	0.0	0.0	0.0	0.0	0.0	0.0	0.0	0.0	0.0	0.0	0.0	0.0	0.0	0.0	0.0	0.0	0.0	0.0	0.0	0.0	0.0	0.0	0.0	0.0	0.0	0.0	0.0	0.0	0.0	0.0	0.0	0.0	0.0	0.0	0.0	0.0	0.0	0.0	0.0	0.0	0.0	0.0	0.0	0.0	0.0	0.0	0.0	0.0	0.0	0.0	0.0	0.0	0.0	0.0
2098.8354517814746	1.906613784701676	4405110.253654746	3.63517612401445	2397.224210556239	8.623431062044801	74.36356328183913	5746683.915676984	2208.695987203847	28.179631108822832	794.0916094293356	4878337.963890376	2209.918161106442	2014.9860673430933	0.734804	62.958233	1.4345026935942071	0.6696365680532679	-0.0676531563	0.0212539747	-0.0095381806	0.0297342188	-0.0222725445	-0.0079535793	0.0362239433	0.0347385402	-0.0364616399	0.0275135337	0.010286239	0.0209722094	0.0020037533	0.0238871163	-0.0205044988	0.0018499622	0.0311276554	-0.0012889541	-0.0297220633	-0.0485140449	-0.0121708181	0.0542294848	0.0181582732	0.0202050972	-0.0115525338	-0.0006175524	-0.0292529868	-0.0044071519	0.0385304308	-0.0091464049	-0.0424552587	0.0010811479	-0.0168071206	-0.0015933838	0.041869472	0.0110046973	-0.022331715	0.0104155154	0.0055980468	-0.0002579577	0.0304999923	0.0048760334	0.0329327141	-0.0598118772	0.0059798738	0.0510508491	-0.0807737477	0.0672896215	-0.0178113211	-0.041194508	0.0781648097	-0.5979867432449311	-0.0229161455992823	0.3575881450966791	0.0005251497291275	-0.4167891064083022	-0.07143004431326	0.173713159220631	0.0051022512305942	1.8597045783396453	0.348671660511215	3.458501118697438	0.1215719268436479	0.0070834398480748	-0.007511237561603	5.641868970683579e-05	5.017512008129395e-05	0.042260627413919	-0.0086823642244144	7.53834485253911e-05	0.001785960629418	0.0056975174253446	-0.0036360950773916	1.3221187411831425e-05	3.246170481210536e-05	0.0	0.0	0.0	0.0	0.0	0.0	0.0	0.0	0.0	0.0	0.0	0.0	0.0	0.0	0.0	0.0	0.0	0.0	0.0	0.0	0.0	0.0	0.0	0.0	0.0	0.0	0.0	0.0	0.0	0.0	0.0	0.0	0.0	0.0	0.0	0.0	0.0	0.0	0.0	0.0	0.0	0.0	0.0	0.0	0.0	0.0	0.0	0.0	0.0	0.0	0.0	0.0	0.0	0.0	0.0	0.0	0.0	0.0	0.0	0.0	0.0	0.0	0.0	0.0	0.0	0.0	0.0	0.0	0.0	0.0	0.0	0.0	0.0	0.0	0.0	0.0	0.0	0.0	0.0	0.0	0.0	0.0	0.0	0.0	0.0	0.0	0.0	0.0	0.0	0.0	0.0	0.0	0.0	0.0	0.0	0.0	0.0	0.0	0.0	0.0	0.0	0.0	0.0	0.0	0.0	0.0	0.0	0.0	0.0	0.0	0.0	0.0	0.0	0.0	0.0	0.0	0.0	0.0	0.0	0.0	0.0	0.0	0.0	0.0	0.0	0.0	0.0	0.0	0.0	0.0	0.0	0.0	0.0	0.0	0.0	0.0	0.0	0.0	0.0	0.0	0.0	0.0	0.0	0.0	0.0	0.0	0.0	0.0	0.0	0.0	0.0	0.0	0.0	0.0	0.0	0.0	0.0	0.0	0.0	0.0	0.0	0.0	0.0	0.0	0.0	0.0	0.0	0.0	0.0	0.0	0.0	0.0	0.0	0.0	0.0	0.0	0.0	0.0	0.0	1.0	0.0	0.0	0.0	0.0	0.0	0.0	0.0	0.0	0.0	0.0	0.0	0.0	0.0	0.0	0.0	0.0	0.0	0.0	0.0	0.0	0.0	0.0	0.0	0.0	0.0	0.0	0.0	0.0	0.0	0.0	0.0	0.0	0.0	0.0	0.0	0.0	0.0	0.0	0.0	0.0	0.0	0.0	0.0	0.0	0.0	0.0	0.0	0.0	0.0	0.0	0.0	0.0	0.0	0.0	0.0	0.0	0.0	0.0	0.0	0.0	0.0
2105.326770259136	6.49131847766148	4432400.809569765	42.13721557842936	2399.634444145307	2.410233589067957	5.8092259538714055	5758245.465528557	2216.253321440324	7.55733423647689	57.11330076182575	4911778.784795268	2215.7890208174545	2007.085494564065	0.529504	45.368103	0.416028135191518	0.2501231163604969	-0.0816700037	-0.0005491806	-0.0129198305	0.0283163136	-0.0280194306	-0.0049163497	0.0667401725	0.0590254624	-0.0155905448	0.0118844692	-0.0046365335	0.0232352744	0.0021504212	0.0211723719	-0.023836512	0.0024046113	0.0301560559	0.0175907692	-0.013519344	-0.0514386098	-0.0170843048	0.0641671095	0.0213598256	0.0381043646	-0.030626317	-0.0012192464	-0.0189039034	-0.0156631553	0.0337844858	0.0148628302	-0.0250559586	0.0054620416	-0.0253067314	0.0062122745	0.0426172199	-0.0262004014	-0.0155264477	-0.0033250952	0.0040242236	0.0272039185	0.0207920066	-0.0099967217	0.0366669102	-0.060390626	0.0076839116	0.0490241061	-0.0802034182	0.0696177779	-0.0227795284	-0.0359208828	0.0759159322	-0.5786583546500168	0.0193283885949142	0.3348454914062646	0.000373586605676	-0.3477899013652035	0.0689992050430987	0.1209578154916179	0.0047608902965795	1.6582272490081351	-0.2014773293315102	2.749717609353088	0.0405931142345578	0.0066655048129878	-0.0004179350350869	1.746696935531716e-07	4.442895441196353e-05	0.0416771100286532	-0.0005835173852657	3.404925389074327e-07	0.0017369815003404	0.0041745056012575	-0.0015230118240871	2.319565016309116e-06	1.7426497014930238e-05	0.0	0.0	0.0	0.0	0.0	0.0	0.0	0.0	0.0	0.0	0.0	0.0	0.0	0.0	0.0	0.0	0.0	0.0	0.0	0.0	0.0	0.0	0.0	0.0	0.0	0.0	0.0	0.0	0.0	0.0	0.0	0.0	0.0	0.0	0.0	0.0	0.0	0.0	0.0	0.0	0.0	0.0	0.0	0.0	0.0	0.0	0.0	0.0	0.0	0.0	0.0	0.0	0.0	0.0	0.0	0.0	0.0	0.0	0.0	0.0	0.0	0.0	0.0	0.0	0.0	0.0	0.0	0.0	0.0	0.0	0.0	0.0	0.0	0.0	0.0	0.0	0.0	0.0	0.0	0.0	0.0	0.0	0.0	0.0	0.0	0.0	0.0	0.0	0.0	0.0	0.0	0.0	0.0	0.0	0.0	0.0	0.0	0.0	0.0	0.0	0.0	0.0	0.0	0.0	0.0	0.0	0.0	0.0	0.0	0.0	0.0	0.0	0.0	0.0	0.0	0.0	0.0	0.0	0.0	0.0	0.0	0.0	0.0	0.0	0.0	0.0	0.0	0.0	0.0	0.0	0.0	0.0	0.0	0.0	0.0	0.0	0.0	0.0	0.0	0.0	0.0	0.0	0.0	0.0	0.0	0.0	0.0	0.0	0.0	0.0	0.0	0.0	0.0	0.0	0.0	0.0	0.0	0.0	0.0	0.0	0.0	0.0	0.0	0.0	0.0	0.0	0.0	0.0	0.0	0.0	0.0	0.0	0.0	0.0	0.0	0.0	0.0	0.0	0.0	0.0	0.0	0.0	0.0	0.0	0.0	0.0	0.0	0.0	0.0	0.0	0.0	0.0	0.0	0.0	0.0	0.0	0.0	0.0	0.0	0.0	0.0	0.0	0.0	0.0	0.0	0.0	0.0	0.0	0.0	0.0	0.0	0.0	0.0	0.0	0.0	0.0	0.0	0.0	0.0	0.0	0.0	0.0	0.0	0.0	0.0	0.0	0.0	0.0	0.0	0.0	0.0	0.0	0.0	0.0	0.0	0.0	0.0	0.0	0.0	0.0	0.0
2112.3503134386697	7.02354317953359	4462023.846684446	49.33015879477281	2402.3450099997326	2.7105658544255675	7.347167251177807	5771261.547070615	2216.760111601456	0.5067901611323578	0.2568362674205611	4914025.392387301	2214.5316946847097	2045.6408634260645	0.54337	46.556149	0.908551848667802	0.4139726983839246	-0.0944491698	-0.0057388488	-0.0423730331	0.0235270662	-0.03173198	-0.0046213123	0.0522899085	0.0780714928	0.0118879896	-0.0017487281	0.0563802619	0.0266139741	-0.0083008972	0.0053123075	-0.0256675318	0.0092692492	0.0115632196	0.0041355219	-0.0128629592	-0.0470772036	0.0046128479	0.0763223621	0.0258354668	0.0448647931	-0.050519309	0.0041939441	0.0061986138	0.0018580804	0.0564923926	-0.0191962094	-0.0504568097	-0.0008118887	-0.0313150912	-0.009095912	0.0613041699	-0.0206635738	0.004732316	-0.0180536484	0.0019525309	0.0368159089	0.0493087974	0.0079914542	0.0145067082	-0.0609627523	0.009384579	0.0469489822	-0.0794923845	0.0717551168	-0.0276578354	-0.0304543249	0.073134559	-0.5810333427691035	-0.0023749881190866	0.3375997454094385	5.640568565802752e-06	-0.223267463301596	0.1245224380636075	0.0498483601691295	0.0155058375813049	1.4228910781325723	-0.2353361708755628	2.024619020229274	0.055383113322372	0.0114489482184889	0.004783443405501	2.288133081363195e-05	0.0001310784153096	0.043544835389687	0.0018677253610338	3.4883980242488413e-06	0.0018961526891149	0.0084497018669135	0.004275196265656	1.8277303109879008e-05	7.139746163972148e-05	0.0	0.0	0.0	0.0	0.0	0.0	0.0	0.0	0.0	0.0	0.0	0.0	0.0	0.0	0.0	0.0	0.0	0.0	0.0	0.0	0.0	0.0	0.0	0.0	0.0	0.0	0.0	0.0	0.0	0.0	0.0	0.0	0.0	0.0	0.0	0.0	0.0	0.0	0.0	0.0	0.0	0.0	0.0	0.0	0.0	0.0	0.0	0.0	0.0	0.0	0.0	0.0	0.0	0.0	0.0	0.0	0.0	0.0	0.0	0.0	0.0	0.0	0.0	0.0	0.0	0.0	0.0	0.0	0.0	0.0	0.0	0.0	0.0	0.0	0.0	0.0	0.0	0.0	0.0	0.0	0.0	0.0	0.0	0.0	0.0	0.0	0.0	0.0	0.0	0.0	0.0	0.0	0.0	0.0	0.0	0.0	0.0	0.0	0.0	0.0	0.0	0.0	0.0	0.0	0.0	0.0	0.0	0.0	0.0	0.0	0.0	0.0	0.0	0.0	0.0	0.0	0.0	0.0	0.0	0.0	0.0	0.0	0.0	0.0	0.0	0.0	0.0	0.0	0.0	0.0	0.0	0.0	0.0	0.0	0.0	0.0	0.0	0.0	0.0	0.0	0.0	0.0	0.0	0.0	0.0	0.0	0.0	0.0	0.0	0.0	0.0	0.0	0.0	0.0	0.0	0.0	0.0	0.0	0.0	0.0	0.0	0.0	0.0	0.0	0.0	0.0	0.0	0.0	0.0	0.0	0.0	0.0	0.0	0.0	0.0	0.0	0.0	0.0	0.0	0.0	1.0	0.0	0.0	0.0	0.0	0.0	0.0	0.0	0.0	0.0	0.0	0.0	0.0	0.0	0.0	0.0	0.0	0.0	0.0	0.0	0.0	0.0	0.0	0.0	0.0	0.0	0.0	0.0	0.0	0.0	0.0	0.0	0.0	0.0	0.0	0.0	0.0	0.0	0.0	0.0	0.0	0.0	0.0	0.0	0.0	0.0	0.0	0.0	0.0	0.0	0.0	0.0	0.0	0.0	0.0	0.0	0.0	0.0	0.0	0.0	0.0
2103.0661157372547	-9.284197701414996	4422887.087162184	86.1963269589595	2408.511547767953	6.166537768220223	38.02618804688645	5800927.87573158	2207.5109571373982	-9.249154464057938	85.54685830000288	4873104.625881672	2215.4822868320584	1955.3716512044643	0.664582	56.941578	0.6579455151072171	0.3623924188100307	-0.0632362172	0.0320410932	-0.0406000742	0.0158893581	-0.0263524974	-0.0053026876	0.0300143835	0.0074529859	-0.0121614057	0.0403962609	-0.0719194885	0.017327165	-0.0086101723	0.0044560634	-0.0205290208	0.0138807771	0.0108831175	0.0198278163	-0.0025062063	-0.040395149	0.014003923	0.0615034675	-0.0125373782	0.0443309121	-0.0579148366	0.0167390165	-0.0033368456	-0.0067088337	0.0525053899	0.0025615382	-0.0398317952	0.0240063772	-0.0125531194	-0.025906932	0.084583426	-0.0404613103	-0.0242438672	0.0035025478	-0.005901673	-0.0041607164	0.0117712814	0.0073972292	0.0451263511	-0.0615281933	0.0110811301	0.0448275254	-0.0786418943	0.0736957799	-0.0324269895	-0.0248241955	0.0698401994	-0.5080413574878264	0.072991985281277	0.2581060209180734	0.0053278299153021	-0.2576417030556683	-0.0343742397540723	0.0663792471534251	0.0011815883586704	1.778624960916055	0.3557338827834826	3.163506751593638	0.1265465953602125	0.0140510768391397	0.0026021286206508	6.771073358410036e-06	0.0001974327603394	0.0425121295437316	-0.0010327058459554	1.0664813642704682e-06	0.001807281158343	0.008187628187752	-0.0002620736791614	6.868261330924455e-08	6.70372553408711e-05	0.0	0.0	0.0	0.0	0.0	0.0	0.0	0.0	0.0	0.0	0.0	0.0	0.0	0.0	0.0	0.0	0.0	0.0	0.0	0.0	0.0	0.0	0.0	0.0	0.0	0.0	0.0	0.0	0.0	0.0	0.0	0.0	0.0	0.0	0.0	0.0	0.0	0.0	0.0	0.0	0.0	0.0	0.0	0.0	0.0	0.0	0.0	0.0	0.0	0.0	0.0	0.0	0.0	0.0	0.0	0.0	0.0	0.0	0.0	0.0	0.0	0.0	0.0	0.0	0.0	0.0	0.0	0.0	0.0	0.0	0.0	0.0	0.0	0.0	0.0	0.0	0.0	0.0	0.0	0.0	0.0	0.0	0.0	0.0	0.0	0.0	0.0	0.0	0.0	0.0	0.0	0.0	0.0	0.0	0.0	0.0	0.0	0.0	0.0	0.0	0.0	0.0	0.0	0.0	0.0	0.0	0.0	0.0	0.0	0.0	0.0	0.0	0.0	0.0	0.0	0.0	0.0	0.0	0.0	0.0	0.0	0.0	0.0	0.0	0.0	0.0	0.0	0.0	0.0	0.0	0.0	0.0	0.0	0.0	0.0	0.0	0.0	0.0	0.0	0.0	0.0	0.0	0.0	0.0	0.0	0.0	0.0	0.0	0.0	0.0	0.0	0.0	0.0	0.0	0.0	0.0	0.0	0.0	0.0	0.0	0.0	0.0	0.0	0.0	0.0	0.0	0.0	0.0	0.0	0.0	0.0	0.0	0.0	0.0	0.0	0.0	0.0	0.0	0.0	0.0	0.0	1.0	0.0	0.0	0.0	0.0	0.0	0.0	0.0	0.0	0.0	0.0	0.0	0.0	0.0	0.0	0.0	0.0	0.0	0.0	0.0	0.0	0.0	0.0	0.0	0.0	0.0	0.0	0.0	0.0	0.0	0.0	0.0	0.0	0.0	0.0	0.0	0.0	0.0	0.0	0.0	0.0	0.0	0.0	0.0	0.0	0.0	0.0	0.0	0.0	0.0	0.0	0.0	0.0	0.0	0.0	0.0	0.0	0.0	0.0	0.0
2098.076570775303	-4.989544961951651	4401925.296836255	24.895558927337103	2403.857048557229	-4.65449921072377	21.6643629026282	5778528.7098982725	2201.7725747149925	-5.738382422405721	32.92903282577495	4847802.470767087	2200.2827733269137	1865.3178950807808	0.618481	52.991646	0.8155242853166526	0.5658145454774046	-0.0455939137	0.0559201442	-0.0320025046	0.0003396234	-0.0377484866	0.0087861377	0.0317465998	-0.0079808712	-0.0116896395	0.0196266076	-0.0838559109	0.0127755895	-0.0170079139	0.0065309408	-0.0095584281	0.0235988767	0.0078526479	0.0105880867	-0.0122438253	-0.0400548204	0.0335978863	0.0483334756	-0.0104752132	0.0050700744	-0.0509340313	0.022189748	0.0024699924	0.0007065053	0.0686961097	-0.0277566759	-0.0352402933	0.0104902331	0.0123428043	-0.0133065491	0.0458676461	-0.0107390597	0.0138930107	0.008567893	0.0170124826	0.0045401337	0.0301789428	0.0211770369	0.0257663851	-0.0620868871	0.0127728206	0.0426618292	-0.0776534394	0.0754344479	-0.0370681691	-0.0190607341	0.066055961	-0.4657747262392036	0.0422666312486228	0.216946095603205	0.001786468117107	-0.3243856032249539	-0.0667439001692856	0.1052260195796172	0.0044547482098075	1.780512064668109	0.001887103752054	3.1702232124286924	3.5611605710164025e-06	0.0234939022962473	0.0094428254571076	8.91669526133994e-05	0.0005519634451056	0.0380811540446976	-0.0044309754990339	1.963354387303959e-05	0.0014501742933759	0.0079688961409598	-0.0002187320467921	4.7843708293904995e-08	6.3503305705404e-05	0.0	0.0	0.0	0.0	0.0	0.0	0.0	0.0	0.0	0.0	0.0	0.0	0.0	0.0	0.0	0.0	0.0	0.0	0.0	0.0	0.0	0.0	0.0	0.0	0.0	0.0	0.0	0.0	0.0	0.0	0.0	0.0	0.0	0.0	0.0	0.0	0.0	0.0	0.0	0.0	0.0	0.0	0.0	0.0	0.0	0.0	0.0	0.0	0.0	0.0	0.0	0.0	0.0	0.0	0.0	0.0	0.0	0.0	0.0	0.0	0.0	0.0	0.0	0.0	0.0	0.0	0.0	0.0	0.0	0.0	0.0	0.0	0.0	0.0	0.0	0.0	0.0	0.0	0.0	0.0	0.0	0.0	0.0	0.0	0.0	0.0	0.0	0.0	0.0	0.0	0.0	0.0	0.0	0.0	0.0	0.0	0.0	0.0	0.0	0.0	0.0	0.0	0.0	0.0	0.0	0.0	0.0	0.0	0.0	0.0	0.0	0.0	0.0	0.0	0.0	0.0	0.0	0.0	0.0	0.0	0.0	0.0	0.0	0.0	0.0	0.0	0.0	0.0	0.0	0.0	0.0	0.0	0.0	0.0	0.0	0.0	0.0	0.0	0.0	0.0	0.0	0.0	0.0	0.0	0.0	0.0	0.0	0.0	0.0	0.0	0.0	0.0	0.0	0.0	0.0	0.0	0.0	0.0	0.0	0.0	0.0	0.0	0.0	0.0	0.0	0.0	0.0	0.0	0.0	0.0	0.0	0.0	0.0	0.0	0.0	0.0	0.0	0.0	0.0	0.0	0.0	0.0	1.0	0.0	0.0	0.0	0.0	0.0	0.0	0.0	0.0	0.0	0.0	0.0	0.0	0.0	0.0	0.0	0.0	0.0	0.0	0.0	0.0	0.0	0.0	0.0	0.0	0.0	0.0	0.0	0.0	0.0	0.0	0.0	0.0	0.0	0.0	0.0	0.0	0.0	0.0	0.0	0.0	0.0	0.0	0.0	0.0	0.0	0.0	0.0	0.0	0.0	0.0	0.0	0.0	0.0	0.0	0.0	0.0	0.0	0.0
2107.569326338627	9.492755563323954	4441848.465323454	90.11240818501788	2399.357745444938	-4.4993031122912726	20.24372849627393	5756917.590626615	2205.607200954272	3.83462623927926	14.704358394968995	4864703.124901338	2207.045256398696	1962.4822404423696	0.570939	48.918221	0.8283464203071137	0.3225164152544366	-0.0766513976	0.0312164313	-0.064596338	0.0021094457	-0.0228408786	-0.0192179173	0.0436352417	0.0909651911	0.0142732283	0.0070250677	0.0321206386	0.018284603	-0.0095347896	0.0119119373	-0.0192209202	0.0142337863	0.0199864044	0.0135834302	0.0050266885	-0.0378466645	0.0236432106	0.0711167003	0.0052606333	0.0339797342	-0.0702116821	0.0239961149	0.0166761589	-0.0107421762	0.0567632605	-0.0230009594	-0.042209165	0.018055941	0.0048337	-0.0201327459	0.0782092263	-0.0290395256	-0.0046037627	-0.0148307713	0.00621491	0.0084943211	0.0291101315	0.0032612086	0.0255390394	-0.0626387723	0.0144589085	0.0404540309	-0.076528754	0.0769663555	-0.0415630576	-0.0131948967	0.0618083875	-0.4986972260696376	-0.032922499830434	0.2486989232895512	0.0010838909950849	-0.2124122215046213	0.1119733817203326	0.0451189518445283	0.0125380382138873	1.5172796257314118	-0.2632324389366971	2.3021374626596534	0.0692913169085619	0.0212204970446231	-0.0022734052516242	5.168371438112491e-06	0.0004503094948208	0.0420734507189977	0.0039922966743001	1.5938432735627648e-05	0.0017701752554039	0.0101075562114285	0.0021386600704686	4.573866897017181e-06	0.0001021626925671	0.0	0.0	0.0	0.0	0.0	0.0	0.0	0.0	0.0	0.0	0.0	0.0	0.0	0.0	0.0	0.0	0.0	0.0	0.0	0.0	0.0	0.0	0.0	0.0	0.0	0.0	0.0	0.0	0.0	0.0	0.0	0.0	0.0	0.0	0.0	0.0	0.0	0.0	0.0	0.0	0.0	0.0	0.0	0.0	0.0	0.0	0.0	0.0	0.0	0.0	0.0	0.0	0.0	0.0	0.0	0.0	0.0	0.0	0.0	0.0	0.0	0.0	0.0	0.0	0.0	0.0	0.0	0.0	0.0	0.0	0.0	0.0	0.0	0.0	0.0	0.0	0.0	0.0	0.0	0.0	0.0	0.0	0.0	0.0	0.0	0.0	0.0	0.0	0.0	0.0	0.0	0.0	0.0	0.0	0.0	0.0	0.0	0.0	0.0	0.0	0.0	0.0	0.0	0.0	0.0	0.0	0.0	0.0	0.0	0.0	0.0	0.0	0.0	0.0	0.0	0.0	0.0	0.0	0.0	0.0	0.0	0.0	0.0	0.0	0.0	0.0	0.0	0.0	0.0	0.0	0.0	0.0	0.0	0.0	0.0	0.0	0.0	0.0	0.0	0.0	0.0	0.0	0.0	0.0	0.0	0.0	0.0	0.0	0.0	0.0	0.0	0.0	0.0	0.0	0.0	0.0	0.0	0.0	0.0	0.0	0.0	0.0	0.0	0.0	0.0	0.0	0.0	0.0	0.0	0.0	0.0	0.0	0.0	0.0	0.0	0.0	0.0	0.0	0.0	0.0	0.0	0.0	0.0	1.0	0.0	0.0	0.0	0.0	0.0	0.0	0.0	0.0	0.0	0.0	0.0	0.0	0.0	0.0	0.0	0.0	0.0	0.0	0.0	0.0	0.0	0.0	0.0	0.0	0.0	0.0	0.0	0.0	0.0	0.0	0.0	0.0	0.0	0.0	0.0	0.0	0.0	0.0	0.0	0.0	0.0	0.0	0.0	0.0	0.0	0.0	0.0	0.0	0.0	0.0	0.0	0.0	0.0	0.0	0.0	0.0	0.0
2099.355698400518	-8.213627938108857	4407294.348406727	67.46368390568236	2407.7381157025898	8.380370257651975	70.23060565533784	5797202.833807058	2194.690970379373	-10.916230574898693	119.164089964353	4816668.455464754	2195.213091381751	1881.6127052055867	0.539522	46.226452	0.4819499903243505	0.3339537941553523	-0.0606741032	0.0535855982	-0.0376375941	0.0011384036	-0.0331568353	-0.0025658552	0.0150739018	0.0170586661	-0.0202899177	0.0203183783	-0.0334858066	0.0084186598	-0.0120691901	0.0024378027	-0.0066951725	0.0173034587	0.0090089624	-0.000120426	-0.0224743795	-0.041999262	0.0236705103	0.0638134066	0.0025381999	0.042570024	-0.0573742189	0.0274429356	0.0125582734	0.0145167904	0.0557513338	-0.0237475669	-0.0396066717	0.0121706157	0.0051152375	-0.0206362712	0.0655391128	-0.0079553661	-0.0148620099	-0.0005718977	0.0112555629	0.0057350727	0.0512260722	0.0027737043	0.0160350978	-0.0631837885	0.0161386543	0.0382063093	-0.0752698111	0.0782873035	-0.0458939156	-0.0072581889	0.0571272725	-0.5337942092326244	-0.0350969831629868	0.2849362578102828	0.0012317982271429	-0.2369914929650747	-0.0245792714604534	0.056164967737815	0.0006041405855266	1.840397826722267	0.3231182009908551	3.387064160604043	0.1044053718115666	0.0201377365667151	-0.001082760477908	1.172370252519568e-06	0.0004055284340304	0.0418112369557532	-0.0002622137632444	6.875605763484249e-08	0.0017481795357701	0.0094694197583799	-0.0006381364530485	4.0721813270944765e-07	8.966991056039565e-05	0.0	0.0	0.0	0.0	0.0	0.0	0.0	0.0	0.0	0.0	0.0	0.0	0.0	0.0	0.0	0.0	0.0	0.0	0.0	0.0	0.0	0.0	0.0	0.0	0.0	0.0	0.0	0.0	0.0	0.0	0.0	0.0	0.0	0.0	0.0	0.0	0.0	0.0	0.0	0.0	0.0	0.0	0.0	0.0	0.0	0.0	0.0	0.0	0.0	0.0	0.0	0.0	0.0	0.0	0.0	0.0	0.0	0.0	0.0	0.0	0.0	0.0	0.0	0.0	0.0	0.0	0.0	0.0	0.0	0.0	0.0	0.0	0.0	0.0	0.0	0.0	0.0	0.0	0.0	0.0	0.0	0.0	0.0	0.0	0.0	0.0	0.0	0.0	0.0	0.0	0.0	0.0	0.0	0.0	0.0	0.0	0.0	0.0	0.0	0.0	0.0	0.0	0.0	0.0	0.0	0.0	0.0	0.0	0.0	0.0	0.0	0.0	0.0	0.0	0.0	0.0	0.0	0.0	0.0	0.0	0.0	0.0	0.0	0.0	0.0	0.0	0.0	0.0	0.0	0.0	0.0	0.0	0.0	0.0	0.0	0.0	0.0	0.0	0.0	0.0	0.0	0.0	0.0	0.0	0.0	0.0	0.0	0.0	0.0	0.0	0.0	0.0	0.0	0.0	0.0	0.0	0.0	0.0	0.0	0.0	0.0	0.0	0.0	0.0	0.0	0.0	0.0	0.0	0.0	0.0	0.0	0.0	0.0	0.0	0.0	0.0	0.0	0.0	0.0	0.0	0.0	0.0	0.0	0.0	0.0	0.0	0.0	0.0	0.0	0.0	0.0	0.0	0.0	0.0	0.0	0.0	0.0	0.0	0.0	0.0	0.0	0.0	0.0	0.0	0.0	0.0	0.0	0.0	0.0	0.0	0.0	0.0	0.0	0.0	0.0	0.0	0.0	0.0	0.0	0.0	0.0	0.0	0.0	0.0	0.0	0.0	0.0	0.0	0.0	0.0	0.0	0.0	0.0	0.0	0.0	0.0	0.0	0.0	0.0	0.0	0.0
2098.2298939582347	-1.1258044422834246	4402568.687899984	1.2674356422650928	2373.2414901942425	-34.49662550834728	1190.017171463156	5632275.170779388	2202.528092094089	7.837121714715977	61.420476771272696	4851129.9964636285	2200.8842155642624	1963.6530262127133	0.569579	48.801739	0.5288893450284581	0.2672263938762348	-0.0880115165	0.0265415362	-0.0784602668	-0.0081379653	-0.0130277326	-0.0104796553	0.0650715634	0.0615781855	0.0300546164	-0.0050823549	0.030011709	0.0171239235	-0.0101916805	0.0157861201	-0.0163827759	0.0152818924	0.0182902902	0.0129130007	-0.0018414856	-0.0408491741	0.0192490779	0.084225014	-0.005080342	0.0246611622	-0.0790723836	0.0207414795	0.0089203867	-0.0278872781	0.0642117308	-0.0139808177	-0.0623714497	0.0144578322	0.0041074179	-0.0241780512	0.0998800249	-0.0574183091	0.0122911569	-0.0223952274	-0.0045905867	0.0127973519	0.0142364231	0.0047662489	0.0392252174	-0.0637218759	0.0178113211	0.0359208828	-0.0738788195	0.0793936715	-0.0500436514	-0.0012824971	0.0520454508	-0.4977366794665272	0.0360575297660972	0.2477418020863644	0.0013001454528329	-0.1867397592732658	0.0502517336918089	0.0348717376934372	0.0025252367390324	1.5771423884278448	-0.2632554382944221	2.487378113375887	0.0693034257915882	0.0179215888923102	-0.0022161476744048	4.911310514770238e-06	0.0003211833484249	0.043051248100854	0.0012400111451007	1.537627639974194e-06	0.0018534099630412	0.0095997538043968	0.0001303340460168	1.698696355113532e-08	9.215527310503085e-05	0.0	0.0	0.0	0.0	0.0	0.0	0.0	0.0	0.0	0.0	0.0	0.0	0.0	0.0	0.0	0.0	0.0	0.0	0.0	0.0	0.0	0.0	0.0	0.0	0.0	0.0	0.0	0.0	0.0	0.0	0.0	0.0	0.0	0.0	0.0	0.0	0.0	0.0	0.0	0.0	0.0	0.0	0.0	0.0	0.0	0.0	0.0	0.0	0.0	0.0	0.0	0.0	0.0	0.0	0.0	0.0	0.0	0.0	0.0	0.0	0.0	0.0	0.0	0.0	0.0	0.0	0.0	0.0	0.0	0.0	0.0	0.0	0.0	0.0	0.0	0.0	0.0	0.0	0.0	0.0	0.0	0.0	0.0	0.0	0.0	0.0	0.0	0.0	0.0	0.0	0.0	0.0	0.0	0.0	0.0	0.0	0.0	0.0	0.0	0.0	0.0	0.0	0.0	0.0	0.0	0.0	0.0	0.0	0.0	0.0	0.0	0.0	0.0	0.0	0.0	0.0	0.0	0.0	0.0	0.0	0.0	0.0	0.0	0.0	0.0	0.0	0.0	0.0	0.0	0.0	0.0	0.0	0.0	0.0	0.0	0.0	0.0	0.0	0.0	0.0	0.0	0.0	0.0	0.0	0.0	0.0	0.0	0.0	0.0	0.0	0.0	0.0	0.0	0.0	0.0	0.0	0.0	0.0	0.0	0.0	0.0	0.0	0.0	0.0	0.0	0.0	0.0	0.0	0.0	0.0	0.0	0.0	0.0	0.0	0.0	0.0	0.0	0.0	0.0	0.0	0.0	0.0	0.0	0.0	1.0	0.0	0.0	0.0	0.0	0.0	0.0	0.0	0.0	0.0	0.0	0.0	0.0	0.0	0.0	0.0	0.0	0.0	0.0	0.0	0.0	0.0	0.0	0.0	0.0	0.0	0.0	0.0	0.0	0.0	0.0	0.0	0.0	0.0	0.0	0.0	0.0	0.0	0.0	0.0	0.0	0.0	0.0	0.0	0.0	0.0	0.0	0.0	0.0	0.0	0.0	0.0	0.0	0.0	0.0	0.0	0.0
2104.634479258729	6.404585300494091	4429486.291284661	41.01871287130498	2386.599785791685	13.35829559744252	178.44406126865223	5695858.537540916	2205.168221183445	2.6401290893559235	6.970281608463337	4862766.883717359	2205.088823378294	2092.7697987723964	0.634155	54.334618	0.594843745057616	0.3609139312409654	-0.1241484079	0.0132372997	-0.0909325567	0.0011035944	-0.0214513834	-0.0060670109	0.0569219233	0.0425874636	0.0108040486	0.0097388118	0.0748902434	0.0199145427	-0.0053227767	0.0123262262	-0.0189540952	0.0086941596	0.0195479543	0.0102508835	-0.0118452641	-0.0391410827	0.0195806976	0.0803859054	-0.0023851494	0.0327442184	-0.0662086171	0.0100154229	0.0229816977	0.0051957047	0.0680152395	-0.029475011	-0.0737362711	0.0079150745	0.0194638015	0.0028035698	0.0534566168	-0.008622955	0.008395421	-0.0068116163	0.0138920631	0.0322438811	0.0743631586	0.0197303228	0.0108978496	-0.0642529755	0.0194761753	0.0336000067	-0.0723582192	0.080282427	-0.0539958877	0.0047000831	0.0465985677	-0.4329047734084952	0.064831906058032	0.1874065428398605	0.0042031760431174	-0.2708250663125398	-0.0840853070392739	0.0733462165431915	0.0070703388598889	1.2708858820111146	-0.3062565064167302	1.6151509250951688	0.0937930477225807	0.0190216416932311	0.0011000528009208	1.2101161648139163e-06	0.0003618228527056	0.0420163353496987	-0.0010349127511552	1.0710444025038249e-06	0.0017653724362183	0.0102581887631922	0.0006584349587954	4.335365949639002e-07	0.0001052304367012	0.0	0.0	0.0	0.0	0.0	0.0	0.0	0.0	0.0	0.0	0.0	0.0	0.0	0.0	0.0	0.0	0.0	0.0	0.0	0.0	0.0	0.0	0.0	0.0	0.0	0.0	0.0	0.0	0.0	0.0	0.0	0.0	0.0	0.0	0.0	0.0	0.0	0.0	0.0	0.0	0.0	0.0	0.0	0.0	0.0	0.0	0.0	0.0	0.0	0.0	0.0	0.0	0.0	0.0	0.0	0.0	0.0	0.0	0.0	0.0	0.0	0.0	0.0	0.0	0.0	0.0	0.0	0.0	0.0	0.0	0.0	0.0	0.0	0.0	0.0	0.0	0.0	0.0	0.0	0.0	0.0	0.0	0.0	0.0	0.0	0.0	0.0	0.0	0.0	0.0	0.0	0.0	0.0	0.0	0.0	0.0	0.0	0.0	0.0	0.0	0.0	0.0	0.0	0.0	0.0	0.0	0.0	0.0	0.0	0.0	0.0	0.0	0.0	0.0	0.0	0.0	0.0	0.0	0.0	0.0	0.0	0.0	0.0	0.0	0.0	0.0	0.0	0.0	0.0	0.0	0.0	0.0	0.0	0.0	0.0	0.0	0.0	0.0	0.0	0.0	0.0	0.0	0.0	0.0	0.0	0.0	0.0	0.0	0.0	0.0	0.0	0.0	0.0	0.0	0.0	0.0	0.0	0.0	0.0	0.0	0.0	0.0	0.0	0.0	0.0	0.0	0.0	0.0	0.0	0.0	0.0	0.0	0.0	0.0	0.0	0.0	0.0	0.0	0.0	0.0	0.0	0.0	0.0	0.0	0.0	1.0	0.0	0.0	0.0	0.0	0.0	0.0	0.0	0.0	0.0	0.0	0.0	0.0	0.0	0.0	0.0	0.0	0.0	0.0	0.0	0.0	0.0	0.0	0.0	0.0	0.0	0.0	0.0	0.0	0.0	0.0	0.0	0.0	0.0	0.0	0.0	0.0	0.0	0.0	0.0	0.0	0.0	0.0	0.0	0.0	0.0	0.0	0.0	0.0	0.0	0.0	0.0	0.0	0.0	0.0	0.0
2098.499714192776	-6.134765065952706	4403701.050467163	37.63534241443371	2391.2191739017017	4.619388110016644	21.338746510963137	5717929.137635136	2213.91542086394	8.747199680495214	76.51350225045557	4901421.490739157	2214.1799894857904	2013.8561456644563	0.7304469999999998	62.584919	0.3120779811234572	0.1939258615563522	-0.1173089448	-0.0005714033	-0.1007742749	-0.0105276922	-0.0210616302	-0.0212930327	0.0483114465	0.0920761896	0.0557527684	-0.007672135	0.1206888775	0.0256827831	-0.0004666593	0.0298632079	-0.0279282579	-0.0009898226	0.0397790814	0.0074696196	0.0063215139	-0.0313931475	0.0245567179	0.1084330497	-0.0023645478	0.0081233692	-0.0830433251	0.0002123634	0.0027458309	-0.0483718122	0.0680994713	-0.0276954821	-0.06011569	0.0032052852	0.0086150637	-0.0318555276	0.0832293824	-0.0755750486	0.0351825317	-0.0568003195	0.0164453433	0.0093310487	0.004289679	5.97376e-05	0.0221486848	-0.064777029	0.0211324865	0.0312459714	-0.0707106781	0.0809511339	-0.0577350269	0.010657419	0.040824829	-0.437134727663377	-0.0042299542548818	0.1910867701293347	1.7892512998392796e-05	-0.0888441779439261	0.1819808883686136	0.007893287954532	0.0331170437314298	1.267421099615028	-0.0034647823960867	1.6063562437493666	1.2004717052232422e-05	0.0174768983100749	-0.0015447433831561	2.3862321198048595e-06	0.0003054419745406	0.0417613740830153	-0.0002549612666834	6.50052475088051e-08	0.0017440123653015	0.0109065312354301	0.0006483424722378	4.2034796130755146e-07	0.0001189524235894	0.0	0.0	0.0	0.0	0.0	0.0	0.0	0.0	0.0	0.0	0.0	0.0	0.0	0.0	0.0	0.0	0.0	0.0	0.0	0.0	0.0	0.0	0.0	0.0	0.0	0.0	0.0	0.0	0.0	0.0	0.0	0.0	0.0	0.0	0.0	0.0	0.0	0.0	0.0	0.0	0.0	0.0	0.0	0.0	0.0	0.0	0.0	0.0	0.0	0.0	0.0	0.0	0.0	0.0	0.0	0.0	0.0	0.0	0.0	0.0	0.0	0.0	0.0	0.0	0.0	0.0	0.0	0.0	0.0	0.0	0.0	0.0	0.0	0.0	0.0	0.0	0.0	0.0	0.0	0.0	0.0	0.0	0.0	0.0	0.0	0.0	0.0	0.0	0.0	0.0	0.0	0.0	0.0	0.0	0.0	0.0	0.0	0.0	0.0	0.0	0.0	0.0	0.0	0.0	0.0	0.0	0.0	0.0	0.0	0.0	0.0	0.0	0.0	0.0	0.0	0.0	0.0	0.0	0.0	0.0	0.0	0.0	0.0	0.0	0.0	0.0	0.0	0.0	0.0	0.0	0.0	0.0	0.0	0.0	0.0	0.0	0.0	0.0	0.0	0.0	0.0	0.0	0.0	0.0	0.0	0.0	0.0	0.0	0.0	0.0	0.0	0.0	0.0	0.0	0.0	0.0	0.0	0.0	0.0	0.0	0.0	0.0	0.0	0.0	0.0	0.0	0.0	0.0	0.0	0.0	0.0	0.0	0.0	0.0	0.0	0.0	0.0	0.0	0.0	0.0	0.0	0.0	0.0	0.0	0.0	0.0	0.0	0.0	0.0	0.0	0.0	0.0	0.0	0.0	0.0	0.0	0.0	0.0	0.0	0.0	0.0	0.0	0.0	0.0	0.0	0.0	0.0	0.0	0.0	0.0	0.0	0.0	0.0	0.0	0.0	0.0	0.0	0.0	0.0	0.0	0.0	0.0	0.0	0.0	0.0	0.0	0.0	0.0	0.0	0.0	0.0	0.0	0.0	0.0	0.0	0.0	0.0	0.0	0.0	0.0	0.0
2094.9943491694303	-3.505365023345803	4389001.323051845	12.287583946896122	2378.17974686296	-13.03942703874145	170.02665749866165	5655738.908389173	2193.4857111391816	-20.429709724758595	417.3730394378959	4811379.564971761	2195.866052288627	1996.502057427056	1.026283	87.93222	0.946566971587458	0.4318381137786838	-0.1255540724	0.0135008676	-0.0744279672	-0.0330553914	-0.0232056402	-0.0188406839	0.0550454791	0.0624453962	0.0090275324	0.0431651704	-0.021868563	0.0139125862	-0.0124354734	0.009818208	-0.0150512674	0.0183296889	0.0274099623	0.0257543762	-0.0064823836	-0.0560878987	0.0020382812	0.0638177147	0.0216581243	0.0614962073	-0.06885463	0.0391704683	0.0391116808	-0.0227261159	0.051286175	-0.0152637119	-0.0964491267	0.0159070047	0.0242896806	0.0074552544	0.0443157797	0.0360662444	-0.0287020511	0.0072282997	-0.0212099086	0.0300894839	0.076800056	-0.0127311503	0.0062225364	-0.0652939789	0.0227795284	0.0288611001	-0.0689390864	0.0813979594	-0.0612463124	0.0165575133	0.0347647336	-0.5577506073368426	-0.1206158796734655	0.3110857399846167	0.0145481904294039	-0.2820083432668241	-0.193164165322898	0.0795287056720989	0.0373123947648918	1.5028843716749023	0.2354632720598743	2.258661434624666	0.0554429524891424	0.0131499740627309	-0.004326924247344	1.8722273442253447e-05	0.0001729218178504	0.041914063168541	0.0001526890855257	2.3313956838675173e-08	0.0017567886912964	0.0074396714776754	-0.0034668597577546	1.2019116579938972e-05	5.534871169573688e-05	0.0	0.0	0.0	0.0	0.0	0.0	0.0	0.0	0.0	0.0	0.0	0.0	0.0	0.0	0.0	0.0	0.0	0.0	0.0	0.0	0.0	0.0	0.0	0.0	0.0	0.0	0.0	0.0	0.0	0.0	0.0	0.0	0.0	0.0	0.0	0.0	0.0	0.0	0.0	0.0	0.0	0.0	0.0	0.0	0.0	0.0	0.0	0.0	0.0	0.0	0.0	0.0	0.0	0.0	0.0	0.0	0.0	0.0	0.0	0.0	0.0	0.0	0.0	0.0	0.0	0.0	0.0	0.0	0.0	0.0	0.0	0.0	0.0	0.0	0.0	0.0	0.0	0.0	0.0	0.0	0.0	0.0	0.0	0.0	0.0	0.0	0.0	0.0	0.0	0.0	0.0	0.0	0.0	0.0	0.0	0.0	0.0	0.0	0.0	0.0	0.0	0.0	0.0	0.0	0.0	0.0	0.0	0.0	0.0	0.0	0.0	0.0	0.0	0.0	0.0	0.0	0.0	0.0	0.0	0.0	0.0	0.0	0.0	0.0	0.0	0.0	0.0	0.0	0.0	0.0	0.0	0.0	0.0	0.0	0.0	0.0	0.0	0.0	0.0	0.0	0.0	0.0	0.0	0.0	0.0	0.0	0.0	0.0	0.0	0.0	0.0	0.0	0.0	0.0	0.0	0.0	0.0	0.0	0.0	0.0	0.0	0.0	0.0	0.0	0.0	0.0	0.0	0.0	0.0	0.0	0.0	0.0	0.0	0.0	0.0	0.0	0.0	0.0	0.0	0.0	0.0	0.0	0.0	0.0	0.0	0.0	1.0	0.0	0.0	0.0	0.0	0.0	0.0	0.0	0.0	0.0	0.0	0.0	0.0	0.0	0.0	0.0	0.0	0.0	0.0	0.0	0.0	0.0	0.0	0.0	0.0	0.0	0.0	0.0	0.0	0.0	0.0	0.0	0.0	0.0	0.0	0.0	0.0	0.0	0.0	0.0	0.0	0.0	0.0	0.0	0.0	0.0	0.0	0.0	0.0	0.0	0.0	0.0	0.0	0.0	0.0
2024.9994460155883	-69.99490315384196	4100622.75636344	4899.286467515715	2354.368921985365	-23.810824877595223	566.9553813515076	5543053.02081053	2154.025439718496	-39.460271420685785	1557.1130205941913	4639825.594954459	2171.498773980224	1549.5946040972892	2.051391	175.763794	2.199313085579715	1.0501118473324145	-0.0066001635	0.0513726503	-0.0255155218	-0.132524291	0.0076272774	0.0337155864	-0.0762247407	-0.0241718213	-0.0574622984	0.0541862334	-0.1462866982	-0.0192766417	-0.033883873	-0.1023472051	0.011689856	0.0429054459	-0.0954441944	0.0705724887	0.0593809192	0.1000355498	-0.0099546962	0.0851467643	-0.0166302206	0.057584247	-0.1389928782	-0.1842836587	0.0192131603	0.0714825606	-0.1314650589	0.0250701086	0.0712104271	-0.1295962677	0.0184458806	-0.1086932348	-0.1001208346	-0.0205187713	0.0072967554	0.0073126138	0.1022521939	-0.038498084	-0.1589958135	0.0943042571	-0.0061526706	-0.0658037687	0.0244165784	0.0264477464	-0.0670465522	0.0816216788	-0.0645158866	0.0223686765	0.0284607885	-0.7553656714901109	-0.1976150641532683	0.5705772976657062	0.0390517135803003	-0.4076342051033776	-0.1256258618365535	0.1661656451702625	0.0157818571621768	2.5631159517594853	1.060231580084583	6.569563382163932	1.1240910034086515	0.0208483078683103	0.0076983338055793	5.926434338212658e-05	0.0004346519409718	0.0375051055860025	-0.0044089575825385	1.9438906964623747e-05	0.0014066329450171	0.0032301512756871	-0.0042095202019883	1.7720060330947625e-05	1.0433877263823e-05	0.0	0.0	0.0	0.0	0.0	0.0	0.0	0.0	0.0	0.0	0.0	0.0	0.0	0.0	0.0	0.0	0.0	0.0	0.0	0.0	0.0	0.0	0.0	0.0	0.0	0.0	0.0	0.0	0.0	0.0	0.0	0.0	0.0	0.0	0.0	0.0	0.0	0.0	0.0	0.0	0.0	0.0	0.0	0.0	0.0	0.0	0.0	0.0	0.0	0.0	0.0	0.0	0.0	0.0	0.0	0.0	0.0	0.0	0.0	0.0	0.0	0.0	0.0	0.0	0.0	0.0	0.0	0.0	0.0	0.0	0.0	0.0	0.0	0.0	0.0	0.0	0.0	0.0	0.0	0.0	0.0	0.0	0.0	0.0	0.0	0.0	0.0	0.0	0.0	0.0	0.0	0.0	0.0	0.0	0.0	0.0	0.0	0.0	0.0	0.0	0.0	0.0	0.0	0.0	0.0	0.0	0.0	0.0	0.0	0.0	0.0	0.0	0.0	0.0	0.0	0.0	0.0	0.0	0.0	0.0	0.0	0.0	0.0	0.0	0.0	0.0	0.0	0.0	0.0	0.0	0.0	0.0	0.0	0.0	0.0	0.0	0.0	0.0	0.0	0.0	0.0	0.0	0.0	0.0	0.0	0.0	0.0	0.0	0.0	0.0	0.0	0.0	0.0	0.0	0.0	0.0	0.0	0.0	0.0	0.0	0.0	0.0	0.0	0.0	0.0	0.0	0.0	0.0	0.0	0.0	0.0	0.0	0.0	0.0	0.0	0.0	0.0	0.0	0.0	0.0	0.0	0.0	0.0	0.0	0.0	0.0	0.0	1.0	0.0	0.0	0.0	0.0	0.0	0.0	0.0	0.0	0.0	0.0	0.0	0.0	0.0	0.0	0.0	0.0	0.0	0.0	0.0	0.0	0.0	0.0	0.0	0.0	0.0	0.0	0.0	0.0	0.0	0.0	0.0	0.0	0.0	0.0	0.0	0.0	0.0	0.0	0.0	0.0	0.0	0.0	0.0	0.0	0.0	0.0	0.0	0.0	0.0	0.0	0.0	0.0	0.0
2007.427590213786	-17.571855801802258	4029765.529951528	308.7701163193317	2350.5077690229023	-3.861152962462711	14.908502199534569	5524886.7722370215	2144.2145544964333	-9.810885222062552	96.25346884048535	4597656.055714338	2149.824908851331	1016.7767295727128	2.135706	182.987946	7.416932332513491	3.526372088493931	0.1585336446	-0.0979533332	0.0185425303	0.0971273407	0.0105343397	0.066559175	-0.0742473293	0.0017998656	0.0775088556	-0.1105811419	-0.0812888222	-0.0165891656	-0.0599110055	-0.1098971733	0.0238656676	0.0608872338	-0.0837121124	0.0281317844	0.0920207664	0.0727610211	0.1084471703	-0.0974679403	-0.0232172931	-0.0917220856	0.0661652782	-0.1117908014	0.0272292741	0.0453847743	0.0850951476	0.1626199394	0.1015774259	-0.1681358205	0.0666582158	0.0017955654	-0.093282447	-0.079649636	-0.0462113498	0.0083886531	-0.0637064266	0.0656704728	-0.0727177007	0.0071746432	-0.0500159037	-0.0663063423	0.0260429185	0.024008292	-0.0650363955	0.0816216788	-0.0675308461	0.0280596966	0.0219572114	-0.63634995354316	0.1190157179469508	0.4049412633743819	0.0141647411184281	-0.3913099328871681	0.0163242722162095	0.15312346357616	0.0002664818633889	5.296517971288985	2.7334020195295	28.053102620187182	7.471486600367947	0.0765432689480591	0.0556949610797488	0.0031019286896747	0.0058588720212549	0.0282338213816963	-0.0092712842043062	8.595671079701768e-05	0.0007971486698135	-0.0227674098966745	-0.0259975611723616	0.0006758731869106	0.0005183549534031	0.0	0.0	0.0	0.0	0.0	0.0	0.0	0.0	0.0	0.0	0.0	0.0	0.0	0.0	0.0	0.0	0.0	0.0	0.0	0.0	0.0	0.0	0.0	0.0	0.0	0.0	0.0	0.0	0.0	0.0	0.0	0.0	0.0	0.0	0.0	0.0	0.0	0.0	0.0	0.0	0.0	0.0	0.0	0.0	0.0	0.0	0.0	0.0	0.0	0.0	0.0	0.0	0.0	0.0	0.0	0.0	0.0	0.0	0.0	0.0	0.0	0.0	0.0	0.0	0.0	0.0	0.0	0.0	0.0	0.0	0.0	0.0	0.0	0.0	0.0	0.0	0.0	0.0	0.0	0.0	0.0	0.0	0.0	0.0	0.0	0.0	0.0	0.0	0.0	0.0	0.0	0.0	0.0	0.0	0.0	0.0	0.0	0.0	0.0	0.0	0.0	0.0	0.0	0.0	0.0	0.0	0.0	0.0	0.0	0.0	0.0	0.0	0.0	0.0	0.0	0.0	0.0	0.0	0.0	0.0	0.0	0.0	0.0	0.0	0.0	0.0	0.0	0.0	0.0	0.0	0.0	0.0	0.0	0.0	0.0	0.0	0.0	0.0	0.0	0.0	0.0	0.0	0.0	0.0	0.0	0.0	0.0	0.0	0.0	0.0	0.0	0.0	0.0	0.0	0.0	0.0	0.0	0.0	0.0	0.0	0.0	0.0	0.0	0.0	0.0	0.0	0.0	0.0	0.0	0.0	0.0	0.0	0.0	0.0	0.0	0.0	0.0	0.0	0.0	0.0	0.0	0.0	0.0	0.0	0.0	0.0	0.0	0.0	1.0	0.0	0.0	0.0	0.0	0.0	0.0	0.0	0.0	0.0	0.0	0.0	0.0	0.0	0.0	0.0	0.0	0.0	0.0	0.0	0.0	0.0	0.0	0.0	0.0	0.0	0.0	0.0	0.0	0.0	0.0	0.0	0.0	0.0	0.0	0.0	0.0	0.0	0.0	0.0	0.0	0.0	0.0	0.0	0.0	0.0	0.0	0.0	0.0	0.0	0.0	0.0	0.0
2038.847783130422	31.42019291663587	4156900.282775836	987.2285229186148	2469.0810546875	118.57328566459772	14059.6240732983	6096361.254616737	2179.4420865929646	35.22753209653138	1240.9790176121485	4749967.808812696	2190.077323674325	1077.6261871995478	1.691647	144.940811	2.9939939641194258	2.4298487305701366	0.1356421527	-0.0810058797	0.0953529088	0.0765598203	-0.0321651339	-0.0756212524	-0.1389977817	0.0934901835	-0.0746923955	-0.0939155653	0.0377444087	0.0002906625	-0.0313266277	0.0333679523	-0.0014126998	0.0089059359	0.0180352803	-0.0847568951	0.0248642652	0.0159014347	0.0199721126	-0.1258491127	0.0132666727	-0.0495776838	0.1425296931	-0.0213184996	-0.0447982435	-0.0426613215	-0.0115095795	0.0259411639	0.0203815642	-0.0047126937	-0.063483944	-0.0284653703	-0.0015851237	0.0257247804	-0.0344453057	0.0385296371	-0.0111620921	0.0580897335	0.0039037249	0.0377961632	-0.1272064785	-0.0668016447	0.0276578354	0.0215451443	-0.0629121428	0.0813979594	-0.0702792922	0.0336000067	0.0152996203	-0.6343822162973538	0.0019677372458062	0.4024407963543426	3.871989868533102e-06	-0.8400178688759752	-0.4487079359888071	0.705630020030935	0.2013388118193354	5.507510448659822	0.2109924773708371	30.332671342097115	0.0445178255070832	0.0323159955624064	-0.0442272733856527	0.0019560517111292	0.0010443235691894	0.0298953734224816	0.0016615520407853	2.760755184237803e-06	0.0008937333520696	-0.022009719052833	0.0007576908438415	5.740954148412473e-07	0.0004844277327846	0.0	0.0	0.0	0.0	0.0	0.0	0.0	0.0	0.0	0.0	0.0	0.0	0.0	0.0	0.0	0.0	0.0	0.0	0.0	0.0	0.0	0.0	0.0	0.0	0.0	0.0	0.0	0.0	0.0	0.0	0.0	0.0	0.0	0.0	0.0	0.0	0.0	0.0	0.0	0.0	0.0	0.0	0.0	0.0	0.0	0.0	0.0	0.0	0.0	0.0	0.0	0.0	0.0	0.0	0.0	0.0	0.0	0.0	0.0	0.0	0.0	0.0	0.0	0.0	0.0	0.0	0.0	0.0	0.0	0.0	0.0	0.0	0.0	0.0	0.0	0.0	0.0	0.0	0.0	0.0	0.0	0.0	0.0	0.0	0.0	0.0	0.0	0.0	0.0	0.0	0.0	0.0	0.0	0.0	0.0	0.0	0.0	0.0	0.0	0.0	0.0	0.0	0.0	0.0	0.0	0.0	0.0	0.0	0.0	0.0	0.0	0.0	0.0	0.0	0.0	0.0	0.0	0.0	0.0	0.0	0.0	0.0	0.0	0.0	0.0	0.0	0.0	0.0	0.0	0.0	0.0	0.0	0.0	0.0	0.0	0.0	0.0	0.0	0.0	0.0	0.0	0.0	0.0	0.0	0.0	0.0	0.0	0.0	0.0	0.0	0.0	0.0	0.0	0.0	0.0	0.0	0.0	0.0	0.0	0.0	0.0	0.0	0.0	0.0	0.0	0.0	0.0	0.0	0.0	0.0	0.0	0.0	0.0	0.0	0.0	0.0	0.0	0.0	0.0	0.0	0.0	0.0	0.0	0.0	0.0	0.0	0.0	0.0	0.0	1.0	0.0	0.0	0.0	0.0	0.0	0.0	0.0	0.0	0.0	0.0	0.0	0.0	0.0	0.0	0.0	0.0	0.0	0.0	0.0	0.0	0.0	0.0	0.0	0.0	0.0	0.0	0.0	0.0	0.0	0.0	0.0	0.0	0.0	0.0	0.0	0.0	0.0	0.0	0.0	0.0	0.0	0.0	0.0	0.0	0.0	0.0	0.0	0.0	0.0	0.0	0.0
2019.3527597227128	-19.49502340770914	4077785.568199736	380.0559376671273	2302.304010678644	-166.77704400885614	27814.58240833194	5300603.757586969	2168.699404840884	-10.742681752080443	115.40521122648217	4703257.108557206	2178.7187787099165	1051.198213644352	1.380319	118.266174	1.911151273404283	0.957402583668864	0.1335740063	-0.1060711281	0.0919603676	0.1086435931	0.0394800142	0.0862192028	0.0046659669	-0.206374815	0.0030748259	-0.0236145709	0.0567936253	-0.0072471034	-0.0057331598	0.0393988047	0.0092473341	-0.0093515056	-0.0053873043	-0.0663620848	-0.0211461427	0.0418816771	-0.0167646021	-0.1199496736	-0.034353291	-0.0497338582	0.105275731	-0.0196658888	-0.0208368916	0.0736172442	-0.0164667278	0.0597600398	0.0452465823	0.0171000259	-0.0737530405	0.0159235675	-0.0084802968	0.0389199882	-0.0768809341	0.0340417938	-0.0352151689	-0.0287943702	-0.0612914282	0.0466956856	0.0627109783	-0.0672896215	0.0292606206	0.0190607341	-0.0606775209	0.0809511339	-0.0727503781	0.0389598496	0.0085347133	-0.6545180419765018	-0.0201358256791479	0.4283938672727537	0.000405451475781	-1.1417246221502635	-0.3017067532742883	1.303535112824162	0.0910269649713122	6.058745159065289	0.5512347104054669	36.708392902497074	0.303859705955799	0.0236317115970916	-0.0086842839653147	7.541678799022371e-05	0.0005584577930081	0.0258799672957301	-0.0040154061267515	1.612348636275349e-05	0.000669772707228	-0.0139479294639917	0.0080617895888412	6.499245137474995e-05	0.0001945447363324	0.0	0.0	0.0	0.0	0.0	0.0	0.0	0.0	0.0	0.0	0.0	0.0	0.0	0.0	0.0	0.0	0.0	0.0	0.0	0.0	0.0	0.0	0.0	0.0	0.0	0.0	0.0	0.0	0.0	0.0	0.0	0.0	0.0	0.0	0.0	0.0	0.0	0.0	0.0	0.0	0.0	0.0	0.0	0.0	0.0	0.0	0.0	0.0	0.0	0.0	0.0	0.0	0.0	0.0	0.0	0.0	0.0	0.0	0.0	0.0	0.0	0.0	0.0	0.0	0.0	0.0	0.0	0.0	0.0	0.0	0.0	0.0	0.0	0.0	0.0	0.0	0.0	0.0	0.0	0.0	0.0	0.0	0.0	0.0	0.0	0.0	0.0	0.0	0.0	0.0	0.0	0.0	0.0	0.0	0.0	0.0	0.0	0.0	0.0	0.0	0.0	0.0	0.0	0.0	0.0	0.0	0.0	0.0	0.0	0.0	0.0	0.0	0.0	0.0	0.0	0.0	0.0	0.0	0.0	0.0	0.0	0.0	0.0	0.0	0.0	0.0	0.0	0.0	0.0	0.0	0.0	0.0	0.0	0.0	0.0	0.0	0.0	0.0	0.0	0.0	0.0	0.0	0.0	0.0	0.0	0.0	0.0	0.0	0.0	0.0	0.0	0.0	0.0	0.0	0.0	0.0	0.0	0.0	0.0	0.0	0.0	0.0	0.0	0.0	0.0	0.0	0.0	0.0	0.0	0.0	0.0	0.0	0.0	0.0	0.0	0.0	0.0	0.0	0.0	0.0	0.0	0.0	0.0	0.0	0.0	0.0	0.0	0.0	0.0	0.0	1.0	0.0	0.0	0.0	0.0	0.0	0.0	0.0	0.0	0.0	0.0	0.0	0.0	0.0	0.0	0.0	0.0	0.0	0.0	0.0	0.0	0.0	0.0	0.0	0.0	0.0	0.0	0.0	0.0	0.0	0.0	0.0	0.0	0.0	0.0	0.0	0.0	0.0	0.0	0.0	0.0	0.0	0.0	0.0	0.0	0.0	0.0	0.0	0.0	0.0	0.0
2006.1949254645488	-13.15783425816403	4024818.078959706	173.12860236531498	2326.0217602873504	23.717749608706526	562.5316465012986	5410377.229330264	2139.684672811757	-29.01473202912712	841.854674722055	4578250.499065556	2137.058864686547	1064.806826915723	1.260878	108.03241	2.634143341262572	1.5122360229258076	0.1311387766	-0.0972341575	0.0550518891	0.1309980295	0.0222050909	0.074834077	-0.0343491597	-0.0294994286	-0.0420277888	0.0606798029	-0.0383363874	-0.0277565049	-0.0502135026	0.0061543577	0.0357848574	0.0446947745	-0.0103074351	-0.0356404842	-0.0169897244	0.010274994	0.0559313991	-0.119870405	-0.0407586505	-0.0804650526	0.1177389213	-0.0346274681	-0.0077777065	-0.0138692477	0.0851429609	0.0793949268	0.0096196856	-0.0654548514	-0.0570267574	-0.0411882693	0.019347181	0.0136202424	-0.0011257504	0.0307885893	0.0164761641	0.0435912973	-0.0002580376	0.1499612273	-0.017310257	-0.0677702193	0.0308505711	0.0165575133	-0.05833645	0.080282427	-0.0749343514	0.0441104375	0.0017099414	-0.5538557224611935	0.1006623195153082	0.3067561613030106	0.010132902570202	-0.6389656544384792	0.5027589677117843	0.408277107551994	0.2527665796146189	5.575424863188005	-0.4833202958772844	31.08536240505498	0.2335985084069057	0.0481262492685379	0.0244945376714463	0.0005999823757379	0.0023161358686574	0.0260539577799339	0.0001739904842038	3.02726885934731e-08	0.0006788087159985	-0.0076684224564779	0.0062795070075138	3.9432208257414926e-05	5.880470297101455e-05	0.0	0.0	0.0	0.0	0.0	0.0	0.0	0.0	0.0	0.0	0.0	0.0	0.0	0.0	0.0	0.0	0.0	0.0	0.0	0.0	0.0	0.0	0.0	0.0	0.0	0.0	0.0	0.0	0.0	0.0	0.0	0.0	0.0	0.0	0.0	0.0	0.0	0.0	0.0	0.0	0.0	0.0	0.0	0.0	0.0	0.0	0.0	0.0	0.0	0.0	0.0	0.0	0.0	0.0	0.0	0.0	0.0	0.0	0.0	0.0	0.0	0.0	0.0	0.0	0.0	0.0	0.0	0.0	0.0	0.0	0.0	0.0	0.0	0.0	0.0	0.0	0.0	0.0	0.0	0.0	0.0	0.0	0.0	0.0	0.0	0.0	0.0	0.0	0.0	0.0	0.0	0.0	0.0	0.0	0.0	0.0	0.0	0.0	0.0	0.0	0.0	0.0	0.0	0.0	0.0	0.0	0.0	0.0	0.0	0.0	0.0	0.0	0.0	0.0	0.0	0.0	0.0	0.0	0.0	0.0	0.0	0.0	0.0	0.0	0.0	0.0	0.0	0.0	0.0	0.0	0.0	0.0	0.0	0.0	0.0	0.0	0.0	0.0	0.0	0.0	0.0	0.0	0.0	0.0	0.0	0.0	0.0	0.0	0.0	0.0	0.0	0.0	0.0	0.0	0.0	0.0	0.0	0.0	0.0	0.0	0.0	0.0	0.0	0.0	0.0	0.0	0.0	0.0	0.0	0.0	0.0	0.0	0.0	0.0	0.0	0.0	0.0	0.0	0.0	0.0	0.0	0.0	0.0	0.0	0.0	0.0	0.0	0.0	0.0	0.0	0.0	1.0	0.0	0.0	0.0	0.0	0.0	0.0	0.0	0.0	0.0	0.0	0.0	0.0	0.0	0.0	0.0	0.0	0.0	0.0	0.0	0.0	0.0	0.0	0.0	0.0	0.0	0.0	0.0	0.0	0.0	0.0	0.0	0.0	0.0	0.0	0.0	0.0	0.0	0.0	0.0	0.0	0.0	0.0	0.0	0.0	0.0	0.0	0.0	0.0	0.0
2068.1960237549306	62.00109829038183	4277434.792675706	3844.136189213589	2349.592731214549	23.570970927198687	555.5906704508457	5520586.002576244	2190.0111004373302	50.32642762557316	2532.749317552053	4796148.620038726	2193.57332023594	1443.9015589300586	1.681774	144.09494	4.455567095207349	3.010633402354534	0.0207164782	0.1029956646	-0.0304125347	-0.0330460597	-0.0099035794	0.0532288223	-0.0556031738	-0.0541853769	0.0007204612	0.0309563108	-0.0060933848	0.007643931	-0.0347593734	-0.0090976025	-0.0079126091	0.0342963653	-0.0320508932	-0.0965884339	-0.0120299126	-0.0218483887	0.0888410253	-0.0128511362	0.0070718593	-0.0375913521	-0.0347845529	0.0558514031	0.0527279975	-0.0143975373	-0.0557152707	-0.0412532037	0.0307010645	-0.0021883508	0.0707623622	-0.0380165281	0.0174479243	0.0966603999	0.0500694493	-0.0619082215	0.0649330658	-0.0223870135	-0.1105078219	0.0200689038	-0.0952994829	-0.0682433853	0.0324269895	0.0140379523	-0.0558930371	0.0793936715	-0.0768225931	0.0490241061	-0.0051268245	-0.1045342581923591	0.4493214642688344	0.0109274111358267	0.2018897782526894	0.0750371297932304	0.7140027842317096	0.0056305708476061	0.5097999758906333	2.8504922067176253	-2.7249326564703797	8.125305820557918	7.425257982298718	0.0505321606396274	0.0024059113710894	5.788409525537739e-06	0.0025534992589091	0.0187470501019244	-0.0073069076780095	5.339089981495419e-05	0.000351451887524	-0.0093018072121074	-0.0016333847556294	2.6679457599228407e-06	8.652361741121323e-05	0.0	0.0	0.0	0.0	0.0	0.0	0.0	0.0	0.0	0.0	0.0	0.0	0.0	0.0	0.0	0.0	0.0	0.0	0.0	0.0	0.0	0.0	0.0	0.0	0.0	0.0	0.0	0.0	0.0	0.0	0.0	0.0	0.0	0.0	0.0	0.0	0.0	0.0	0.0	0.0	0.0	0.0	0.0	0.0	0.0	0.0	0.0	0.0	0.0	0.0	0.0	0.0	0.0	0.0	0.0	0.0	0.0	0.0	0.0	0.0	0.0	0.0	0.0	0.0	0.0	0.0	0.0	0.0	0.0	0.0	0.0	0.0	0.0	0.0	0.0	0.0	0.0	0.0	0.0	0.0	0.0	0.0	0.0	0.0	0.0	0.0	0.0	0.0	0.0	0.0	0.0	0.0	0.0	0.0	0.0	0.0	0.0	0.0	0.0	0.0	0.0	0.0	0.0	0.0	0.0	0.0	0.0	0.0	0.0	0.0	0.0	0.0	0.0	0.0	0.0	0.0	0.0	0.0	0.0	0.0	0.0	0.0	0.0	0.0	0.0	0.0	0.0	0.0	0.0	0.0	0.0	0.0	0.0	0.0	0.0	0.0	0.0	0.0	0.0	0.0	0.0	0.0	0.0	0.0	0.0	0.0	0.0	0.0	0.0	0.0	0.0	0.0	0.0	0.0	0.0	0.0	0.0	0.0	0.0	0.0	0.0	0.0	0.0	0.0	0.0	0.0	0.0	0.0	0.0	0.0	0.0	0.0	0.0	0.0	0.0	0.0	0.0	0.0	0.0	0.0	0.0	0.0	0.0	0.0	0.0	0.0	0.0	0.0	0.0	0.0	0.0	0.0	1.0	0.0	0.0	0.0	0.0	0.0	0.0	0.0	0.0	0.0	0.0	0.0	0.0	0.0	0.0	0.0	0.0	0.0	0.0	0.0	0.0	0.0	0.0	0.0	0.0	0.0	0.0	0.0	0.0	0.0	0.0	0.0	0.0	0.0	0.0	0.0	0.0	0.0	0.0	0.0	0.0	0.0	0.0	0.0	0.0	0.0	0.0	0.0	0.0
2099.968896166112	31.7728724111812	4409869.364865118	1009.5154212571993	2440.3838011859216	90.79106997137252	8243.018386546659	5955473.097090648	2213.9005909795346	23.889490542204385	570.7077583660728	4901355.826739533	2220.7256645176053	1525.849625986968	1.238649	106.127823	1.3589592358461402	0.5224320130111025	-0.0059847991	0.10470527	-0.0696980962	-0.0348103414	-0.059228623	-0.0178591191	-0.0604805517	-0.0470005488	-0.0510063378	-0.0553704935	0.0243449886	0.0342173989	0.0083132118	-0.0394104123	-0.0357732702	-0.0035763795	-0.0160019072	0.0266510137	-0.0023713063	-0.01106596	0.0700134629	0.0367471988	-0.0437621554	-0.0191859569	-0.0397100749	0.0636114705	0.0406077304	0.0183133529	-0.0777439273	-0.0374856485	0.0541409325	0.0338415626	0.0893169756	-0.006559316	0.0057536374	0.0303716256	-0.038391736	-0.0870850341	0.0651335606	-0.0628037848	-0.0179058797	-0.0173392866	-0.0670107648	-0.0687090676	0.0339891844	0.0115045374	-0.0533515689	0.0782873035	-0.0784076511	0.0536744641	-0.0119276293	-0.3736250558761185	-0.2690907976837594	0.1395956823784326	0.0724098573980819	0.0507021021363129	-0.0243350276569175	0.0025707031610411	0.0005921935710629	2.586157715414487	-0.2643344913031384	6.688211728997878	0.0698727232924889	0.0444933714124553	-0.006038789227172	3.646697533020976e-05	0.0019796600996466	0.024736450927157	0.0059894008252326	3.587292224529695e-05	0.0006118920044716	-0.0053060188804656	0.0039957883316418	1.596632439128476e-05	2.8153836359857418e-05	0.0	0.0	0.0	0.0	0.0	0.0	0.0	0.0	0.0	0.0	0.0	0.0	0.0	0.0	0.0	0.0	0.0	0.0	0.0	0.0	0.0	0.0	0.0	0.0	0.0	0.0	0.0	0.0	0.0	0.0	0.0	0.0	0.0	0.0	0.0	0.0	0.0	0.0	0.0	0.0	0.0	0.0	0.0	0.0	0.0	0.0	0.0	0.0	0.0	0.0	0.0	0.0	0.0	0.0	0.0	0.0	0.0	0.0	0.0	0.0	0.0	0.0	0.0	0.0	0.0	0.0	0.0	0.0	0.0	0.0	0.0	0.0	0.0	0.0	0.0	0.0	0.0	0.0	0.0	0.0	0.0	0.0	0.0	0.0	0.0	0.0	0.0	0.0	0.0	0.0	0.0	0.0	0.0	0.0	0.0	0.0	0.0	0.0	0.0	0.0	0.0	0.0	0.0	0.0	0.0	0.0	0.0	0.0	0.0	0.0	0.0	0.0	0.0	0.0	0.0	0.0	0.0	0.0	0.0	0.0	0.0	0.0	0.0	0.0	0.0	0.0	0.0	0.0	0.0	0.0	0.0	0.0	0.0	0.0	0.0	0.0	0.0	0.0	0.0	0.0	0.0	0.0	0.0	0.0	0.0	0.0	0.0	0.0	0.0	0.0	0.0	0.0	0.0	0.0	0.0	0.0	0.0	0.0	0.0	0.0	0.0	0.0	0.0	0.0	0.0	0.0	0.0	0.0	0.0	0.0	0.0	0.0	0.0	0.0	0.0	0.0	0.0	0.0	0.0	0.0	0.0	0.0	0.0	0.0	0.0	0.0	0.0	0.0	0.0	0.0	0.0	0.0	0.0	1.0	0.0	0.0	0.0	0.0	0.0	0.0	0.0	0.0	0.0	0.0	0.0	0.0	0.0	0.0	0.0	0.0	0.0	0.0	0.0	0.0	0.0	0.0	0.0	0.0	0.0	0.0	0.0	0.0	0.0	0.0	0.0	0.0	0.0	0.0	0.0	0.0	0.0	0.0	0.0	0.0	0.0	0.0	0.0	0.0	0.0	0.0	0.0
2073.6397357753967	-26.32916039071506	4299981.753786657	693.2246868799988	2366.9873945680383	-73.39640661788326	5387.032504417657	5602629.32604399	2200.0942747696586	-13.80631620987606	190.6143672870864	4840414.8178742295	2212.6494115105074	1595.6619863785122	1.133635	97.13018	2.939282292275029	1.6682965300140655	-0.030473298	0.1200229093	-0.012173564	-0.0237322697	-0.0210621293	0.0299477534	0.0124186114	-0.0883462622	0.0019252157	0.1078916088	0.109721538	0.02461109	0.0094955869	0.0210550509	-0.0310289326	-0.0103383888	0.017613479	-0.0187539763	0.0089718139	-0.0381003581	0.0201685598	0.0203292173	-0.0211431238	-0.0273769242	-0.0126810006	0.0155453637	-0.0418194551	0.0601007781	-0.0231573409	0.0231214202	0.0210069287	-0.0532582483	0.0444526643	-0.0175879237	-0.0769102285	0.0655077836	0.0714255758	0.0160802971	0.0267061398	-0.0276606182	-0.0143481262	-0.0024854909	-0.0647781904	-0.0691672152	0.0355364705	0.008959769	-0.0507165039	0.0769663555	-0.0796832699	0.058036534	-0.0186447705	-0.5078066849082461	-0.1341816290321276	0.2578676292375027	0.0180047095697155	-0.6142389766765177	-0.6649410788128306	0.3772895204686157	0.442146638292771	3.155446373411017	0.5692886579965304	9.95684181547274	0.3240895761234905	0.019457402606918	-0.0250359688055373	0.0006267997340318	0.0003785905162076	0.0305270403601467	0.0057905894329896	3.353092598145196e-05	0.00093190019315	-0.0058968791706094	-0.0005908602901438	3.4911588246881546e-07	3.4773183952767e-05	0.0	0.0	0.0	0.0	0.0	0.0	0.0	0.0	0.0	0.0	0.0	0.0	0.0	0.0	0.0	0.0	0.0	0.0	0.0	0.0	0.0	0.0	0.0	0.0	0.0	0.0	0.0	0.0	0.0	0.0	0.0	0.0	0.0	0.0	0.0	0.0	0.0	0.0	0.0	0.0	0.0	0.0	0.0	0.0	0.0	0.0	0.0	0.0	0.0	0.0	0.0	0.0	0.0	0.0	0.0	0.0	0.0	0.0	0.0	0.0	0.0	0.0	0.0	0.0	0.0	0.0	0.0	0.0	0.0	0.0	0.0	0.0	0.0	0.0	0.0	0.0	0.0	0.0	0.0	0.0	0.0	0.0	0.0	0.0	0.0	0.0	0.0	0.0	0.0	0.0	0.0	0.0	0.0	0.0	0.0	0.0	0.0	0.0	0.0	0.0	0.0	0.0	0.0	0.0	0.0	0.0	0.0	0.0	0.0	0.0	0.0	0.0	0.0	0.0	0.0	0.0	0.0	0.0	0.0	0.0	0.0	0.0	0.0	0.0	0.0	0.0	0.0	0.0	0.0	0.0	0.0	0.0	0.0	0.0	0.0	0.0	0.0	0.0	0.0	0.0	0.0	0.0	0.0	0.0	0.0	0.0	0.0	0.0	0.0	0.0	0.0	0.0	0.0	0.0	0.0	0.0	0.0	0.0	0.0	0.0	0.0	0.0	0.0	0.0	0.0	0.0	0.0	0.0	0.0	0.0	0.0	0.0	0.0	0.0	0.0	0.0	0.0	0.0	0.0	0.0	0.0	0.0	0.0	0.0	0.0	0.0	0.0	0.0	0.0	0.0	0.0	0.0	0.0	0.0	1.0	0.0	0.0	0.0	0.0	0.0	0.0	0.0	0.0	0.0	0.0	0.0	0.0	0.0	0.0	0.0	0.0	0.0	0.0	0.0	0.0	0.0	0.0	0.0	0.0	0.0	0.0	0.0	0.0	0.0	0.0	0.0	0.0	0.0	0.0	0.0	0.0	0.0	0.0	0.0	0.0	0.0	0.0	0.0	0.0	0.0	0.0
2069.2295572532566	-4.410178522140086	4281710.960610509	19.449674597145712	2386.5316768280445	19.544282260006185	381.9789690587925	5695533.444503678	2198.30459992782	-1.789674841838405	3.20293603950932	4832543.114063813	2216.5422028332223	1533.4903485900625	1.188042	101.791817	0.8183359890464521	0.4184910718539721	-0.0124426059	0.0987436959	0.0078122683	-0.0297755284	-0.0322218153	0.0250826474	-0.0296881131	-0.0595635848	0.086359106	0.0509045258	0.0309851823	0.0233293467	0.0253870068	0.0332448195	-0.0335199748	-0.0201924283	0.0347017489	0.0381676886	0.0425572955	-0.0238181013	-0.0072691532	-0.0015185575	-0.0742990986	-0.0265733469	-0.0337662896	0.0022789631	-0.0149055312	-0.0404928425	-0.0849359605	0.0620987509	0.0181082769	-0.0072968926	0.0901268687	0.0044820816	-0.0279544226	-0.0069781356	0.0702497734	0.0322166046	0.0290718184	0.0065633637	-0.0514970369	0.0540097034	-0.0282104091	-0.0696177779	0.0370681691	0.0064061583	-0.0479924649	0.0754344479	-0.0806444153	0.0620868871	-0.0252311319	-0.4618358518673062	0.0459708330409399	0.2132923540700003	0.0021133174904779	-0.5283792360820883	0.0858597405944294	0.2791846171226911	0.0073718950549427	3.292276704665305	0.1368303312542877	10.83908590008184	0.0187225395511581	0.0183920089402917	-0.0010653936666263	1.1350636648874329e-06	0.0003382659928597	0.0231453037398949	-0.0073817366202517	5.4490035530766434e-05	0.0005357050852119	-0.0084432505668672	-0.0025463713962578	6.4840072876799e-06	7.12884801349033e-05	0.0	0.0	0.0	0.0	0.0	0.0	0.0	0.0	0.0	0.0	0.0	0.0	0.0	0.0	0.0	0.0	0.0	0.0	0.0	0.0	0.0	0.0	0.0	0.0	0.0	0.0	0.0	0.0	0.0	0.0	0.0	0.0	0.0	0.0	0.0	0.0	0.0	0.0	0.0	0.0	0.0	0.0	0.0	0.0	0.0	0.0	0.0	0.0	0.0	0.0	0.0	0.0	0.0	0.0	0.0	0.0	0.0	0.0	0.0	0.0	0.0	0.0	0.0	0.0	0.0	0.0	0.0	0.0	0.0	0.0	0.0	0.0	0.0	0.0	0.0	0.0	0.0	0.0	0.0	0.0	0.0	0.0	0.0	0.0	0.0	0.0	0.0	0.0	0.0	0.0	0.0	0.0	0.0	0.0	0.0	0.0	0.0	0.0	0.0	0.0	0.0	0.0	0.0	0.0	0.0	0.0	0.0	0.0	0.0	0.0	0.0	0.0	0.0	0.0	0.0	0.0	0.0	0.0	0.0	0.0	0.0	0.0	0.0	0.0	0.0	0.0	0.0	0.0	0.0	0.0	0.0	0.0	0.0	0.0	0.0	0.0	0.0	0.0	0.0	0.0	0.0	0.0	0.0	0.0	0.0	0.0	0.0	0.0	0.0	0.0	0.0	0.0	0.0	0.0	0.0	0.0	0.0	0.0	0.0	0.0	0.0	0.0	0.0	0.0	0.0	0.0	0.0	0.0	0.0	0.0	0.0	0.0	0.0	0.0	0.0	0.0	0.0	0.0	0.0	0.0	0.0	0.0	0.0	0.0	0.0	0.0	0.0	0.0	0.0	0.0	0.0	0.0	0.0	0.0	0.0	1.0	0.0	0.0	0.0	0.0	0.0	0.0	0.0	0.0	0.0	0.0	0.0	0.0	0.0	0.0	0.0	0.0	0.0	0.0	0.0	0.0	0.0	0.0	0.0	0.0	0.0	0.0	0.0	0.0	0.0	0.0	0.0	0.0	0.0	0.0	0.0	0.0	0.0	0.0	0.0	0.0	0.0	0.0	0.0	0.0	0.0
2033.6791578229247	-35.550399430331936	4135850.91696336	1263.8308996561452	2331.1426830553028	-55.38899377274174	3067.940631156824	5434226.208762276	2202.0202981700068	3.7156982421865914	13.806413426988518	4848893.393552725	2191.3009125712856	1343.8597472411966	1.712395	146.718567	2.4423706000840766	0.9835367845566868	0.0275053182	0.0533567053	0.0346232311	-0.0711489186	0.0139645772	0.0181562515	-0.0546509502	-0.0127011081	0.1050609282	0.0564197265	0.0395226346	0.0311736638	-0.0029246752	-0.0075244751	-0.0208545407	0.0101671378	0.0190902825	0.0043881735	-0.0403704772	0.0193385406	-0.0099901241	-0.0824737747	0.0036774491	-0.0733439825	-0.066292324	-0.0965097464	-0.0038001266	-0.0954402821	-0.05177524	-0.0287827702	-0.0402358592	-0.1115678607	0.0814267473	0.0674090489	0.0278771667	0.1024554173	0.2411315991	0.0808172952	0.151999135	-0.1244379253	0.0150427603	0.0720864849	-0.0398606387	-0.0700607062	0.0385836084	0.0038462256	-0.0451842308	0.0736957799	-0.081287294	0.0658037687	-0.0316405151	-0.2089808887313182	0.252854963135988	0.0436730118549316	0.0639356323825018	-0.6250283979083804	-0.0966491618262921	0.3906604981919166	0.0093410604817248	3.7308153022485016	0.4385385975831966	13.918982819491578	0.1923161015702368	0.0272748782100017	0.0088828692697099	7.890536646275826e-05	0.0007439189813704	0.0099838108567229	-0.013161492883172	0.0001732248949137	9.967647922281804e-05	-0.0194854459647572	-0.0110421953978899	0.0001219300792051	0.0003796826044454	0.0	0.0	0.0	0.0	0.0	0.0	0.0	0.0	0.0	0.0	0.0	0.0	0.0	0.0	0.0	0.0	0.0	0.0	0.0	0.0	0.0	0.0	0.0	0.0	0.0	0.0	0.0	0.0	0.0	0.0	0.0	0.0	0.0	0.0	0.0	0.0	0.0	0.0	0.0	0.0	0.0	0.0	0.0	0.0	0.0	0.0	0.0	0.0	0.0	0.0	0.0	0.0	0.0	0.0	0.0	0.0	0.0	0.0	0.0	0.0	0.0	0.0	0.0	0.0	0.0	0.0	0.0	0.0	0.0	0.0	0.0	0.0	0.0	0.0	0.0	0.0	0.0	0.0	0.0	0.0	0.0	0.0	0.0	0.0	0.0	0.0	0.0	0.0	0.0	0.0	0.0	0.0	0.0	0.0	0.0	0.0	0.0	0.0	0.0	0.0	0.0	0.0	0.0	0.0	0.0	0.0	0.0	0.0	0.0	0.0	0.0	0.0	0.0	0.0	0.0	0.0	0.0	0.0	0.0	0.0	0.0	0.0	0.0	0.0	0.0	0.0	0.0	0.0	0.0	0.0	0.0	0.0	0.0	0.0	0.0	0.0	0.0	0.0	0.0	0.0	0.0	0.0	0.0	0.0	0.0	0.0	0.0	0.0	0.0	0.0	0.0	0.0	0.0	0.0	0.0	0.0	0.0	0.0	0.0	0.0	0.0	0.0	0.0	0.0	0.0	0.0	0.0	0.0	0.0	0.0	0.0	0.0	0.0	0.0	0.0	0.0	0.0	0.0	0.0	0.0	0.0	0.0	0.0	0.0	0.0	0.0	0.0	0.0	0.0	0.0	0.0	0.0	0.0	0.0	0.0	0.0	1.0	0.0	0.0	0.0	0.0	0.0	0.0	0.0	0.0	0.0	0.0	0.0	0.0	0.0	0.0	0.0	0.0	0.0	0.0	0.0	0.0	0.0	0.0	0.0	0.0	0.0	0.0	0.0	0.0	0.0	0.0	0.0	0.0	0.0	0.0	0.0	0.0	0.0	0.0	0.0	0.0	0.0	0.0	0.0	0.0
2028.6216001952075	-5.057557627717188	4115305.596778564	25.578889157680308	2343.8276312841126	12.684948228809844	160.907911567586	5493527.965170894	2207.676358430282	5.656060260275353	31.9910176678661	4873834.903571991	2190.902163621856	1123.9636568702076	1.699569	145.619583	4.594389801980711	2.679840133847985	0.0615175984	-0.0139368979	0.0570911539	-0.0390892057	0.0022328332	-0.0098196643	-0.0347339998	0.0662913963	-0.0156734861	-0.002244804	0.0242876595	0.0317279316	0.0026279032	-0.0211744595	-0.0205889743	-0.0037552911	-0.0215358836	-0.0318405993	0.0195964543	0.0287584377	-0.0117084995	-0.0940710326	0.0760266438	-0.0123486614	-0.0472917078	-0.0357109919	-0.0083630054	-0.0152001389	-0.0799709289	-0.1068295748	-0.0735177109	-0.0709692749	0.0006934946	0.0679475336	0.0366124938	-0.0001666428	0.0385756563	0.0297288063	0.1403002655	-0.0375103833	-0.0798113553	-0.015697508	-0.0629024649	-0.0704959515	0.0400821236	0.0012824971	-0.0422967282	0.0717551168	-0.0816093689	0.0691672152	-0.0378279629	-1.2449243414596791	-1.0359434527283609	1.5498366159588155	1.0731788372507576	-0.2417918397484015	0.3832365581599789	0.0584632937689166	0.1468702595103069	4.559287859188977	0.8284725569404756	20.787105782948007	0.6863667776034896	0.0310889783646135	0.0038141001546118	1.4547359989409757e-05	0.0009665245757554	0.016274750234297	0.006290939377574	3.95759182523124e-05	0.0002648674951887	-0.0563151511156092	-0.036829705150852	0.0013564271814986	0.0031713962451738	0.0	0.0	0.0	0.0	0.0	0.0	0.0	0.0	0.0	0.0	0.0	0.0	0.0	0.0	0.0	0.0	0.0	0.0	0.0	0.0	0.0	0.0	0.0	0.0	0.0	0.0	0.0	0.0	0.0	0.0	0.0	0.0	0.0	0.0	0.0	0.0	0.0	0.0	0.0	0.0	0.0	0.0	0.0	0.0	0.0	0.0	0.0	0.0	0.0	0.0	0.0	0.0	0.0	0.0	0.0	0.0	0.0	0.0	0.0	0.0	0.0	0.0	0.0	0.0	0.0	0.0	0.0	0.0	0.0	0.0	0.0	0.0	0.0	0.0	0.0	0.0	0.0	0.0	0.0	0.0	0.0	0.0	0.0	0.0	0.0	0.0	0.0	0.0	0.0	0.0	0.0	0.0	0.0	0.0	0.0	0.0	0.0	0.0	0.0	0.0	0.0	0.0	0.0	0.0	0.0	0.0	0.0	0.0	0.0	0.0	0.0	0.0	0.0	0.0	0.0	0.0	0.0	0.0	0.0	0.0	0.0	0.0	0.0	0.0	0.0	0.0	0.0	0.0	0.0	0.0	0.0	0.0	0.0	0.0	0.0	0.0	0.0	0.0	0.0	0.0	0.0	0.0	0.0	0.0	0.0	0.0	0.0	0.0	0.0	0.0	0.0	0.0	0.0	0.0	0.0	0.0	0.0	0.0	0.0	0.0	0.0	0.0	0.0	0.0	0.0	0.0	0.0	0.0	0.0	0.0	0.0	0.0	0.0	0.0	0.0	0.0	0.0	0.0	0.0	0.0	0.0	0.0	0.0	0.0	0.0	0.0	0.0	0.0	0.0	0.0	0.0	0.0	0.0	0.0	0.0	0.0	0.0	1.0	0.0	0.0	0.0	0.0	0.0	0.0	0.0	0.0	0.0	0.0	0.0	0.0	0.0	0.0	0.0	0.0	0.0	0.0	0.0	0.0	0.0	0.0	0.0	0.0	0.0	0.0	0.0	0.0	0.0	0.0	0.0	0.0	0.0	0.0	0.0	0.0	0.0	0.0	0.0	0.0	0.0	0.0	0.0
2056.906698111522	28.2850979163145	4230865.164736044	800.0467641354987	2391.883446262307	48.055814978194576	2309.36135321847	5721106.420503652	2180.2877263608184	-27.38863206946371	750.1371666364561	4753654.569719627	2195.626357234729	1245.5094777930535	1.712197	146.701599	1.952116141008517	1.275976319073247	0.0436821411	0.01075521	0.0346017626	0.0530828146	-0.0309648957	-0.0251392618	0.0321070321	-0.0299551944	0.0333878405	-0.0127784959	-0.005600949	0.0132741481	0.0159882342	0.0193011536	-0.0222088422	-0.0142416843	0.0161109404	-0.0167818813	0.0109646673	-0.0145163687	-0.0052963929	-0.0657702234	-0.0577314114	-0.0177191423	0.0055825988	-0.004702291	-0.0007455524	-0.0614168369	-0.0804640173	-0.0053046306	0.0812694709	0.0822939801	0.0359590096	0.0656056762	0.0431429942	0.0655849576	0.0147083859	-0.0372977599	-0.024516936	0.0764310654	0.0035649338	-8.04891e-05	0.0593027898	-0.0709234662	0.0415630576	-0.0012824971	-0.0393350228	0.0696177779	-0.0816093689	0.0721591615	-0.0437500746	-0.9987381412511808	0.2461862002084983	0.9974778747898636	0.0606076451730988	-0.8087834102650362	-0.5669915705166347	0.6541306047199419	0.32147944103692	4.565177434619422	0.0058895754304444	20.840845009558365	3.4687098750894786e-05	0.0261556328417544	-0.004933345522859	2.433789804791391e-05	0.0006841171293526	0.0160364005370963	-0.0002383496972006	5.681057815566479e-08	0.0002571661421861	-0.0388258704386102	0.0174892806769989	0.0003058749385988	0.0015074482153157	0.0	0.0	0.0	0.0	0.0	0.0	0.0	0.0	0.0	0.0	0.0	0.0	0.0	0.0	0.0	0.0	0.0	0.0	0.0	0.0	0.0	0.0	0.0	0.0	0.0	0.0	0.0	0.0	0.0	0.0	0.0	0.0	0.0	0.0	0.0	0.0	0.0	0.0	0.0	0.0	0.0	0.0	0.0	0.0	0.0	0.0	0.0	0.0	0.0	0.0	0.0	0.0	0.0	0.0	0.0	0.0	0.0	0.0	0.0	0.0	0.0	0.0	0.0	0.0	0.0	0.0	0.0	0.0	0.0	0.0	0.0	0.0	0.0	0.0	0.0	0.0	0.0	0.0	0.0	0.0	0.0	0.0	0.0	0.0	0.0	0.0	0.0	0.0	0.0	0.0	0.0	0.0	0.0	0.0	0.0	0.0	0.0	0.0	0.0	0.0	0.0	0.0	0.0	0.0	0.0	0.0	0.0	0.0	0.0	0.0	0.0	0.0	0.0	0.0	0.0	0.0	0.0	0.0	0.0	0.0	0.0	0.0	0.0	0.0	0.0	0.0	0.0	0.0	0.0	0.0	0.0	0.0	0.0	0.0	0.0	0.0	0.0	0.0	0.0	0.0	0.0	0.0	0.0	0.0	0.0	0.0	0.0	0.0	0.0	0.0	0.0	0.0	0.0	0.0	0.0	0.0	0.0	0.0	0.0	0.0	0.0	0.0	0.0	0.0	0.0	0.0	0.0	0.0	0.0	0.0	0.0	0.0	0.0	0.0	0.0	0.0	0.0	0.0	0.0	0.0	0.0	0.0	0.0	0.0	0.0	0.0	0.0	0.0	0.0	0.0	0.0	0.0	0.0	0.0	0.0	0.0	0.0	0.0	1.0	0.0	0.0	0.0	0.0	0.0	0.0	0.0	0.0	0.0	0.0	0.0	0.0	0.0	0.0	0.0	0.0	0.0	0.0	0.0	0.0	0.0	0.0	0.0	0.0	0.0	0.0	0.0	0.0	0.0	0.0	0.0	0.0	0.0	0.0	0.0	0.0	0.0	0.0	0.0	0.0	0.0	0.0
2061.03968942926	4.132991317737833	4247884.60140266	17.08161723249631	2351.49891725305	-40.38452900925722	1630.910183299538	5529547.157842266	2172.1014961574388	-8.186230203379637	67.01436494272501	4718024.909609384	2174.2366391490978	1413.7568154748903	1.279045	109.58902	3.3488830586774725	1.715624204954905	-0.01262174	0.0881805637	0.0235201671	-0.0117854879	-0.0024174718	-0.0105906831	-0.0056146476	-0.0031172656	0.0020571253	0.0120207612	0.1546902337	0.0067175232	0.0050951766	0.0157342811	-0.0090204906	-0.0093400948	0.0229071095	0.0030605752	0.0279992756	-0.0333361786	-0.0078268892	0.0329334847	-0.0174440436	0.0549834317	-0.016518948	-0.0004112041	-0.0054913836	0.0380896537	-0.0533283881	0.0487722942	0.1053747799	0.0122492251	0.0118856691	-0.0058801687	-0.0475978609	0.0497940719	0.084985038	0.0045520945	0.0615922925	0.0507054797	-0.0063823952	0.0088309083	-0.1375199877	-0.0713432033	0.0430257605	-0.0038462256	-0.0363043104	0.0672896215	-0.081287294	0.0747635377	-0.049365311	-1.0617508057789564	-0.0630126645277756	1.1273147735722633	0.0039705958908899	-0.6223430050225147	0.1864404052425214	0.3873108159004538	0.0347600247069956	3.8729213278667416	-0.69225610675268	14.999519611845084	0.4792185173363779	0.0203041018012214	-0.005851531040533	3.424041551832122e-05	0.0004122565499543	0.0289908286549942	0.0129544281178979	0.0001678172078617	0.0008404681461032	-0.0094883519539512	0.029337518484659	0.0008606899908377	9.002882280204956e-05	0.0	0.0	0.0	0.0	0.0	0.0	0.0	0.0	0.0	0.0	0.0	0.0	0.0	0.0	0.0	0.0	0.0	0.0	0.0	0.0	0.0	0.0	0.0	0.0	0.0	0.0	0.0	0.0	0.0	0.0	0.0	0.0	0.0	0.0	0.0	0.0	0.0	0.0	0.0	0.0	0.0	0.0	0.0	0.0	0.0	0.0	0.0	0.0	0.0	0.0	0.0	0.0	0.0	0.0	0.0	0.0	0.0	0.0	0.0	0.0	0.0	0.0	0.0	0.0	0.0	0.0	0.0	0.0	0.0	0.0	0.0	0.0	0.0	0.0	0.0	0.0	0.0	0.0	0.0	0.0	0.0	0.0	0.0	0.0	0.0	0.0	0.0	0.0	0.0	0.0	0.0	0.0	0.0	0.0	0.0	0.0	0.0	0.0	0.0	0.0	0.0	0.0	0.0	0.0	0.0	0.0	0.0	0.0	0.0	0.0	0.0	0.0	0.0	0.0	0.0	0.0	0.0	0.0	0.0	0.0	0.0	0.0	0.0	0.0	0.0	0.0	0.0	0.0	0.0	0.0	0.0	0.0	0.0	0.0	0.0	0.0	0.0	0.0	0.0	0.0	0.0	0.0	0.0	0.0	0.0	0.0	0.0	0.0	0.0	0.0	0.0	0.0	0.0	0.0	0.0	0.0	0.0	0.0	0.0	0.0	0.0	0.0	0.0	0.0	0.0	0.0	0.0	0.0	0.0	0.0	0.0	0.0	0.0	0.0	0.0	0.0	0.0	0.0	0.0	0.0	0.0	0.0	0.0	0.0	0.0	0.0	0.0	0.0	0.0	0.0	0.0	0.0	0.0	0.0	0.0	0.0	0.0	0.0	0.0	1.0	0.0	0.0	0.0	0.0	0.0	0.0	0.0	0.0	0.0	0.0	0.0	0.0	0.0	0.0	0.0	0.0	0.0	0.0	0.0	0.0	0.0	0.0	0.0	0.0	0.0	0.0	0.0	0.0	0.0	0.0	0.0	0.0	0.0	0.0	0.0	0.0	0.0	0.0	0.0	0.0	0.0
2058.5461921852934	-2.4934972439664307	4237612.425360571	6.217528505668185	2344.4022269053003	-7.0966903477497	50.36301389184376	5496221.801518531	2173.2421042400856	1.1406080826468497	1.3009867981993226	4722981.243641875	2175.921278152732	1417.8238432195203	0.8833649999999998	75.68699599999998	0.6827647225758601	0.4573187163007913	-0.0222926474	0.0843883644	0.0243314087	-0.0107295865	-0.0163672969	0.0223949149	0.0890725073	0.0260463499	0.1105819373	0.0372665045	0.0054802795	0.0084125293	0.019629474	0.0462842757	-0.0108687309	-0.0114815699	0.0483409055	0.02274973	0.0029171383	-0.0419538889	-0.0223944418	0.0281408097	-0.040815002	0.0195640916	-0.0063674782	0.0290801348	-0.0470975134	0.0287973704	-0.0736186327	0.0438184991	0.0271474904	0.0254396589	0.043814765	-0.0133652016	-0.0436420209	0.0399595279	0.0469301423	0.0104464377	-0.0202243058	0.0143075982	-0.0651104114	-0.033960288	-0.0245865104	-0.0717551168	0.044469591	-0.0064061583	-0.0332099078	0.064777029	-0.0806444153	0.0769663555	-0.0546342852	-0.9139430648016428	0.1478077409773136	0.8352919256990198	0.0218471282928166	-0.6423130163527162	-0.0199700113302014	0.4125660109761246	0.0003988013525283	3.8989772617668166	0.0260559339000749	15.202023687774664	0.000678911691405	0.011906432210178	-0.0083976695910434	7.052085456033502e-05	0.0001417631279755	0.0285028380060354	-0.0004879906489588	2.381348734712313e-07	0.0008124117743982	-0.0103813124413144	-0.0008929604873632	7.973784319919238e-07	0.0001077716480041	0.0	0.0	0.0	0.0	0.0	0.0	0.0	0.0	0.0	0.0	0.0	0.0	0.0	0.0	0.0	0.0	0.0	0.0	0.0	0.0	0.0	0.0	0.0	0.0	0.0	0.0	0.0	0.0	0.0	0.0	0.0	0.0	0.0	0.0	0.0	0.0	0.0	0.0	0.0	0.0	0.0	0.0	0.0	0.0	0.0	0.0	0.0	0.0	0.0	0.0	0.0	0.0	0.0	0.0	0.0	0.0	0.0	0.0	0.0	0.0	0.0	0.0	0.0	0.0	0.0	0.0	0.0	0.0	0.0	0.0	0.0	0.0	0.0	0.0	0.0	0.0	0.0	0.0	0.0	0.0	0.0	0.0	0.0	0.0	0.0	0.0	0.0	0.0	0.0	0.0	0.0	0.0	0.0	0.0	0.0	0.0	0.0	0.0	0.0	0.0	0.0	0.0	0.0	0.0	0.0	0.0	0.0	0.0	0.0	0.0	0.0	0.0	0.0	0.0	0.0	0.0	0.0	0.0	0.0	0.0	0.0	0.0	0.0	0.0	0.0	0.0	0.0	0.0	0.0	0.0	0.0	0.0	0.0	0.0	0.0	0.0	0.0	0.0	0.0	0.0	0.0	0.0	0.0	0.0	0.0	0.0	0.0	0.0	0.0	0.0	0.0	0.0	0.0	0.0	0.0	0.0	0.0	0.0	0.0	0.0	0.0	0.0	0.0	0.0	0.0	0.0	0.0	0.0	0.0	0.0	0.0	0.0	0.0	0.0	0.0	0.0	0.0	0.0	0.0	0.0	0.0	0.0	0.0	0.0	0.0	0.0	0.0	0.0	0.0	0.0	0.0	0.0	0.0	0.0	0.0	0.0	0.0	0.0	0.0	0.0	1.0	0.0	0.0	0.0	0.0	0.0	0.0	0.0	0.0	0.0	0.0	0.0	0.0	0.0	0.0	0.0	0.0	0.0	0.0	0.0	0.0	0.0	0.0	0.0	0.0	0.0	0.0	0.0	0.0	0.0	0.0	0.0	0.0	0.0	0.0	0.0	0.0	0.0	0.0	0.0	0.0
2073.639002768602	15.09281058330862	4299978.713803163	227.79293130363263	2393.7526086258563	49.350381720556015	2435.4601759645893	5730051.551303091	2186.981549138608	13.73944489852238	188.7723461195326	4782888.296272705	2195.603005970812	1384.3451197223446	0.813063	69.66349	1.009107445261368	0.647141439436497	-0.0145371643	0.0746385217	0.0387749772	0.0175666286	-0.0422439045	-0.0276028607	0.0363056065	0.0416328286	0.0154493727	0.0129543961	-0.0259575473	0.0182744154	0.0242375817	0.0475703369	-0.0245348649	-0.0209268923	0.0489756613	0.005104796	0.0285289284	-0.042245936	-0.0253782212	0.0267410492	0.0048553828	-0.0121745192	0.0446574995	0.0233347824	-0.0874237235	0.0092487445	-0.0165833828	0.0158184805	0.0276022396	0.0106247735	0.0013476478	-0.033374835	-0.0375361577	0.0708296824	0.0396326354	0.0021772246	-0.0036969896	-0.0249172563	-0.0339271302	-0.0556556819	-0.0370499632	-0.0721591615	0.0458939156	-0.008959769	-0.0300572439	0.0620868871	-0.0796832699	0.0787557834	-0.0595200392	-0.900924806215798	0.0130182585858448	0.8116655064549732	0.0001694750566079	-0.7574860861423218	-0.1151730697896056	0.573785170699213	0.0132648360047613	4.402509348086049	0.5035320863192325	19.38208855998505	0.253544561952999	0.0069492879296616	-0.0049571442805164	2.4573279417856457e-05	4.82926027293404e-05	0.0306961266763163	0.0021932886702808	4.810515191182551e-06	0.0009422521929284	-0.0107785601018508	-0.0003972476605363	1.5780570380164269e-07	0.0001161773578692	0.0	0.0	0.0	0.0	0.0	0.0	0.0	0.0	0.0	0.0	0.0	0.0	0.0	0.0	0.0	0.0	0.0	0.0	0.0	0.0	0.0	0.0	0.0	0.0	0.0	0.0	0.0	0.0	0.0	0.0	0.0	0.0	0.0	0.0	0.0	0.0	0.0	0.0	0.0	0.0	0.0	0.0	0.0	0.0	0.0	0.0	0.0	0.0	0.0	0.0	0.0	0.0	0.0	0.0	0.0	0.0	0.0	0.0	0.0	0.0	0.0	0.0	0.0	0.0	0.0	0.0	0.0	0.0	0.0	0.0	0.0	0.0	0.0	0.0	0.0	0.0	0.0	0.0	0.0	0.0	0.0	0.0	0.0	0.0	0.0	0.0	0.0	0.0	0.0	0.0	0.0	0.0	0.0	0.0	0.0	0.0	0.0	0.0	0.0	0.0	0.0	0.0	0.0	0.0	0.0	0.0	0.0	0.0	0.0	0.0	0.0	0.0	0.0	0.0	0.0	0.0	0.0	0.0	0.0	0.0	0.0	0.0	0.0	0.0	0.0	0.0	0.0	0.0	0.0	0.0	0.0	0.0	0.0	0.0	0.0	0.0	0.0	0.0	0.0	0.0	0.0	0.0	0.0	0.0	0.0	0.0	0.0	0.0	0.0	0.0	0.0	0.0	0.0	0.0	0.0	0.0	0.0	0.0	0.0	0.0	0.0	0.0	0.0	0.0	0.0	0.0	0.0	0.0	0.0	0.0	0.0	0.0	0.0	0.0	0.0	0.0	0.0	0.0	0.0	0.0	0.0	0.0	0.0	0.0	0.0	0.0	0.0	0.0	0.0	0.0	0.0	0.0	0.0	0.0	0.0	0.0	0.0	0.0	0.0	0.0	0.0	1.0	0.0	0.0	0.0	0.0	0.0	0.0	0.0	0.0	0.0	0.0	0.0	0.0	0.0	0.0	0.0	0.0	0.0	0.0	0.0	0.0	0.0	0.0	0.0	0.0	0.0	0.0	0.0	0.0	0.0	0.0	0.0	0.0	0.0	0.0	0.0	0.0	0.0	0.0	0.0
2072.908362074694	-0.7306406939078443	4296949.077559192	0.5338358235941362	2381.596867391508	-12.15574123434817	147.76204495643236	5672003.638769045	2188.2178288335385	1.2362796949305448	1.5283874840975609	4788297.266424965	2197.2680302530216	1299.9431783146545	0.657798	56.360371	0.560920029704333	0.2895033117267526	-0.0015829339	0.0429331308	0.0445495982	0.0116641787	-0.0279166578	-0.0219706894	0.0541521135	0.0220119748	0.0003222724	0.0041517333	-0.0550839016	0.0229946189	0.021617846	0.0564090167	-0.0280138353	-0.0164189616	0.0470151128	-0.0057386394	0.0052859687	-0.038514782	-0.0384146241	0.0093127849	-0.0200328959	0.0024241137	0.0491251297	0.025342485	-0.0727588636	0.0245842028	-0.0400191913	0.0327737439	0.01711541	0.0377800609	-0.014402199	-0.0224785383	-0.0238082527	0.0451253089	0.0278993554	0.0145953477	-0.0500854933	0.0030399858	-0.0615244934	-0.0713367911	-0.0192103186	-0.0725552932	0.0472981097	-0.0115045374	-0.0268518493	0.0592265694	-0.0784076511	0.0801222105	-0.0639883028	-0.914273889578098	-0.0133490833623	0.835896745164264	0.0001781980266136	-0.8506157754700894	-0.0931296893277675	0.7235471974785815	0.0086731390342865	4.66318552809085	0.2606761800048005	21.745299269395936	0.0679520708218951	0.0056563601016308	-0.0012929278280307	1.6716623684964406e-06	3.19944095993208e-05	0.0298783970920588	-0.0008177295842574	6.686816729699433e-07	0.0008927186127907	-0.0125432042297518	-0.0017646441279009	3.11396889813548e-06	0.0001573319723492	0.0	0.0	0.0	0.0	0.0	0.0	0.0	0.0	0.0	0.0	0.0	0.0	0.0	0.0	0.0	0.0	0.0	0.0	0.0	0.0	0.0	0.0	0.0	0.0	0.0	0.0	0.0	0.0	0.0	0.0	0.0	0.0	0.0	0.0	0.0	0.0	0.0	0.0	0.0	0.0	0.0	0.0	0.0	0.0	0.0	0.0	0.0	0.0	0.0	0.0	0.0	0.0	0.0	0.0	0.0	0.0	0.0	0.0	0.0	0.0	0.0	0.0	0.0	0.0	0.0	0.0	0.0	0.0	0.0	0.0	0.0	0.0	0.0	0.0	0.0	0.0	0.0	0.0	0.0	0.0	0.0	0.0	0.0	0.0	0.0	0.0	0.0	0.0	0.0	0.0	0.0	0.0	0.0	0.0	0.0	0.0	0.0	0.0	0.0	0.0	0.0	0.0	0.0	0.0	0.0	0.0	0.0	0.0	0.0	0.0	0.0	0.0	0.0	0.0	0.0	0.0	0.0	0.0	0.0	0.0	0.0	0.0	0.0	0.0	0.0	0.0	0.0	0.0	0.0	0.0	0.0	0.0	0.0	0.0	0.0	0.0	0.0	0.0	0.0	0.0	0.0	0.0	0.0	0.0	0.0	0.0	0.0	0.0	0.0	0.0	0.0	0.0	0.0	0.0	0.0	0.0	0.0	0.0	0.0	0.0	0.0	0.0	0.0	0.0	0.0	0.0	0.0	0.0	0.0	0.0	0.0	0.0	0.0	0.0	0.0	0.0	0.0	0.0	0.0	0.0	0.0	0.0	0.0	0.0	0.0	0.0	0.0	0.0	0.0	0.0	0.0	0.0	0.0	0.0	0.0	0.0	0.0	0.0	0.0	0.0	0.0	0.0	1.0	0.0	0.0	0.0	0.0	0.0	0.0	0.0	0.0	0.0	0.0	0.0	0.0	0.0	0.0	0.0	0.0	0.0	0.0	0.0	0.0	0.0	0.0	0.0	0.0	0.0	0.0	0.0	0.0	0.0	0.0	0.0	0.0	0.0	0.0	0.0	0.0	0.0	0.0
2071.1976967911146	-1.7106652835796012	4289859.8991928175	2.9263757124444774	2354.928461780287	-26.66840561122126	711.2038578446176	5545688.060102868	2196.942559283713	8.72473045017432	76.120921428199	4826556.60879207	2200.429121276643	1367.676162451715	0.664116	56.901657	0.838048335808653	0.4545258497136912	-0.0221943988	0.0634269711	0.0585907976	-0.002627278	-0.0058684449	-0.0548764116	0.0736529794	0.0378101912	-0.0397040385	0.0362574024	0.0223507294	0.0301234515	0.0335210039	0.0530530508	-0.0338104834	-0.0319862343	0.0540156672	-0.0065890072	-0.0019842211	-0.0347198474	-0.0576057256	0.0110457289	0.0181971446	-0.0020624908	0.0504430296	0.0102093391	-0.0752288467	0.020443458	-0.0402688988	0.0266671498	0.0150789976	0.035236093	-0.0127983482	0.0006636129	-0.0503742158	0.0675134962	0.0207310462	0.0172648034	-0.0282533816	-0.0080334187	-0.0447524939	-0.0893115801	-0.0283377453	-0.0729434684	0.0486815572	-0.0140379523	-0.0235993474	0.0562039158	-0.0768225931	0.0810582975	-0.0680077345	-0.8329916975759062	0.0812821920021917	0.69387516823039	0.0066067947366811	-0.9106926782790908	-0.0600769028090014	0.8293611542711437	0.0036092342511222	4.7001606424480045	0.0369751143571548	22.09151006481724	0.0013671590817246	-0.0022785590993976	-0.0079349192010284	6.296294272684919e-05	5.1918315694476015e-06	0.0263952710770039	-0.0034831260150548	1.2132166836752213e-05	0.0006967103352285	-0.0143194415464746	-0.0017762373167228	3.155019005318615e-06	0.0002050464062029	0.0	0.0	0.0	0.0	0.0	0.0	0.0	0.0	0.0	0.0	0.0	0.0	0.0	0.0	0.0	0.0	0.0	0.0	0.0	0.0	0.0	0.0	0.0	0.0	0.0	0.0	0.0	0.0	0.0	0.0	0.0	0.0	0.0	0.0	0.0	0.0	0.0	0.0	0.0	0.0	0.0	0.0	0.0	0.0	0.0	0.0	0.0	0.0	0.0	0.0	0.0	0.0	0.0	0.0	0.0	0.0	0.0	0.0	0.0	0.0	0.0	0.0	0.0	0.0	0.0	0.0	0.0	0.0	0.0	0.0	0.0	0.0	0.0	0.0	0.0	0.0	0.0	0.0	0.0	0.0	0.0	0.0	0.0	0.0	0.0	0.0	0.0	0.0	0.0	0.0	0.0	0.0	0.0	0.0	0.0	0.0	0.0	0.0	0.0	0.0	0.0	0.0	0.0	0.0	0.0	0.0	0.0	0.0	0.0	0.0	0.0	0.0	0.0	0.0	0.0	0.0	0.0	0.0	0.0	0.0	0.0	0.0	0.0	0.0	0.0	0.0	0.0	0.0	0.0	0.0	0.0	0.0	0.0	0.0	0.0	0.0	0.0	0.0	0.0	0.0	0.0	0.0	0.0	0.0	0.0	0.0	0.0	0.0	0.0	0.0	0.0	0.0	0.0	0.0	0.0	0.0	0.0	0.0	0.0	0.0	0.0	0.0	0.0	0.0	0.0	0.0	0.0	0.0	0.0	0.0	0.0	0.0	0.0	0.0	0.0	0.0	0.0	0.0	0.0	0.0	0.0	0.0	0.0	0.0	0.0	0.0	0.0	0.0	0.0	0.0	0.0	0.0	0.0	0.0	0.0	0.0	0.0	0.0	0.0	0.0	0.0	0.0	0.0	1.0	0.0	0.0	0.0	0.0	0.0	0.0	0.0	0.0	0.0	0.0	0.0	0.0	0.0	0.0	0.0	0.0	0.0	0.0	0.0	0.0	0.0	0.0	0.0	0.0	0.0	0.0	0.0	0.0	0.0	0.0	0.0	0.0	0.0	0.0	0.0	0.0	0.0
2055.3931136452866	-15.80458314582802	4224640.8516204655	249.78484841339107	2342.318959275337	-12.609502504949887	158.99955342233747	5486458.106980697	2182.261580757473	-14.680978526239867	215.53113048791616	4762265.606850104	2186.25326399853	1358.204472302832	0.607384	52.040878	0.2177978847752766	0.0994039214440819	-0.0244423126	0.0590745917	0.0494166756	-0.0126956603	-0.0027746845	-0.0437152879	0.0896389471	0.0479754923	-0.0267834133	0.0233508998	0.0426762732	0.0202046193	0.0338929038	0.0563518624	-0.0242229678	-0.0311421	0.055332497	0.0011564493	0.0007605213	-0.0388662107	-0.0585722716	0.0093016465	-0.0152889758	-0.0025235279	0.0394846464	0.0077044986	-0.0683384466	0.0127218286	-0.042089833	0.0369380476	-0.0010299697	0.04505327	-0.0092304086	0.0027259183	-0.0379797206	0.0363382611	0.0403393337	0.0316542252	-0.058571998	0.0068937106	-0.0664911479	-0.0631008219	-0.0324761649	-0.0733236445	0.0500436514	-0.0165575133	-0.0203054443	0.0530272111	-0.0749343514	0.0815590168	-0.0715501408	-0.7996240752570714	0.0333676223188348	0.6393986617307265	0.0011133982192124	-0.9183961956513969	-0.007703517372306	0.8434515721869588	5.934417990542053e-05	4.648194094788629	-0.0519665476593758	21.60570834282788	0.0027005220756341	-0.00142446668049	0.0008540924189075	7.294738600354351e-07	2.0291053238261994e-06	0.0276873655953224	0.0012920945183184	1.669508244268716e-06	0.000766590213609	-0.0139704245352055	0.0003490170112691	1.218128741552153e-07	0.0001951727616938	0.0	0.0	0.0	0.0	0.0	0.0	0.0	0.0	0.0	0.0	0.0	0.0	0.0	0.0	0.0	0.0	0.0	0.0	0.0	0.0	0.0	0.0	0.0	0.0	0.0	0.0	0.0	0.0	0.0	0.0	0.0	0.0	0.0	0.0	0.0	0.0	0.0	0.0	0.0	0.0	0.0	0.0	0.0	0.0	0.0	0.0	0.0	0.0	0.0	0.0	0.0	0.0	0.0	0.0	0.0	0.0	0.0	0.0	0.0	0.0	0.0	0.0	0.0	0.0	0.0	0.0	0.0	0.0	0.0	0.0	0.0	0.0	0.0	0.0	0.0	0.0	0.0	0.0	0.0	0.0	0.0	0.0	0.0	0.0	0.0	0.0	0.0	0.0	0.0	0.0	0.0	0.0	0.0	0.0	0.0	0.0	0.0	0.0	0.0	0.0	0.0	0.0	0.0	0.0	0.0	0.0	0.0	0.0	0.0	0.0	0.0	0.0	0.0	0.0	0.0	0.0	0.0	0.0	0.0	0.0	0.0	0.0	0.0	0.0	0.0	0.0	0.0	0.0	0.0	0.0	0.0	0.0	0.0	0.0	0.0	0.0	0.0	0.0	0.0	0.0	0.0	0.0	0.0	0.0	0.0	0.0	0.0	0.0	0.0	0.0	0.0	0.0	0.0	0.0	0.0	0.0	0.0	0.0	0.0	0.0	0.0	0.0	0.0	0.0	0.0	0.0	0.0	0.0	0.0	0.0	0.0	0.0	0.0	0.0	0.0	0.0	0.0	0.0	0.0	0.0	0.0	0.0	0.0	0.0	0.0	0.0	0.0	0.0	0.0	0.0	0.0	0.0	0.0	0.0	0.0	0.0	0.0	0.0	0.0	0.0	0.0	0.0	0.0	0.0	0.0	0.0	0.0	0.0	0.0	0.0	0.0	0.0	0.0	0.0	0.0	0.0	0.0	0.0	0.0	0.0	0.0	0.0	0.0	0.0	0.0	0.0	0.0	0.0	0.0	0.0	0.0	0.0	0.0	0.0	0.0	0.0	0.0	0.0	0.0	0.0	0.0
2053.0433663413905	-2.349747303896038	4214987.064078389	5.521312392166699	2313.9785356913526	-28.34042358398437	803.1796089196578	5354496.663640296	2186.2874092433763	4.025828485903276	16.20729499791026	4779852.635816114	2180.665942361546	1342.64805354	0.815265	69.85215	0.2587640231724214	0.1715102983108056	-0.0302159139	0.0620132012	0.0531585288	-0.0168196788	0.0084256477	-0.0263498119	0.0799109003	0.0451064385	0.0019042855	0.0545217217	-0.0005160208	0.0247745882	0.0359442543	0.0326270994	-0.0225654763	-0.0331546003	0.0466467093	-0.0066682167	-0.0147314369	-0.0335665266	-0.0553457091	0.0242082453	0.0188258709	-0.0091005126	0.0387386758	0.0130982889	-0.0867076477	-0.0102237428	-0.0362527653	0.0132293429	0.0034087623	0.0348692294	0.0006204956	-0.0234476586	-0.0467682727	0.0591780188	0.0015542475	-0.018116746	-0.0156338299	-0.0437451826	-0.0414914927	-0.1023838962	-0.0101528116	-0.0736957799	0.0513837948	-0.0190607341	-0.0169759185	0.0497051625	-0.0727503781	0.0816216788	-0.0745906743	-0.7811308440041103	0.018493231252961	0.6101653954545736	0.0003419996021754	-0.7643160093076489	0.1540801863437479	0.58417896208397	0.0237407038237241	4.627752529415631	-0.0204415653729972	21.41609347351277	0.0004178575948985	-0.0015443303947533	-0.0001198637142632	1.4367309996994024e-08	2.384956368158883e-06	0.0265412774995126	-0.0011460880958098	1.3135179233569358e-06	0.0007044394113061	-0.0140194535291867	-4.902899398120074e-05	2.403842250808618e-09	0.000196545077257	0.0	0.0	0.0	0.0	0.0	0.0	0.0	0.0	0.0	0.0	0.0	0.0	0.0	0.0	0.0	0.0	0.0	0.0	0.0	0.0	0.0	0.0	0.0	0.0	0.0	0.0	0.0	0.0	0.0	0.0	0.0	0.0	0.0	0.0	0.0	0.0	0.0	0.0	0.0	0.0	0.0	0.0	0.0	0.0	0.0	0.0	0.0	0.0	0.0	0.0	0.0	0.0	0.0	0.0	0.0	0.0	0.0	0.0	0.0	0.0	0.0	0.0	0.0	0.0	0.0	0.0	0.0	0.0	0.0	0.0	0.0	0.0	0.0	0.0	0.0	0.0	0.0	0.0	0.0	0.0	0.0	0.0	0.0	0.0	0.0	0.0	0.0	0.0	0.0	0.0	0.0	0.0	0.0	0.0	0.0	0.0	0.0	0.0	0.0	0.0	0.0	0.0	0.0	0.0	0.0	0.0	0.0	0.0	0.0	0.0	0.0	0.0	0.0	0.0	0.0	0.0	0.0	0.0	0.0	0.0	0.0	0.0	0.0	0.0	0.0	0.0	0.0	0.0	0.0	0.0	0.0	0.0	0.0	0.0	0.0	0.0	0.0	0.0	0.0	0.0	0.0	0.0	0.0	0.0	0.0	0.0	0.0	0.0	0.0	0.0	0.0	0.0	0.0	0.0	0.0	0.0	0.0	0.0	0.0	0.0	0.0	0.0	0.0	0.0	0.0	0.0	0.0	0.0	0.0	0.0	0.0	0.0	0.0	0.0	0.0	0.0	0.0	0.0	0.0	0.0	0.0	0.0	0.0	0.0	0.0	0.0	0.0	0.0	0.0	0.0	0.0	0.0	0.0	0.0	0.0	0.0	0.0	0.0	0.0	0.0	0.0	0.0	0.0	0.0	0.0	0.0	0.0	0.0	0.0	0.0	0.0	0.0	0.0	0.0	0.0	0.0	0.0	0.0	0.0	0.0	0.0	0.0	0.0	0.0	0.0	0.0	0.0	0.0	0.0	0.0	0.0	0.0	0.0	0.0	0.0	0.0	0.0	0.0	0.0	0.0	0.0
1978.2641592645853	-74.77920707680528	3913529.083830816	5591.929811035725	2233.221239899936	-80.75729579141671	6521.740823542371	4987277.106340207	2109.6506812054176	-76.63672803795862	5873.188084364033	4450625.996710483	2094.575875950192	986.9575541971438	1.563433	133.95546	3.283992223482475	1.768450274591818	0.0492681534	-0.1022767465	0.0176275077	0.038332463	0.0582095619	0.0646449424	0.0704558221	-0.1681868071	-0.0570514653	-0.0569824322	0.1157580429	-0.0367489476	-0.0003088975	-0.0084635	0.0545685125	-0.0147769347	-0.0259725614	-0.0618907808	-0.0757070443	0.0291734681	-0.0242480968	-0.0491852945	-0.0240339873	-0.0352082153	0.1287089489	0.0701561938	-0.0353777705	0.0361113831	-0.006761663	0.0079826082	0.0036408298	0.0558592797	-0.0429341808	-0.0466720297	0.0216657735	0.031160487	-0.1508944141	-0.027164233	-0.0941208732	-0.1365566894	-0.0486521983	-0.0659720236	0.0976026723	-0.0740598336	0.0527013995	-0.0215451443	-0.0136166111	0.0462468756	-0.0702792922	0.0812459471	-0.0771080077	-0.9204184250042148	-0.1392875810001045	0.8471700770872393	0.0194010302208606	-0.8436926019952011	-0.0793765926875522	0.7118172066614329	0.0063006434666855	6.24947110134012	1.6217185719244886	39.05588904648529	2.629971126524803	0.0140638359848787	0.015608166379632	0.0002436148577342	0.0001977914826095	0.0287868513379563	0.0022455738384437	5.042601863902775e-06	0.0008286828099535	-0.0250379028685176	-0.0110184493393308	0.0001214062258434	0.0006268965800533	0.0	0.0	0.0	0.0	0.0	0.0	0.0	0.0	0.0	0.0	0.0	0.0	0.0	0.0	0.0	0.0	0.0	0.0	0.0	0.0	0.0	0.0	0.0	0.0	0.0	0.0	0.0	0.0	0.0	0.0	0.0	0.0	0.0	0.0	0.0	0.0	0.0	0.0	0.0	0.0	0.0	0.0	0.0	0.0	0.0	0.0	0.0	0.0	0.0	0.0	0.0	0.0	0.0	0.0	0.0	0.0	0.0	0.0	0.0	0.0	0.0	0.0	0.0	0.0	0.0	0.0	0.0	0.0	0.0	0.0	0.0	0.0	0.0	0.0	0.0	0.0	0.0	0.0	0.0	0.0	0.0	0.0	0.0	0.0	0.0	0.0	0.0	0.0	0.0	0.0	0.0	0.0	0.0	0.0	0.0	0.0	0.0	0.0	0.0	0.0	0.0	0.0	0.0	0.0	0.0	0.0	0.0	0.0	0.0	0.0	0.0	0.0	0.0	0.0	0.0	0.0	0.0	0.0	0.0	0.0	0.0	0.0	0.0	0.0	0.0	0.0	0.0	0.0	0.0	0.0	0.0	0.0	0.0	0.0	0.0	0.0	0.0	0.0	0.0	0.0	0.0	0.0	0.0	0.0	0.0	0.0	0.0	0.0	0.0	0.0	0.0	0.0	0.0	0.0	0.0	0.0	0.0	0.0	0.0	0.0	0.0	0.0	0.0	0.0	0.0	0.0	0.0	0.0	0.0	0.0	0.0	0.0	0.0	0.0	0.0	0.0	0.0	0.0	0.0	0.0	0.0	0.0	0.0	0.0	0.0	0.0	0.0	0.0	0.0	0.0	0.0	0.0	0.0	0.0	0.0	0.0	0.0	0.0	0.0	0.0	0.0	0.0	0.0	0.0	1.0	0.0	0.0	0.0	0.0	0.0	0.0	0.0	0.0	0.0	0.0	0.0	0.0	0.0	0.0	0.0	0.0	0.0	0.0	0.0	0.0	0.0	0.0	0.0	0.0	0.0	0.0	0.0	0.0	0.0	0.0	0.0	0.0	0.0	0.0	0.0	0.0
1994.002316903616	15.73815763903076	3976045.239816989	247.68960587098223	2228.0324840806934	-5.188755819242488	26.92318695172278	4964128.750118786	2115.2104263305664	5.5597451251487655	30.910765856615463	4474115.147657537	2120.1630398953	921.7744795999008	1.571256	134.625717	2.2243333174925564	0.9042489079634752	0.0517719385	-0.1344558778	0.0214213063	0.0055017881	0.0754431017	0.0513229486	0.1023688417	-0.0535931751	0.0711184904	-0.135833299	-0.0216684771	-0.0384629022	0.0039968015	-0.0371024769	0.0378556992	-0.0102553851	-0.0756340537	0.0169722764	0.0421726335	0.0606318054	-0.0175810794	-0.0883447338	-0.0225079006	0.0131841014	0.1039968383	0.0137029367	0.0418499911	0.0137056248	0.0373453377	0.0303534258	-0.0346892816	-0.0424213293	-0.0742934029	0.0355966527	-0.0369522457	-0.06914691	-0.0788110038	0.0445386498	-0.0365978459	-0.0456289475	0.1299079552	0.0067762806	0.1727325352	-0.0744157659	0.0539958877	-0.024008292	-0.0102334157	0.0426618292	-0.0675308461	0.0804338397	-0.0790844839	-0.6567170082772691	0.2637014167269457	0.4312772289606467	0.0695384371837982	-1.3154973383845174	-0.4718047363893163	1.7305332472967496	0.2225997092793922	6.694197509443264	0.4447264081031443	44.8122802954364	0.1977815780643245	0.0212886086615878	0.007224772676709	5.219734023012237e-05	0.0004532048587462	0.0172870916525131	-0.0114997596854432	0.0001322444728229	0.0002988435378023	-0.0271953856318283	-0.0021574827633107	4.6547318739827805e-06	0.0007395889996638	0.0	0.0	0.0	0.0	0.0	0.0	0.0	0.0	0.0	0.0	0.0	0.0	0.0	0.0	0.0	0.0	0.0	0.0	0.0	0.0	0.0	0.0	0.0	0.0	0.0	0.0	0.0	0.0	0.0	0.0	0.0	0.0	0.0	0.0	0.0	0.0	0.0	0.0	0.0	0.0	0.0	0.0	0.0	0.0	0.0	0.0	0.0	0.0	0.0	0.0	0.0	0.0	0.0	0.0	0.0	0.0	0.0	0.0	0.0	0.0	0.0	0.0	0.0	0.0	0.0	0.0	0.0	0.0	0.0	0.0	0.0	0.0	0.0	0.0	0.0	0.0	0.0	0.0	0.0	0.0	0.0	0.0	0.0	0.0	0.0	0.0	0.0	0.0	0.0	0.0	0.0	0.0	0.0	0.0	0.0	0.0	0.0	0.0	0.0	0.0	0.0	0.0	0.0	0.0	0.0	0.0	0.0	0.0	0.0	0.0	0.0	0.0	0.0	0.0	0.0	0.0	0.0	0.0	0.0	0.0	0.0	0.0	0.0	0.0	0.0	0.0	0.0	0.0	0.0	0.0	0.0	0.0	0.0	0.0	0.0	0.0	0.0	0.0	0.0	0.0	0.0	0.0	0.0	0.0	0.0	0.0	0.0	0.0	0.0	0.0	0.0	0.0	0.0	0.0	0.0	0.0	0.0	0.0	0.0	0.0	0.0	0.0	0.0	0.0	0.0	0.0	0.0	0.0	0.0	0.0	0.0	0.0	0.0	0.0	0.0	0.0	0.0	0.0	0.0	0.0	0.0	0.0	0.0	0.0	0.0	0.0	0.0	0.0	0.0	0.0	0.0	0.0	0.0	0.0	0.0	0.0	0.0	0.0	0.0	0.0	0.0	0.0	0.0	0.0	0.0	1.0	0.0	0.0	0.0	0.0	0.0	0.0	0.0	0.0	0.0	0.0	0.0	0.0	0.0	0.0	0.0	0.0	0.0	0.0	0.0	0.0	0.0	0.0	0.0	0.0	0.0	0.0	0.0	0.0	0.0	0.0	0.0	0.0	0.0	0.0	0.0
2002.2092538137508	8.2069369101348	4008841.8960574167	67.35381344693295	2325.8082843937286	97.77580031303523	9560.10712685454	5409384.1757545	2142.814266702403	27.603840371836668	761.97200327384	4591652.981583358	2161.735688850855	1023.9268951202488	1.704166	146.013504	3.794376821121857	1.9597978384861248	0.046100346	-0.1190028296	0.035014813	0.0338420932	0.0059026739	0.0276838413	-0.0437597066	-0.1214761062	0.0162658637	0.0354431076	0.0944969876	-0.0103279825	-0.0046923538	0.0023620974	0.0007044898	0.0027115237	-0.0122138672	0.0097474787	0.0504233419	0.0463296892	-0.0238032412	-0.0887524201	-0.130832594	0.0599784735	-0.015557399	-0.0522139771	0.0955835271	-0.0257152001	0.1146433755	-0.0118103654	0.1685264222	0.061603626	-0.1397542914	0.1491723554	-0.0490921396	-0.1204990553	0.0165775779	-0.0484034371	-0.0185478895	0.0419276241	0.0944802536	0.0600167498	0.0439364298	-0.0747635377	0.0552666915	-0.0264477464	-0.0068322673	0.0389598496	-0.0645158866	0.0791897184	-0.0805062393	-1.384932017462745	-0.728215009185476	1.9180366929934287	0.5302970996030029	-0.9039088559243852	0.4115884824601322	0.8170512198185309	0.1694050788938345	5.945594540533001	-0.7486029689102631	35.35009444041583	0.5604064050612604	0.0336532392581552	0.0123646305965674	0.0001528840897895	0.0011325405125666	0.0025194309182878	-0.0147676607342253	0.0002180838035611	6.347532152024507e-06	-0.0381825015123553	-0.0109871158805269	0.0001207167153721	0.001457903421741	0.0	0.0	0.0	0.0	0.0	0.0	0.0	0.0	0.0	0.0	0.0	0.0	0.0	0.0	0.0	0.0	0.0	0.0	0.0	0.0	0.0	0.0	0.0	0.0	0.0	0.0	0.0	0.0	0.0	0.0	0.0	0.0	0.0	0.0	0.0	0.0	0.0	0.0	0.0	0.0	0.0	0.0	0.0	0.0	0.0	0.0	0.0	0.0	0.0	0.0	0.0	0.0	0.0	0.0	0.0	0.0	0.0	0.0	0.0	0.0	0.0	0.0	0.0	0.0	0.0	0.0	0.0	0.0	0.0	0.0	0.0	0.0	0.0	0.0	0.0	0.0	0.0	0.0	0.0	0.0	0.0	0.0	0.0	0.0	0.0	0.0	0.0	0.0	0.0	0.0	0.0	0.0	0.0	0.0	0.0	0.0	0.0	0.0	0.0	0.0	0.0	0.0	0.0	0.0	0.0	0.0	0.0	0.0	0.0	0.0	0.0	0.0	0.0	0.0	0.0	0.0	0.0	0.0	0.0	0.0	0.0	0.0	0.0	0.0	0.0	0.0	0.0	0.0	0.0	0.0	0.0	0.0	0.0	0.0	0.0	0.0	0.0	0.0	0.0	0.0	0.0	0.0	0.0	0.0	0.0	0.0	0.0	0.0	0.0	0.0	0.0	0.0	0.0	0.0	0.0	0.0	0.0	0.0	0.0	0.0	0.0	0.0	0.0	0.0	0.0	0.0	0.0	0.0	0.0	0.0	0.0	0.0	0.0	0.0	0.0	0.0	0.0	0.0	0.0	0.0	0.0	0.0	0.0	0.0	0.0	0.0	0.0	0.0	0.0	0.0	0.0	0.0	0.0	0.0	0.0	0.0	0.0	0.0	0.0	0.0	0.0	0.0	0.0	0.0	0.0	0.0	1.0	0.0	0.0	0.0	0.0	0.0	0.0	0.0	0.0	0.0	0.0	0.0	0.0	0.0	0.0	0.0	0.0	0.0	0.0	0.0	0.0	0.0	0.0	0.0	0.0	0.0	0.0	0.0	0.0	0.0	0.0	0.0	0.0	0.0	0.0
2031.617962077612	29.40870826386117	4127471.543836389	864.8721217488963	2372.316019136612	46.50773474288326	2162.9693909143903	5627883.294652182	2169.6489997532058	26.834733050802697	720.1028979078426	4707376.782130086	2186.270557151024	1133.133942815822	1.622472	139.013947	3.659541847180824	1.7422397343458131	0.0149159559	-0.0434343544	0.0429554856	0.0069496671	-0.0038615624	-0.0636862792	-0.0698124694	0.0398126426	-0.055810185	0.0810090827	-0.0542168333	0.0135509214	0.0189836197	0.0045112843	-0.0264024852	-0.0179957663	0.0146492935	0.0177916304	0.0531396963	0.0072571609	-0.0410217937	-0.0010494642	-0.02881606	0.0323598482	0.027213788	-0.0579780425	0.0051055465	0.0056720332	0.0439501353	-0.0296259455	0.0864550708	0.070001684	-0.0888604524	-0.025217882	-0.0633530959	-0.0154004086	0.0319755736	-0.0187103527	-0.0297171181	0.0421306335	0.0065796223	0.035360215	-0.0989152746	-0.0751031108	0.0565132535	-0.0288611001	-0.0034191328	0.0351510839	-0.0612463124	0.0775202656	-0.0813633012	-1.080784483593476	0.3041475338692692	1.1680950999764164	0.0925057223587582	-1.0723108497483196	-0.1684019938239344	1.1498505584879632	0.0283592315238764	5.400345866197121	-0.5452486743358804	29.163735474552333	0.297296116865035	0.0159957276665074	-0.0176575115916478	0.0003117877156091	0.000255863303581	0.0273141299718437	0.0247946990535559	0.0006147771011564	0.0007460616961187	-0.0277998392545242	0.010382662257831	0.0001077996755601	0.0007728310625773	0.0	0.0	0.0	0.0	0.0	0.0	0.0	0.0	0.0	0.0	0.0	0.0	0.0	0.0	0.0	0.0	0.0	0.0	0.0	0.0	0.0	0.0	0.0	0.0	0.0	0.0	0.0	0.0	0.0	0.0	0.0	0.0	0.0	0.0	0.0	0.0	0.0	0.0	0.0	0.0	0.0	0.0	0.0	0.0	0.0	0.0	0.0	0.0	0.0	0.0	0.0	0.0	0.0	0.0	0.0	0.0	0.0	0.0	0.0	0.0	0.0	0.0	0.0	0.0	0.0	0.0	0.0	0.0	0.0	0.0	0.0	0.0	0.0	0.0	0.0	0.0	0.0	0.0	0.0	0.0	0.0	0.0	0.0	0.0	0.0	0.0	0.0	0.0	0.0	0.0	0.0	0.0	0.0	0.0	0.0	0.0	0.0	0.0	0.0	0.0	0.0	0.0	0.0	0.0	0.0	0.0	0.0	0.0	0.0	0.0	0.0	0.0	0.0	0.0	0.0	0.0	0.0	0.0	0.0	0.0	0.0	0.0	0.0	0.0	0.0	0.0	0.0	0.0	0.0	0.0	0.0	0.0	0.0	0.0	0.0	0.0	0.0	0.0	0.0	0.0	0.0	0.0	0.0	0.0	0.0	0.0	0.0	0.0	0.0	0.0	0.0	0.0	0.0	0.0	0.0	0.0	0.0	0.0	0.0	0.0	0.0	0.0	0.0	0.0	0.0	0.0	0.0	0.0	0.0	0.0	0.0	0.0	0.0	0.0	0.0	0.0	0.0	0.0	0.0	0.0	0.0	0.0	0.0	0.0	0.0	0.0	0.0	0.0	0.0	0.0	0.0	0.0	0.0	0.0	0.0	0.0	0.0	0.0	0.0	0.0	0.0	0.0	0.0	0.0	0.0	0.0	0.0	1.0	0.0	0.0	0.0	0.0	0.0	0.0	0.0	0.0	0.0	0.0	0.0	0.0	0.0	0.0	0.0	0.0	0.0	0.0	0.0	0.0	0.0	0.0	0.0	0.0	0.0	0.0	0.0	0.0	0.0	0.0	0.0	0.0	0.0
1992.5047952578827	-39.11316681972926	3970075.359125657	1529.83981866797	2298.2570190429688	-74.05900009364314	5484.735494870234	5281985.325580273	2142.1395177426543	-27.50948201055144	756.7716004888531	4588761.713474732	2122.873126093104	1056.4502974494558	1.888303	161.790421	1.5766799793987891	0.7807610071402868	0.0157840392	-0.0396696208	0.0157569605	-0.0145856656	0.0162684565	-0.0224341122	0.0025343896	0.080997098	-0.0274365834	-0.1254970291	-0.0799561832	-0.0077114201	0.0054602077	0.0481592439	0.0256817584	-0.0115052042	0.0611893431	-0.0601535453	-0.0813296162	-0.0179861502	-0.0310212486	-0.0458880785	-0.0198550495	0.0117495758	0.0660146373	0.0827101618	-0.0096160812	-0.0694816088	-0.0881623858	0.0122815662	-0.0828642782	0.0785984631	-0.0362340387	-0.026892269	0.0755940081	0.0057021118	-0.1245888496	0.0136950411	-0.0665065535	-0.0628107994	-0.0785621844	-0.0327610125	-0.0052712837	-0.0754344479	0.0577350269	-0.0312459714	-0.0	0.0312459714	-0.0577350269	0.0754344479	-0.0816496581	-0.7388675846565889	0.341916898936887	0.5459253076562615	0.1169071657786174	-0.7674713363551433	0.3048395133931763	0.5890122521267495	0.0929271289257885	5.35306708997458	-0.0472787762225408	28.65532726976892	0.002235282681101	0.0102085533939501	-0.0057871742725572	3.34913860609491e-05	0.0001042145623971	0.0291052169720591	0.0017910870002154	3.207992642340603e-06	0.0008471136549906	-0.0177252047103732	0.010074634544151	0.0001014982611982	0.0003141828820246	0.0	0.0	0.0	0.0	0.0	0.0	0.0	0.0	0.0	0.0	0.0	0.0	0.0	0.0	0.0	0.0	0.0	0.0	0.0	0.0	0.0	0.0	0.0	0.0	0.0	0.0	0.0	0.0	0.0	0.0	0.0	0.0	0.0	0.0	0.0	0.0	0.0	0.0	0.0	0.0	0.0	0.0	0.0	0.0	0.0	0.0	0.0	0.0	0.0	0.0	0.0	0.0	0.0	0.0	0.0	0.0	0.0	0.0	0.0	0.0	0.0	0.0	0.0	0.0	0.0	0.0	0.0	0.0	0.0	0.0	0.0	0.0	0.0	0.0	0.0	0.0	0.0	0.0	0.0	0.0	0.0	0.0	0.0	0.0	0.0	0.0	0.0	0.0	0.0	0.0	0.0	0.0	0.0	0.0	0.0	0.0	0.0	0.0	0.0	0.0	0.0	0.0	0.0	0.0	0.0	0.0	0.0	0.0	0.0	0.0	0.0	0.0	0.0	0.0	0.0	0.0	0.0	0.0	0.0	0.0	0.0	0.0	0.0	0.0	0.0	0.0	0.0	0.0	0.0	0.0	0.0	0.0	0.0	0.0	0.0	0.0	0.0	0.0	0.0	0.0	0.0	0.0	0.0	0.0	0.0	0.0	0.0	0.0	0.0	0.0	0.0	0.0	0.0	0.0	0.0	0.0	0.0	0.0	0.0	0.0	0.0	0.0	0.0	0.0	0.0	0.0	0.0	0.0	0.0	0.0	0.0	0.0	0.0	0.0	0.0	0.0	0.0	0.0	0.0	0.0	0.0	0.0	0.0	0.0	0.0	0.0	0.0	0.0	0.0	0.0	0.0	0.0	0.0	0.0	0.0	0.0	0.0	0.0	0.0	0.0	0.0	0.0	0.0	0.0	0.0	0.0	0.0	0.0	1.0	0.0	0.0	0.0	0.0	0.0	0.0	0.0	0.0	0.0	0.0	0.0	0.0	0.0	0.0	0.0	0.0	0.0	0.0	0.0	0.0	0.0	0.0	0.0	0.0	0.0	0.0	0.0	0.0	0.0	0.0	0.0	0.0
1743.998060985849	-248.50673427203375	3041529.236722401	61755.596978551206	1865.6081347530835	-432.6488842898853	187185.0570772825	3480493.712456879	1735.3649864196775	-406.7745313229768	165465.51933302745	3011491.636091368	1706.9578359251657	1273.3001513578852	3.517191	301.354004	4.912825039775314	2.612281097854689	-0.074152825	0.0460389809	0.0364731057	-0.275115689	0.408502414	0.0874295679	0.0753409854	0.0562004461	0.0884786534	-0.3924908029	0.0014085972	-0.3733286058	0.1486657518	-0.229136044	0.4000621077	-0.1289964018	-0.1327420687	0.2615673624	-0.5548319106	0.1820929239	-0.1926433296	0.123940328	0.0520664921	-0.0403674758	-0.1576136504	0.2663125404	0.1755982489	-0.1136834362	0.0153230171	-0.1761229875	-0.0600214629	-0.0232431371	0.2143662627	0.1213015972	-0.2444154704	-0.0268259919	-0.3882261486	0.1926005092	-0.0022095461	-0.0372835884	0.0131525281	0.2946770075	-0.1215760374	-0.0757575129	0.0589314758	-0.0336000067	0.0034191328	0.0272552159	-0.0539958877	0.0729434684	-0.0813633012	-1.2858017707044382	-0.5469341860478494	1.6532861935466687	0.2991370038678235	-1.2745554883432817	-0.5070841519881384	1.6244916928659814	0.2571343371975294	5.159370329576959	-0.1936967603976214	26.61910219771905	0.0375184349885335	-0.0281025610172419	-0.038311114411192	0.0014677414874274	0.0007897539357278	0.0385341188953158	0.0094289019232567	8.89041914783939e-05	0.0014848783190383	-0.0432873872027586	-0.0255621824923854	0.000653425173774	0.0018737978908415	0.0	0.0	0.0	0.0	0.0	0.0	0.0	0.0	0.0	0.0	0.0	0.0	0.0	0.0	0.0	0.0	0.0	0.0	0.0	0.0	0.0	0.0	0.0	0.0	0.0	0.0	0.0	0.0	0.0	0.0	0.0	0.0	0.0	0.0	0.0	0.0	0.0	0.0	0.0	0.0	0.0	0.0	0.0	0.0	0.0	0.0	0.0	0.0	0.0	0.0	0.0	0.0	0.0	0.0	0.0	0.0	0.0	0.0	0.0	0.0	0.0	0.0	0.0	0.0	0.0	0.0	0.0	0.0	0.0	0.0	0.0	0.0	0.0	0.0	0.0	0.0	0.0	0.0	0.0	0.0	0.0	0.0	0.0	0.0	0.0	0.0	0.0	0.0	0.0	0.0	0.0	0.0	0.0	0.0	0.0	0.0	0.0	0.0	0.0	0.0	0.0	0.0	0.0	0.0	0.0	0.0	0.0	0.0	0.0	0.0	0.0	0.0	0.0	0.0	0.0	0.0	0.0	0.0	0.0	0.0	0.0	0.0	0.0	0.0	0.0	0.0	0.0	0.0	0.0	0.0	0.0	0.0	0.0	0.0	0.0	0.0	0.0	0.0	0.0	0.0	0.0	0.0	0.0	0.0	0.0	0.0	0.0	0.0	0.0	0.0	0.0	0.0	0.0	0.0	0.0	0.0	0.0	0.0	0.0	0.0	0.0	0.0	0.0	0.0	0.0	0.0	0.0	0.0	0.0	0.0	0.0	0.0	0.0	0.0	0.0	0.0	0.0	0.0	0.0	0.0	0.0	0.0	0.0	0.0	0.0	0.0	0.0	0.0	0.0	0.0	0.0	0.0	0.0	0.0	0.0	0.0	0.0	0.0	0.0	0.0	0.0	0.0	0.0	0.0	0.0	0.0	0.0	0.0	0.0	1.0	0.0	0.0	0.0	0.0	0.0	0.0	0.0	0.0	0.0	0.0	0.0	0.0	0.0	0.0	0.0	0.0	0.0	0.0	0.0	0.0	0.0	0.0	0.0	0.0	0.0	0.0	0.0	0.0	0.0	0.0	0.0
1890.633673963194	146.6356129773451	3574495.6891235653	21502.00299324173	2342.6836689988227	477.0755342457392	227601.06537585743	5488166.772993785	2098.199799081553	362.8348126618755	131649.1012793783	4402442.39686587	2120.564050867167	759.337013125075	3.552193	304.353027	4.488764465125852	2.669868633169603	0.0443729351	-0.1581796786	0.0229150595	-0.0992882226	0.059147851	-0.1430488186	-0.2426530237	0.1600874512	0.0417618567	-0.0010114195	-0.1720928685	-0.0446423914	0.0370220114	0.0344076732	0.0314400203	-0.0668664323	0.0176456539	-0.0379005836	0.0838680791	0.1141505722	-0.0811945235	0.0679925112	0.0953274757	-0.0858288674	0.0530449225	-0.0955148361	-0.0873166705	-0.078714828	0.1150496951	-0.1961030856	-0.1111829192	-0.1040836608	-0.1591751907	-0.1467823451	-0.1586002509	-0.2603049143	0.0178688026	-0.1705122009	0.1410858052	-0.0469080346	0.3406774892	-0.0363177506	0.0629811472	-0.0760722702	0.0601020755	-0.0359208828	0.0068322673	0.0231897558	-0.0500436514	0.0700607062	-0.0805062393	-1.19744338938591	0.0883583813185282	1.433870670784016	0.0078072035492304	-1.3444852786261947	-0.069929790282913	1.8076406644425564	0.0048901755690121	7.829628640195629	2.670258310618671	61.30308464337166	7.130279445428078	-0.010766591195244	0.0173359698219979	0.0003005358496692	0.0001159194859655	0.0307347920260028	-0.0077993268693129	6.0829499614387706e-05	0.0009446274408816	-0.0352183242359547	0.0080690629668038	6.510977716224609e-05	0.0012403303619888	0.0	0.0	0.0	0.0	0.0	0.0	0.0	0.0	0.0	0.0	0.0	0.0	0.0	0.0	0.0	0.0	0.0	0.0	0.0	0.0	0.0	0.0	0.0	0.0	0.0	0.0	0.0	0.0	0.0	0.0	0.0	0.0	0.0	0.0	0.0	0.0	0.0	0.0	0.0	0.0	0.0	0.0	0.0	0.0	0.0	0.0	0.0	0.0	0.0	0.0	0.0	0.0	0.0	0.0	0.0	0.0	0.0	0.0	0.0	0.0	0.0	0.0	0.0	0.0	0.0	0.0	0.0	0.0	0.0	0.0	0.0	0.0	0.0	0.0	0.0	0.0	0.0	0.0	0.0	0.0	0.0	0.0	0.0	0.0	0.0	0.0	0.0	0.0	0.0	0.0	0.0	0.0	0.0	0.0	0.0	0.0	0.0	0.0	0.0	0.0	0.0	0.0	0.0	0.0	0.0	0.0	0.0	0.0	0.0	0.0	0.0	0.0	0.0	0.0	0.0	0.0	0.0	0.0	0.0	0.0	0.0	0.0	0.0	0.0	0.0	0.0	0.0	0.0	0.0	0.0	0.0	0.0	0.0	0.0	0.0	0.0	0.0	0.0	0.0	0.0	0.0	0.0	0.0	0.0	0.0	0.0	0.0	0.0	0.0	0.0	0.0	0.0	0.0	0.0	0.0	0.0	0.0	0.0	0.0	0.0	0.0	0.0	0.0	0.0	0.0	0.0	0.0	0.0	0.0	0.0	0.0	0.0	0.0	0.0	0.0	0.0	0.0	0.0	0.0	0.0	0.0	0.0	0.0	0.0	0.0	0.0	0.0	0.0	0.0	0.0	0.0	0.0	0.0	0.0	0.0	0.0	0.0	0.0	0.0	0.0	0.0	0.0	0.0	0.0	0.0	0.0	0.0	0.0	0.0	0.0	1.0	0.0	0.0	0.0	0.0	0.0	0.0	0.0	0.0	0.0	0.0	0.0	0.0	0.0	0.0	0.0	0.0	0.0	0.0	0.0	0.0	0.0	0.0	0.0	0.0	0.0	0.0	0.0	0.0	0.0	0.0
1999.0192170599053	108.38554309671122	3996077.8301747967	11747.425952369043	2436.044834502756	93.36116550393352	8716.307224252869	5934314.435707561	2148.8736024939494	50.67380341239641	2567.834352278198	4617657.759495324	2170.117255127804	995.0284955830988	2.330201	199.652344	5.49963713759868	3.2222079233617342	0.0224635	-0.0766843787	0.0081558077	-0.0116487243	-0.0442863438	-0.0749077812	-0.119794185	-0.0382371016	-0.0672956185	0.0010338736	-0.0457177335	0.0163080208	0.0062801951	0.0333725649	-0.0228660569	-0.0060439018	0.0360675117	-0.004982322	0.0357293215	-0.0099621716	-0.0357897432	-0.0820344608	0.0066415815	-0.0227801125	0.0710502081	0.0056505833	-0.006979708	-0.0567146284	-0.0257537527	0.0143169291	-3.41915e-05	0.0179263543	-0.0881521718	-0.0150091458	0.0331528242	-0.0740597794	0.0512096242	-0.0026282755	-0.1106196108	0.0292041375	-0.0335463079	-0.0274530681	0.0207310992	-0.0763786853	0.0612463124	-0.0382063093	0.0102334157	0.0190607341	-0.0458939156	0.0668016447	-0.0790844839	-0.8554295739919553	0.3420138153939547	0.7317597560600582	0.1169734499203301	-1.042828098150423	0.3016571804757717	1.0874904422920282	0.0909970545325923	5.579454203774802	-2.250174436420828	31.130309212020304	5.06328499432179	0.0162497443106843	0.0270163355059283	0.0007298823841688	0.0002640541901626	0.0150116254920387	-0.0157231665339641	0.0002472179658547	0.0002253488999132	-0.0258419921696846	0.0093763320662701	8.791560301696495e-05	0.000667808559298	0.0	0.0	0.0	0.0	0.0	0.0	0.0	0.0	0.0	0.0	0.0	0.0	0.0	0.0	0.0	0.0	0.0	0.0	0.0	0.0	0.0	0.0	0.0	0.0	0.0	0.0	0.0	0.0	0.0	0.0	0.0	0.0	0.0	0.0	0.0	0.0	0.0	0.0	0.0	0.0	0.0	0.0	0.0	0.0	0.0	0.0	0.0	0.0	0.0	0.0	0.0	0.0	0.0	0.0	0.0	0.0	0.0	0.0	0.0	0.0	0.0	0.0	0.0	0.0	0.0	0.0	0.0	0.0	0.0	0.0	0.0	0.0	0.0	0.0	0.0	0.0	0.0	0.0	0.0	0.0	0.0	0.0	0.0	0.0	0.0	0.0	0.0	0.0	0.0	0.0	0.0	0.0	0.0	0.0	0.0	0.0	0.0	0.0	0.0	0.0	0.0	0.0	0.0	0.0	0.0	0.0	0.0	0.0	0.0	0.0	0.0	0.0	0.0	0.0	0.0	0.0	0.0	0.0	0.0	0.0	0.0	0.0	0.0	0.0	0.0	0.0	0.0	0.0	0.0	0.0	0.0	0.0	0.0	0.0	0.0	0.0	0.0	0.0	0.0	0.0	0.0	0.0	0.0	0.0	0.0	0.0	0.0	0.0	0.0	0.0	0.0	0.0	0.0	0.0	0.0	0.0	0.0	0.0	0.0	0.0	0.0	0.0	0.0	0.0	0.0	0.0	0.0	0.0	0.0	0.0	0.0	0.0	0.0	0.0	0.0	0.0	0.0	0.0	0.0	0.0	0.0	0.0	0.0	0.0	0.0	0.0	0.0	0.0	0.0	0.0	0.0	0.0	0.0	0.0	0.0	0.0	0.0	0.0	0.0	0.0	0.0	0.0	0.0	0.0	0.0	0.0	0.0	0.0	0.0	0.0	0.0	1.0	0.0	0.0	0.0	0.0	0.0	0.0	0.0	0.0	0.0	0.0	0.0	0.0	0.0	0.0	0.0	0.0	0.0	0.0	0.0	0.0	0.0	0.0	0.0	0.0	0.0	0.0	0.0	0.0	0.0
2062.183092531385	63.16387547147952	4252599.107122306	3989.675164576571	2386.2218870398115	-49.82294746294474	2482.326093895352	5694054.894187839	2187.3262256124744	38.45262311852503	1478.6042246953252	4784396.017252114	2187.928934662184	1169.9296313429325	1.796042	153.885437	0.7759930775021802	0.3632310161624091	-0.0018819514	-0.0348372203	0.0340792389	0.0652838128	-0.0234118367	-0.0747158928	-0.0750355166	0.0143161744	-0.0958889104	0.021260186	0.0277977508	0.0290444955	0.0450357432	0.0245494614	-0.0312654143	-0.0427231442	0.0303562664	0.0050602227	-0.0081010083	-0.015220485	-0.0498231232	-0.0196062461	0.016420252	0.0088362111	0.0500977919	0.0130644407	-0.0422275285	0.0500630596	-0.0340633151	-0.027742571	0.0214438581	0.0592926719	-0.0591011438	0.0234697593	5.82935e-05	-0.0161668369	-0.0322017222	0.0261693552	-0.0722162024	0.0294590097	0.0330550628	-0.0450332809	-0.0096486567	-0.0766767246	0.0623636846	-0.0404540309	0.0136166111	0.0148794683	-0.0415630576	0.0631837885	-0.0771080077	-0.8719324071735883	-0.016502833181633	0.7602661226795282	0.0002723435030208	-0.8923993256839964	0.1504287724664266	0.7963765564812515	0.0226288155857559	5.388304209516086	-0.1911499942587156	29.03382225428877	0.036538320305107	0.0136426107247314	-0.0026071335859529	6.797145535003637e-06	0.0001861208273865	0.0205812913211604	0.0055696658291216	3.1021177448085895e-05	0.0004235895524464	-0.0256605620328511	0.0001814301368334	3.291689455142224e-08	0.0006584644438417	0.0	0.0	0.0	0.0	0.0	0.0	0.0	0.0	0.0	0.0	0.0	0.0	0.0	0.0	0.0	0.0	0.0	0.0	0.0	0.0	0.0	0.0	0.0	0.0	0.0	0.0	0.0	0.0	0.0	0.0	0.0	0.0	0.0	0.0	0.0	0.0	0.0	0.0	0.0	0.0	0.0	0.0	0.0	0.0	0.0	0.0	0.0	0.0	0.0	0.0	0.0	0.0	0.0	0.0	0.0	0.0	0.0	0.0	0.0	0.0	0.0	0.0	0.0	0.0	0.0	0.0	0.0	0.0	0.0	0.0	0.0	0.0	0.0	0.0	0.0	0.0	0.0	0.0	0.0	0.0	0.0	0.0	0.0	0.0	0.0	0.0	0.0	0.0	0.0	0.0	0.0	0.0	0.0	0.0	0.0	0.0	0.0	0.0	0.0	0.0	0.0	0.0	0.0	0.0	0.0	0.0	0.0	0.0	0.0	0.0	0.0	0.0	0.0	0.0	0.0	0.0	0.0	0.0	0.0	0.0	0.0	0.0	0.0	0.0	0.0	0.0	0.0	0.0	0.0	0.0	0.0	0.0	0.0	0.0	0.0	0.0	0.0	0.0	0.0	0.0	0.0	0.0	0.0	0.0	0.0	0.0	0.0	0.0	0.0	0.0	0.0	0.0	0.0	0.0	0.0	0.0	0.0	0.0	0.0	0.0	0.0	0.0	0.0	0.0	0.0	0.0	0.0	0.0	0.0	0.0	0.0	0.0	0.0	0.0	0.0	0.0	0.0	0.0	0.0	0.0	0.0	0.0	0.0	0.0	0.0	0.0	0.0	0.0	0.0	0.0	0.0	0.0	0.0	0.0	0.0	0.0	0.0	0.0	0.0	0.0	0.0	0.0	0.0	0.0	0.0	0.0	0.0	0.0	0.0	0.0	0.0	0.0	1.0	0.0	0.0	0.0	0.0	0.0	0.0	0.0	0.0	0.0	0.0	0.0	0.0	0.0	0.0	0.0	0.0	0.0	0.0	0.0	0.0	0.0	0.0	0.0	0.0	0.0	0.0	0.0	0.0
2022.0898440031967	-40.09324852818804	4088847.337220872	1607.4685775430526	2370.7005794995453	-15.521307540266209	240.9109877595246	5620221.237639479	2175.2714243349824	-12.05480127749206	145.31823383982422	4731805.769528343	2180.264229591716	1039.488913208002	1.166433	99.940323	1.1940268273666148	0.675444844221351	0.0143201744	-0.0829913058	0.0376879407	0.0251061068	-0.0052292738	-0.0504137986	-0.0762515899	-0.0727961767	-0.0494883119	-0.0149681967	0.0249451717	0.0283202775	0.0228493516	0.0260597942	-0.0271259852	-0.0269921364	0.0216865836	-0.0326502145	-0.0355964862	0.003330373	-0.0531912304	-0.0293780051	-0.0150238321	-0.0174857435	0.0780829568	0.0128771925	-0.0509280321	-0.0236175956	-0.0477111537	-0.0320814561	0.0116792382	0.0811061777	-0.0659606905	-0.0177206536	0.0286888212	-0.0173349722	-0.0513921581	-0.0230260127	-0.0874894113	-0.0174073913	-0.0224962341	-0.0511630939	0.0236750607	-0.0769663555	0.063453702	-0.0426618292	0.0169759185	0.010657419	-0.0370681691	0.0592265694	-0.0745906743	-0.7717003325770264	0.1002320745965619	0.5955214032994932	0.0100464687779307	-1.050187717958508	-0.1577883922745115	1.1028942429508988	0.0248971767365751	5.9472201820066175	0.5589159724905315	35.369427893266824	0.3123870643050365	0.0082179382218423	-0.005424672502889	2.942707176360108e-05	6.75345086180166e-05	0.0193862467476499	-0.0011950445735104	1.4281315326768898e-06	0.0003758265629607	-0.0265826527165517	-0.0009220906837006	8.5025122896744e-07	0.0007066374254487	0.0	0.0	0.0	0.0	0.0	0.0	0.0	0.0	0.0	0.0	0.0	0.0	0.0	0.0	0.0	0.0	0.0	0.0	0.0	0.0	0.0	0.0	0.0	0.0	0.0	0.0	0.0	0.0	0.0	0.0	0.0	0.0	0.0	0.0	0.0	0.0	0.0	0.0	0.0	0.0	0.0	0.0	0.0	0.0	0.0	0.0	0.0	0.0	0.0	0.0	0.0	0.0	0.0	0.0	0.0	0.0	0.0	0.0	0.0	0.0	0.0	0.0	0.0	0.0	0.0	0.0	0.0	0.0	0.0	0.0	0.0	0.0	0.0	0.0	0.0	0.0	0.0	0.0	0.0	0.0	0.0	0.0	0.0	0.0	0.0	0.0	0.0	0.0	0.0	0.0	0.0	0.0	0.0	0.0	0.0	0.0	0.0	0.0	0.0	0.0	0.0	0.0	0.0	0.0	0.0	0.0	0.0	0.0	0.0	0.0	0.0	0.0	0.0	0.0	0.0	0.0	0.0	0.0	0.0	0.0	0.0	0.0	0.0	0.0	0.0	0.0	0.0	0.0	0.0	0.0	0.0	0.0	0.0	0.0	0.0	0.0	0.0	0.0	0.0	0.0	0.0	0.0	0.0	0.0	0.0	0.0	0.0	0.0	0.0	0.0	0.0	0.0	0.0	0.0	0.0	0.0	0.0	0.0	0.0	0.0	0.0	0.0	0.0	0.0	0.0	0.0	0.0	0.0	0.0	0.0	0.0	0.0	0.0	0.0	0.0	0.0	0.0	0.0	0.0	0.0	0.0	0.0	0.0	0.0	0.0	0.0	0.0	0.0	0.0	0.0	0.0	0.0	0.0	0.0	0.0	0.0	0.0	0.0	0.0	0.0	0.0	0.0	0.0	0.0	0.0	0.0	0.0	0.0	0.0	0.0	0.0	0.0	0.0	1.0	0.0	0.0	0.0	0.0	0.0	0.0	0.0	0.0	0.0	0.0	0.0	0.0	0.0	0.0	0.0	0.0	0.0	0.0	0.0	0.0	0.0	0.0	0.0	0.0	0.0	0.0	0.0
2033.066397645246	10.97655364204934	4133358.977234218	120.4847298567866	2334.970174292996	-35.73040520654922	1276.6618562241997	5452085.714837864	2186.6770576808763	11.405633345893875	130.08847202096632	4781556.554587894	2184.6181751211348	1127.736952379311	0.978652	83.851189	1.6066768340642008	0.827401748018377	-0.0106276674	-0.027144841	0.0432795192	-0.0029454605	-0.003487352	-0.0178114655	-0.0073639233	-0.049505285	-0.0653182228	0.0323474408	-0.0539196338	0.0331733133	0.0313348966	0.0089544019	-0.0306820996	-0.0276670464	-0.0034500277	-0.0390197061	-0.0575729776	-0.0180835442	-0.0603914523	-0.0506686925	0.0518644233	0.0210165816	0.039283803	0.0233292236	-0.02304255	0.0297779947	-0.082165166	-0.0456783175	-0.0417445039	0.0252837406	-0.0667636283	0.0110181383	0.0209514515	0.0098949791	0.0089892974	-0.0023424562	-0.0662567444	-0.0080472985	-0.0003845837	-0.0676744214	0.0506727364	-0.0772475461	0.0645158866	-0.0448275254	0.0203054443	0.0064061583	-0.0324269895	0.0549512416	-0.0715501408	-0.4475030104559749	0.3241973221210515	0.2002589443671603	0.1051039036704608	-0.9682669925343106	0.0819207254241973	0.9375409688314388	0.0067110052540267	5.31021153152254	-0.6370086504840771	28.19834650951497	0.405780020791545	0.0055336361281212	-0.0026843020937211	7.205477730355485e-06	3.062112879844819e-05	0.0140985556344956	-0.0052876911131542	2.7959677308130952e-05	0.0001987692709789	-0.0298816622303738	-0.003299009513822	1.0883463772288716e-05	0.0008929137376501	0.0	0.0	0.0	0.0	0.0	0.0	0.0	0.0	0.0	0.0	0.0	0.0	0.0	0.0	0.0	0.0	0.0	0.0	0.0	0.0	0.0	0.0	0.0	0.0	0.0	0.0	0.0	0.0	0.0	0.0	0.0	0.0	0.0	0.0	0.0	0.0	0.0	0.0	0.0	0.0	0.0	0.0	0.0	0.0	0.0	0.0	0.0	0.0	0.0	0.0	0.0	0.0	0.0	0.0	0.0	0.0	0.0	0.0	0.0	0.0	0.0	0.0	0.0	0.0	0.0	0.0	0.0	0.0	0.0	0.0	0.0	0.0	0.0	0.0	0.0	0.0	0.0	0.0	0.0	0.0	0.0	0.0	0.0	0.0	0.0	0.0	0.0	0.0	0.0	0.0	0.0	0.0	0.0	0.0	0.0	0.0	0.0	0.0	0.0	0.0	0.0	0.0	0.0	0.0	0.0	0.0	0.0	0.0	0.0	0.0	0.0	0.0	0.0	0.0	0.0	0.0	0.0	0.0	0.0	0.0	0.0	0.0	0.0	0.0	0.0	0.0	0.0	0.0	0.0	0.0	0.0	0.0	0.0	0.0	0.0	0.0	0.0	0.0	0.0	0.0	0.0	0.0	0.0	0.0	0.0	0.0	0.0	0.0	0.0	0.0	0.0	0.0	0.0	0.0	0.0	0.0	0.0	0.0	0.0	0.0	0.0	0.0	0.0	0.0	0.0	0.0	0.0	0.0	0.0	0.0	0.0	0.0	0.0	0.0	0.0	0.0	0.0	0.0	0.0	0.0	0.0	0.0	0.0	0.0	0.0	0.0	0.0	0.0	0.0	0.0	0.0	0.0	0.0	0.0	0.0	0.0	0.0	0.0	0.0	0.0	0.0	0.0	0.0	0.0	0.0	0.0	0.0	0.0	0.0	0.0	0.0	0.0	0.0	0.0	1.0	0.0	0.0	0.0	0.0	0.0	0.0	0.0	0.0	0.0	0.0	0.0	0.0	0.0	0.0	0.0	0.0	0.0	0.0	0.0	0.0	0.0	0.0	0.0	0.0	0.0	0.0
1996.2504163123303	-36.815981332915726	3985015.724627152	1355.4164815055992	2274.6706137461206	-60.299560546875455	3636.037002146299	5174126.401040153	2136.57288625966	-50.10417142121605	2510.427993806604	4564943.698299935	2136.1585407323537	1005.2300596780184	1.567903	134.338409	5.029920129316297	2.9187525737459104	0.0175794772	-0.0750438152	-0.027141494	-0.0261070642	0.0227988727	0.0096180629	-0.0131755883	-0.0360880812	-0.138663728	0.0234599613	-0.1387609396	-0.0097908167	-0.1108075991	0.0033450275	0.0189660044	0.0827621861	-0.0527708294	-0.1353700818	-0.0242266942	0.0360293074	0.0179011038	-0.0405801004	0.0922631031	0.0757134185	-0.0656778699	-0.0751457709	0.1119005373	0.0613494311	-0.0625484768	-0.0248518633	0.0362478678	-0.0448870646	-0.0589971886	0.0330232555	0.0431050657	-0.0415661236	0.0299334185	0.0664014217	0.0669510322	0.1318965756	0.0612371705	0.0758737242	0.0362804253	-0.0775202656	0.0655497724	-0.0469489822	0.0235993474	0.0021373389	-0.0276578354	0.0503807682	-0.0680077345	-0.2866770916135266	0.1608259188424483	0.0821837548559903	0.0258649761715177	0.1929841830062315	1.161251175540542	0.0372428948905826	1.348504292694291	4.794969446721829	-0.5152420848007111	22.991731994995845	0.2654744059497831	0.0542205184131572	0.0486868822850359	0.0023704125066369	0.0029398646169915	0.0079988849773275	-0.0060996706571681	3.720598212591753e-05	6.398216088051556e-05	-0.0389471282908216	-0.0090654660604478	8.218267489313097e-05	0.0015168788021017	0.0	0.0	0.0	0.0	0.0	0.0	0.0	0.0	0.0	0.0	0.0	0.0	0.0	0.0	0.0	0.0	0.0	0.0	0.0	0.0	0.0	0.0	0.0	0.0	0.0	0.0	0.0	0.0	0.0	0.0	0.0	0.0	0.0	0.0	0.0	0.0	0.0	0.0	0.0	0.0	0.0	0.0	0.0	0.0	0.0	0.0	0.0	0.0	0.0	0.0	0.0	0.0	0.0	0.0	0.0	0.0	0.0	0.0	0.0	0.0	0.0	0.0	0.0	0.0	0.0	0.0	0.0	0.0	0.0	0.0	0.0	0.0	0.0	0.0	0.0	0.0	0.0	0.0	0.0	0.0	0.0	0.0	0.0	0.0	0.0	0.0	0.0	0.0	0.0	0.0	0.0	0.0	0.0	0.0	0.0	0.0	0.0	0.0	0.0	0.0	0.0	0.0	0.0	0.0	0.0	0.0	0.0	0.0	0.0	0.0	0.0	0.0	0.0	0.0	0.0	0.0	0.0	0.0	0.0	0.0	0.0	0.0	0.0	0.0	0.0	0.0	0.0	0.0	0.0	0.0	0.0	0.0	0.0	0.0	0.0	0.0	0.0	0.0	0.0	0.0	0.0	0.0	0.0	0.0	0.0	0.0	0.0	0.0	0.0	0.0	0.0	0.0	0.0	0.0	0.0	0.0	0.0	0.0	0.0	0.0	0.0	0.0	0.0	0.0	0.0	0.0	0.0	0.0	0.0	0.0	0.0	0.0	0.0	0.0	0.0	0.0	0.0	0.0	0.0	0.0	0.0	0.0	0.0	0.0	0.0	0.0	0.0	0.0	0.0	0.0	0.0	0.0	0.0	0.0	0.0	0.0	0.0	0.0	0.0	0.0	0.0	0.0	0.0	0.0	0.0	0.0	0.0	0.0	0.0	0.0	0.0	0.0	0.0	0.0	0.0	1.0	0.0	0.0	0.0	0.0	0.0	0.0	0.0	0.0	0.0	0.0	0.0	0.0	0.0	0.0	0.0	0.0	0.0	0.0	0.0	0.0	0.0	0.0	0.0	0.0	0.0
2018.754139683737	22.50372337140675	4075368.2764902255	506.4175655767984	2378.5986654203234	103.92805167420283	10801.039924795774	5657731.611139344	2193.842522662619	57.269636402958895	3279.8112537271145	4812945.0142426845	2196.144213633255	1098.838427817968	1.757748	150.604446	2.627075995249909	1.112143770294725	0.0170172548	-0.0783256461	-0.0059549497	0.0468679748	-0.0430942498	-0.0312349087	-0.046398403	-0.0280094859	0.0019935115	0.0343120382	-0.0445182181	0.0382919393	-0.0042978932	-0.0697814702	-0.0389618659	0.002317729	-0.0472758438	0.0071129894	-0.0330206244	0.0154780601	0.0081642009	-0.0518375624	0.0213163502	-0.0244246264	-0.0562050944	-0.0909198387	0.0095161017	-0.0610799847	0.03086241	-0.0749566042	-0.0015469918	-0.068145589	0.0018944665	0.0598914204	0.1017316295	-0.0696867096	0.0892179795	-0.1390737095	0.0246196893	0.0313067846	0.0570687806	0.0661125901	0.0559486381	-0.0777844842	0.0665549058	-0.0490241061	0.0268518493	-0.0021373389	-0.0227795284	0.0455396975	-0.0639883028	0.1658268104646794	0.452503902078206	0.0274985310688887	0.2047597813960026	-0.398777396557179	-0.5917615795634105	0.1590234120049215	0.3501817670473826	5.074954661930342	0.2799852152085123	25.755164820648503	0.0783917207353569	0.046265428213754	-0.0079550901994032	6.328346008064085e-05	0.002140489847802	-0.0074936624888479	-0.0154925474661754	0.0002400190269916	5.615497749676611e-05	-0.0363382599884046	0.002608868302417	6.806193819356167e-06	0.0013204691389848	0.0	0.0	0.0	0.0	0.0	0.0	0.0	0.0	0.0	0.0	0.0	0.0	0.0	0.0	0.0	0.0	0.0	0.0	0.0	0.0	0.0	0.0	0.0	0.0	0.0	0.0	0.0	0.0	0.0	0.0	0.0	0.0	0.0	0.0	0.0	0.0	0.0	0.0	0.0	0.0	0.0	0.0	0.0	0.0	0.0	0.0	0.0	0.0	0.0	0.0	0.0	0.0	0.0	0.0	0.0	0.0	0.0	0.0	0.0	0.0	0.0	0.0	0.0	0.0	0.0	0.0	0.0	0.0	0.0	0.0	0.0	0.0	0.0	0.0	0.0	0.0	0.0	0.0	0.0	0.0	0.0	0.0	0.0	0.0	0.0	0.0	0.0	0.0	0.0	0.0	0.0	0.0	0.0	0.0	0.0	0.0	0.0	0.0	0.0	0.0	0.0	0.0	0.0	0.0	0.0	0.0	0.0	0.0	0.0	0.0	0.0	0.0	0.0	0.0	0.0	0.0	0.0	0.0	0.0	0.0	0.0	0.0	0.0	0.0	0.0	0.0	0.0	0.0	0.0	0.0	0.0	0.0	0.0	0.0	0.0	0.0	0.0	0.0	0.0	0.0	0.0	0.0	0.0	0.0	0.0	0.0	0.0	0.0	0.0	0.0	0.0	0.0	0.0	0.0	0.0	0.0	0.0	0.0	0.0	0.0	0.0	0.0	0.0	0.0	0.0	0.0	0.0	0.0	0.0	0.0	0.0	0.0	0.0	0.0	0.0	0.0	0.0	0.0	0.0	0.0	0.0	0.0	0.0	0.0	0.0	0.0	0.0	0.0	0.0	0.0	0.0	0.0	0.0	0.0	0.0	0.0	0.0	0.0	0.0	0.0	0.0	0.0	0.0	0.0	0.0	0.0	0.0	0.0	0.0	0.0	0.0	0.0	0.0	0.0	0.0	0.0	1.0	0.0	0.0	0.0	0.0	0.0	0.0	0.0	0.0	0.0	0.0	0.0	0.0	0.0	0.0	0.0	0.0	0.0	0.0	0.0	0.0	0.0	0.0	0.0	0.0
2026.502053349445	7.747913665707983	4106710.572229517	60.03016617126452	2350.120396026193	-28.47826939413062	811.0118276846769	5523065.875818309	2152.1576621014137	-41.68486056120537	1737.6276000071348	4631782.602541823	2147.937261814024	1032.6537417653574	1.442492	123.593208	1.9048177297533768	1.0587966334344767	0.0200344779	-0.0924982222	-0.0028813822	0.0673864725	-0.0324498878	0.0315196147	-0.0793742063	-0.0947921437	-0.0397148605	0.0176595535	-0.0641655665	0.0043194123	-0.0320907605	-0.0063230526	0.0041296812	0.027948065	-0.0310915946	-0.0464220401	-0.0310721148	-0.0020381688	0.0351704237	-0.0541605386	0.0679330651	-0.0118512407	0.0064908841	-0.0230050899	0.0303308544	0.0504548057	-0.0091680331	-0.0371521156	-0.0080221465	-0.0441947729	-0.000755077	0.0330277593	0.0964386319	-0.0130330512	-0.0263306735	0.0183336723	-0.0223130163	0.0793523224	-0.0005169217	0.0264597132	0.0619024847	-0.0780401729	0.0675308461	-0.0510508491	0.0300572439	-0.0064061583	-0.0178113211	0.0404540309	-0.0595200392	-0.1104617639233396	-0.276288574388019	0.0122018012890556	0.0763353763373639	-0.3892098381613067	0.0095675583958722	0.1514842981215505	9.153817365842568e-05	5.485633015793802	0.4106783538634602	30.092169583967	0.1686567103320014	0.0500293024895026	0.0037638742757486	1.4166749563642085e-05	0.0025029311075861	0.0084417026040402	0.0159353650928881	0.0002539358606436	7.12623428550591e-05	-0.0318718344949208	0.0044664254934837	1.9948956688841997e-05	0.0010158138340716	0.0	0.0	0.0	0.0	0.0	0.0	0.0	0.0	0.0	0.0	0.0	0.0	0.0	0.0	0.0	0.0	0.0	0.0	0.0	0.0	0.0	0.0	0.0	0.0	0.0	0.0	0.0	0.0	0.0	0.0	0.0	0.0	0.0	0.0	0.0	0.0	0.0	0.0	0.0	0.0	0.0	0.0	0.0	0.0	0.0	0.0	0.0	0.0	0.0	0.0	0.0	0.0	0.0	0.0	0.0	0.0	0.0	0.0	0.0	0.0	0.0	0.0	0.0	0.0	0.0	0.0	0.0	0.0	0.0	0.0	0.0	0.0	0.0	0.0	0.0	0.0	0.0	0.0	0.0	0.0	0.0	0.0	0.0	0.0	0.0	0.0	0.0	0.0	0.0	0.0	0.0	0.0	0.0	0.0	0.0	0.0	0.0	0.0	0.0	0.0	0.0	0.0	0.0	0.0	0.0	0.0	0.0	0.0	0.0	0.0	0.0	0.0	0.0	0.0	0.0	0.0	0.0	0.0	0.0	0.0	0.0	0.0	0.0	0.0	0.0	0.0	0.0	0.0	0.0	0.0	0.0	0.0	0.0	0.0	0.0	0.0	0.0	0.0	0.0	0.0	0.0	0.0	0.0	0.0	0.0	0.0	0.0	0.0	0.0	0.0	0.0	0.0	0.0	0.0	0.0	0.0	0.0	0.0	0.0	0.0	0.0	0.0	0.0	0.0	0.0	0.0	0.0	0.0	0.0	0.0	0.0	0.0	0.0	0.0	0.0	0.0	0.0	0.0	0.0	0.0	0.0	0.0	0.0	0.0	0.0	0.0	0.0	0.0	0.0	0.0	0.0	0.0	0.0	0.0	0.0	0.0	0.0	0.0	0.0	0.0	0.0	0.0	0.0	0.0	0.0	0.0	0.0	0.0	0.0	0.0	0.0	0.0	0.0	0.0	0.0	0.0	0.0	1.0	0.0	0.0	0.0	0.0	0.0	0.0	0.0	0.0	0.0	0.0	0.0	0.0	0.0	0.0	0.0	0.0	0.0	0.0	0.0	0.0	0.0	0.0	0.0
2022.1439012452508	-4.358152104194232	4089065.9573433623	18.99348976329261	2315.7271557115528	-34.393240314640025	1182.8949793405798	5362592.259699918	2120.721368209176	-31.4362938922377	988.2405736791412	4497459.121579	2125.1301239758004	1112.9412713854877	1.134093	97.169479	1.8174687763745008	0.8932619539538651	0.0054194467	-0.0572549793	0.0105793443	0.0564746151	-0.0039342379	0.0549047737	-0.0108602749	-0.0811129819	0.0114687518	-0.0581151012	-0.0295114737	-0.0079008607	0.0188974012	-0.0486645617	0.010742574	-0.0026233633	-0.0377528563	0.0731278263	0.0124491397	-0.015530417	-0.0096410875	-0.0412586834	-0.0036279799	-0.006084854	0.009817136	-0.0174965215	0.0107369072	0.0438441493	0.006669469	-0.0291047617	0.0136495956	-0.0008759625	-0.0201874954	0.0093941692	0.0395564085	0.0013888275	-0.0019474478	0.0186835424	0.0270131122	0.0301629527	0.0449430748	0.0387346856	0.1211152656	-0.0782873035	0.0684771651	-0.0530272111	0.0332099078	-0.010657419	-0.0127728206	0.0351510839	-0.0546342852	-0.1563345062362344	-0.0458727423128948	0.0244404778401272	0.0021043084873052	-0.6979822319947715	-0.3087723938334648	0.487179196180403	0.0953403911936482	5.09009343256492	-0.3955395832288815	25.909051152240533	0.1564515619008772	0.0334072233403411	-0.0166220791491615	0.0002762935152409	0.0011160425713114	0.0084529941014657	1.1291497425500174e-05	1.2749791411007706e-10	7.145310927941392e-05	-0.0271595240015226	0.0047123104933982	2.2205870186190803e-05	0.0007376397439892	0.0	0.0	0.0	0.0	0.0	0.0	0.0	0.0	0.0	0.0	0.0	0.0	0.0	0.0	0.0	0.0	0.0	0.0	0.0	0.0	0.0	0.0	0.0	0.0	0.0	0.0	0.0	0.0	0.0	0.0	0.0	0.0	0.0	0.0	0.0	0.0	0.0	0.0	0.0	0.0	0.0	0.0	0.0	0.0	0.0	0.0	0.0	0.0	0.0	0.0	0.0	0.0	0.0	0.0	0.0	0.0	0.0	0.0	0.0	0.0	0.0	0.0	0.0	0.0	0.0	0.0	0.0	0.0	0.0	0.0	0.0	0.0	0.0	0.0	0.0	0.0	0.0	0.0	0.0	0.0	0.0	0.0	0.0	0.0	0.0	0.0	0.0	0.0	0.0	0.0	0.0	0.0	0.0	0.0	0.0	0.0	0.0	0.0	0.0	0.0	0.0	0.0	0.0	0.0	0.0	0.0	0.0	0.0	0.0	0.0	0.0	0.0	0.0	0.0	0.0	0.0	0.0	0.0	0.0	0.0	0.0	0.0	0.0	0.0	0.0	0.0	0.0	0.0	0.0	0.0	0.0	0.0	0.0	0.0	0.0	0.0	0.0	0.0	0.0	0.0	0.0	0.0	0.0	0.0	0.0	0.0	0.0	0.0	0.0	0.0	0.0	0.0	0.0	0.0	0.0	0.0	0.0	0.0	0.0	0.0	0.0	0.0	0.0	0.0	0.0	0.0	0.0	0.0	0.0	0.0	0.0	0.0	0.0	0.0	0.0	0.0	0.0	0.0	0.0	0.0	0.0	0.0	0.0	0.0	0.0	0.0	0.0	0.0	0.0	0.0	0.0	0.0	0.0	0.0	0.0	0.0	0.0	0.0	0.0	0.0	0.0	0.0	0.0	0.0	0.0	0.0	0.0	0.0	0.0	0.0	0.0	0.0	0.0	0.0	0.0	0.0	0.0	0.0	1.0	0.0	0.0	0.0	0.0	0.0	0.0	0.0	0.0	0.0	0.0	0.0	0.0	0.0	0.0	0.0	0.0	0.0	0.0	0.0	0.0	0.0	0.0
2070.5181939290014	48.37429268375058	4287045.591391014	2340.072192653165	2378.884335452563	63.15717974101017	3988.829352838265	5659090.681461582	2209.314153920049	88.59278571087316	7848.681680012692	4881069.030711463	2206.8543701171875	1241.3881106700844	1.105277	94.70047	1.7563394285793603	0.6497476183806966	-0.0204933161	0.0117385896	0.0095681411	0.0432709205	-0.0343050188	-0.0699209939	0.0428873801	0.0068798395	-0.0466594439	0.0604410406	-0.0092183457	0.054393368	0.0252576654	0.0382551919	-0.0554820583	-0.0209679481	0.0443838079	-0.0036637395	-0.0274168849	-0.0388754162	-0.0139565496	-0.0121234311	0.0051771396	-0.0186996387	0.0110663299	0.0144481479	-0.0491185273	-0.015778114	-0.0454175922	-0.0095890877	0.0450630695	0.0278719154	0.0037214267	0.0182728413	0.0317918374	0.0557030863	0.0253509109	0.0009284329	-0.0367353674	0.0550036966	0.0077672165	-0.0191562891	-0.0028813009	-0.0785258491	0.0693934478	-0.0549512416	0.0363043104	-0.0148794683	-0.0076839116	0.0296593388	-0.049365311	-0.4532915013163148	-0.2969569950800804	0.2054731851655986	0.0881834569269909	-0.65031241354977	0.0476698184450015	0.422906235216927	0.0022724115905794	4.570243633464422	-0.5198497991004984	20.88712686922208	0.2702438136248286	0.0262057810165497	-0.0072014423237914	5.186077154289411e-05	0.0006867429586873	0.013966363851074	0.0055133697496083	3.0397245995895885e-05	0.0001950593192205	-0.0220370797558467	0.0051224442456759	2.623943505005814e-05	0.0004856328841655	0.0	0.0	0.0	0.0	0.0	0.0	0.0	0.0	0.0	0.0	0.0	0.0	0.0	0.0	0.0	0.0	0.0	0.0	0.0	0.0	0.0	0.0	0.0	0.0	0.0	0.0	0.0	0.0	0.0	0.0	0.0	0.0	0.0	0.0	0.0	0.0	0.0	0.0	0.0	0.0	0.0	0.0	0.0	0.0	0.0	0.0	0.0	0.0	0.0	0.0	0.0	0.0	0.0	0.0	0.0	0.0	0.0	0.0	0.0	0.0	0.0	0.0	0.0	0.0	0.0	0.0	0.0	0.0	0.0	0.0	0.0	0.0	0.0	0.0	0.0	0.0	0.0	0.0	0.0	0.0	0.0	0.0	0.0	0.0	0.0	0.0	0.0	0.0	0.0	0.0	0.0	0.0	0.0	0.0	0.0	0.0	0.0	0.0	0.0	0.0	0.0	0.0	0.0	0.0	0.0	0.0	0.0	0.0	0.0	0.0	0.0	0.0	0.0	0.0	0.0	0.0	0.0	0.0	0.0	0.0	0.0	0.0	0.0	0.0	0.0	0.0	0.0	0.0	0.0	0.0	0.0	0.0	0.0	0.0	0.0	0.0	0.0	0.0	0.0	0.0	0.0	0.0	0.0	0.0	0.0	0.0	0.0	0.0	0.0	0.0	0.0	0.0	0.0	0.0	0.0	0.0	0.0	0.0	0.0	0.0	0.0	0.0	0.0	0.0	0.0	0.0	0.0	0.0	0.0	0.0	0.0	0.0	0.0	0.0	0.0	0.0	0.0	0.0	0.0	0.0	0.0	0.0	0.0	0.0	0.0	0.0	0.0	0.0	0.0	0.0	0.0	0.0	0.0	0.0	0.0	0.0	0.0	0.0	0.0	0.0	0.0	0.0	0.0	0.0	0.0	0.0	0.0	0.0	0.0	0.0	0.0	0.0	0.0	0.0	0.0	0.0	0.0	0.0	0.0	1.0	0.0	0.0	0.0	0.0	0.0	0.0	0.0	0.0	0.0	0.0	0.0	0.0	0.0	0.0	0.0	0.0	0.0	0.0	0.0	0.0	0.0
2050.3498161886646	-20.16837774033684	4203934.368744891	406.7634606769144	2371.091194466369	-7.793140986193975	60.73304643069641	5622073.452475952	2165.911665211553	-43.402488708496094	1883.776026091131	4691173.341499483	2171.8757309332127	1155.3427693713677	1.174724	100.650703	1.735451480850128	0.8160794221325356	-0.0030659516	-0.0279608431	0.015610705	0.0246216741	-0.0364260378	0.0024603002	-0.0084472798	-0.0389329179	-0.0350394661	-0.0615001663	-0.0341907251	0.0192923033	-0.0102591271	0.0126073191	-0.0205636915	0.0096877217	0.0097214444	0.0129570047	0.0185895749	-0.0155696786	-0.0089959103	-0.0208069808	-0.0842765012	0.0413070501	0.0241338276	-0.0143721969	0.0385365948	0.0499168394	0.0082066221	0.0517461661	-0.0294526525	0.0120523965	-0.0507849935	0.0008056991	0.0135299098	-0.0498385969	0.0360733369	0.0229302192	0.0133119026	0.0753898712	0.0184054829	0.1025158543	-0.0396278628	-0.0787557834	0.0702792922	-0.0568210419	0.0393350228	-0.0190607341	-0.0025646777	0.024008292	-0.0437500746	-0.7052905190656844	-0.2519990177493696	0.4974347162839425	0.0635035049466471	-0.5862451526949002	0.0640672608548698	0.3436833790582668	0.0041046139134459	4.744362643088635	0.1741190096242135	22.50897688913498	0.0303174295125169	0.0319806912342488	0.005774910217699	3.334958802248546e-05	0.0010227646118203	0.0226713250468382	0.0087049611957641	7.577634941976047e-05	0.0005139889793793	-0.0116116273168765	0.0104254524389701	0.0001086900585572	0.000134829888946	0.0	0.0	0.0	0.0	0.0	0.0	0.0	0.0	0.0	0.0	0.0	0.0	0.0	0.0	0.0	0.0	0.0	0.0	0.0	0.0	0.0	0.0	0.0	0.0	0.0	0.0	0.0	0.0	0.0	0.0	0.0	0.0	0.0	0.0	0.0	0.0	0.0	0.0	0.0	0.0	0.0	0.0	0.0	0.0	0.0	0.0	0.0	0.0	0.0	0.0	0.0	0.0	0.0	0.0	0.0	0.0	0.0	0.0	0.0	0.0	0.0	0.0	0.0	0.0	0.0	0.0	0.0	0.0	0.0	0.0	0.0	0.0	0.0	0.0	0.0	0.0	0.0	0.0	0.0	0.0	0.0	0.0	0.0	0.0	0.0	0.0	0.0	0.0	0.0	0.0	0.0	0.0	0.0	0.0	0.0	0.0	0.0	0.0	0.0	0.0	0.0	0.0	0.0	0.0	0.0	0.0	0.0	0.0	0.0	0.0	0.0	0.0	0.0	0.0	0.0	0.0	0.0	0.0	0.0	0.0	0.0	0.0	0.0	0.0	0.0	0.0	0.0	0.0	0.0	0.0	0.0	0.0	0.0	0.0	0.0	0.0	0.0	0.0	0.0	0.0	0.0	0.0	0.0	0.0	0.0	0.0	0.0	0.0	0.0	0.0	0.0	0.0	0.0	0.0	0.0	0.0	0.0	0.0	0.0	0.0	0.0	0.0	0.0	0.0	0.0	0.0	0.0	0.0	0.0	0.0	0.0	0.0	0.0	0.0	0.0	0.0	0.0	0.0	0.0	0.0	0.0	0.0	0.0	0.0	0.0	0.0	0.0	0.0	0.0	0.0	0.0	0.0	0.0	0.0	0.0	0.0	0.0	0.0	0.0	0.0	0.0	0.0	0.0	0.0	0.0	0.0	0.0	0.0	0.0	0.0	0.0	0.0	0.0	0.0	0.0	0.0	0.0	0.0	0.0	0.0	1.0	0.0	0.0	0.0	0.0	0.0	0.0	0.0	0.0	0.0	0.0	0.0	0.0	0.0	0.0	0.0	0.0	0.0	0.0	0.0	0.0
1990.125411285825	-60.22440490283952	3960599.1526455744	3626.978945901161	2383.037460954222	11.94626648785288	142.7132829987968	5678867.540311145	2126.921572477921	-38.99009273363208	1520.2273313772291	4523795.375471952	2147.456024382588	1141.393656307103	1.803497	154.524231	7.9563399705647395	4.597256174651017	-0.0010757354	-0.0106532297	-0.1408711733	-0.0649976279	-0.045846614	0.0424496957	-0.1013339964	0.0124558129	0.111515129	0.0298064283	0.0736741263	-0.0090193794	-0.0394894149	-0.0217898296	-0.0011608862	0.0417359601	-0.0721905952	-0.0436598205	0.2827186888	0.0835213862	0.131717815	0.1036019088	0.1299444406	0.0014628258	-0.0276484286	-0.0822279732	0.08410001	-0.0450764405	0.1018529689	0.0869285625	-0.0381559142	-0.0120315537	0.1345744716	0.0849041566	-0.0268330446	0.0520673415	0.106180575	-0.064856109	-0.101849992	-0.0083845567	-0.0297346804	-0.1434203861	0.0727163695	-0.0789770813	0.0711343098	-0.0586347667	0.0422967282	-0.0231897558	0.0025646777	0.0182282956	-0.0378279629	-0.4708482798553319	0.2344422392103525	0.2216981026427249	0.0549631635259641	1.573305614351014	2.159550767045914	2.4752905561484218	4.663659515448597	3.2383037998853084	-1.506058843203327	10.486611500351628	2.268213239190944	0.1040827889767858	0.072102097742537	0.0051987124988743	0.0108332269611861	0.0292161947636075	0.0065448697167693	4.283531960948389e-05	0.000853586036465	-0.0140904222796731	-0.0024787949627966	6.1444244675858e-06	0.0001985400000195	0.0	0.0	0.0	0.0	0.0	0.0	0.0	0.0	0.0	0.0	0.0	0.0	0.0	0.0	0.0	0.0	0.0	0.0	0.0	0.0	0.0	0.0	0.0	0.0	0.0	0.0	0.0	0.0	0.0	0.0	0.0	0.0	0.0	0.0	0.0	0.0	0.0	0.0	0.0	0.0	0.0	0.0	0.0	0.0	0.0	0.0	0.0	0.0	0.0	0.0	0.0	0.0	0.0	0.0	0.0	0.0	0.0	0.0	0.0	0.0	0.0	0.0	0.0	0.0	0.0	0.0	0.0	0.0	0.0	0.0	0.0	0.0	0.0	0.0	0.0	0.0	0.0	0.0	0.0	0.0	0.0	0.0	0.0	0.0	0.0	0.0	0.0	0.0	0.0	0.0	0.0	0.0	0.0	0.0	0.0	0.0	0.0	0.0	0.0	0.0	0.0	0.0	0.0	0.0	0.0	0.0	0.0	0.0	0.0	0.0	0.0	0.0	0.0	0.0	0.0	0.0	0.0	0.0	0.0	0.0	0.0	0.0	0.0	0.0	0.0	0.0	0.0	0.0	0.0	0.0	0.0	0.0	0.0	0.0	0.0	0.0	0.0	0.0	0.0	0.0	0.0	0.0	0.0	0.0	0.0	0.0	0.0	0.0	0.0	0.0	0.0	0.0	0.0	0.0	0.0	0.0	0.0	0.0	0.0	0.0	0.0	0.0	0.0	0.0	0.0	0.0	0.0	0.0	0.0	0.0	0.0	0.0	0.0	0.0	0.0	0.0	0.0	0.0	0.0	0.0	0.0	0.0	0.0	0.0	0.0	0.0	0.0	0.0	0.0	0.0	0.0	0.0	0.0	0.0	0.0	0.0	0.0	0.0	0.0	0.0	0.0	0.0	0.0	0.0	0.0	0.0	0.0	0.0	0.0	0.0	0.0	0.0	0.0	0.0	0.0	0.0	0.0	0.0	0.0	0.0	0.0	1.0	0.0	0.0	0.0	0.0	0.0	0.0	0.0	0.0	0.0	0.0	0.0	0.0	0.0	0.0	0.0	0.0	0.0	0.0	0.0
2000.4990902749807	10.373678989155678	4001996.610191026	107.61321577004998	2310.8413006508185	-72.1961603034033	5212.285562554707	5339987.516793567	2133.031634123429	6.1100616455078125	37.33285331190564	4549823.952171265	2139.34672115738	1202.8124691242356	1.123658	96.275391	0.5368262744961837	0.220992978859341	-0.0023515188	-0.0073119286	-0.12410473	-0.0105145156	-0.003144789	0.0410520243	-0.021014848	0.0058850583	0.0899503372	-0.0095364573	0.0945791977	-0.0104491275	-0.0480203364	-0.0208455297	0.0071941054	0.0455919049	-0.0723897789	-0.0202617176	0.2137196487	0.1145046684	0.1152640232	0.1123788423	0.113590031	0.0416018202	-0.0445131615	-0.0857985675	0.1101667258	0.0384952724	0.0354371562	0.0631885839	-0.0477009099	-0.0183391666	0.1338907285	0.1248668707	-0.0564240633	0.0802599943	0.0442340149	-0.0381365577	-0.0026113639	0.0031475151	0.0501217853	-0.1456499678	0.0780314481	-0.0791897184	0.0719581255	-0.060390626	0.0451842308	-0.0272552159	0.0076839116	0.0123503943	-0.0316405151	-0.3401121721577169	0.130736107697615	0.1156762896498404	0.0170919298559223	1.5996766363217318	0.0263710219707178	2.5589653407936104	0.00069543079978	3.339592628308324	0.1012888284230157	11.1528789230513	0.0102594267633071	0.1044826622185281	0.0003998732417423	1.598986094614973e-07	0.010916626704271	0.0253835149040126	-0.0038326798595949	1.4689434906144388e-05	0.0006443228288822	-0.0154264755064326	-0.0013360532267594	1.7850382247344682e-06	0.0002379761465505	0.0	0.0	0.0	0.0	0.0	0.0	0.0	0.0	0.0	0.0	0.0	0.0	0.0	0.0	0.0	0.0	0.0	0.0	0.0	0.0	0.0	0.0	0.0	0.0	0.0	0.0	0.0	0.0	0.0	0.0	0.0	0.0	0.0	0.0	0.0	0.0	0.0	0.0	0.0	0.0	0.0	0.0	0.0	0.0	0.0	0.0	0.0	0.0	0.0	0.0	0.0	0.0	0.0	0.0	0.0	0.0	0.0	0.0	0.0	0.0	0.0	0.0	0.0	0.0	0.0	0.0	0.0	0.0	0.0	0.0	0.0	0.0	0.0	0.0	0.0	0.0	0.0	0.0	0.0	0.0	0.0	0.0	0.0	0.0	0.0	0.0	0.0	0.0	0.0	0.0	0.0	0.0	0.0	0.0	0.0	0.0	0.0	0.0	0.0	0.0	0.0	0.0	0.0	0.0	0.0	0.0	0.0	0.0	0.0	0.0	0.0	0.0	0.0	0.0	0.0	0.0	0.0	0.0	0.0	0.0	0.0	0.0	0.0	0.0	0.0	0.0	0.0	0.0	0.0	0.0	0.0	0.0	0.0	0.0	0.0	0.0	0.0	0.0	0.0	0.0	0.0	0.0	0.0	0.0	0.0	0.0	0.0	0.0	0.0	0.0	0.0	0.0	0.0	0.0	0.0	0.0	0.0	0.0	0.0	0.0	0.0	0.0	0.0	0.0	0.0	0.0	0.0	0.0	0.0	0.0	0.0	0.0	0.0	0.0	0.0	0.0	0.0	0.0	0.0	0.0	0.0	0.0	0.0	0.0	0.0	0.0	0.0	0.0	0.0	0.0	0.0	0.0	0.0	0.0	0.0	0.0	0.0	0.0	0.0	0.0	0.0	0.0	0.0	0.0	0.0	0.0	0.0	0.0	0.0	0.0	0.0	0.0	0.0	0.0	0.0	0.0	0.0	0.0	0.0	0.0	0.0	0.0	1.0	0.0	0.0	0.0	0.0	0.0	0.0	0.0	0.0	0.0	0.0	0.0	0.0	0.0	0.0	0.0	0.0	0.0	0.0
2006.3712784877832	5.8721882128024845	4025525.707140702	34.48259440657644	2337.34675619047	26.505455539651397	702.5391733644367	5463189.858674112	2125.835071729577	-7.196562393851764	51.79051028860143	4519174.752195496	2137.686189020137	1190.4032125508966	0.901144	77.21030399999998	1.200812500544297	0.5714900533965696	-0.001811166	-0.0008989883	-0.1243864953	-0.0050263765	-0.0080390714	0.0121735293	-0.0624159127	0.0279641583	0.0834776287	-0.0021884803	0.0513373062	-0.0118491513	-0.0386228386	-0.0426656174	0.0066776927	0.0371611128	-0.0563703873	-0.0025825333	0.1447147982	0.053706948	0.1271949242	0.0926486648	0.0637059533	-0.0423426136	-0.0346230083	-0.0987722746	0.080740072	-0.0324538884	0.1125837448	0.0634718212	-0.0189471181	-0.0300038654	0.1309852247	0.0604293636	-0.038495595	0.0217907417	0.0759692721	-0.0883567357	-0.0306260021	-0.0276232954	-0.02630758	-0.123555765	0.0494282712	-0.0793936715	0.0727503781	-0.0620868871	0.0479924649	-0.0312459714	0.0127728206	0.0064061583	-0.0252311319	-0.4691849712438767	-0.1290727990861598	0.2201345372411174	0.0166597874639361	1.2174862553081311	-0.3821903810136007	1.4822727818642158	0.1460694873393212	3.364106286556116	0.024513658247792	11.31721110724638	0.0006009194406895	0.0959117072592705	-0.0085709549592575	7.346126891362237e-05	0.009199055589388	0.0281203615825789	0.0027368466785662	7.490329741979377e-06	0.0007907547355349	-0.0134335639003216	0.001992911606111	3.971696669771925e-06	0.000180460639064	0.0	0.0	0.0	0.0	0.0	0.0	0.0	0.0	0.0	0.0	0.0	0.0	0.0	0.0	0.0	0.0	0.0	0.0	0.0	0.0	0.0	0.0	0.0	0.0	0.0	0.0	0.0	0.0	0.0	0.0	0.0	0.0	0.0	0.0	0.0	0.0	0.0	0.0	0.0	0.0	0.0	0.0	0.0	0.0	0.0	0.0	0.0	0.0	0.0	0.0	0.0	0.0	0.0	0.0	0.0	0.0	0.0	0.0	0.0	0.0	0.0	0.0	0.0	0.0	0.0	0.0	0.0	0.0	0.0	0.0	0.0	0.0	0.0	0.0	0.0	0.0	0.0	0.0	0.0	0.0	0.0	0.0	0.0	0.0	0.0	0.0	0.0	0.0	0.0	0.0	0.0	0.0	0.0	0.0	0.0	0.0	0.0	0.0	0.0	0.0	0.0	0.0	0.0	0.0	0.0	0.0	0.0	0.0	0.0	0.0	0.0	0.0	0.0	0.0	0.0	0.0	0.0	0.0	0.0	0.0	0.0	0.0	0.0	0.0	0.0	0.0	0.0	0.0	0.0	0.0	0.0	0.0	0.0	0.0	0.0	0.0	0.0	0.0	0.0	0.0	0.0	0.0	0.0	0.0	0.0	0.0	0.0	0.0	0.0	0.0	0.0	0.0	0.0	0.0	0.0	0.0	0.0	0.0	0.0	0.0	0.0	0.0	0.0	0.0	0.0	0.0	0.0	0.0	0.0	0.0	0.0	0.0	0.0	0.0	0.0	0.0	0.0	0.0	0.0	0.0	0.0	0.0	0.0	0.0	0.0	0.0	0.0	0.0	0.0	0.0	0.0	0.0	0.0	0.0	0.0	0.0	0.0	0.0	0.0	0.0	0.0	0.0	0.0	0.0	0.0	0.0	0.0	0.0	0.0	0.0	0.0	0.0	0.0	0.0	0.0	0.0	0.0	0.0	0.0	0.0	0.0	0.0	0.0	1.0	0.0	0.0	0.0	0.0	0.0	0.0	0.0	0.0	0.0	0.0	0.0	0.0	0.0	0.0	0.0	0.0	0.0
2036.3261271227143	29.954848634931068	4146624.0960025927	897.2929567416317	2348.9763919360016	11.629635745531688	135.24842757374836	5517690.089872676	2159.5413937775984	33.70632204802132	1136.1161460049282	4663619.031438893	2162.888612753838	1205.7643430172975	0.98904	84.741264	1.017919913697554	0.4683022946170097	-0.0135819896	0.0133214873	-0.0976658894	-0.0265913596	-0.0370246328	0.0285016134	-0.0198700679	0.0126256647	0.0786653902	0.0125494087	-0.001050453	0.0148017251	-0.0378297866	-0.043524207	-0.0153028976	0.0351601152	-0.0708198727	-0.0386562116	0.0983083661	0.0392003462	0.1013311865	0.0585405373	0.0702479725	0.0293602318	-0.028004575	-0.0305703859	0.1486722768	0.0310633199	0.0324535054	0.0300938066	-0.060445039	-0.0013298704	0.0784859563	0.0277449293	-0.02969065	0.071738694	0.0536269389	-0.0428766874	0.0038252074	-0.0243956089	-0.0383776403	-0.0903089747	-0.0336212151	-0.0795889182	0.0735107199	-0.0637218759	0.0507165039	-0.0351510839	0.0178113211	0.0004275147	-0.0186447705	-0.3817942271003147	0.087390744143562	0.1457668318471266	0.0076371421619655	1.031017118954594	-0.1864691363535371	1.0629962995774316	0.034770738812434	3.209301409285196	-0.1548048772709203	10.299615535639944	0.0239645500268646	0.0871658071071609	-0.0087459001521096	7.649076947067078e-05	0.0075978779286427	0.0274272258136054	-0.0006931357689734	4.80437194230481e-07	0.0007522527158305	-0.011087496702814	0.0023460671975075	5.50403129522116e-06	0.0001229325831349	0.0	0.0	0.0	0.0	0.0	0.0	0.0	0.0	0.0	0.0	0.0	0.0	0.0	0.0	0.0	0.0	0.0	0.0	0.0	0.0	0.0	0.0	0.0	0.0	0.0	0.0	0.0	0.0	0.0	0.0	0.0	0.0	0.0	0.0	0.0	0.0	0.0	0.0	0.0	0.0	0.0	0.0	0.0	0.0	0.0	0.0	0.0	0.0	0.0	0.0	0.0	0.0	0.0	0.0	0.0	0.0	0.0	0.0	0.0	0.0	0.0	0.0	0.0	0.0	0.0	0.0	0.0	0.0	0.0	0.0	0.0	0.0	0.0	0.0	0.0	0.0	0.0	0.0	0.0	0.0	0.0	0.0	0.0	0.0	0.0	0.0	0.0	0.0	0.0	0.0	0.0	0.0	0.0	0.0	0.0	0.0	0.0	0.0	0.0	0.0	0.0	0.0	0.0	0.0	0.0	0.0	0.0	0.0	0.0	0.0	0.0	0.0	0.0	0.0	0.0	0.0	0.0	0.0	0.0	0.0	0.0	0.0	0.0	0.0	0.0	0.0	0.0	0.0	0.0	0.0	0.0	0.0	0.0	0.0	0.0	0.0	0.0	0.0	0.0	0.0	0.0	0.0	0.0	0.0	0.0	0.0	0.0	0.0	0.0	0.0	0.0	0.0	0.0	0.0	0.0	0.0	0.0	0.0	0.0	0.0	0.0	0.0	0.0	0.0	0.0	0.0	0.0	0.0	0.0	0.0	0.0	0.0	0.0	0.0	0.0	0.0	0.0	0.0	0.0	0.0	0.0	0.0	0.0	0.0	0.0	0.0	0.0	0.0	0.0	0.0	0.0	0.0	0.0	0.0	0.0	0.0	0.0	0.0	0.0	0.0	0.0	0.0	0.0	0.0	0.0	0.0	0.0	0.0	0.0	0.0	0.0	0.0	0.0	0.0	0.0	0.0	0.0	0.0	0.0	0.0	0.0	0.0	0.0	0.0	1.0	0.0	0.0	0.0	0.0	0.0	0.0	0.0	0.0	0.0	0.0	0.0	0.0	0.0	0.0	0.0	0.0
2001.47812382134	-34.84800330137432	4005914.680135391	1214.3833340925955	2296.522137367562	-52.45425456843941	2751.448822330646	5274013.927419276	2125.084153880244	-34.45723989735461	1187.3013813438463	4515982.661072912	2132.608962853196	1194.3912318688087	1.104027	94.593361	1.035470044960794	0.6432530383537781	0.0022134195	-0.0007390178	-0.0909126577	0.0015938333	-0.0059715781	0.0319240077	0.0014421754	0.0423170225	0.0199589323	0.0980153062	-0.0445429843	-0.0159814704	-0.0544379703	-0.115102492	0.0107025217	0.0572066601	-0.116009551	0.049605535	0.0917556415	0.0546236021	0.0886193931	0.0573579648	0.0653760114	0.0109869396	-0.0641012142	-0.1022260317	0.0955002563	0.0499659332	0.0438251588	0.0906935461	-0.0081031956	-0.0402651597	0.0865053266	0.0444131631	0.0021280374	0.0037452077	-0.0009189383	-0.011064279	-0.0338057258	-0.0487360998	-0.0496913617	-0.0589961853	-0.0390588684	-0.0797754371	0.0742388174	-0.0652939789	0.0533515689	-0.0389598496	0.0227795284	-0.0055534252	-0.0119276293	-0.5377525020216751	-0.1559582749213604	0.2891777534305717	0.0243229835164466	0.9467333683086564	-0.0842837506459376	0.896304070669054	0.0071037506229465	3.6478474999437367	0.4385460906585408	13.30679138284577	0.192322673631889	0.081536439179233	-0.0056293679279278	3.168978326798323e-05	0.0066481909140287	0.0283782325405936	0.0009510067269881	9.04413794776808e-07	0.000805324082128	-0.010534232783031	0.0005532639197829	3.061009649336496e-07	0.000110970060327	0.0	0.0	0.0	0.0	0.0	0.0	0.0	0.0	0.0	0.0	0.0	0.0	0.0	0.0	0.0	0.0	0.0	0.0	0.0	0.0	0.0	0.0	0.0	0.0	0.0	0.0	0.0	0.0	0.0	0.0	0.0	0.0	0.0	0.0	0.0	0.0	0.0	0.0	0.0	0.0	0.0	0.0	0.0	0.0	0.0	0.0	0.0	0.0	0.0	0.0	0.0	0.0	0.0	0.0	0.0	0.0	0.0	0.0	0.0	0.0	0.0	0.0	0.0	0.0	0.0	0.0	0.0	0.0	0.0	0.0	0.0	0.0	0.0	0.0	0.0	0.0	0.0	0.0	0.0	0.0	0.0	0.0	0.0	0.0	0.0	0.0	0.0	0.0	0.0	0.0	0.0	0.0	0.0	0.0	0.0	0.0	0.0	0.0	0.0	0.0	0.0	0.0	0.0	0.0	0.0	0.0	0.0	0.0	0.0	0.0	0.0	0.0	0.0	0.0	0.0	0.0	0.0	0.0	0.0	0.0	0.0	0.0	0.0	0.0	0.0	0.0	0.0	0.0	0.0	0.0	0.0	0.0	0.0	0.0	0.0	0.0	0.0	0.0	0.0	0.0	0.0	0.0	0.0	0.0	0.0	0.0	0.0	0.0	0.0	0.0	0.0	0.0	0.0	0.0	0.0	0.0	0.0	0.0	0.0	0.0	0.0	0.0	0.0	0.0	0.0	0.0	0.0	0.0	0.0	0.0	0.0	0.0	0.0	0.0	0.0	0.0	0.0	0.0	0.0	0.0	0.0	0.0	0.0	0.0	0.0	0.0	0.0	0.0	0.0	0.0	0.0	0.0	0.0	0.0	0.0	0.0	0.0	0.0	0.0	0.0	0.0	0.0	0.0	0.0	0.0	0.0	0.0	0.0	0.0	0.0	0.0	0.0	0.0	0.0	0.0	0.0	0.0	0.0	0.0	0.0	0.0	0.0	0.0	0.0	0.0	1.0	0.0	0.0	0.0	0.0	0.0	0.0	0.0	0.0	0.0	0.0	0.0	0.0	0.0	0.0	0.0
2037.7652143253088	36.287090503968784	4152487.068714272	1316.7529372432216	2323.5817440503265	27.059606682764297	732.2223138259022	5399032.121283957	2127.172667793606	2.0885139133620214	4.361890366306745	4524863.558608166	2137.930202577172	1208.178911371187	1.111153	95.203941	0.9455522892927218	0.4240561768435203	-0.0016446373	0.0072579245	-0.0716156396	0.0219524444	-0.0174298913	0.0376204431	0.0597675838	0.0184897885	-0.023102108	0.0317864886	-0.0275633513	-0.0113535391	-0.0284013134	-0.0508417993	0.0078320422	0.0242290897	-0.0431694372	0.0295588807	0.0527317853	0.0258084741	0.0936381612	0.0521634587	-0.0030043876	-0.0035449957	-0.0134690946	-0.014766556	0.0879514757	0.0417698408	0.0537780053	0.0285116702	-0.0035727377	-0.0082035088	0.0895622541	-0.0158027112	0.0073657125	0.0266756808	-0.0275170248	-0.055431355	0.057833262	-0.0703214511	-0.0367391286	-0.0661927894	0.0022378091	-0.0799532077	0.0749343514	-0.0668016447	0.0558930371	-0.0426618292	0.0276578354	-0.0115045374	-0.0051268245	-0.3861905288318041	0.151561973189871	0.1491431245593885	0.0229710317172071	0.56208083565609	-0.3846525326525664	0.3159348658118485	0.1479575708760336	3.6891766054769306	0.0413291055331939	13.610024026398287	0.0017080949641738	0.0766069455361155	-0.0049294936431175	2.4299907577535947e-05	0.0058686241043733	0.0297993657017057	0.001421133161112	2.0196194616124627e-06	0.0008880021962239	-0.0115437795371432	-0.0010095467541121	1.0191846487384784e-06	0.0001332588460021	0.0	0.0	0.0	0.0	0.0	0.0	0.0	0.0	0.0	0.0	0.0	0.0	0.0	0.0	0.0	0.0	0.0	0.0	0.0	0.0	0.0	0.0	0.0	0.0	0.0	0.0	0.0	0.0	0.0	0.0	0.0	0.0	0.0	0.0	0.0	0.0	0.0	0.0	0.0	0.0	0.0	0.0	0.0	0.0	0.0	0.0	0.0	0.0	0.0	0.0	0.0	0.0	0.0	0.0	0.0	0.0	0.0	0.0	0.0	0.0	0.0	0.0	0.0	0.0	0.0	0.0	0.0	0.0	0.0	0.0	0.0	0.0	0.0	0.0	0.0	0.0	0.0	0.0	0.0	0.0	0.0	0.0	0.0	0.0	0.0	0.0	0.0	0.0	0.0	0.0	0.0	0.0	0.0	0.0	0.0	0.0	0.0	0.0	0.0	0.0	0.0	0.0	0.0	0.0	0.0	0.0	0.0	0.0	0.0	0.0	0.0	0.0	0.0	0.0	0.0	0.0	0.0	0.0	0.0	0.0	0.0	0.0	0.0	0.0	0.0	0.0	0.0	0.0	0.0	0.0	0.0	0.0	0.0	0.0	0.0	0.0	0.0	0.0	0.0	0.0	0.0	0.0	0.0	0.0	0.0	0.0	0.0	0.0	0.0	0.0	0.0	0.0	0.0	0.0	0.0	0.0	0.0	0.0	0.0	0.0	0.0	0.0	0.0	0.0	0.0	0.0	0.0	0.0	0.0	0.0	0.0	0.0	0.0	0.0	0.0	0.0	0.0	0.0	0.0	0.0	0.0	0.0	0.0	0.0	0.0	0.0	0.0	0.0	0.0	0.0	0.0	0.0	0.0	0.0	0.0	0.0	0.0	0.0	0.0	0.0	0.0	0.0	0.0	0.0	0.0	0.0	0.0	0.0	0.0	0.0	0.0	0.0	0.0	0.0	0.0	0.0	0.0	0.0	0.0	0.0	0.0	0.0	0.0	0.0	0.0	0.0	1.0	0.0	0.0	0.0	0.0	0.0	0.0	0.0	0.0	0.0	0.0	0.0	0.0	0.0	0.0
2003.2983425032887	-34.46687182202004	4013204.249076424	1187.965253195559	2306.0655801851453	-17.51616386518117	306.8159965518785	5317938.460114651	2151.5501509956694	24.37748320206356	594.2616872668909	4629168.052249488	2157.9465266104776	1146.9817905414072	1.430934	122.602852	4.8624136463586005	2.697375855041345	0.0108060436	-0.0234976287	0.0088637379	-0.003014881	0.0153178353	-0.0372475009	0.015962757	0.0603458854	-0.0093819997	-0.0074796166	-0.0082311485	0.0135906515	0.021468143	0.0348456025	-0.0167794476	-0.0197557501	0.0444669828	0.0120895108	-0.0181421969	-0.0023070589	-0.0011121739	-0.0041586196	-0.1230253258	-0.095222932	0.0265320874	-0.0097100537	-0.0903897573	-0.1400682115	0.0334249531	-0.0238314075	-0.0201672487	0.0563865742	0.0372334499	-0.0302419134	0.0058108256	-0.037319265	0.0167691247	-0.034163569	-0.012965409	-0.0231497404	-0.0879015854	0.0113577953	-0.0216555084	-0.0801222105	0.0755970167	-0.0682433853	0.05833645	-0.0462468756	0.0324269895	-0.0173938582	0.0017099414	-0.6342226539130706	-0.2480321250812665	0.4022383747365385	0.061519935072329	-0.5272102587507419	-1.089291094406832	0.2779506569320242	1.1865550883540337	4.711096914083782	1.0219203086068518	22.194434133889736	1.0443211171431233	0.0348406585677959	-0.0417662869683196	0.00174442272712	0.0012138714894377	0.0244772963744128	-0.0053220693272929	2.8324421924511895e-05	0.0005991380378008	-0.0145188256068037	-0.0029750460696605	8.850899116602389e-06	0.0002107962970007	0.0	0.0	0.0	0.0	0.0	0.0	0.0	0.0	0.0	0.0	0.0	0.0	0.0	0.0	0.0	0.0	0.0	0.0	0.0	0.0	0.0	0.0	0.0	0.0	0.0	0.0	0.0	0.0	0.0	0.0	0.0	0.0	0.0	0.0	0.0	0.0	0.0	0.0	0.0	0.0	0.0	0.0	0.0	0.0	0.0	0.0	0.0	0.0	0.0	0.0	0.0	0.0	0.0	0.0	0.0	0.0	0.0	0.0	0.0	0.0	0.0	0.0	0.0	0.0	0.0	0.0	0.0	0.0	0.0	0.0	0.0	0.0	0.0	0.0	0.0	0.0	0.0	0.0	0.0	0.0	0.0	0.0	0.0	0.0	0.0	0.0	0.0	0.0	0.0	0.0	0.0	0.0	0.0	0.0	0.0	0.0	0.0	0.0	0.0	0.0	0.0	0.0	0.0	0.0	0.0	0.0	0.0	0.0	0.0	0.0	0.0	0.0	0.0	0.0	0.0	0.0	0.0	0.0	0.0	0.0	0.0	0.0	0.0	0.0	0.0	0.0	0.0	0.0	0.0	0.0	0.0	0.0	0.0	0.0	0.0	0.0	0.0	0.0	0.0	0.0	0.0	0.0	0.0	0.0	0.0	0.0	0.0	0.0	0.0	0.0	0.0	0.0	0.0	0.0	0.0	0.0	0.0	0.0	0.0	0.0	0.0	0.0	0.0	0.0	0.0	0.0	0.0	0.0	0.0	0.0	0.0	0.0	0.0	0.0	0.0	0.0	0.0	0.0	0.0	0.0	0.0	0.0	0.0	0.0	0.0	0.0	0.0	0.0	0.0	0.0	0.0	0.0	0.0	0.0	0.0	0.0	0.0	0.0	0.0	0.0	0.0	0.0	0.0	0.0	0.0	0.0	0.0	0.0	0.0	0.0	0.0	0.0	0.0	0.0	0.0	0.0	0.0	0.0	0.0	0.0	0.0	0.0	0.0	0.0	0.0	0.0	0.0	1.0	0.0	0.0	0.0	0.0	0.0	0.0	0.0	0.0	0.0	0.0	0.0	0.0	0.0
2029.5367658825044	26.238423379215646	4119019.484068815	688.4548614269702	2355.324327442744	49.25874725759877	2426.4241813879944	5547552.687443615	2145.220781409222	-6.329369586447228	40.06091936184316	4601972.200989993	2145.8309486734743	1099.013436919632	1.274135	109.168259	1.6929426102329836	0.98196566454833	0.0128519357	-0.025353371	-0.002959548	0.0269878464	-0.0169684106	-0.02547051	0.0254771963	0.0003708785	0.0140299752	-0.0542602974	-0.0196836537	0.0094766129	-0.0083512303	-0.0083029701	-0.0065589799	0.0064650647	-0.0082576223	-0.0197603935	-0.0156498023	-0.0301103958	0.0371813267	-0.0247556076	-0.0154285707	0.0074174398	0.0243830371	0.0604248563	0.0275880736	-0.0062693759	-0.010309112	0.0306901145	-0.0020100983	-0.0145829593	-7.79948e-05	-0.0180656659	0.0343317193	0.006753821	-0.005929262	0.0107733346	-0.010452419	0.0439877056	-0.0168061777	-0.0079325401	-0.0409887987	-0.080282427	0.0762265226	-0.0696177779	0.0606775209	-0.0497051625	0.0370681691	-0.0231897558	0.0085347133	-0.5146910641314406	0.11953158978163	0.2649068914967547	0.0142878009557238	-0.1568769647719108	0.3703332939788311	0.0246103820760473	0.1371467486292113	4.526304379924035	-0.1847925341597474	20.487431339719503	0.0341482806811814	0.0519164948666645	0.0170758362988686	0.0002915841853057	0.0026953224392404	0.027654476470583	0.0031771800961702	1.0094473363500094e-05	0.000764770068862	-0.0146315130580204	-0.0001126874512166	1.2698461661716057e-08	0.000214081174367	0.0	0.0	0.0	0.0	0.0	0.0	0.0	0.0	0.0	0.0	0.0	0.0	0.0	0.0	0.0	0.0	0.0	0.0	0.0	0.0	0.0	0.0	0.0	0.0	0.0	0.0	0.0	0.0	0.0	0.0	0.0	0.0	0.0	0.0	0.0	0.0	0.0	0.0	0.0	0.0	0.0	0.0	0.0	0.0	0.0	0.0	0.0	0.0	0.0	0.0	0.0	0.0	0.0	0.0	0.0	0.0	0.0	0.0	0.0	0.0	0.0	0.0	0.0	0.0	0.0	0.0	0.0	0.0	0.0	0.0	0.0	0.0	0.0	0.0	0.0	0.0	0.0	0.0	0.0	0.0	0.0	0.0	0.0	0.0	0.0	0.0	0.0	0.0	0.0	0.0	0.0	0.0	0.0	0.0	0.0	0.0	0.0	0.0	0.0	0.0	0.0	0.0	0.0	0.0	0.0	0.0	0.0	0.0	0.0	0.0	0.0	0.0	0.0	0.0	0.0	0.0	0.0	0.0	0.0	0.0	0.0	0.0	0.0	0.0	0.0	0.0	0.0	0.0	0.0	0.0	0.0	0.0	0.0	0.0	0.0	0.0	0.0	0.0	0.0	0.0	0.0	0.0	0.0	0.0	0.0	0.0	0.0	0.0	0.0	0.0	0.0	0.0	0.0	0.0	0.0	0.0	0.0	0.0	0.0	0.0	0.0	0.0	0.0	0.0	0.0	0.0	0.0	0.0	0.0	0.0	0.0	0.0	0.0	0.0	0.0	0.0	0.0	0.0	0.0	0.0	0.0	0.0	0.0	0.0	0.0	0.0	0.0	0.0	0.0	0.0	0.0	0.0	0.0	0.0	0.0	0.0	0.0	0.0	0.0	0.0	0.0	0.0	0.0	0.0	0.0	0.0	0.0	0.0	0.0	0.0	0.0	0.0	0.0	0.0	0.0	0.0	0.0	0.0	0.0	0.0	0.0	0.0	0.0	0.0	0.0	0.0	0.0	0.0	1.0	0.0	0.0	0.0	0.0	0.0	0.0	0.0	0.0	0.0	0.0	0.0	0.0
2051.670344489746	22.133578607241816	4209351.202458674	489.8953019629525	2346.4095542594177	-8.91477318332636	79.47318091015481	5505637.79631988	2156.4241734380307	11.203392028808594	125.51599295117194	4650165.215787894	2159.0165734905813	1272.2449008483238	0.962101	82.433113	1.0686076081149838	0.5396951744998859	-0.0136847417	0.0398168179	-0.0226682826	0.0124077551	-0.0272727206	-0.0009865665	0.0615966411	0.0272822117	0.0094721579	0.0110021922	0.0713709272	0.0158819353	-0.0001064103	-0.0004709297	-0.0183232327	0.0007636819	0.0111607016	0.009991364	-0.0120800099	-0.028913841	0.0265383322	0.0202849589	-0.0389223082	-0.0124561488	-0.0079567021	0.0486042528	-0.0194847135	0.0105763574	-0.0131412361	-0.0181623204	0.0196540627	-0.0061299491	0.0283373327	-0.0273806078	0.0253188654	0.0064815005	0.0032360213	-0.0348806821	0.0444113287	-0.0458547302	-0.020838137	0.0072604911	-0.0183892589	-0.0804338397	0.0768225931	-0.0709234662	0.0629121428	-0.0530272111	0.0415630576	-0.0288611001	0.0152996203	-0.443137837736927	0.0715532263945136	0.196371143234159	0.0051198642074645	-0.1654939599776668	-0.008616995205756	0.0273882507890895	7.425260637602209e-05	4.045313425905626	-0.4809909540184094	16.36456071381231	0.2313522978475396	0.0444280806676691	-0.0074884141989953	5.607634721571585e-05	0.0019738543518129	0.0281826616179095	0.0005281851473264	2.789795498563152e-07	0.0007942624158695	-0.0124991837544162	0.0021323293036041	4.546828259009171e-06	0.0001562295945266	0.0	0.0	0.0	0.0	0.0	0.0	0.0	0.0	0.0	0.0	0.0	0.0	0.0	0.0	0.0	0.0	0.0	0.0	0.0	0.0	0.0	0.0	0.0	0.0	0.0	0.0	0.0	0.0	0.0	0.0	0.0	0.0	0.0	0.0	0.0	0.0	0.0	0.0	0.0	0.0	0.0	0.0	0.0	0.0	0.0	0.0	0.0	0.0	0.0	0.0	0.0	0.0	0.0	0.0	0.0	0.0	0.0	0.0	0.0	0.0	0.0	0.0	0.0	0.0	0.0	0.0	0.0	0.0	0.0	0.0	0.0	0.0	0.0	0.0	0.0	0.0	0.0	0.0	0.0	0.0	0.0	0.0	0.0	0.0	0.0	0.0	0.0	0.0	0.0	0.0	0.0	0.0	0.0	0.0	0.0	0.0	0.0	0.0	0.0	0.0	0.0	0.0	0.0	0.0	0.0	0.0	0.0	0.0	0.0	0.0	0.0	0.0	0.0	0.0	0.0	0.0	0.0	0.0	0.0	0.0	0.0	0.0	0.0	0.0	0.0	0.0	0.0	0.0	0.0	0.0	0.0	0.0	0.0	0.0	0.0	0.0	0.0	0.0	0.0	0.0	0.0	0.0	0.0	0.0	0.0	0.0	0.0	0.0	0.0	0.0	0.0	0.0	0.0	0.0	0.0	0.0	0.0	0.0	0.0	0.0	0.0	0.0	0.0	0.0	0.0	0.0	0.0	0.0	0.0	0.0	0.0	0.0	0.0	0.0	0.0	0.0	0.0	0.0	0.0	0.0	0.0	0.0	0.0	0.0	0.0	0.0	0.0	0.0	0.0	0.0	0.0	0.0	0.0	0.0	0.0	0.0	0.0	0.0	0.0	0.0	0.0	0.0	0.0	0.0	0.0	0.0	0.0	0.0	0.0	0.0	0.0	0.0	0.0	0.0	0.0	0.0	0.0	0.0	0.0	0.0	0.0	0.0	0.0	0.0	0.0	0.0	0.0	0.0	0.0	1.0	0.0	0.0	0.0	0.0	0.0	0.0	0.0	0.0	0.0	0.0	0.0
2041.2525912759072	-10.417753213838978	4166712.141390606	108.52958202445237	2312.600351830052	-33.80920242936554	1143.0621689098168	5348120.387284481	2146.0161981997285	-10.407975238302242	108.32594856111264	4605385.522935616	2150.407869558301	1397.8590889016136	0.8255249999999998	70.731277	1.3795105555382383	0.6624434282374878	-0.0577557414	0.1016356904	-0.0187567094	-0.0332478345	-0.0087600667	0.031727485	0.0537231339	-0.0432668706	0.0526071613	0.0125312655	0.0809437941	0.010909332	0.0133782625	0.0205173059	-0.0125574587	-0.0114775037	0.0186014002	0.0028450523	0.0216681824	-0.0538373624	0.0044802812	0.0317178769	-0.0213372782	0.0434983128	-0.0326298485	0.0812207295	0.0007647872	0.0366161132	-0.0337932825	-0.0141302669	0.0012324135	-0.0318263549	0.0395165564	-0.0069140934	-0.019734208	0.0670682912	0.0239402309	0.0145748585	0.0187033905	-0.0172309425	0.0148190858	-0.0340239256	-0.0041684734	-0.0805764318	0.0773849666	-0.0721591615	0.0650363955	-0.0562039158	0.0458939156	-0.0343774302	0.0219572114	-0.3747499264938341	0.0683879112430929	0.140437507407134	0.0046769064041931	-0.3327007316024719	-0.167206771624805	0.11068977680882	0.0279581044771897	3.5186375566316954	-0.5266758692739302	12.380810254939068	0.27738747127545	0.0344075245109743	-0.0100205561566948	0.0001004115456894	0.0011838777429732	0.0272395788116479	-0.0009430828062616	8.894051794662555e-07	0.0007419946538359	-0.0111180226494444	0.0013811611049718	1.907605997886926e-06	0.0001236104276335	0.0	0.0	0.0	0.0	0.0	0.0	0.0	0.0	0.0	0.0	0.0	0.0	0.0	0.0	0.0	0.0	0.0	0.0	0.0	0.0	0.0	0.0	0.0	0.0	0.0	0.0	0.0	0.0	0.0	0.0	0.0	0.0	0.0	0.0	0.0	0.0	0.0	0.0	0.0	0.0	0.0	0.0	0.0	0.0	0.0	0.0	0.0	0.0	0.0	0.0	0.0	0.0	0.0	0.0	0.0	0.0	0.0	0.0	0.0	0.0	0.0	0.0	0.0	0.0	0.0	0.0	0.0	0.0	0.0	0.0	0.0	0.0	0.0	0.0	0.0	0.0	0.0	0.0	0.0	0.0	0.0	0.0	0.0	0.0	0.0	0.0	0.0	0.0	0.0	0.0	0.0	0.0	0.0	0.0	0.0	0.0	0.0	0.0	0.0	0.0	0.0	0.0	0.0	0.0	0.0	0.0	0.0	0.0	0.0	0.0	0.0	0.0	0.0	0.0	0.0	0.0	0.0	0.0	0.0	0.0	0.0	0.0	0.0	0.0	0.0	0.0	0.0	0.0	0.0	0.0	0.0	0.0	0.0	0.0	0.0	0.0	0.0	0.0	0.0	0.0	0.0	0.0	0.0	0.0	0.0	0.0	0.0	0.0	0.0	0.0	0.0	0.0	0.0	0.0	0.0	0.0	0.0	0.0	0.0	0.0	0.0	0.0	0.0	0.0	0.0	0.0	0.0	0.0	0.0	0.0	0.0	0.0	0.0	0.0	0.0	0.0	0.0	0.0	0.0	0.0	0.0	0.0	0.0	0.0	0.0	0.0	0.0	0.0	0.0	0.0	0.0	0.0	0.0	0.0	0.0	0.0	0.0	0.0	0.0	0.0	0.0	0.0	0.0	0.0	0.0	0.0	0.0	0.0	0.0	0.0	0.0	0.0	0.0	0.0	0.0	0.0	0.0	0.0	0.0	0.0	0.0	0.0	0.0	0.0	0.0	0.0	0.0	0.0	0.0	0.0	1.0	0.0	0.0	0.0	0.0	0.0	0.0	0.0	0.0	0.0	0.0
1993.1757989418988	-48.07679233400836	3972749.765487677	2311.377961127365	2260.753112583944	-51.84723924610808	2688.136217443169	5111004.636057992	2092.7616832567296	-53.25451494299887	2836.0433618140896	4379651.462907541	2098.1242358908835	1004.9843226002586	1.608345	137.803482	4.697151401539056	2.325035006273936	0.0349584581	-0.0503175211	-0.0767270105	-0.0379851739	0.0200886235	0.0826889368	-0.0011251229	-0.0684938537	-0.0366874622	0.0176474111	-0.2198332922	-0.0365495199	-0.0624927188	-0.0449109249	0.0412465532	0.0595999841	-0.0671756872	-0.0223705548	0.0360639343	0.0627973602	0.0454157133	0.0057200118	0.0611390584	0.0327520724	-0.0344084078	-0.0827542116	0.0834817617	0.090907	-0.0247883328	0.0118524082	-0.0225600748	-0.0357944492	0.0345063989	-0.047793089	-0.0153865181	-0.0445307428	-0.0817826271	0.0312316607	0.0718327243	-0.0511717579	0.0153986376	0.0182192637	0.0896749905	-0.0807101879	0.0779133966	-0.0733236445	0.0670465522	-0.0592265694	0.0500436514	-0.0397091175	0.0284607885	-0.2457511042733244	0.1289988222205097	0.0603936052515583	0.0166406961342786	0.8596788266951307	1.192379558297603	0.7390476850679166	1.421769011045986	4.179377242044744	0.6607396854130485	17.46719413132153	0.4365769318797343	0.0780802827004647	0.0436727581894904	0.0019073098078777	0.0060965305465844	0.0210207969762392	-0.0062187818354087	3.86732475164092e-05	0.0004418739055162	-0.0155271493367032	-0.0044091266872588	1.944039814429777e-05	0.0002410923665242	0.0	0.0	0.0	0.0	0.0	0.0	0.0	0.0	0.0	0.0	0.0	0.0	0.0	0.0	0.0	0.0	0.0	0.0	0.0	0.0	0.0	0.0	0.0	0.0	0.0	0.0	0.0	0.0	0.0	0.0	0.0	0.0	0.0	0.0	0.0	0.0	0.0	0.0	0.0	0.0	0.0	0.0	0.0	0.0	0.0	0.0	0.0	0.0	0.0	0.0	0.0	0.0	0.0	0.0	0.0	0.0	0.0	0.0	0.0	0.0	0.0	0.0	0.0	0.0	0.0	0.0	0.0	0.0	0.0	0.0	0.0	0.0	0.0	0.0	0.0	0.0	0.0	0.0	0.0	0.0	0.0	0.0	0.0	0.0	0.0	0.0	0.0	0.0	0.0	0.0	0.0	0.0	0.0	0.0	0.0	0.0	0.0	0.0	0.0	0.0	0.0	0.0	0.0	0.0	0.0	0.0	0.0	0.0	0.0	0.0	0.0	0.0	0.0	0.0	0.0	0.0	0.0	0.0	0.0	0.0	0.0	0.0	0.0	0.0	0.0	0.0	0.0	0.0	0.0	0.0	0.0	0.0	0.0	0.0	0.0	0.0	0.0	0.0	0.0	0.0	0.0	0.0	0.0	0.0	0.0	0.0	0.0	0.0	0.0	0.0	0.0	0.0	0.0	0.0	0.0	0.0	0.0	0.0	0.0	0.0	0.0	0.0	0.0	0.0	0.0	0.0	0.0	0.0	0.0	0.0	0.0	0.0	0.0	0.0	0.0	0.0	0.0	0.0	0.0	0.0	0.0	0.0	0.0	0.0	0.0	0.0	0.0	0.0	0.0	0.0	0.0	0.0	0.0	0.0	0.0	0.0	0.0	0.0	0.0	0.0	0.0	0.0	0.0	0.0	0.0	0.0	0.0	0.0	0.0	0.0	0.0	0.0	0.0	0.0	0.0	0.0	0.0	0.0	0.0	0.0	0.0	0.0	0.0	0.0	0.0	0.0	0.0	0.0	0.0	0.0	0.0	1.0	0.0	0.0	0.0	0.0	0.0	0.0	0.0	0.0	0.0
2015.3032867326	22.12748779070125	4061447.337515221	489.625715927633	2320.1145663326733	59.36145374872922	3523.7821911625183	5382931.600909049	2136.4428342736287	43.68115101689909	1908.0429541611447	4564387.984119136	2129.8757551771423	1082.665483061728	1.380499	118.281609	1.6550495559342366	0.7959668002159592	0.027955627	-0.0346565264	-0.0330438689	-0.0246740445	-0.0004660456	0.0012792369	0.0065212406	0.0362709981	-0.0266911008	-0.0381115065	0.0167248645	3.64901e-05	-0.0346118415	-0.0346016636	0.0076005819	0.0316449501	-0.0237273359	-0.0093096867	-0.0287091922	0.0155278607	0.056130735	-0.013808954	-0.0447982907	-0.0182635078	0.0115106459	-0.0028973312	0.0632743874	-0.0543282829	0.0934694089	0.0078922015	-0.014974866	-0.0098337276	0.0233042409	-0.0460312056	0.0003687369	-0.0408505035	-0.002996695	-0.0158054373	0.0393025681	0.0015166983	-0.0178384607	0.028635716	0.0090989183	-0.0808350932	0.0784076511	-0.0744157659	0.0689390864	-0.0620868871	0.0539958877	-0.0448275254	0.0347647336	-0.382302522051674	-0.1365514177783496	0.1461552183670706	0.0186462896972773	0.1655274711382617	-0.694151355556869	0.027399343701428	0.4818461044214387	4.253938942171132	0.074561700126388	18.09599652372005	0.0055594471257374	0.0708999069812896	-0.007180375719175	5.1557795468519296e-05	0.0050267968099555	0.02612637423383	0.0051055772575908	2.6066919133228425e-05	0.0006825874306061	-0.0128174006640165	0.0027097486726867	7.342737869127339e-06	0.0001642857597819	0.0	0.0	0.0	0.0	0.0	0.0	0.0	0.0	0.0	0.0	0.0	0.0	0.0	0.0	0.0	0.0	0.0	0.0	0.0	0.0	0.0	0.0	0.0	0.0	0.0	0.0	0.0	0.0	0.0	0.0	0.0	0.0	0.0	0.0	0.0	0.0	0.0	0.0	0.0	0.0	0.0	0.0	0.0	0.0	0.0	0.0	0.0	0.0	0.0	0.0	0.0	0.0	0.0	0.0	0.0	0.0	0.0	0.0	0.0	0.0	0.0	0.0	0.0	0.0	0.0	0.0	0.0	0.0	0.0	0.0	0.0	0.0	0.0	0.0	0.0	0.0	0.0	0.0	0.0	0.0	0.0	0.0	0.0	0.0	0.0	0.0	0.0	0.0	0.0	0.0	0.0	0.0	0.0	0.0	0.0	0.0	0.0	0.0	0.0	0.0	0.0	0.0	0.0	0.0	0.0	0.0	0.0	0.0	0.0	0.0	0.0	0.0	0.0	0.0	0.0	0.0	0.0	0.0	0.0	0.0	0.0	0.0	0.0	0.0	0.0	0.0	0.0	0.0	0.0	0.0	0.0	0.0	0.0	0.0	0.0	0.0	0.0	0.0	0.0	0.0	0.0	0.0	0.0	0.0	0.0	0.0	0.0	0.0	0.0	0.0	0.0	0.0	0.0	0.0	0.0	0.0	0.0	0.0	0.0	0.0	0.0	0.0	0.0	0.0	0.0	0.0	0.0	0.0	0.0	0.0	0.0	0.0	0.0	0.0	0.0	0.0	0.0	0.0	0.0	0.0	0.0	0.0	0.0	0.0	0.0	0.0	0.0	0.0	0.0	0.0	0.0	0.0	0.0	0.0	0.0	0.0	0.0	0.0	0.0	0.0	0.0	0.0	0.0	0.0	0.0	0.0	0.0	0.0	0.0	0.0	0.0	0.0	0.0	0.0	0.0	0.0	0.0	0.0	0.0	0.0	0.0	0.0	0.0	0.0	0.0	0.0	0.0	0.0	0.0	0.0	0.0	0.0	1.0	0.0	0.0	0.0	0.0	0.0	0.0	0.0	0.0
2025.733669293612	10.430382561011813	4103596.8989097606	108.7928803690593	2309.995238839764	-10.11932749290918	102.40078890874756	5336078.003462379	2140.7952088065767	4.3523745329480334	18.94316407505461	4583004.1260491945	2136.2634980205044	1220.168973662151	1.270372	108.845856	3.105645939056014	2.0094129353601486	-0.0020621027	0.0212646144	0.0230002368	0.048774949	0.0035469006	-0.0302532172	0.0725770946	0.0404527499	-0.0307737094	-0.0293916497	0.0911517826	0.0032040488	0.0236368848	0.0227651739	-0.0002654419	-0.0236717479	0.0310955509	-0.0012683144	-0.0349370935	-0.0554778298	-0.0104752443	-0.0183729256	-0.0033372299	0.0143294334	0.0132049279	0.0540095809	-0.0338109372	0.0326039818	-0.0474576755	-0.014903466	0.0502999591	0.0132895228	-0.0204235653	0.013126697	0.0119507356	0.028443474	0.0077024846	0.0131481811	0.0337409022	0.0161953381	0.0266260544	0.0014161887	-0.0421570011	-0.0809511339	0.0788675135	-0.0754344479	0.0707106781	-0.064777029	0.0577350269	-0.0497051625	0.040824829	-0.23973816749141	0.1425643545602639	0.0574743889521393	0.0203245951911846	-0.4057574489171003	-0.571284920055362	0.1646391073517132	0.3263664598826614	4.43274178628667	0.1788028441155376	19.64919974389193	0.0319704570638052	0.0336330755004554	-0.0372668314808342	0.0013888167286208	0.0011311837676193	0.0195210382332229	-0.0066053360006071	4.363046368091621e-05	0.0003810709337029	-0.0124296917389608	0.0003877089250556	1.5031821056784578e-07	0.0001544972367255	0.0	0.0	0.0	0.0	0.0	0.0	0.0	0.0	0.0	0.0	0.0	0.0	0.0	0.0	0.0	0.0	0.0	0.0	0.0	0.0	0.0	0.0	0.0	0.0	0.0	0.0	0.0	0.0	0.0	0.0	0.0	0.0	0.0	0.0	0.0	0.0	0.0	0.0	0.0	0.0	0.0	0.0	0.0	0.0	0.0	0.0	0.0	0.0	0.0	0.0	0.0	0.0	0.0	0.0	0.0	0.0	0.0	0.0	0.0	0.0	0.0	0.0	0.0	0.0	0.0	0.0	0.0	0.0	0.0	0.0	0.0	0.0	0.0	0.0	0.0	0.0	0.0	0.0	0.0	0.0	0.0	0.0	0.0	0.0	0.0	0.0	0.0	0.0	0.0	0.0	0.0	0.0	0.0	0.0	0.0	0.0	0.0	0.0	0.0	0.0	0.0	0.0	0.0	0.0	0.0	0.0	0.0	0.0	0.0	0.0	0.0	0.0	0.0	0.0	0.0	0.0	0.0	0.0	0.0	0.0	0.0	0.0	0.0	0.0	0.0	0.0	0.0	0.0	0.0	0.0	0.0	0.0	0.0	0.0	0.0	0.0	0.0	0.0	0.0	0.0	0.0	0.0	0.0	0.0	0.0	0.0	0.0	0.0	0.0	0.0	0.0	0.0	0.0	0.0	0.0	0.0	0.0	0.0	0.0	0.0	0.0	0.0	0.0	0.0	0.0	0.0	0.0	0.0	0.0	0.0	0.0	0.0	0.0	0.0	0.0	0.0	0.0	0.0	0.0	0.0	0.0	0.0	0.0	0.0	0.0	0.0	0.0	0.0	0.0	0.0	0.0	0.0	0.0	0.0	0.0	0.0	0.0	0.0	0.0	0.0	0.0	0.0	0.0	0.0	0.0	0.0	0.0	0.0	0.0	0.0	0.0	0.0	0.0	0.0	0.0	0.0	0.0	0.0	0.0	0.0	0.0	0.0	0.0	0.0	0.0	0.0	0.0	0.0	0.0	0.0	0.0	0.0	0.0	1.0	0.0	0.0	0.0	0.0	0.0	0.0	0.0
2026.5415512585607	0.8078819649488196	4106870.6589774536	0.6526732692895657	2355.6755458884045	45.68030704864032	2086.6904520580583	5549207.277496632	2150.240990016772	9.445781210195037	89.22278267087361	4623536.315148307	2152.306719524104	1204.8457669810473	0.8757319999999998	75.033028	0.6907257497511446	0.3303253194817933	-0.0057706457	0.0278279329	0.0283858427	0.0111342902	-0.0239076384	-0.0135133556	0.0480641573	0.0046192264	-0.0381228928	0.0335717845	-0.0187499049	0.0108708691	0.0100869075	0.0142325172	-0.0107582672	-0.0067226142	0.0247514012	0.0015243159	-0.0394413731	-0.0440544247	-0.029995924	-0.0084845716	-0.0258519183	-0.0005838683	0.0132458952	0.0209468952	-0.0568139905	0.0093346193	-0.0381968327	-0.0138503224	0.0313565315	-0.0084600605	-0.0513895859	-0.0495475874	0.0143959288	0.0064631264	0.0623741828	-0.0353328925	0.0219638137	-0.0049338288	-0.0157577428	0.0395914571	0.0079810782	-0.0810582975	0.0792927819	-0.0763786853	0.0723582192	-0.0672896215	0.0612463124	-0.054315831	0.0465985677	-0.2823596684379197	-0.0426215009465097	0.0797269823603719	0.0018165923429333	-0.552327790890331	-0.1465703419732307	0.3050659885897932	0.0214828651461497	4.403932973615255	-0.0288088126714143	19.394625636095704	0.0008299476875366	0.0289486654095318	-0.0046844100909235	2.194369789994684e-05	0.000838025228993	0.0232769662584872	0.0037559280252642	1.410699533096578e-05	0.0005418171581987	-0.0134438555059727	-0.0010141637670119	1.028528146319768e-06	0.0001807372508654	0.0	0.0	0.0	0.0	0.0	0.0	0.0	0.0	0.0	0.0	0.0	0.0	0.0	0.0	0.0	0.0	0.0	0.0	0.0	0.0	0.0	0.0	0.0	0.0	0.0	0.0	0.0	0.0	0.0	0.0	0.0	0.0	0.0	0.0	0.0	0.0	0.0	0.0	0.0	0.0	0.0	0.0	0.0	0.0	0.0	0.0	0.0	0.0	0.0	0.0	0.0	0.0	0.0	0.0	0.0	0.0	0.0	0.0	0.0	0.0	0.0	0.0	0.0	0.0	0.0	0.0	0.0	0.0	0.0	0.0	0.0	0.0	0.0	0.0	0.0	0.0	0.0	0.0	0.0	0.0	0.0	0.0	0.0	0.0	0.0	0.0	0.0	0.0	0.0	0.0	0.0	0.0	0.0	0.0	0.0	0.0	0.0	0.0	0.0	0.0	0.0	0.0	0.0	0.0	0.0	0.0	0.0	0.0	0.0	0.0	0.0	0.0	0.0	0.0	0.0	0.0	0.0	0.0	0.0	0.0	0.0	0.0	0.0	0.0	0.0	0.0	0.0	0.0	0.0	0.0	0.0	0.0	0.0	0.0	0.0	0.0	0.0	0.0	0.0	0.0	0.0	0.0	0.0	0.0	0.0	0.0	0.0	0.0	0.0	0.0	0.0	0.0	0.0	0.0	0.0	0.0	0.0	0.0	0.0	0.0	0.0	0.0	0.0	0.0	0.0	0.0	0.0	0.0	0.0	0.0	0.0	0.0	0.0	0.0	0.0	0.0	0.0	0.0	0.0	0.0	0.0	0.0	0.0	0.0	0.0	0.0	0.0	0.0	0.0	0.0	0.0	0.0	0.0	0.0	0.0	0.0	0.0	0.0	0.0	0.0	0.0	0.0	0.0	0.0	0.0	0.0	0.0	0.0	0.0	0.0	0.0	0.0	0.0	0.0	0.0	0.0	0.0	0.0	0.0	0.0	0.0	0.0	0.0	0.0	0.0	0.0	0.0	0.0	0.0	0.0	0.0	0.0	0.0	0.0	1.0	0.0	0.0	0.0	0.0	0.0	0.0
2029.596707222484	3.055155963923198	4119262.793968349	9.333977963895489	2292.413929351389	-63.26161653701547	4002.032126876389	5255161.623484275	2139.221011949622	-11.019978067149625	121.43991660045872	4576266.537966765	2135.685602487172	1290.5755619987392	0.595427	51.016388	0.5242474407037745	0.2929220044888728	-0.0157720308	0.051073184	0.0210484311	0.0167204117	0.002897713	0.0308019469	0.1036611793	-0.0010923725	0.0076775244	-0.0116845109	0.0084946563	0.0051744997	0.0145278328	-0.0014809517	-0.0013576401	-0.0069050728	0.0071805335	0.0148076464	-0.0482658155	-0.0548623371	-0.0175132204	-0.0083799169	-0.0193338147	-0.0007129834	-0.0027919148	0.0461873919	-0.0461467275	0.0146847146	-0.0236241728	-0.0163114331	0.0213677181	-0.0018795376	-0.0218236763	-0.0174513138	0.0095800324	0.0172636375	0.042409043	-0.0075990859	0.0261503694	-0.0300658805	0.0055009575	0.0319803536	-0.0015488118	-0.0811565722	0.0796832699	-0.0772475461	0.0738788195	-0.0696177779	0.0645158866	-0.0586347667	0.0520454508	-0.2598094031275195	0.0225502653104002	0.0675009259534779	0.0005085144655694	-0.4478676202257219	0.1044601706646091	0.2005854052466514	0.0109119272552792	4.15735738567831	-0.2465755879369453	17.283620432253993	0.0607995205664502	0.03069053407568	0.0017418686661481	3.0341064501089083e-06	0.0009419088818504	0.0241056272169468	0.0008286609584595	6.866789840751801e-07	0.0005810812635224	-0.0138865542172013	-0.0004426987112285	1.9598214892346213e-07	0.0001928363880272	0.0	0.0	0.0	0.0	0.0	0.0	0.0	0.0	0.0	0.0	0.0	0.0	0.0	0.0	0.0	0.0	0.0	0.0	0.0	0.0	0.0	0.0	0.0	0.0	0.0	0.0	0.0	0.0	0.0	0.0	0.0	0.0	0.0	0.0	0.0	0.0	0.0	0.0	0.0	0.0	0.0	0.0	0.0	0.0	0.0	0.0	0.0	0.0	0.0	0.0	0.0	0.0	0.0	0.0	0.0	0.0	0.0	0.0	0.0	0.0	0.0	0.0	0.0	0.0	0.0	0.0	0.0	0.0	0.0	0.0	0.0	0.0	0.0	0.0	0.0	0.0	0.0	0.0	0.0	0.0	0.0	0.0	0.0	0.0	0.0	0.0	0.0	0.0	0.0	0.0	0.0	0.0	0.0	0.0	0.0	0.0	0.0	0.0	0.0	0.0	0.0	0.0	0.0	0.0	0.0	0.0	0.0	0.0	0.0	0.0	0.0	0.0	0.0	0.0	0.0	0.0	0.0	0.0	0.0	0.0	0.0	0.0	0.0	0.0	0.0	0.0	0.0	0.0	0.0	0.0	0.0	0.0	0.0	0.0	0.0	0.0	0.0	0.0	0.0	0.0	0.0	0.0	0.0	0.0	0.0	0.0	0.0	0.0	0.0	0.0	0.0	0.0	0.0	0.0	0.0	0.0	0.0	0.0	0.0	0.0	0.0	0.0	0.0	0.0	0.0	0.0	0.0	0.0	0.0	0.0	0.0	0.0	0.0	0.0	0.0	0.0	0.0	0.0	0.0	0.0	0.0	0.0	0.0	0.0	0.0	0.0	0.0	0.0	0.0	0.0	0.0	0.0	0.0	0.0	0.0	0.0	0.0	0.0	0.0	0.0	0.0	0.0	0.0	0.0	0.0	0.0	0.0	0.0	0.0	0.0	0.0	0.0	0.0	0.0	0.0	0.0	0.0	0.0	0.0	0.0	0.0	0.0	0.0	0.0	0.0	0.0	0.0	0.0	0.0	0.0	0.0	0.0	0.0	0.0	0.0	1.0	0.0	0.0	0.0	0.0	0.0
2027.6040725855828	-1.9926346369011296	4111178.275165641	3.9705927961780976	2325.9493136471265	33.53538429573746	1124.6219998627946	5410040.209655539	2151.1760645327363	11.95505258311414	142.92328226502403	4627558.460618551	2149.577965925795	1226.7458172862437	0.510934	43.777012	0.4386868084625766	0.2449371132186068	-0.0047689091	0.0336428967	0.0175778321	2.5261e-05	-0.0162165562	0.0065546534	0.0754303349	0.0320550688	-0.0038726944	0.0358589043	0.0470530254	0.0132378503	0.0097259361	-0.007609397	-0.0113886235	-0.0067048435	0.0103688124	0.0087213314	-0.0464059263	-0.0430326568	-0.0148137221	-0.0065755874	-0.029798756	-0.0046266843	0.0053098645	0.027482262	-0.0487574469	0.0089273177	-0.0240663788	-0.0178120191	0.0165087718	-0.0045108494	-0.0416896733	-0.0499207004	0.0255117452	0.0025542504	0.0391570466	-0.0170407235	0.0273019578	-0.0278691909	-0.0135496086	0.0497425061	-0.0130531757	-0.0812459471	0.0800388062	-0.0780401729	0.0752698111	-0.0717551168	0.0675308461	-0.0626387723	0.0571272725	-0.2897532690523405	-0.029943865924821	0.083956956926518	0.0008966351065236	-0.451006694960796	-0.003139074735074	0.2034070388994605	9.853790192380384e-06	4.2947063667680965	0.1373489810897865	18.444502776758423	0.0188647426064025	0.0315154270151466	0.0008248929394665	6.804483615818461e-07	0.000993222139947	0.0264577235548448	0.002352096337898	5.532357182753195e-06	0.0007000111357045	-0.011698445760308	0.0021881084568932	4.787818619127972e-06	0.0001368536332068	0.0	0.0	0.0	0.0	0.0	0.0	0.0	0.0	0.0	0.0	0.0	0.0	0.0	0.0	0.0	0.0	0.0	0.0	0.0	0.0	0.0	0.0	0.0	0.0	0.0	0.0	0.0	0.0	0.0	0.0	0.0	0.0	0.0	0.0	0.0	0.0	0.0	0.0	0.0	0.0	0.0	0.0	0.0	0.0	0.0	0.0	0.0	0.0	0.0	0.0	0.0	0.0	0.0	0.0	0.0	0.0	0.0	0.0	0.0	0.0	0.0	0.0	0.0	0.0	0.0	0.0	0.0	0.0	0.0	0.0	0.0	0.0	0.0	0.0	0.0	0.0	0.0	0.0	0.0	0.0	0.0	0.0	0.0	0.0	0.0	0.0	0.0	0.0	0.0	0.0	0.0	0.0	0.0	0.0	0.0	0.0	0.0	0.0	0.0	0.0	0.0	0.0	0.0	0.0	0.0	0.0	0.0	0.0	0.0	0.0	0.0	0.0	0.0	0.0	0.0	0.0	0.0	0.0	0.0	0.0	0.0	0.0	0.0	0.0	0.0	0.0	0.0	0.0	0.0	0.0	0.0	0.0	0.0	0.0	0.0	0.0	0.0	0.0	0.0	0.0	0.0	0.0	0.0	0.0	0.0	0.0	0.0	0.0	0.0	0.0	0.0	0.0	0.0	0.0	0.0	0.0	0.0	0.0	0.0	0.0	0.0	0.0	0.0	0.0	0.0	0.0	0.0	0.0	0.0	0.0	0.0	0.0	0.0	0.0	0.0	0.0	0.0	0.0	0.0	0.0	0.0	0.0	0.0	0.0	0.0	0.0	0.0	0.0	0.0	0.0	0.0	0.0	0.0	0.0	0.0	0.0	0.0	0.0	0.0	0.0	0.0	0.0	0.0	0.0	0.0	0.0	0.0	0.0	0.0	0.0	0.0	0.0	0.0	0.0	0.0	0.0	0.0	0.0	0.0	0.0	0.0	0.0	0.0	0.0	0.0	0.0	0.0	0.0	0.0	0.0	0.0	0.0	0.0	0.0	0.0	0.0	0.0	0.0	0.0	0.0	0.0
2017.2508611821536	-10.353211403429214	4069301.03694014	107.1889863640967	2326.6447636852527	0.6954500381261823	0.4836507555297085	5413275.856384005	2140.97954891039	-10.196515622346396	103.96893083675413	4583793.428852537	2142.932111042302	1281.2588969033552	0.617623	52.918167	0.4730328126361912	0.2148626670238747	-0.0195907973	0.0602916574	0.0185710718	-0.0110312228	-0.0089974488	-0.011979167	0.0343447445	0.0146591907	0.0194333	0.0141596537	0.1488082724	0.0039355766	0.017939906	0.0296379885	-0.0048369065	-0.021672789	0.0347743021	-0.0147041999	-0.0343282998	-0.0586758247	-0.0234296159	-0.0013528689	-0.0149359583	0.0246923263	-0.0082164288	0.0633211185	-0.0368250519	-0.0136842061	-0.0574572106	-0.0134556376	0.0175250155	0.0124212047	-0.0195115254	-0.0089379663	0.0199024765	0.0214131564	0.0229757907	-0.0025824236	0.0100132139	-0.003357276	0.001235403	0.0113794576	-0.0442387869	-0.0813264124	0.0803592349	-0.0787557834	0.076528754	-0.0736957799	0.0702792922	-0.0663063423	0.0618083875	-0.3596113941433856	-0.0698581250910451	0.1293203547977494	0.0048801576412361	-0.4479913232999593	0.0030153716608367	0.2006962257520486	9.092466252977123e-06	4.101718403616367	-0.1929879631517295	16.8240938625652	0.0372443539214533	0.0297325200025599	-0.0017829070125866	3.1787574155308285e-06	0.0008840227457026	0.0284538919598857	0.0019961684050408	3.984688301283529e-06	0.0008096239676648	-0.012062797397332	-0.000364351637024	1.3275211540206874e-07	0.000145511081049	0.0	0.0	0.0	0.0	0.0	0.0	0.0	0.0	0.0	0.0	0.0	0.0	0.0	0.0	0.0	0.0	0.0	0.0	0.0	0.0	0.0	0.0	0.0	0.0	0.0	0.0	0.0	0.0	0.0	0.0	0.0	0.0	0.0	0.0	0.0	0.0	0.0	0.0	0.0	0.0	0.0	0.0	0.0	0.0	0.0	0.0	0.0	0.0	0.0	0.0	0.0	0.0	0.0	0.0	0.0	0.0	0.0	0.0	0.0	0.0	0.0	0.0	0.0	0.0	0.0	0.0	0.0	0.0	0.0	0.0	0.0	0.0	0.0	0.0	0.0	0.0	0.0	0.0	0.0	0.0	0.0	0.0	0.0	0.0	0.0	0.0	0.0	0.0	0.0	0.0	0.0	0.0	0.0	0.0	0.0	0.0	0.0	0.0	0.0	0.0	0.0	0.0	0.0	0.0	0.0	0.0	0.0	0.0	0.0	0.0	0.0	0.0	0.0	0.0	0.0	0.0	0.0	0.0	0.0	0.0	0.0	0.0	0.0	0.0	0.0	0.0	0.0	0.0	0.0	0.0	0.0	0.0	0.0	0.0	0.0	0.0	0.0	0.0	0.0	0.0	0.0	0.0	0.0	0.0	0.0	0.0	0.0	0.0	0.0	0.0	0.0	0.0	0.0	0.0	0.0	0.0	0.0	0.0	0.0	0.0	0.0	0.0	0.0	0.0	0.0	0.0	0.0	0.0	0.0	0.0	0.0	0.0	0.0	0.0	0.0	0.0	0.0	0.0	0.0	0.0	0.0	0.0	0.0	0.0	0.0	0.0	0.0	0.0	0.0	0.0	0.0	0.0	0.0	0.0	0.0	0.0	0.0	0.0	0.0	0.0	0.0	0.0	0.0	0.0	0.0	0.0	0.0	0.0	0.0	0.0	0.0	0.0	0.0	0.0	0.0	0.0	0.0	0.0	0.0	0.0	0.0	0.0	0.0	0.0	0.0	0.0	0.0	0.0	0.0	0.0	0.0	0.0	0.0	0.0	0.0	0.0	0.0	0.0	0.0	0.0	0.0
2018.2999982622928	1.0491370801391895	4073534.882985571	1.100688612922984	2304.176453890866	-22.46830979438664	504.8249450165307	5309229.130665086	2142.2542419433594	1.2746930329694806	1.6248423283009332	4589253.237124317	2142.71487469291	1302.120965678114	0.677994	58.090771	0.3328621561930359	0.1764604508500427	-0.0202228372	0.0619632188	0.0265292638	-0.002924382	0.0104049571	-0.0213206831	0.0528744892	-0.0022954616	-0.0433404905	0.0230011123	0.0819181325	0.0043130339	0.0102192756	0.0234016618	-0.0023836558	-0.0179537576	0.0218567987	-0.0296424031	-0.0657072193	-0.0497566467	-0.0355242738	0.0068996671	-0.0111165926	0.0132636207	0.0012431094	0.0115383157	-0.0508046834	0.0067344788	-0.0334821726	-0.0184397241	0.0333396161	-0.0045081932	-0.0458664258	-0.0375874651	0.0257124907	0.034512975	0.0640121445	-0.0056454964	0.0351329009	0.0020363188	0.0049731348	0.052510011	-0.0513391135	-0.0813979594	0.0806444153	-0.0793936715	0.0776534394	-0.0754344479	0.0727503781	-0.0696177779	0.066055961	-0.3683371667309529	-0.0087257725875672	0.1356722683953858	7.613910724994082e-05	-0.5331693988132855	-0.0851780755133262	0.2842696078309203	0.0072553045481539	4.1805092773506445	0.0787908737342775	17.476657818014807	0.0062080017838108	0.0272744250820172	-0.0024580949205426	6.042230638397816e-06	0.0007438942635545	0.0285474667316436	9.357477175789967e-05	8.756237909543021e-09	0.0008149578567942	-0.0127144763921887	-0.0006516789948566	4.246855123374386e-07	0.0001616579099275	0.0	0.0	0.0	0.0	0.0	0.0	0.0	0.0	0.0	0.0	0.0	0.0	0.0	0.0	0.0	0.0	0.0	0.0	0.0	0.0	0.0	0.0	0.0	0.0	0.0	0.0	0.0	0.0	0.0	0.0	0.0	0.0	0.0	0.0	0.0	0.0	0.0	0.0	0.0	0.0	0.0	0.0	0.0	0.0	0.0	0.0	0.0	0.0	0.0	0.0	0.0	0.0	0.0	0.0	0.0	0.0	0.0	0.0	0.0	0.0	0.0	0.0	0.0	0.0	0.0	0.0	0.0	0.0	0.0	0.0	0.0	0.0	0.0	0.0	0.0	0.0	0.0	0.0	0.0	0.0	0.0	0.0	0.0	0.0	0.0	0.0	0.0	0.0	0.0	0.0	0.0	0.0	0.0	0.0	0.0	0.0	0.0	0.0	0.0	0.0	0.0	0.0	0.0	0.0	0.0	0.0	0.0	0.0	0.0	0.0	0.0	0.0	0.0	0.0	0.0	0.0	0.0	0.0	0.0	0.0	0.0	0.0	0.0	0.0	0.0	0.0	0.0	0.0	0.0	0.0	0.0	0.0	0.0	0.0	0.0	0.0	0.0	0.0	0.0	0.0	0.0	0.0	0.0	0.0	0.0	0.0	0.0	0.0	0.0	0.0	0.0	0.0	0.0	0.0	0.0	0.0	0.0	0.0	0.0	0.0	0.0	0.0	0.0	0.0	0.0	0.0	0.0	0.0	0.0	0.0	0.0	0.0	0.0	0.0	0.0	0.0	0.0	0.0	0.0	0.0	0.0	0.0	0.0	0.0	0.0	0.0	0.0	0.0	0.0	0.0	0.0	0.0	0.0	0.0	0.0	0.0	0.0	0.0	0.0	0.0	0.0	0.0	0.0	0.0	0.0	0.0	0.0	0.0	0.0	0.0	0.0	0.0	0.0	0.0	0.0	0.0	0.0	0.0	0.0	0.0	0.0	0.0	0.0	0.0	0.0	0.0	0.0	0.0	0.0	0.0	0.0	0.0	0.0	0.0	0.0	0.0	0.0	0.0	0.0	0.0	0.0
2014.303338428341	-3.996659833951753	4057417.93920356	15.973289828323257	2286.2482922697723	-17.92816162109375	321.4189791120589	5226931.25390645	2135.8218878041143	-6.432354139245035	41.37517977266274	4561735.1364231305	2130.672372532223	1223.7263995829874	0.815712	69.89048	0.4901833410689634	0.2752970965301494	-0.000411063	0.0288298238	0.0333485868	0.0186879594	0.0081414939	0.0250119881	0.0800654655	-0.0008301981	-0.0260341182	0.0256081448	0.0038494001	-0.0022318809	0.014341063	0.0223024802	0.0057514378	-0.0083759861	0.0266301088	0.000905605	-0.0542457471	-0.0465487039	-0.0328516768	-0.0214782335	-0.0228510936	0.0409827444	-0.0061709615	0.0781945372	-0.0374542316	-0.0132234238	-0.0725486338	-0.0106753502	0.0147888595	0.0486793852	-0.0307760085	-0.0011164931	0.0443303261	0.0389523394	-0.0533190246	0.0149010178	0.0013685129	-0.0056886765	-0.0027899097	0.0077043338	0.0045793231	-0.0814605803	0.0808942224	-0.0799532077	0.0786418943	-0.0769663555	0.0749343514	-0.0725552932	0.0698401994	-0.400014826703412	-0.031677659972459	0.1600118615825607	0.0010034741413307	-0.5021691990127124	0.0310001998005731	0.2521739044370691	0.0009610123876754	4.446308271870976	0.2657989945203312	19.769657248508263	0.070649105488019	0.028577093080774	0.0013026679987568	1.696943914985046e-06	0.0008166502489472	0.0287789147299171	0.0002314479982735	5.3568175904810646e-08	0.0008282259330318	-0.0144144901306704	-0.0017000137384816	2.8900467110265244e-06	0.0002077775257271	0.0	0.0	0.0	0.0	0.0	0.0	0.0	0.0	0.0	0.0	0.0	0.0	0.0	0.0	0.0	0.0	0.0	0.0	0.0	0.0	0.0	0.0	0.0	0.0	0.0	0.0	0.0	0.0	0.0	0.0	0.0	0.0	0.0	0.0	0.0	0.0	0.0	0.0	0.0	0.0	0.0	0.0	0.0	0.0	0.0	0.0	0.0	0.0	0.0	0.0	0.0	0.0	0.0	0.0	0.0	0.0	0.0	0.0	0.0	0.0	0.0	0.0	0.0	0.0	0.0	0.0	0.0	0.0	0.0	0.0	0.0	0.0	0.0	0.0	0.0	0.0	0.0	0.0	0.0	0.0	0.0	0.0	0.0	0.0	0.0	0.0	0.0	0.0	0.0	0.0	0.0	0.0	0.0	0.0	0.0	0.0	0.0	0.0	0.0	0.0	0.0	0.0	0.0	0.0	0.0	0.0	0.0	0.0	0.0	0.0	0.0	0.0	0.0	0.0	0.0	0.0	0.0	0.0	0.0	0.0	0.0	0.0	0.0	0.0	0.0	0.0	0.0	0.0	0.0	0.0	0.0	0.0	0.0	0.0	0.0	0.0	0.0	0.0	0.0	0.0	0.0	0.0	0.0	0.0	0.0	0.0	0.0	0.0	0.0	0.0	0.0	0.0	0.0	0.0	0.0	0.0	0.0	0.0	0.0	0.0	0.0	0.0	0.0	0.0	0.0	0.0	0.0	0.0	0.0	0.0	0.0	0.0	0.0	0.0	0.0	0.0	0.0	0.0	0.0	0.0	0.0	0.0	0.0	0.0	0.0	0.0	0.0	0.0	0.0	0.0	0.0	0.0	0.0	0.0	0.0	0.0	0.0	0.0	0.0	0.0	0.0	0.0	0.0	0.0	0.0	0.0	0.0	0.0	0.0	0.0	0.0	0.0	0.0	0.0	0.0	0.0	0.0	0.0	0.0	0.0	0.0	0.0	0.0	0.0	0.0	0.0	0.0	0.0	0.0	0.0	0.0	0.0	0.0	0.0	0.0	0.0	0.0	0.0	0.0	0.0	0.0
2021.450505873348	7.147167445006971	4086262.1476956154	51.08200248696748	2310.1079097382008	23.859617468428496	569.2813457397382	5336598.554635	2146.170493084451	10.34860528033687	107.09363124821613	4606047.7853863565	2142.5799260687745	1213.3045597341636	0.786435	67.382011	0.6073986376763396	0.2719995937995254	-0.0022813136	0.026677134	0.0554247784	0.0318736738	-0.0097664377	0.0020060861	0.0498904899	-0.0262599009	-0.0302159435	0.0035856036	-0.0966579645	0.0055700384	0.0031018841	0.0241773858	-0.0010200584	0.002042236	0.0310113296	0.0179455448	-0.0476661438	-0.0368484856	-0.0370672201	-0.0154776202	0.0009546088	0.0270470719	0.0065370555	0.0257847671	-0.0523702134	0.0427354083	-0.0636508008	-0.0278206435	0.0308782419	0.0298960657	-0.0195018337	-0.0042164898	0.0023852269	0.082542688	-0.0368963288	0.0242780294	0.0033939858	0.0003745322	0.0052863194	-0.0055271786	0.0209921284	-0.081514268	0.0811085467	-0.0804338397	0.0794923845	-0.0782873035	0.0768225931	-0.0751031108	0.073134559	-0.4416256550622677	-0.0416108283588557	0.195033219209177	0.0017314610367101	-0.5860283804939854	-0.083859181481273	0.3434292627444033	0.007032362318709	4.564197986696136	0.1178897148251607	20.831903261761067	0.0138979848615577	0.0276430343431715	-0.0009340587376025	8.724657252915786e-07	0.0007641373476977	0.0264590465024232	-0.0023198682274939	5.381788592935696e-06	0.0007000811418173	-0.018441341425795	-0.0040268512951246	1.6215531353046665e-05	0.0003400830735827	0.0	0.0	0.0	0.0	0.0	0.0	0.0	0.0	0.0	0.0	0.0	0.0	0.0	0.0	0.0	0.0	0.0	0.0	0.0	0.0	0.0	0.0	0.0	0.0	0.0	0.0	0.0	0.0	0.0	0.0	0.0	0.0	0.0	0.0	0.0	0.0	0.0	0.0	0.0	0.0	0.0	0.0	0.0	0.0	0.0	0.0	0.0	0.0	0.0	0.0	0.0	0.0	0.0	0.0	0.0	0.0	0.0	0.0	0.0	0.0	0.0	0.0	0.0	0.0	0.0	0.0	0.0	0.0	0.0	0.0	0.0	0.0	0.0	0.0	0.0	0.0	0.0	0.0	0.0	0.0	0.0	0.0	0.0	0.0	0.0	0.0	0.0	0.0	0.0	0.0	0.0	0.0	0.0	0.0	0.0	0.0	0.0	0.0	0.0	0.0	0.0	0.0	0.0	0.0	0.0	0.0	0.0	0.0	0.0	0.0	0.0	0.0	0.0	0.0	0.0	0.0	0.0	0.0	0.0	0.0	0.0	0.0	0.0	0.0	0.0	0.0	0.0	0.0	0.0	0.0	0.0	0.0	0.0	0.0	0.0	0.0	0.0	0.0	0.0	0.0	0.0	0.0	0.0	0.0	0.0	0.0	0.0	0.0	0.0	0.0	0.0	0.0	0.0	0.0	0.0	0.0	0.0	0.0	0.0	0.0	0.0	0.0	0.0	0.0	0.0	0.0	0.0	0.0	0.0	0.0	0.0	0.0	0.0	0.0	0.0	0.0	0.0	0.0	0.0	0.0	0.0	0.0	0.0	0.0	0.0	0.0	0.0	0.0	0.0	0.0	0.0	0.0	0.0	0.0	0.0	0.0	0.0	0.0	0.0	0.0	0.0	0.0	0.0	0.0	0.0	0.0	0.0	0.0	0.0	0.0	0.0	0.0	0.0	0.0	0.0	0.0	0.0	0.0	0.0	0.0	0.0	0.0	0.0	0.0	0.0	0.0	0.0	0.0	0.0	0.0	0.0	0.0	0.0	0.0	0.0	0.0	1.0	0.0	0.0	0.0	0.0
2042.116252703687	20.665746830339003	4170238.789556549	427.07309205566656	2314.38414147782	4.2762317396191065	18.28615789092585	5356373.954324026	2153.336074497389	7.165581412937627	51.3455569854372	4636856.249731824	2155.106735176326	1242.3282730526332	0.923434	79.120102	0.4515429070326158	0.2322831162880804	-0.001851458	0.0365826553	0.0370528088	-0.0013946726	-0.0109526247	0.0083430696	0.0872755582	0.0199209737	-0.0079798472	-0.0263233533	-0.0007703011	0.0100525826	0.0055621569	0.0346081704	-0.0123541676	-0.0030821545	0.0366436903	0.0029596825	-0.0087505277	-0.0301594834	-0.0376302415	-0.0266728153	-0.0283998913	0.0317803917	0.0056529476	0.0308315668	-0.0485831013	-0.0159746822	-0.041359112	0.0037857252	-0.0082881093	0.0205876291	-0.0296327224	-0.0071996502	0.0204709177	-0.0092323154	0.0014994985	0.0157876471	0.0199778636	0.0027127809	-0.0056213777	0.0536126739	0.0069101027	-0.0815590168	0.081287294	-0.0808350932	0.0802034182	-0.0793936715	0.0784076511	-0.0772475461	0.0759159322	-0.4169116853395422	0.0247139697227254	0.1738153533726574	0.0006107802994557	-0.4516490086817271	0.1343793718122583	0.2039868270431868	0.0180578155686571	4.3696892671094645	-0.1945087195866719	19.094184291091647	0.0378336419952465	0.0280515932518183	0.0004085589086468	1.669203818346643e-07	0.0007868918839654	0.0274547183388664	0.0009956718364431	9.913624058861731e-07	0.0007537615590664	-0.0178867552526658	0.0005545861731292	3.075658234260924e-07	0.0003199360134687	0.0	0.0	0.0	0.0	0.0	0.0	0.0	0.0	0.0	0.0	0.0	0.0	0.0	0.0	0.0	0.0	0.0	0.0	0.0	0.0	0.0	0.0	0.0	0.0	0.0	0.0	0.0	0.0	0.0	0.0	0.0	0.0	0.0	0.0	0.0	0.0	0.0	0.0	0.0	0.0	0.0	0.0	0.0	0.0	0.0	0.0	0.0	0.0	0.0	0.0	0.0	0.0	0.0	0.0	0.0	0.0	0.0	0.0	0.0	0.0	0.0	0.0	0.0	0.0	0.0	0.0	0.0	0.0	0.0	0.0	0.0	0.0	0.0	0.0	0.0	0.0	0.0	0.0	0.0	0.0	0.0	0.0	0.0	0.0	0.0	0.0	0.0	0.0	0.0	0.0	0.0	0.0	0.0	0.0	0.0	0.0	0.0	0.0	0.0	0.0	0.0	0.0	0.0	0.0	0.0	0.0	0.0	0.0	0.0	0.0	0.0	0.0	0.0	0.0	0.0	0.0	0.0	0.0	0.0	0.0	0.0	0.0	0.0	0.0	0.0	0.0	0.0	0.0	0.0	0.0	0.0	0.0	0.0	0.0	0.0	0.0	0.0	0.0	0.0	0.0	0.0	0.0	0.0	0.0	0.0	0.0	0.0	0.0	0.0	0.0	0.0	0.0	0.0	0.0	0.0	0.0	0.0	0.0	0.0	0.0	0.0	0.0	0.0	0.0	0.0	0.0	0.0	0.0	0.0	0.0	0.0	0.0	0.0	0.0	0.0	0.0	0.0	0.0	0.0	0.0	0.0	0.0	0.0	0.0	0.0	0.0	0.0	0.0	0.0	0.0	0.0	0.0	0.0	0.0	0.0	0.0	0.0	0.0	0.0	0.0	0.0	0.0	0.0	0.0	0.0	0.0	0.0	0.0	0.0	0.0	0.0	0.0	0.0	0.0	0.0	0.0	0.0	0.0	0.0	0.0	0.0	0.0	0.0	0.0	0.0	0.0	0.0	0.0	0.0	0.0	0.0	0.0	0.0	0.0	0.0	0.0	0.0	0.0	0.0	0.0	0.0
2025.5085293081936	-16.607723395493394	4102684.802300241	275.81647638121865	2295.345703961098	-19.03843751672184	362.46210307812174	5268611.900692669	2141.53206103781	-11.804013459578982	139.33473375392177	4586159.56845285	2145.069421429252	1143.8261196356991	1.463898	125.427216	3.237328529359812	1.9783746159610407	0.0420807279	-0.0591730443	0.0243126553	0.1008867506	0.0056532347	0.1327976444	-0.0628898557	-0.11506107	0.0368033874	-0.0580580465	-0.0129440323	-0.0018494439	-0.0565224229	-0.0897483668	0.0056941407	0.050548544	-0.0958969148	0.0284907478	0.0482360678	0.0272564628	0.0460888816	-0.0745096055	-0.0319559003	-0.0017730048	0.0277162417	-0.0513099791	0.0242801531	0.0602075239	0.116212565	0.1061463746	0.0049792722	-0.1012442817	-0.0184166422	0.0717895867	0.0076366235	-0.0115627564	-0.0948421186	0.1338058898	-0.0732965701	0.0458418643	0.0284765466	0.0519287521	0.0466628484	-0.0815948217	0.0814303861	-0.0811565722	0.0807737477	-0.080282427	0.0796832699	-0.0789770813	0.0781648097	-0.4806882599052784	-0.0637765745657362	0.2310612032107644	0.0040674514633389	-0.2908965802885461	0.160752428393181	0.0846208204235705	0.0258413432343047	5.245082277451779	0.8753930103423144	27.51088809723874	0.7663129225561794	0.0661809162842357	0.0381293230324173	0.0014538452749104	0.004379913680221	0.0268099441151914	-0.0006447742236749	4.157337995156982e-07	0.0007187731034596	-0.021860788317745	-0.0039740330650792	1.5792938802342787e-05	0.0004778940658732	0.0	0.0	0.0	0.0	0.0	0.0	0.0	0.0	0.0	0.0	0.0	0.0	0.0	0.0	0.0	0.0	0.0	0.0	0.0	0.0	0.0	0.0	0.0	0.0	0.0	0.0	0.0	0.0	0.0	0.0	0.0	0.0	0.0	0.0	0.0	0.0	0.0	0.0	0.0	0.0	0.0	0.0	0.0	0.0	0.0	0.0	0.0	0.0	0.0	0.0	0.0	0.0	0.0	0.0	0.0	0.0	0.0	0.0	0.0	0.0	0.0	0.0	0.0	0.0	0.0	0.0	0.0	0.0	0.0	0.0	0.0	0.0	0.0	0.0	0.0	0.0	0.0	0.0	0.0	0.0	0.0	0.0	0.0	0.0	0.0	0.0	0.0	0.0	0.0	0.0	0.0	0.0	0.0	0.0	0.0	0.0	0.0	0.0	0.0	0.0	0.0	0.0	0.0	0.0	0.0	0.0	0.0	0.0	0.0	0.0	0.0	0.0	0.0	0.0	0.0	0.0	0.0	0.0	0.0	0.0	0.0	0.0	0.0	0.0	0.0	0.0	0.0	0.0	0.0	0.0	0.0	0.0	0.0	0.0	0.0	0.0	0.0	0.0	0.0	0.0	0.0	0.0	0.0	0.0	0.0	0.0	0.0	0.0	0.0	0.0	0.0	0.0	0.0	0.0	0.0	0.0	0.0	0.0	0.0	0.0	0.0	0.0	0.0	0.0	0.0	0.0	0.0	0.0	0.0	0.0	0.0	0.0	0.0	0.0	0.0	0.0	0.0	0.0	0.0	0.0	0.0	0.0	0.0	0.0	0.0	0.0	0.0	0.0	0.0	0.0	0.0	0.0	0.0	0.0	0.0	0.0	0.0	0.0	0.0	0.0	0.0	0.0	0.0	0.0	0.0	0.0	0.0	0.0	0.0	0.0	0.0	0.0	0.0	0.0	0.0	0.0	0.0	0.0	0.0	0.0	0.0	0.0	0.0	0.0	0.0	0.0	0.0	0.0	0.0	0.0	0.0	0.0	0.0	0.0	0.0	0.0	0.0	1.0	0.0	0.0	0.0
2012.6289555357323	-12.8795737724613	4050675.312660853	165.88342056027298	2329.600724311724	34.25502035062618	1173.4064192218138	5427039.53471371	2149.651925791865	8.119864754055016	65.93220362414492	4621003.402060674	2149.459090495359	1132.2036731646372	1.354491	116.053253	2.4106497686032022	1.1503276138236067	0.0311348035	-0.0277231593	0.0274706114	0.0410282287	0.0167048284	-0.0184258814	-0.0727622713	0.0019345913	-0.0521078378	0.011924464	-0.0480076405	0.0090410295	0.0040403046	0.0094037427	-0.0048427703	0.002323964	0.0055948222	-0.0276028751	-0.0366036684	-0.0028532789	0.0043832649	-0.0427839884	0.0163232965	-0.0218119808	0.0471960548	-0.0511031656	-0.0223817896	0.0203825376	0.0871879683	0.0417226413	-0.0168981601	-0.0605119409	-0.0845688157	-0.024664612	-0.0042851615	-0.0252658255	0.0029701486	0.0948848387	-0.0092763882	0.0548727567	0.0636273237	0.0945514584	-0.0994301735	-0.0816216788	0.0815377601	-0.0813979594	0.0812023727	-0.0809511339	0.0806444153	-0.080282427	0.0798654172	-0.7040289772923103	-0.2233407173870318	0.4956568008672563	0.049881076042954	-0.3809474435986999	-0.0900508633101538	0.1451209547843846	0.008109157982904	4.983011403311672	-0.2620708741401065	24.83040264553416	0.0686811430725595	0.0503252013962036	-0.0158557148880321	0.0002514036946105	0.0025326258955684	0.0408562960674907	0.0140463519522993	0.0001973000031678	0.0016692369283544	-0.0150591088827582	0.0068016794349868	4.626284313632236e-05	0.0002267767603427	0.0	0.0	0.0	0.0	0.0	0.0	0.0	0.0	0.0	0.0	0.0	0.0	0.0	0.0	0.0	0.0	0.0	0.0	0.0	0.0	0.0	0.0	0.0	0.0	0.0	0.0	0.0	0.0	0.0	0.0	0.0	0.0	0.0	0.0	0.0	0.0	0.0	0.0	0.0	0.0	0.0	0.0	0.0	0.0	0.0	0.0	0.0	0.0	0.0	0.0	0.0	0.0	0.0	0.0	0.0	0.0	0.0	0.0	0.0	0.0	0.0	0.0	0.0	0.0	0.0	0.0	0.0	0.0	0.0	0.0	0.0	0.0	0.0	0.0	0.0	0.0	0.0	0.0	0.0	0.0	0.0	0.0	0.0	0.0	0.0	0.0	0.0	0.0	0.0	0.0	0.0	0.0	0.0	0.0	0.0	0.0	0.0	0.0	0.0	0.0	0.0	0.0	0.0	0.0	0.0	0.0	0.0	0.0	0.0	0.0	0.0	0.0	0.0	0.0	0.0	0.0	0.0	0.0	0.0	0.0	0.0	0.0	0.0	0.0	0.0	0.0	0.0	0.0	0.0	0.0	0.0	0.0	0.0	0.0	0.0	0.0	0.0	0.0	0.0	0.0	0.0	0.0	0.0	0.0	0.0	0.0	0.0	0.0	0.0	0.0	0.0	0.0	0.0	0.0	0.0	0.0	0.0	0.0	0.0	0.0	0.0	0.0	0.0	0.0	0.0	0.0	0.0	0.0	0.0	0.0	0.0	0.0	0.0	0.0	0.0	0.0	0.0	0.0	0.0	0.0	0.0	0.0	0.0	0.0	0.0	0.0	0.0	0.0	0.0	0.0	0.0	0.0	0.0	0.0	0.0	0.0	0.0	0.0	0.0	0.0	0.0	0.0	0.0	0.0	0.0	0.0	0.0	0.0	0.0	0.0	0.0	0.0	0.0	0.0	0.0	0.0	0.0	0.0	0.0	0.0	0.0	0.0	0.0	0.0	0.0	0.0	0.0	0.0	0.0	0.0	0.0	0.0	0.0	0.0	0.0	0.0	0.0	0.0	1.0	0.0	0.0
2060.9408824040165	48.31192686828422	4247477.320764246	2334.0422777264425	2357.876470696436	28.275746384711965	799.5178336125517	5559581.451063882	2164.766171330991	15.114245539125932	228.4404182169881	4686212.576539037	2167.4547238233613	1247.2873651817335	1.301314	111.496979	1.651687222821572	1.0746562516385982	0.0045895679	0.029657682	0.0055533429	0.0308660578	-0.0322687231	0.027340749	0.0055022035	0.0261096099	0.0238200429	-0.0648707779	-0.002865737	0.0225044909	-0.0071370829	0.0094585306	-0.020637734	0.0068638351	0.0112447182	-0.0001640187	-0.0097975058	-0.0313484248	0.0080221377	-0.0184475717	-0.0329781314	0.0299933153	0.006932805	0.0212642957	0.0208790578	0.0386187548	0.061101126	0.0254834437	-0.0335836987	-0.0043127619	-0.0328413846	-0.0032253521	0.0503521102	-0.0099607598	0.0137448297	0.0287813387	0.0377319911	0.0124266034	-0.0149715968	0.0398770756	-0.011326006	-0.0816395852	0.0816093689	-0.0815590168	0.0814885411	-0.0813979594	0.081287294	-0.0811565722	0.0810058262	-0.6079256671179678	0.0961033101743424	0.3695736167408262	0.0092358462264658	-0.2879707273327483	0.0929767162659516	0.082927139800552	0.0086446697675992	4.04328727432457	-0.9397241289871028	16.34817198271501	0.883081438600569	0.0518578687444348	0.0015326673482312	2.3490692003340653e-06	0.002689238550715	0.0351024786828442	-0.0057538173846465	3.310641449586033e-05	0.0012321840096795	-0.0118879322677524	0.0031711766150057	1.005636112355964e-05	0.0001413229336026	0.0	0.0	0.0	0.0	0.0	0.0	0.0	0.0	0.0	0.0	0.0	0.0	0.0	0.0	0.0	0.0	0.0	0.0	0.0	0.0	0.0	0.0	0.0	0.0	0.0	0.0	0.0	0.0	0.0	0.0	0.0	0.0	0.0	0.0	0.0	0.0	0.0	0.0	0.0	0.0	0.0	0.0	0.0	0.0	0.0	0.0	0.0	0.0	0.0	0.0	0.0	0.0	0.0	0.0	0.0	0.0	0.0	0.0	0.0	0.0	0.0	0.0	0.0	0.0	0.0	0.0	0.0	0.0	0.0	0.0	0.0	0.0	0.0	0.0	0.0	0.0	0.0	0.0	0.0	0.0	0.0	0.0	0.0	0.0	0.0	0.0	0.0	0.0	0.0	0.0	0.0	0.0	0.0	0.0	0.0	0.0	0.0	0.0	0.0	0.0	0.0	0.0	0.0	0.0	0.0	0.0	0.0	0.0	0.0	0.0	0.0	0.0	0.0	0.0	0.0	0.0	0.0	0.0	0.0	0.0	0.0	0.0	0.0	0.0	0.0	0.0	0.0	0.0	0.0	0.0	0.0	0.0	0.0	0.0	0.0	0.0	0.0	0.0	0.0	0.0	0.0	0.0	0.0	0.0	0.0	0.0	0.0	0.0	0.0	0.0	0.0	0.0	0.0	0.0	0.0	0.0	0.0	0.0	0.0	0.0	0.0	0.0	0.0	0.0	0.0	0.0	0.0	0.0	0.0	0.0	0.0	0.0	0.0	0.0	0.0	0.0	0.0	0.0	0.0	0.0	0.0	0.0	0.0	0.0	0.0	0.0	0.0	0.0	0.0	0.0	0.0	0.0	0.0	0.0	0.0	0.0	0.0	0.0	0.0	0.0	0.0	0.0	0.0	0.0	0.0	0.0	0.0	0.0	0.0	0.0	0.0	0.0	0.0	0.0	0.0	0.0	0.0	0.0	0.0	0.0	0.0	0.0	0.0	0.0	0.0	0.0	0.0	0.0	0.0	0.0	0.0	0.0	0.0	0.0	0.0	0.0	0.0	0.0	0.0	1.0	0.0
1946.4568784323576	-114.48400397165892	3788694.3795966376	13106.587165382816	2359.7285841850385	1.8521134886022992	3.430324374662579	5568318.991019926	2105.20794511878	-59.55822621221069	3547.18230954486	4431900.4921912365	2145.560328892299	1464.4377117832594	2.601403	222.889008	5.298312232580196	3.761185850669172	-0.0924764608	0.0752843208	0.0688934651	-0.1973552439	0.063365605	-0.1806522858	-0.2966801462	0.0963493123	0.0943607106	0.1226460919	0.0132862739	-0.0313960086	0.0878145126	0.1632743602	0.0069457525	-0.0803858986	0.2088570293	0.0734464144	0.0021314795	0.0981627181	-0.1634403687	0.1181102671	-0.0054077977	-0.1160619344	-0.1237486994	-0.0265662226	-0.1310191197	-0.1879378929	-0.0224850251	-0.0790634255	-0.04586023	0.1130712633	0.0672376381	-0.07482421	-0.1289337265	-0.1536397948	-0.1314102642	-0.0199298874	-0.0590537297	-0.0010495086	-0.0523033134	-0.1042517947	-0.0508236627	-0.0816485389	0.0816451812	-0.0816395852	0.081631751	-0.0816216788	0.0816093689	-0.0815948217	0.0815780375	-1.174061449271349	-0.5661357821533812	1.3784202866651405	0.3205097238344207	-0.5035389010041911	-0.2155681736714427	0.2535514248245085	0.0464696375000413	4.234674726378692	0.1913874520541227	17.932470038230452	0.0366291568037691	-0.0152645399928413	-0.0671224087372761	0.0045054177546939	0.000233006181193	0.039685393491202	0.0045829148083578	2.100310814066525e-05	0.0015749304565515	-0.0266870252161435	-0.014799092948391	0.0002190131520951	0.000712197314887	0.0	0.0	0.0	0.0	0.0	0.0	0.0	0.0	0.0	0.0	0.0	0.0	0.0	0.0	0.0	0.0	0.0	0.0	0.0	0.0	0.0	0.0	0.0	0.0	0.0	0.0	0.0	0.0	0.0	0.0	0.0	0.0	0.0	0.0	0.0	0.0	0.0	0.0	0.0	0.0	0.0	0.0	0.0	0.0	0.0	0.0	0.0	0.0	0.0	0.0	0.0	0.0	0.0	0.0	0.0	0.0	0.0	0.0	0.0	0.0	0.0	0.0	0.0	0.0	0.0	0.0	0.0	0.0	0.0	0.0	0.0	0.0	0.0	0.0	0.0	0.0	0.0	0.0	0.0	0.0	0.0	0.0	0.0	0.0	0.0	0.0	0.0	0.0	0.0	0.0	0.0	0.0	0.0	0.0	0.0	0.0	0.0	0.0	0.0	0.0	0.0	0.0	0.0	0.0	0.0	0.0	0.0	0.0	0.0	0.0	0.0	0.0	0.0	0.0	0.0	0.0	0.0	0.0	0.0	0.0	0.0	0.0	0.0	0.0	0.0	0.0	0.0	0.0	0.0	0.0	0.0	0.0	0.0	0.0	0.0	0.0	0.0	0.0	0.0	0.0	0.0	0.0	0.0	0.0	0.0	0.0	0.0	0.0	0.0	0.0	0.0	0.0	0.0	0.0	0.0	0.0	0.0	0.0	0.0	0.0	0.0	0.0	0.0	0.0	0.0	0.0	0.0	0.0	0.0	0.0	0.0	0.0	0.0	0.0	0.0	0.0	0.0	0.0	0.0	0.0	0.0	0.0	0.0	0.0	0.0	0.0	0.0	0.0	0.0	0.0	0.0	0.0	0.0	0.0	0.0	0.0	0.0	0.0	0.0	0.0	0.0	0.0	0.0	0.0	0.0	0.0	0.0	0.0	0.0	0.0	0.0	0.0	0.0	0.0	0.0	0.0	0.0	0.0	0.0	0.0	0.0	0.0	0.0	0.0	0.0	0.0	0.0	0.0	0.0	0.0	0.0	0.0	0.0	0.0	0.0	0.0	0.0	0.0	0.0	0.0	1.0
