global_signal	global_signal_derivative1	global_signal_derivative1_power2	global_signal_power2	csf	csf_derivative1	csf_power2	csf_derivative1_power2	white_matter	white_matter_derivative1	white_matter_derivative1_power2	white_matter_power2	csf_wm	tcompcor	std_dvars	dvars	framewise_displacement	rmsd	t_comp_cor_00	t_comp_cor_01	c_comp_cor_00	c_comp_cor_01	w_comp_cor_00	a_comp_cor_00	a_comp_cor_01	edge_comp_00	edge_comp_01	edge_comp_02	edge_comp_03	edge_comp_04	edge_comp_05	edge_comp_06	edge_comp_07	edge_comp_08	edge_comp_09	edge_comp_10	edge_comp_11	edge_comp_12	edge_comp_13	edge_comp_14	edge_comp_15	edge_comp_16	edge_comp_17	edge_comp_18	edge_comp_19	edge_comp_20	edge_comp_21	edge_comp_22	edge_comp_23	cosine00	cosine01	cosine02	cosine03	cosine04	cosine05	cosine06	cosine07	trans_x	trans_x_derivative1	trans_x_derivative1_power2	trans_x_power2	trans_y	trans_y_derivative1	trans_y_power2	trans_y_derivative1_power2	trans_z	trans_z_derivative1	trans_z_derivative1_power2	trans_z_power2	rot_x	rot_x_derivative1	rot_x_derivative1_power2	rot_x_power2	rot_y	rot_y_derivative1	rot_y_derivative1_power2	rot_y_power2	rot_z	rot_z_derivative1	rot_z_power2	rot_z_derivative1_power2	motion_outlier00	motion_outlier01	motion_outlier02	motion_outlier03	motion_outlier04	motion_outlier05	motion_outlier06	motion_outlier07	motion_outlier08	motion_outlier09	motion_outlier10	motion_outlier11	motion_outlier12	motion_outlier13	motion_outlier14	motion_outlier15	motion_outlier16	motion_outlier17	motion_outlier18	motion_outlier19	motion_outlier20	motion_outlier21	motion_outlier22	motion_outlier23	motion_outlier24	motion_outlier25	motion_outlier26	motion_outlier27	motion_outlier28	motion_outlier29	motion_outlier30	motion_outlier31	motion_outlier32	motion_outlier33	motion_outlier34	motion_outlier35	motion_outlier36	motion_outlier37	motion_outlier38	motion_outlier39	motion_outlier40	motion_outlier41	motion_outlier42	motion_outlier43	motion_outlier44	motion_outlier45	motion_outlier46	motion_outlier47	motion_outlier48	motion_outlier49	motion_outlier50	motion_outlier51	motion_outlier52	motion_outlier53	motion_outlier54	motion_outlier55	motion_outlier56	motion_outlier57	motion_outlier58	motion_outlier59	motion_outlier60	motion_outlier61	motion_outlier62	motion_outlier63	motion_outlier64	motion_outlier65	motion_outlier66	motion_outlier67	motion_outlier68	motion_outlier69	motion_outlier70	motion_outlier71	motion_outlier72	motion_outlier73	motion_outlier74	motion_outlier75	motion_outlier76	motion_outlier77	motion_outlier78	motion_outlier79	motion_outlier80	motion_outlier81	motion_outlier82	motion_outlier83	motion_outlier84	motion_outlier85	motion_outlier86	motion_outlier87	motion_outlier88	motion_outlier89	motion_outlier90	motion_outlier91	motion_outlier92	motion_outlier93	motion_outlier94	motion_outlier95	motion_outlier96	motion_outlier97	motion_outlier98	motion_outlier99
1497.8740355072246	n/a	n/a	2243626.626246698	2064.978922397276	n/a	4264137.949945016	n/a	1795.8472014598358	n/a	n/a	3225067.170991124	1869.5686544807493	2188.3077543887225	n/a	n/a	n/a	n/a	-0.0037096601	0.0847447373	-0.0026106907	0.0305479289	-0.0086784796	-0.0051621906	-0.0124876554	-0.0098706209	-0.0061395322	0.0417598064	-0.0009325373	0.0625690806	-0.032134104	0.0091423317	-0.0426366419	0.0285802742	-0.106008873	0.0530801465	-0.0034479519	0.0487460508	-0.0201905501	0.0828923083	-0.0151026549	0.0259177298	-0.0343715792	0.0842818341	-0.1122507844	0.0679209801	0.1189790886	-0.0872361279	0.0743813332	0.0816485389	0.0816451812	0.0816395852	0.081631751	0.0816216788	0.0816093689	0.0815948217	0.0815780375	0.0444402500757092	n/a	n/a	0.0019749358267915	-0.3688380525846213	n/a	0.1360415090344159	n/a	0.3262969086526013	n/a	n/a	0.106469672596244	-0.0018990034394553	n/a	n/a	3.60621406306306e-06	0.0009969987383371	n/a	n/a	9.940064842457693e-07	1.946651133671461e-06	n/a	3.789450636224384e-12	n/a	0.0	0.0	0.0	0.0	0.0	0.0	0.0	0.0	0.0	0.0	0.0	0.0	0.0	0.0	0.0	0.0	0.0	0.0	0.0	0.0	0.0	0.0	0.0	0.0	0.0	0.0	0.0	0.0	0.0	0.0	0.0	0.0	0.0	0.0	0.0	0.0	0.0	0.0	0.0	0.0	0.0	0.0	0.0	0.0	0.0	0.0	0.0	0.0	0.0	0.0	0.0	0.0	0.0	0.0	0.0	0.0	0.0	0.0	0.0	0.0	0.0	0.0	0.0	0.0	0.0	0.0	0.0	0.0	0.0	0.0	0.0	0.0	0.0	0.0	0.0	0.0	0.0	0.0	0.0	0.0	0.0	0.0	0.0	0.0	0.0	0.0	0.0	0.0	0.0	0.0	0.0	0.0	0.0	0.0	0.0	0.0	0.0	0.0	0.0	0.0
1487.570415156303	-10.30362035092162	106.16459233592616	2212865.740048296	2074.822292665892	9.843370268615672	4304887.546143347	96.89193824506695	1794.0469852284489	-1.800216231386912	3.2407784797488963	3218604.5852072863	1866.3919594329911	2202.1521804939616	2.408806	126.396385	0.7082525828513815	0.4332951069321157	0.0107605401	0.0171465692	-0.004180614	0.0402681995	-0.0065805594	-0.0037661779	-0.009351399	0.0023137289	0.0093913244	-0.0128115386	0.0483630064	0.0394824478	-0.0038463954	0.0251236429	-0.0100877647	-0.0496797154	-0.0356502296	-0.0412729198	0.0358012914	-0.0121743836	0.0069189134	-0.0116467299	0.0153630758	-0.0318392136	0.0038642493	-0.0039403402	0.0203234705	-0.0267733752	0.0089428256	0.0251755266	0.0059574552	0.0816395852	0.0816093689	0.0815590168	0.0814885411	0.0813979594	0.081287294	0.0811565722	0.0810058262	0.0673910640622921	0.0229508139865829	0.0005267398626467	0.0045415555154479	-0.013705362973468	0.3551326896111533	0.0001878369742345	0.1261192272304517	0.0819166712255423	-0.244380237427059	0.0597217004449057	0.0067103410246735	-0.0027215902769275	-0.0008225868374721	6.766491051825153e-07	7.4070536354663054e-06	0.0004690009155348	-0.0005279978228023	2.78781700883969e-07	2.199618587724806e-07	0.0003671388273909	0.0003651921762572	1.347909185779651e-07	1.3336532559949068e-07	1.0	0.0	0.0	0.0	0.0	0.0	0.0	0.0	0.0	0.0	0.0	0.0	0.0	0.0	0.0	0.0	0.0	0.0	0.0	0.0	0.0	0.0	0.0	0.0	0.0	0.0	0.0	0.0	0.0	0.0	0.0	0.0	0.0	0.0	0.0	0.0	0.0	0.0	0.0	0.0	0.0	0.0	0.0	0.0	0.0	0.0	0.0	0.0	0.0	0.0	0.0	0.0	0.0	0.0	0.0	0.0	0.0	0.0	0.0	0.0	0.0	0.0	0.0	0.0	0.0	0.0	0.0	0.0	0.0	0.0	0.0	0.0	0.0	0.0	0.0	0.0	0.0	0.0	0.0	0.0	0.0	0.0	0.0	0.0	0.0	0.0	0.0	0.0	0.0	0.0	0.0	0.0	0.0	0.0	0.0	0.0	0.0	0.0	0.0	0.0
1492.8173001697703	5.246885013467363	27.52980234454841	2228503.491686162	2066.4707400165025	-8.351552649389305	4270301.319344352	69.74843165552151	1799.1546448275574	5.107659599108501	26.088186580365218	3236957.436004574	1866.121130647828	2132.711967485601	1.279127	67.119194	0.1929443436771434	0.0983084631690724	-0.003439747	0.0113269494	-0.0063789456	0.0141709855	-0.0024369007	-0.0016866725	-0.0073668426	-0.0018192147	-0.0019029162	-0.0011979804	0.0117526433	0.0176741595	0.0130169448	0.0066230935	-0.0063350832	0.0168630909	0.016363564	0.0113715979	-0.0027209685	0.0027860924	-0.0038789308	-0.0215933377	-0.0049735045	0.0165449121	-0.0183981693	0.0018640495	-0.0152465468	-0.0107764521	-0.0146576888	-0.0056311177	-0.0233747413	0.0816216788	0.0815377601	0.0813979594	0.0812023727	0.0809511339	0.0806444153	0.080282427	0.0798654172	0.035354580260801	-0.0320364838014911	0.0010263362943632	0.0012499463454174	-0.0055140395169104	0.0081913234565576	3.040463179404948e-05	6.709777996995074e-05	0.0560225889938976	-0.0258940822316447	0.0006705034946191	0.0031385304775791	-0.0011198872855544	0.0016017029913731	2.5654524725735364e-06	1.2541475323464022e-06	0.000781947306911	0.0003129463913762	9.793544387538579e-08	6.114415907853657e-07	0.0009889385283906	0.0006217997009996	9.779994129353651e-07	3.866348681633161e-07	0.0	0.0	0.0	0.0	0.0	0.0	0.0	0.0	0.0	0.0	0.0	0.0	0.0	0.0	0.0	0.0	0.0	0.0	0.0	0.0	0.0	0.0	0.0	0.0	0.0	0.0	0.0	0.0	0.0	0.0	0.0	0.0	0.0	0.0	0.0	0.0	0.0	0.0	0.0	0.0	0.0	0.0	0.0	0.0	0.0	0.0	0.0	0.0	0.0	0.0	0.0	0.0	0.0	0.0	0.0	0.0	0.0	0.0	0.0	0.0	0.0	0.0	0.0	0.0	0.0	0.0	0.0	0.0	0.0	0.0	0.0	0.0	0.0	0.0	0.0	0.0	0.0	0.0	0.0	0.0	0.0	0.0	0.0	0.0	0.0	0.0	0.0	0.0	0.0	0.0	0.0	0.0	0.0	0.0	0.0	0.0	0.0	0.0	0.0	0.0
1490.8798680497896	-1.9374321199807127	3.753643219532959	2222722.780956158	2041.060510562945	-25.410229453557577	4165928.0077794697	645.679760882445	1793.4964073768028	-5.658237450754541	32.015651049121246	3216629.3632734986	1859.878522051372	2127.643497319655	0.937798	49.208759	0.2112087755979553	0.1033798094183077	-0.0074153715	-0.0374442894	0.0013957815	0.011084392	-0.0062064505	-0.0063514788	-0.003540398	-0.0023319427	-0.0010468567	-0.0055983798	0.0017048715	0.0041971037	0.0159562163	-0.0029935391	0.0030532654	0.0261316374	0.016264471	0.0312872483	-0.0065540697	-0.0121901215	0.0040573632	-0.0102508665	0.0104003069	-0.0111474478	-0.0387027103	0.0062456491	0.0008586534	-0.0242142019	-0.0093140561	0.0095576439	-0.055133638	0.0815948217	0.0814303861	0.0811565722	0.0807737477	0.080282427	0.0796832699	0.0789770813	0.0781648097	0.0260236457530567	-0.0093309345077443	8.706633878781343e-05	0.0006772301382805	-0.0663451043567278	-0.0608310648398174	0.0044016728721051	0.003700418449546	0.1030852420288539	0.0470626530349563	0.0022148933106886	0.0106265671241473	-6.232927861505233e-05	0.0010575580069393	1.1184289380415253e-06	3.8849389726728205e-09	0.001445964909732	0.0006640176028209	4.409193768561471e-07	2.09081452017627e-06	0.001147045382939	0.0001581068545484	1.3157131105216769e-06	2.499777745518892e-08	0.0	0.0	0.0	0.0	0.0	0.0	0.0	0.0	0.0	0.0	0.0	0.0	0.0	0.0	0.0	0.0	0.0	0.0	0.0	0.0	0.0	0.0	0.0	0.0	0.0	0.0	0.0	0.0	0.0	0.0	0.0	0.0	0.0	0.0	0.0	0.0	0.0	0.0	0.0	0.0	0.0	0.0	0.0	0.0	0.0	0.0	0.0	0.0	0.0	0.0	0.0	0.0	0.0	0.0	0.0	0.0	0.0	0.0	0.0	0.0	0.0	0.0	0.0	0.0	0.0	0.0	0.0	0.0	0.0	0.0	0.0	0.0	0.0	0.0	0.0	0.0	0.0	0.0	0.0	0.0	0.0	0.0	0.0	0.0	0.0	0.0	0.0	0.0	0.0	0.0	0.0	0.0	0.0	0.0	0.0	0.0	0.0	0.0	0.0	0.0
1493.1942053579285	2.3143373081388745	5.356157175843491	2229628.934914496	2046.6065689280065	5.546058365061526	4188598.4479792663	30.75876338866893	1802.7281151926416	9.231707815838718	85.22442919701767	3249828.657306014	1866.9035360110497	2111.4428951263426	1.175008	61.655788	0.1681817370826037	0.0806315983637211	-0.0096645774	0.0474172787	-0.0018815741	0.0064555902	-0.0020671654	-0.0031585196	-0.004521948	-0.0042460663	-0.0030912695	0.0071546725	0.0156007259	0.0275920421	0.0192618007	-0.0140151222	-0.0013916574	0.0400934226	-0.0163771224	0.0639705166	-0.0264062185	0.0097457182	-0.0067642927	-0.0282646621	-0.0129866004	0.0377216068	-0.0265135758	0.0039497477	-0.0251806716	0.0148394484	-0.0320575414	0.0076449943	-0.0397494625	0.0815590168	0.081287294	0.0808350932	0.0802034182	0.0793936715	0.0784076511	0.0772475461	0.0759159322	0.0863363789201372	0.0603127331670804	0.0036376257820834	0.0074539703250415	-0.0990682622608289	-0.0327231579041011	0.0098145205873803	0.0010708050632167	0.1218251363764437	0.0187398943475897	0.0003511836401588	0.0148413638531391	-0.000703696293253	-0.0006413670146379	4.113516474655933e-07	4.951884731380121e-07	0.0010890517519126	-0.0003569131578193	1.273870022246158e-07	1.1860337183439033e-06	0.0012768842437583	0.0001298388608193	1.6304333719582055e-06	1.685812977885359e-08	0.0	0.0	0.0	0.0	0.0	0.0	0.0	0.0	0.0	0.0	0.0	0.0	0.0	0.0	0.0	0.0	0.0	0.0	0.0	0.0	0.0	0.0	0.0	0.0	0.0	0.0	0.0	0.0	0.0	0.0	0.0	0.0	0.0	0.0	0.0	0.0	0.0	0.0	0.0	0.0	0.0	0.0	0.0	0.0	0.0	0.0	0.0	0.0	0.0	0.0	0.0	0.0	0.0	0.0	0.0	0.0	0.0	0.0	0.0	0.0	0.0	0.0	0.0	0.0	0.0	0.0	0.0	0.0	0.0	0.0	0.0	0.0	0.0	0.0	0.0	0.0	0.0	0.0	0.0	0.0	0.0	0.0	0.0	0.0	0.0	0.0	0.0	0.0	0.0	0.0	0.0	0.0	0.0	0.0	0.0	0.0	0.0	0.0	0.0	0.0
1493.749542647549	0.5553372896206383	0.3083995052431967	2231287.6961597623	2028.4599311925188	-18.14663773548773	4114649.692453558	329.30046110302726	1804.8033444135613	2.0752292209197094	4.306576319359024	3257315.112006376	1868.2403418399224	2155.31773481369	1.087553	57.066769	0.3069115317750008	0.1737968498827518	-0.0010089658	0.0130057226	0.0089875278	-0.0044351288	-0.0026054676	-0.0033810262	-0.0070236374	0.0036703782	0.0004330928	-0.0146517638	-0.0278532414	-0.0258539981	-0.0172807359	-0.0052108263	0.0093823993	0.0169348076	0.0104693176	0.0241430782	-0.0283025354	-0.0217819813	0.0251261759	-0.0026684484	0.0134146539	-0.0048537879	0.0208440619	-0.0422407765	-0.0370873466	0.0357217984	0.0063116227	0.0223465366	-0.0777568801	0.081514268	0.0811085467	0.0804338397	0.0794923845	0.0782873035	0.0768225931	0.0751031108	0.073134559	0.068751346023717	-0.0175850328964201	0.0003092333819681	0.0047267475800728	-0.0493909314521232	0.0496773308087057	0.0024394641097083	0.0024678371962775	-0.0040660820329563	-0.1258912184093999	0.0158485988726032	1.653302309873004e-05	0.0007422500645722	0.0014459463578252	2.0907608697079614e-06	5.50935158357435e-07	0.0004683969252594	-0.0006206548266532	3.8521241384791387e-07	2.1939567959246002e-07	0.0010683264350272	-0.0002085578087311	1.141321371777926e-06	4.349635958271816e-08	0.0	0.0	0.0	0.0	0.0	0.0	0.0	0.0	0.0	0.0	0.0	0.0	0.0	0.0	0.0	0.0	0.0	0.0	0.0	0.0	0.0	0.0	0.0	0.0	0.0	0.0	0.0	0.0	0.0	0.0	0.0	0.0	0.0	0.0	0.0	0.0	0.0	0.0	0.0	0.0	0.0	0.0	0.0	0.0	0.0	0.0	0.0	0.0	0.0	0.0	0.0	0.0	0.0	0.0	0.0	0.0	0.0	0.0	0.0	0.0	0.0	0.0	0.0	0.0	0.0	0.0	0.0	0.0	0.0	0.0	0.0	0.0	0.0	0.0	0.0	0.0	0.0	0.0	0.0	0.0	0.0	0.0	0.0	0.0	0.0	0.0	0.0	0.0	0.0	0.0	0.0	0.0	0.0	0.0	0.0	0.0	0.0	0.0	0.0	0.0
1494.8515999754934	1.1020573279442942	1.2145303540757175	2234581.3059492926	2048.804664708391	20.34473351587235	4197600.554130863	413.9081818318597	1804.8441613873863	0.0408169738250308	0.0016660253522332	3257462.4468941377	1871.7278266349424	2179.886292470585	1.290292	67.705025	0.5894108565095599	0.2930013329880869	-0.0010803033	0.0876786467	-0.0020265013	0.0133180463	-0.0021165221	-0.0009422842	-0.0003383193	-0.0057865997	0.0004202592	0.0056174557	0.0150069569	0.0206928751	-0.0007186121	0.0095317917	-0.0177070821	0.0200754418	-0.0155090115	0.0173724958	-0.0041019924	0.0107400945	-0.004701504	0.0135033965	0.00711168	0.0007132366	-0.0226805266	0.0142783377	-0.0284485089	0.0212559032	-0.0141515335	0.0173029403	0.040878565	0.0814605803	0.0808942224	0.0799532077	0.0786418943	0.0769663555	0.0749343514	0.0725552932	0.0698401994	-0.0043076387566998	-0.0730589847804168	0.0053376152571451	1.85557516582222e-05	-0.120413917236732	-0.0710229857846088	0.0144995114642945	0.0050442645097607	0.1366357248876681	0.1407018069206244	0.0197969984707286	0.0186693213155785	-0.0028242752485305	-0.0035665253131026	1.272010280900231e-05	7.976530679462016e-06	0.0021721550461106	0.0017037581208512	2.9027917343664123e-06	4.7182575443437424e-06	0.0002460682885029	-0.0008222581465242	6.054960260674645e-08	6.761084595255769e-07	0.0	1.0	0.0	0.0	0.0	0.0	0.0	0.0	0.0	0.0	0.0	0.0	0.0	0.0	0.0	0.0	0.0	0.0	0.0	0.0	0.0	0.0	0.0	0.0	0.0	0.0	0.0	0.0	0.0	0.0	0.0	0.0	0.0	0.0	0.0	0.0	0.0	0.0	0.0	0.0	0.0	0.0	0.0	0.0	0.0	0.0	0.0	0.0	0.0	0.0	0.0	0.0	0.0	0.0	0.0	0.0	0.0	0.0	0.0	0.0	0.0	0.0	0.0	0.0	0.0	0.0	0.0	0.0	0.0	0.0	0.0	0.0	0.0	0.0	0.0	0.0	0.0	0.0	0.0	0.0	0.0	0.0	0.0	0.0	0.0	0.0	0.0	0.0	0.0	0.0	0.0	0.0	0.0	0.0	0.0	0.0	0.0	0.0	0.0	0.0
1491.069003435839	-3.782596539654378	14.308036581805274	2223286.773007146	1998.4510760729827	-50.353588635408414	3993806.7034572624	2535.483888463931	1807.937272552751	3.093111165364689	9.567336681303708	3268637.18148548	1867.616937978442	2140.8695848464968	1.277089	67.012222	0.2440816874157027	0.1259670817572262	-0.0058525736	0.076988566	0.0174914022	-0.0137300955	-0.0012568721	-0.0027873794	0.0062159563	0.0022061146	0.00877096	-0.00688167	0.0062421209	0.0185553994	-0.0393743262	0.0046057725	0.0002324601	-0.0094087243	-0.079857428	0.0390313142	-0.0307133548	0.0071833083	0.0260699755	-0.018403605	-0.0136890081	0.0268055011	0.0614975105	-0.0458945199	-0.0511437233	0.0410596155	-0.0337263013	0.0301718984	-0.0204163895	0.0813979594	0.0806444153	0.0793936715	0.0776534394	0.0754344479	0.0727503781	0.0696177779	0.066055961	0.0401550020186363	0.0444626407753361	0.0019769264247165	0.0016124241871166	-0.1729961715863908	-0.0525822543496588	0.0299276753835479	0.0027648934724922	0.0811505819361002	-0.0554851429515678	0.0030786010883559	0.0065854169485677	-0.0024471135673187	0.0003771616812117	1.4225093377451117e-07	5.988364811355255e-06	0.0007611476785411	-0.0014110073675695	1.9909417913354097e-06	5.793457885485058e-07	0.0002889322265044	4.286393800150001e-05	8.348183151278992e-08	1.837317180996437e-09	0.0	0.0	0.0	0.0	0.0	0.0	0.0	0.0	0.0	0.0	0.0	0.0	0.0	0.0	0.0	0.0	0.0	0.0	0.0	0.0	0.0	0.0	0.0	0.0	0.0	0.0	0.0	0.0	0.0	0.0	0.0	0.0	0.0	0.0	0.0	0.0	0.0	0.0	0.0	0.0	0.0	0.0	0.0	0.0	0.0	0.0	0.0	0.0	0.0	0.0	0.0	0.0	0.0	0.0	0.0	0.0	0.0	0.0	0.0	0.0	0.0	0.0	0.0	0.0	0.0	0.0	0.0	0.0	0.0	0.0	0.0	0.0	0.0	0.0	0.0	0.0	0.0	0.0	0.0	0.0	0.0	0.0	0.0	0.0	0.0	0.0	0.0	0.0	0.0	0.0	0.0	0.0	0.0	0.0	0.0	0.0	0.0	0.0	0.0	0.0
1505.7356684863537	14.666665050514666	215.1110637039884	2267239.9033520464	2046.23455540138	47.78347932839733	4187075.855718684	2283.2608967273754	1808.9492063343016	1.0119337815506242	1.0240099782433465	3272297.2310975	1875.328047476127	2197.817179049145	1.876557	98.467896	0.6825134041497578	0.3841737665637615	0.0096031285	-0.0823414342	0.0004640134	-0.0093380304	0.0022237565	0.0037213546	-0.0104411198	0.0047077763	0.00221246	-0.0200864103	-0.0352806279	-0.0651316854	-0.0253339886	0.0337096976	0.0125746672	-0.0242378968	0.0870819553	-0.0644031516	0.023610969	-0.0161594422	0.0082520346	0.0431763226	-0.0052374265	-0.0189783138	0.0593135102	-0.0133554972	-0.0142001073	-0.0035820507	0.0424325738	-0.0369510761	0.0037156467	0.0813264124	0.0803592349	0.0787557834	0.076528754	0.0736957799	0.0702792922	0.0663063423	0.0618083875	0.0540363985179652	0.0138813964993288	0.0001926931687715	0.0029199323647923	0.0883330693746131	0.2613292409610039	0.0078027311451402	0.0682929721812544	-0.141898360012604	-0.2230489419487042	0.0497508305044364	0.0201351445742665	-0.0003899798448812	0.0020571337224375	4.231799151989566e-06	1.520842794135648e-07	6.212479894318612e-05	-0.0006990228795979	4.886329862013596e-07	3.8594906437312995e-09	-0.0006399876662746	-0.000928919892779	4.095842129836088e-07	8.62892167200549e-07	0.0	0.0	1.0	0.0	0.0	0.0	0.0	0.0	0.0	0.0	0.0	0.0	0.0	0.0	0.0	0.0	0.0	0.0	0.0	0.0	0.0	0.0	0.0	0.0	0.0	0.0	0.0	0.0	0.0	0.0	0.0	0.0	0.0	0.0	0.0	0.0	0.0	0.0	0.0	0.0	0.0	0.0	0.0	0.0	0.0	0.0	0.0	0.0	0.0	0.0	0.0	0.0	0.0	0.0	0.0	0.0	0.0	0.0	0.0	0.0	0.0	0.0	0.0	0.0	0.0	0.0	0.0	0.0	0.0	0.0	0.0	0.0	0.0	0.0	0.0	0.0	0.0	0.0	0.0	0.0	0.0	0.0	0.0	0.0	0.0	0.0	0.0	0.0	0.0	0.0	0.0	0.0	0.0	0.0	0.0	0.0	0.0	0.0	0.0	0.0
1501.1883329952802	-4.547335491073454	20.67826006837625	2253566.411121148	2033.385262404816	-12.849292996563918	4134655.625365103	165.10433051154655	1806.343890224359	-2.605316109942578	6.787672032726326	3262878.249750871	1870.3151524925715	2157.504673533006	0.972982	51.054916	0.2523257802851634	0.1245241427928182	-0.0007770575	-0.0427038826	0.0007491258	-0.009617273	-0.0006097951	0.0001081735	-0.0027440567	0.0025353577	0.0039524499	-0.0165352893	-0.0069822458	-0.0248446036	-0.0111810285	0.0244421868	0.0088113406	-0.0270400054	0.0486212616	-0.0519751633	0.0286295259	-0.0191376086	0.0145976333	0.0176983663	-0.0014880222	-0.0094470825	0.0180364061	-0.0032496147	-0.0100870382	-0.0301713534	-0.0135847208	0.0114261527	-0.016255726	0.0812459471	0.0800388062	0.0780401729	0.0752698111	0.0717551168	0.0675308461	0.0626387723	0.0571272725	0.0179655554227764	-0.0360708430951888	0.0013011057215977	0.0003227611816488	0.0255435812831876	-0.0627894880914255	0.0006524745447708	0.0039425198147832	-0.0843928736688468	0.0575054863437572	0.003306880959632	0.0071221571260859	-0.0005070494653031	-0.0001170696204218	1.3705296025727738e-08	2.570991602641596e-07	0.0011379782766374	0.0010758534776942	1.1574607054667344e-06	1.294994558098627e-06	8.628849070512355e-05	0.0007262761569797	7.445703628168192e-09	5.274770561972361e-07	0.0	0.0	0.0	0.0	0.0	0.0	0.0	0.0	0.0	0.0	0.0	0.0	0.0	0.0	0.0	0.0	0.0	0.0	0.0	0.0	0.0	0.0	0.0	0.0	0.0	0.0	0.0	0.0	0.0	0.0	0.0	0.0	0.0	0.0	0.0	0.0	0.0	0.0	0.0	0.0	0.0	0.0	0.0	0.0	0.0	0.0	0.0	0.0	0.0	0.0	0.0	0.0	0.0	0.0	0.0	0.0	0.0	0.0	0.0	0.0	0.0	0.0	0.0	0.0	0.0	0.0	0.0	0.0	0.0	0.0	0.0	0.0	0.0	0.0	0.0	0.0	0.0	0.0	0.0	0.0	0.0	0.0	0.0	0.0	0.0	0.0	0.0	0.0	0.0	0.0	0.0	0.0	0.0	0.0	0.0	0.0	0.0	0.0	0.0	0.0
1505.833524341553	4.645191346272668	21.57780264348648	2267534.6030309023	2040.169605882862	6.784343478045912	4162292.0207682326	46.0273164281041	1810.678433097122	4.334542872762995	18.78826191582048	3278556.388083049	1875.2792801172368	2180.574364852905	0.872279	45.77079	0.1055970509923265	0.052940912222168	0.0044423285	-0.0725126723	-0.0013364548	-0.0216674962	0.0018178218	0.0029879252	-0.0119104948	-2.08029e-05	0.0038053513	-0.0085186283	-0.0046962006	-0.032385158	-0.0134988041	0.0348828206	0.0039309344	-0.0318704132	0.0630154756	-0.0640060056	0.0382796909	-0.0085396428	-0.0101290068	0.0365356823	-0.0111972702	-0.0101239785	0.0370224841	0.0116064566	0.0152767765	-0.0515275923	0.0085263055	-0.024376924	0.0690248238	0.0811565722	0.0796832699	0.0772475461	0.0738788195	0.0696177779	0.0645158866	0.0586347667	0.0520454508	0.0517575893350965	0.0337920339123201	0.0011419015559313	0.0026788480537804	0.0622350318262476	0.03669145054306	0.003873199186414	0.0013462625429538	-0.0957710084619094	-0.0113781347930626	0.0001294619513691	0.0091720860618111	-0.0007171127497742	-0.0002100632844711	4.412658348278629e-08	5.142506958887143e-07	0.001317939292861	0.0001799610162235	3.2385967360230787e-08	1.7369639796669526e-06	0.0001709728248881	8.468433418297645e-05	2.9231706850216903e-08	7.171436456014033e-09	0.0	0.0	0.0	0.0	0.0	0.0	0.0	0.0	0.0	0.0	0.0	0.0	0.0	0.0	0.0	0.0	0.0	0.0	0.0	0.0	0.0	0.0	0.0	0.0	0.0	0.0	0.0	0.0	0.0	0.0	0.0	0.0	0.0	0.0	0.0	0.0	0.0	0.0	0.0	0.0	0.0	0.0	0.0	0.0	0.0	0.0	0.0	0.0	0.0	0.0	0.0	0.0	0.0	0.0	0.0	0.0	0.0	0.0	0.0	0.0	0.0	0.0	0.0	0.0	0.0	0.0	0.0	0.0	0.0	0.0	0.0	0.0	0.0	0.0	0.0	0.0	0.0	0.0	0.0	0.0	0.0	0.0	0.0	0.0	0.0	0.0	0.0	0.0	0.0	0.0	0.0	0.0	0.0	0.0	0.0	0.0	0.0	0.0	0.0	0.0
1503.3383135608683	-2.4952107806846016	6.226076840044659	2260026.0850200355	2035.749393125124	-4.420212757738	4144275.591609311	19.538280823669773	1806.8839260525167	-3.794507044605325	14.398283711559438	3264829.5222269567	1872.8341702478056	2174.833966047114	0.8439769999999999	44.285721	0.1289974360144678	0.0744740057691275	0.0023793187	-0.0529651311	0.0007439035	-0.007597425	-0.0002655802	0.0007334246	-0.0073993473	0.0034189136	0.0062709451	-0.0136422589	0.0102525564	-0.0135279869	0.0016522466	0.0220846453	0.005753362	-0.0381590971	0.0479542551	-0.0701132813	0.0310711371	-0.0180101008	0.0124037392	0.0056533041	-0.0043151974	-0.012574691	0.0360277382	-0.0001936536	0.0370307604	-0.0349352289	-0.0007575121	-0.0042929785	0.0543598304	0.0810582975	0.0792927819	0.0763786853	0.0723582192	0.0672896215	0.0612463124	0.054315831	0.0465985677	0.0592237131236004	0.0074661237885038	5.574300442526382e-05	0.0035074481961465	0.0632835005373237	0.0010484687110761	0.0040048014402574	1.099286638105588e-06	-0.1210847403697172	-0.0253137319078077	0.0006407850231003	0.0146615143504018	-0.0005264002545148	0.0001907124952594	3.637125584806667e-08	2.770972279532462e-07	0.000349150679477	-0.000968788613384	9.385513774224934e-07	1.219061969792508e-07	-0.0005729082986101	-0.0007438811234982	3.282239186163195e-07	5.533591258969443e-07	0.0	0.0	0.0	0.0	0.0	0.0	0.0	0.0	0.0	0.0	0.0	0.0	0.0	0.0	0.0	0.0	0.0	0.0	0.0	0.0	0.0	0.0	0.0	0.0	0.0	0.0	0.0	0.0	0.0	0.0	0.0	0.0	0.0	0.0	0.0	0.0	0.0	0.0	0.0	0.0	0.0	0.0	0.0	0.0	0.0	0.0	0.0	0.0	0.0	0.0	0.0	0.0	0.0	0.0	0.0	0.0	0.0	0.0	0.0	0.0	0.0	0.0	0.0	0.0	0.0	0.0	0.0	0.0	0.0	0.0	0.0	0.0	0.0	0.0	0.0	0.0	0.0	0.0	0.0	0.0	0.0	0.0	0.0	0.0	0.0	0.0	0.0	0.0	0.0	0.0	0.0	0.0	0.0	0.0	0.0	0.0	0.0	0.0	0.0	0.0
1505.3007213672408	1.9624078063725392	3.851044398511881	2265930.261748736	2050.441983766193	14.692590641069046	4204312.328791041	215.8722197460297	1815.2685031467013	8.384577094184579	70.30113304832471	3295199.7385164653	1880.0038673535405	2177.393844613162	0.90696	47.590572	0.0565951468323766	0.0323829885734499	0.0016224024	-0.0653623677	-0.0035548081	-0.0049879085	0.0068907262	0.0073078965	-0.0058019522	0.005336834	0.0023641563	-0.0167455757	-0.03057002	-0.0487253127	-0.0173271135	0.0218950478	0.0103252896	-0.0140948289	0.0709486948	-0.0433399385	0.0032807166	-0.0120691704	0.0140810608	0.0320910795	-0.019816403	0.0024728336	0.05423935	-0.0151347225	-0.0458363576	-0.0120745667	-0.0024172219	-0.0030535382	-0.0192643921	0.0809511339	0.0788675135	0.0754344479	0.0707106781	0.064777029	0.0577350269	0.0497051625	0.040824829	0.0505115853623294	-0.0087121277612709	7.59011701287088e-05	0.0025514202558158	0.0617314866152156	-0.0015520139221081	0.0038107764397245	2.408747214417377e-06	-0.1148645715353069	0.0062201688344103	3.869050032856923e-05	0.0131938697939896	6.308424807014419e-05	0.0005894845025849	3.474919787878191e-07	3.97962235457549e-09	0.0004049868727382	5.5836193261199984e-05	3.117680477902074e-09	1.64014367090267e-07	-0.0004160122681645	0.0001568960304456	1.7306620726337185e-07	2.461636436958664e-08	0.0	0.0	0.0	0.0	0.0	0.0	0.0	0.0	0.0	0.0	0.0	0.0	0.0	0.0	0.0	0.0	0.0	0.0	0.0	0.0	0.0	0.0	0.0	0.0	0.0	0.0	0.0	0.0	0.0	0.0	0.0	0.0	0.0	0.0	0.0	0.0	0.0	0.0	0.0	0.0	0.0	0.0	0.0	0.0	0.0	0.0	0.0	0.0	0.0	0.0	0.0	0.0	0.0	0.0	0.0	0.0	0.0	0.0	0.0	0.0	0.0	0.0	0.0	0.0	0.0	0.0	0.0	0.0	0.0	0.0	0.0	0.0	0.0	0.0	0.0	0.0	0.0	0.0	0.0	0.0	0.0	0.0	0.0	0.0	0.0	0.0	0.0	0.0	0.0	0.0	0.0	0.0	0.0	0.0	0.0	0.0	0.0	0.0	0.0	0.0
1498.2529708618383	-7.047750505402519	49.670787186401455	2244761.9646963244	2045.866474393048	-4.575509373144996	4185569.63104544	20.935286023737717	1808.4476130558887	-6.820890090812554	46.524541630944896	3270482.769167541	1875.217555894059	2197.486688007008	0.934956	49.059608	0.2668333205648923	0.1406630227439919	0.0078674627	-0.0233834825	-0.0048544804	0.0080656248	0.0010818554	0.0021138996	-0.0035561911	0.0041813025	0.0018659871	-0.0088943786	0.0002935381	-0.0024598753	0.0049804055	-0.0029867162	0.0070287804	-0.0047561403	0.0270671931	-0.01943987	-0.0072482613	-0.0130916813	0.0305302502	-0.0162966902	-0.0073671	0.0043636576	0.0055033601	-0.0099591061	-0.0273619736	-0.0091177752	-0.0149265178	0.0190400613	-0.0516839321	0.0808350932	0.0784076511	0.0744157659	0.0689390864	0.0620868871	0.0539958877	0.0448275254	0.0347647336	0.0381136350819417	-0.0123979502803876	0.0001537091711549	0.0014526491791594	-0.0150706148387058	-0.0768021014539214	0.0002271234316166	0.0058985627877384	-0.0137397158278815	0.1011248557074254	0.0102262364418476	0.0001887797910309	0.0006369498848254	0.0005738656367552	3.293217690485152e-07	4.0570515577909037e-07	0.0008235390722655	0.0004185521995273	1.7518594372914078e-07	6.782166035479204e-07	0.0001217381580161	0.0005377504261806	1.482017911715293e-08	2.891755208574169e-07	0.0	0.0	0.0	0.0	0.0	0.0	0.0	0.0	0.0	0.0	0.0	0.0	0.0	0.0	0.0	0.0	0.0	0.0	0.0	0.0	0.0	0.0	0.0	0.0	0.0	0.0	0.0	0.0	0.0	0.0	0.0	0.0	0.0	0.0	0.0	0.0	0.0	0.0	0.0	0.0	0.0	0.0	0.0	0.0	0.0	0.0	0.0	0.0	0.0	0.0	0.0	0.0	0.0	0.0	0.0	0.0	0.0	0.0	0.0	0.0	0.0	0.0	0.0	0.0	0.0	0.0	0.0	0.0	0.0	0.0	0.0	0.0	0.0	0.0	0.0	0.0	0.0	0.0	0.0	0.0	0.0	0.0	0.0	0.0	0.0	0.0	0.0	0.0	0.0	0.0	0.0	0.0	0.0	0.0	0.0	0.0	0.0	0.0	0.0	0.0
1498.7320759063066	0.4791050444682696	0.2295416436349426	2246197.835350428	2057.351997665212	11.485523272163846	4232697.242297038	131.9172448354173	1805.5398097372463	-2.9078033186424364	8.455320139907966	3259974.004546012	1871.8763231714668	2190.3250321550804	0.720112	37.786179	0.0436202225917714	0.0220157079125075	0.0051192019	-0.045341405	-0.0074771918	0.00465525	0.0008545252	0.0012705376	0.0001278115	0.0017786608	-0.0024357735	-0.0075559262	-0.0022558016	-0.0062606035	0.0184776619	-0.0044737279	0.0078043596	0.0096401725	0.0583419638	-0.0174892959	0.0019854646	-0.0123306853	0.0058516178	0.0008797756	-0.0125033609	0.0036500484	-0.0157970594	0.0088864975	-0.0308685441	-0.0297878891	-0.0088158355	-0.0003674869	-0.049460365	0.0807101879	0.0779133966	0.0733236445	0.0670465522	0.0592265694	0.0500436514	0.0397091175	0.0284607885	0.0565820260790133	0.0184683909970716	0.0003410814660207	0.0032015256752061	-0.0140732050250562	0.0009974098136496	0.0001980550996772	9.948263363645304e-07	-0.0086911115459855	0.005048604281896	2.548840519517864e-05	7.553541990476246e-05	0.0008340045632478	0.0001970546784224	3.883054628815551e-08	6.955636115181537e-07	0.0008779964578566	5.445738559110001e-05	2.965606845417747e-09	7.708777800087364e-07	-8.866127953484782e-06	-0.0001306042859695	7.860822488756425e-11	1.7057479513625078e-08	0.0	0.0	0.0	0.0	0.0	0.0	0.0	0.0	0.0	0.0	0.0	0.0	0.0	0.0	0.0	0.0	0.0	0.0	0.0	0.0	0.0	0.0	0.0	0.0	0.0	0.0	0.0	0.0	0.0	0.0	0.0	0.0	0.0	0.0	0.0	0.0	0.0	0.0	0.0	0.0	0.0	0.0	0.0	0.0	0.0	0.0	0.0	0.0	0.0	0.0	0.0	0.0	0.0	0.0	0.0	0.0	0.0	0.0	0.0	0.0	0.0	0.0	0.0	0.0	0.0	0.0	0.0	0.0	0.0	0.0	0.0	0.0	0.0	0.0	0.0	0.0	0.0	0.0	0.0	0.0	0.0	0.0	0.0	0.0	0.0	0.0	0.0	0.0	0.0	0.0	0.0	0.0	0.0	0.0	0.0	0.0	0.0	0.0	0.0	0.0
1491.9801274932206	-6.751948413085984	45.58880737297434	2226004.700834687	2052.804911939404	-4.547085725807847	4214008.006482544	20.67598859784547	1804.8531550480768	-0.6866546891694725	0.4714946621584248	3257494.911286997	1872.255063765596	2145.776260913502	0.832399	43.678169	0.1231845115907239	0.052605927837435	-0.0032209377	-0.0336104166	0.000435881	0.0091300371	-0.0001520152	0.0016526908	-0.0007224268	0.0014486725	0.0035242324	-0.0090423362	-0.0182789344	-0.0286830027	-0.0077512332	0.014419632	0.0094271305	-0.0086249491	0.0433827713	-0.0258345826	0.0040855174	-0.00904395	0.0152195292	0.019324048	-0.0089215261	0.0025544577	0.021522428	-0.0149517779	-0.0398793081	-0.0034735934	-0.0473088937	0.0472969362	-0.0403731299	0.0805764318	0.0773849666	0.0721591615	0.0650363955	0.0562039158	0.0458939156	0.0343774302	0.0219572114	0.0482184058515002	-0.0083636202275131	6.99501433100663e-05	0.0023250146628599	0.0089744933668924	0.0230476983919486	8.054153119239569e-05	0.0005311964011662	-0.0468884705656691	-0.0381973590196836	0.0014590382360786	0.0021985286719876	0.0005529417146371	-0.0002810628486107	7.89963248691613e-08	3.057445397858161e-07	0.0015855223694065	0.0007075259115499	5.005929155145169e-07	2.513881183888402e-06	7.406179091748715e-05	8.292791887097193e-05	5.485148873905582e-09	6.8770397282705025e-09	0.0	0.0	0.0	0.0	0.0	0.0	0.0	0.0	0.0	0.0	0.0	0.0	0.0	0.0	0.0	0.0	0.0	0.0	0.0	0.0	0.0	0.0	0.0	0.0	0.0	0.0	0.0	0.0	0.0	0.0	0.0	0.0	0.0	0.0	0.0	0.0	0.0	0.0	0.0	0.0	0.0	0.0	0.0	0.0	0.0	0.0	0.0	0.0	0.0	0.0	0.0	0.0	0.0	0.0	0.0	0.0	0.0	0.0	0.0	0.0	0.0	0.0	0.0	0.0	0.0	0.0	0.0	0.0	0.0	0.0	0.0	0.0	0.0	0.0	0.0	0.0	0.0	0.0	0.0	0.0	0.0	0.0	0.0	0.0	0.0	0.0	0.0	0.0	0.0	0.0	0.0	0.0	0.0	0.0	0.0	0.0	0.0	0.0	0.0	0.0
1495.1541431227954	3.1740156295747965	10.074375216785093	2235485.9116972606	2064.746528142616	11.941616203212106	4263178.225476988	142.60219754481793	1796.623662025908	-8.229493022168754	67.7245554019242	3227856.582951384	1867.5736776971696	2177.6753731814297	1.194641	62.685966	0.4009800392448834	0.2164066936478856	0.0046345344	0.0575705542	-0.0060932927	0.0279260602	-0.0020853363	0.0003961125	-0.0092218121	0.0007567665	0.0089765267	-0.0030231135	0.0249854144	0.0243899323	-0.0260077755	0.0404440305	-0.0101673955	-0.0613399453	-0.0356403849	-0.051902911	0.0306553856	0.016381537	-0.013358489	-0.006119394	-0.0103941633	0.0102511348	0.0106639566	-0.0152296518	-0.0293811198	-0.0201093118	-0.0667378721	0.039989519	0.0235559872	0.0804338397	0.0768225931	0.0709234662	0.0629121428	0.0530272111	0.0415630576	0.0288611001	0.0152996203	0.0922995510930206	0.0440811452415203	0.001943147365804	0.0085192071319731	-0.0467966644857682	-0.0557711578526606	0.0021899278069935	0.0031104220482263	0.0248505828185727	0.0717390533842418	0.005146491780467	0.0006175514664227	-0.0027689374576721	-0.0033218791723091	1.1034881235421654e-05	7.667014644499632e-06	0.0019932160220497	0.0004076936526432	1.662141144055543e-07	3.972910110555631e-06	0.0009322626212943	0.0008582008303768	8.691135950625193e-07	7.36508665259451e-07	0.0	0.0	0.0	0.0	0.0	0.0	0.0	0.0	0.0	0.0	0.0	0.0	0.0	0.0	0.0	0.0	0.0	0.0	0.0	0.0	0.0	0.0	0.0	0.0	0.0	0.0	0.0	0.0	0.0	0.0	0.0	0.0	0.0	0.0	0.0	0.0	0.0	0.0	0.0	0.0	0.0	0.0	0.0	0.0	0.0	0.0	0.0	0.0	0.0	0.0	0.0	0.0	0.0	0.0	0.0	0.0	0.0	0.0	0.0	0.0	0.0	0.0	0.0	0.0	0.0	0.0	0.0	0.0	0.0	0.0	0.0	0.0	0.0	0.0	0.0	0.0	0.0	0.0	0.0	0.0	0.0	0.0	0.0	0.0	0.0	0.0	0.0	0.0	0.0	0.0	0.0	0.0	0.0	0.0	0.0	0.0	0.0	0.0	0.0	0.0
1491.7517088818977	-3.402434240897719	11.576558763633235	2225323.160952062	2051.9660885967787	-12.780439545837451	4210564.828751164	163.33963498480583	1802.191990100828	5.568328074919918	31.00627754994137	3247895.969183583	1871.4336505188448	2145.9971438407897	1.159895	60.862732	0.3134829387490914	0.1587921525790981	3.20393e-05	-0.0401653216	-0.0047955307	0.0172188303	-0.0008716441	0.0010292617	-0.0062796582	-0.0019767122	0.0061419255	-0.0039456669	0.0155924983	0.0079074046	0.0049167958	0.0256076046	-0.0032973218	-0.0293360542	0.0269057087	-0.0504558717	0.0379544039	-0.0033834822	-0.0107764232	0.0039346617	0.0011408788	-0.0113580315	-0.0298987686	0.0278449324	0.0090626526	-0.0338006549	-0.0412423557	0.0305250098	0.0130370675	0.080282427	0.0762265226	0.0696177779	0.0606775209	0.0497051625	0.0370681691	0.0231897558	0.0085347133	0.1042476595390979	0.0119481084460772	0.0001427572954392	0.0108675745193796	0.0197239123767474	0.0665205768625156	0.0003890327194456	0.0044249871461218	-0.0166480836442559	-0.0414986664628286	0.001722139318193	0.0002771586890261	-0.0006720008511132	0.0020969366065589	4.397143131926755e-06	4.515851438968651e-07	0.0024211411781069	0.0004279251560571	1.8311993918657878e-07	5.861924604324866e-06	-0.000413187355643	-0.0013454499769373	1.7072379086325497e-07	1.8102356404405807e-06	0.0	0.0	0.0	0.0	0.0	0.0	0.0	0.0	0.0	0.0	0.0	0.0	0.0	0.0	0.0	0.0	0.0	0.0	0.0	0.0	0.0	0.0	0.0	0.0	0.0	0.0	0.0	0.0	0.0	0.0	0.0	0.0	0.0	0.0	0.0	0.0	0.0	0.0	0.0	0.0	0.0	0.0	0.0	0.0	0.0	0.0	0.0	0.0	0.0	0.0	0.0	0.0	0.0	0.0	0.0	0.0	0.0	0.0	0.0	0.0	0.0	0.0	0.0	0.0	0.0	0.0	0.0	0.0	0.0	0.0	0.0	0.0	0.0	0.0	0.0	0.0	0.0	0.0	0.0	0.0	0.0	0.0	0.0	0.0	0.0	0.0	0.0	0.0	0.0	0.0	0.0	0.0	0.0	0.0	0.0	0.0	0.0	0.0	0.0	0.0
1484.9027580470513	-6.848950834846392	46.90812753814309	2204936.20085574	2036.8731113868423	-15.092977209936407	4148852.071890716	227.79796105965977	1786.2091484917537	-15.982841609074285	255.45122590075627	3190543.122155636	1852.258344443679	2102.7764231378383	1.209258	63.452942	0.3730450183776232	0.1893787579650087	-0.0099437865	-0.0098561054	0.0041414803	-0.0090586605	-0.0077044819	-0.0085702202	0.014012143	-0.0014712691	-0.0043843741	0.000965911	-0.0024301137	-0.003079454	0.0315023616	-0.0072118366	0.0084528315	0.0304583038	0.053315626	0.0080565394	0.00564535	-0.0054238811	-0.0201895982	-0.0002905788	0.0056849249	-0.0023803205	-0.0455709891	0.0070570954	0.0076570004	-0.0106645886	-0.0225925389	0.0023867644	-0.0171107463	0.0801222105	0.0755970167	0.0682433853	0.05833645	0.0462468756	0.0324269895	0.0173938582	0.0017099414	0.2148322074155828	0.1105845478764848	0.0122289422290465	0.0461528773430519	-0.01107168954303	-0.0307956019197774	0.0001225823093372	0.0009483690976013	-0.00233993676121	0.0143081468830459	0.0002047230672268	5.475304046461944e-06	0.001527047403753	0.0021990482548661	4.835813227230078e-06	2.331873773308777e-06	0.0005013592239229	-0.0019197819541839	3.685562751610537e-06	2.513610714125726e-07	-0.0001848831307269	0.0002283042249161	3.418177202738e-08	5.2122819114541177e-08	0.0	0.0	0.0	0.0	0.0	0.0	0.0	0.0	0.0	0.0	0.0	0.0	0.0	0.0	0.0	0.0	0.0	0.0	0.0	0.0	0.0	0.0	0.0	0.0	0.0	0.0	0.0	0.0	0.0	0.0	0.0	0.0	0.0	0.0	0.0	0.0	0.0	0.0	0.0	0.0	0.0	0.0	0.0	0.0	0.0	0.0	0.0	0.0	0.0	0.0	0.0	0.0	0.0	0.0	0.0	0.0	0.0	0.0	0.0	0.0	0.0	0.0	0.0	0.0	0.0	0.0	0.0	0.0	0.0	0.0	0.0	0.0	0.0	0.0	0.0	0.0	0.0	0.0	0.0	0.0	0.0	0.0	0.0	0.0	0.0	0.0	0.0	0.0	0.0	0.0	0.0	0.0	0.0	0.0	0.0	0.0	0.0	0.0	0.0	0.0
1491.2115946291306	6.308836582079266	39.8014190193816	2223712.0199563545	2032.415873467168	-4.457237919674299	4130714.2827213113	19.86696987258247	1786.3931441347822	0.1839956430285383	0.0338543966534853	3191200.465411753	1853.037978549448	2154.971062716571	1.118596	58.695679	0.6229656515611001	0.2819546143043976	0.0048552036	0.0580189813	0.0050364808	0.0033145828	-0.0110428948	-0.0102682432	-0.000854506	0.0059601916	0.0057547701	-0.0052531841	0.0413709796	0.0416253373	0.0065285236	0.0024311997	-0.0087416508	-0.0375625749	-0.0403826543	-0.0281626599	0.0124252989	-0.0073805016	0.0095882448	-0.0344983269	0.0205387742	-0.013962946	0.0046716641	-0.0335089758	0.0047203609	0.0268397464	0.0303193332	0.0009594161	-0.0302776192	0.0799532077	0.0749343514	0.0668016447	0.0558930371	0.0426618292	0.0276578354	0.0115045374	-0.0051268245	0.1125083556234045	-0.1023238517921782	0.0104701706455876	0.0126581300850824	-0.0545080393310968	-0.0434363497880668	0.0029711263517203	0.0018867164829112	0.0485564036707799	0.0508963404319899	0.002590437469369	0.0023577243374397	-0.002106816520714	-0.003633863924467	1.3204967021542709e-05	4.438675851953445e-06	-0.002311003852166	-0.0028123630760889	7.90938607174822e-06	5.340738804726091e-06	0.0018950720596945	0.0020799551904214	3.5912981114347548e-06	4.326213594160923e-06	0.0	0.0	0.0	1.0	0.0	0.0	0.0	0.0	0.0	0.0	0.0	0.0	0.0	0.0	0.0	0.0	0.0	0.0	0.0	0.0	0.0	0.0	0.0	0.0	0.0	0.0	0.0	0.0	0.0	0.0	0.0	0.0	0.0	0.0	0.0	0.0	0.0	0.0	0.0	0.0	0.0	0.0	0.0	0.0	0.0	0.0	0.0	0.0	0.0	0.0	0.0	0.0	0.0	0.0	0.0	0.0	0.0	0.0	0.0	0.0	0.0	0.0	0.0	0.0	0.0	0.0	0.0	0.0	0.0	0.0	0.0	0.0	0.0	0.0	0.0	0.0	0.0	0.0	0.0	0.0	0.0	0.0	0.0	0.0	0.0	0.0	0.0	0.0	0.0	0.0	0.0	0.0	0.0	0.0	0.0	0.0	0.0	0.0	0.0	0.0
1499.4484690065694	8.23687437743888	67.84609950970915	2248345.711206145	2054.274356117732	21.85848265056416	4220043.130202923	477.7932637850142	1804.105116728432	17.71197259364976	313.71397315820025	3254795.272205709	1869.674056353437	2173.077097357403	1.040465	54.595966	0.3842840699717111	0.1773071610154548	0.0085418049	0.0172414176	-0.0065645812	0.0132119683	0.0001943233	0.0007401478	-0.0037653856	0.0046600817	0.000626661	-0.0047100574	0.0027363648	0.008749662	0.0060788627	-0.0117188691	0.0020334386	0.0050308192	0.0065815192	0.0141309232	-0.0233198761	-0.006306242	0.0047197098	-0.0394656258	-0.0079333478	0.0257521085	-0.0079078959	-0.027813507	-0.0327104528	-0.0232156573	-0.0478281583	0.0158934732	-0.070782032	0.0797754371	0.0742388174	0.0652939789	0.0533515689	0.0389598496	0.0227795284	0.0055534252	-0.0119276293	0.0406247933557324	-0.071883562267672	0.0051672465242902	0.0016503738351959	-0.0274731686592986	0.0270348706717981	0.0007547749961822	0.0007308842322408	0.0187226542759191	-0.0298337493948608	0.0008900526029553	0.0003505377831355	-0.0004320446671036	0.0016747718536104	2.804860761645616e-06	1.8666259437266053e-07	0.0001018117010929	0.0024128155532589	5.821678894048052e-06	1.0365622479430014e-08	0.0008720217138162	-0.0010230503458783	7.604218693669426e-07	1.0466320102017096e-06	0.0	0.0	0.0	0.0	0.0	0.0	0.0	0.0	0.0	0.0	0.0	0.0	0.0	0.0	0.0	0.0	0.0	0.0	0.0	0.0	0.0	0.0	0.0	0.0	0.0	0.0	0.0	0.0	0.0	0.0	0.0	0.0	0.0	0.0	0.0	0.0	0.0	0.0	0.0	0.0	0.0	0.0	0.0	0.0	0.0	0.0	0.0	0.0	0.0	0.0	0.0	0.0	0.0	0.0	0.0	0.0	0.0	0.0	0.0	0.0	0.0	0.0	0.0	0.0	0.0	0.0	0.0	0.0	0.0	0.0	0.0	0.0	0.0	0.0	0.0	0.0	0.0	0.0	0.0	0.0	0.0	0.0	0.0	0.0	0.0	0.0	0.0	0.0	0.0	0.0	0.0	0.0	0.0	0.0	0.0	0.0	0.0	0.0	0.0	0.0
1490.320613429882	-9.127855576687352	83.3177474288624	2221055.53081402	2036.3174125574808	-17.956943560251375	4146588.6046847934	322.4518220260533	1795.1844098474226	-8.920706881009437	79.57901125688912	3222687.065359239	1859.494089198653	2147.427716333216	0.696361	36.539906	0.1941535288991558	0.1109342455479624	0.0018568923	-0.0027241058	0.0004516059	0.0062039024	-0.0051677483	-0.0055804093	0.0024812037	0.0033058422	-0.000226054	-0.0033156609	0.0060816634	0.0072490251	0.0153998742	-0.0092893093	0.0041374467	-0.0007613754	0.0116448527	-0.0043018605	-0.0054870925	-0.0071928292	0.0100418033	-0.0250149084	0.0040934474	0.004220238	-0.0231378357	-0.0145678999	-0.0097967215	-0.0013744909	-0.0186407025	0.0190195031	-0.065651172	0.0795889182	0.0735107199	0.0637218759	0.0507165039	0.0351510839	0.0178113211	-0.0004275147	-0.0186447705	0.0527622740899147	0.0121374807341822	0.0001473184385726	0.0027838575671392	-0.0272713192155151	0.0002018494437835	0.0007437248517545	4.0743197955708336e-08	-0.0546030829344559	-0.073325737210375	0.0053766637374449	0.002981496665947	0.0005527828117071	0.0009848274788107	9.698851630206395e-07	3.055688369188072e-07	-0.0003530573912484	-0.0004548690923412	2.069058911673981e-07	1.246495215151258e-07	0.0016020943728805	0.0007300726590643	2.5667063796153625e-06	5.330060875132177e-07	0.0	0.0	0.0	0.0	0.0	0.0	0.0	0.0	0.0	0.0	0.0	0.0	0.0	0.0	0.0	0.0	0.0	0.0	0.0	0.0	0.0	0.0	0.0	0.0	0.0	0.0	0.0	0.0	0.0	0.0	0.0	0.0	0.0	0.0	0.0	0.0	0.0	0.0	0.0	0.0	0.0	0.0	0.0	0.0	0.0	0.0	0.0	0.0	0.0	0.0	0.0	0.0	0.0	0.0	0.0	0.0	0.0	0.0	0.0	0.0	0.0	0.0	0.0	0.0	0.0	0.0	0.0	0.0	0.0	0.0	0.0	0.0	0.0	0.0	0.0	0.0	0.0	0.0	0.0	0.0	0.0	0.0	0.0	0.0	0.0	0.0	0.0	0.0	0.0	0.0	0.0	0.0	0.0	0.0	0.0	0.0	0.0	0.0	0.0	0.0
1503.3872126445497	13.066599214667576	170.73601503675133	2260173.1111431485	2045.496556149253	9.179143591772116	4184056.1612184537	84.25667707837113	1803.23329034789	8.048880500467476	64.78447731080557	3251650.299418878	1867.7802901952632	2172.6651551506734	0.754784	39.605484	0.095528277237374	0.0513709034700699	0.0061812865	-0.0338579093	-0.0053670374	-0.0029679372	0.0002468995	0.0006904225	0.0018337321	0.0037538812	-0.0013478751	-0.005323948	-0.0023624656	-0.0073956283	0.0178853198	-0.0047170183	0.0101794807	-0.001979698	0.057759143	-0.0275612472	0.0057720829	-0.0131056247	0.0032435854	0.0030954629	-0.0011507302	0.0002105998	-0.015007861	-0.0043643262	-0.0192132101	-0.0059861192	-0.0019275312	0.0008367647	-0.0505482784	0.0793936715	0.0727503781	0.0620868871	0.0479924649	0.0312459714	0.0127728206	-0.0064061583	-0.0252311319	0.0896444156190341	0.0368821415291194	0.0013602923637739	0.0080361212516781	-0.0036703735934509	0.0236009456220642	1.3471642315501672e-05	0.0005570046342556	-0.0642963464521813	-0.0096932635177253	9.395935762406616e-05	0.0041340201670989	0.0005637155503432	1.093273863609994e-05	1.1952477408527236e-10	3.177752216987368e-07	-0.0003801809705665	-2.7123579318099996e-05	7.356885550252615e-10	1.4453757038088596e-07	0.0011331121594654	-0.0004689822134151	1.283943165928342e-06	2.199443164997264e-07	0.0	0.0	0.0	0.0	0.0	0.0	0.0	0.0	0.0	0.0	0.0	0.0	0.0	0.0	0.0	0.0	0.0	0.0	0.0	0.0	0.0	0.0	0.0	0.0	0.0	0.0	0.0	0.0	0.0	0.0	0.0	0.0	0.0	0.0	0.0	0.0	0.0	0.0	0.0	0.0	0.0	0.0	0.0	0.0	0.0	0.0	0.0	0.0	0.0	0.0	0.0	0.0	0.0	0.0	0.0	0.0	0.0	0.0	0.0	0.0	0.0	0.0	0.0	0.0	0.0	0.0	0.0	0.0	0.0	0.0	0.0	0.0	0.0	0.0	0.0	0.0	0.0	0.0	0.0	0.0	0.0	0.0	0.0	0.0	0.0	0.0	0.0	0.0	0.0	0.0	0.0	0.0	0.0	0.0	0.0	0.0	0.0	0.0	0.0	0.0
1506.066148737255	2.678936092705271	7.176698588798986	2268235.2443722677	2044.255279541016	-1.2412766082368307	4178979.647931318	1.5407676181559304	1799.8369331555489	-3.3963571923411564	11.535242177967502	3239412.985950772	1866.4849742822144	2203.8000983953475	1.735364	91.059105	0.5831664808539916	0.3843192932912261	0.0116505756	0.117447474	-0.0126074638	-0.0110250376	-0.0031203936	-0.0043484321	0.0015524133	-0.0029639033	-0.0038937669	0.0236421071	0.0665823887	0.1102831184	0.0522527217	-0.046252008	-0.0170051064	0.0252556459	-0.0856646178	0.0517797019	0.012467297	0.0074781723	-0.0186873578	-0.0606956217	0.0269580047	-0.0212436492	-0.1554567217	0.0435517826	0.0118654029	-0.0085271362	0.0282967894	-0.0063884709	-0.0199640749	0.0791897184	0.0719581255	0.060390626	0.0451842308	0.0272552159	0.0076839116	-0.0123503943	-0.0316405151	0.0900639143691819	0.0004194987501477	1.7597920137556245e-07	0.0081115086714993	-0.1341219776385429	-0.1304516040450919	0.0179887048856738	0.0170176209979374	0.2715575890109605	0.3358539354631418	0.1127978659660802	0.0737435241494457	-0.0007331051278211	-0.0012968206781643	1.6817438713145151e-06	5.374431284375914e-07	0.0001258921694136	0.0005060731399801	2.561100230093179e-07	1.584883831966256e-08	0.0016590471932332	0.0005259350337677	2.7524375893749586e-06	2.7660765974433684e-07	0.0	0.0	0.0	0.0	1.0	0.0	0.0	0.0	0.0	0.0	0.0	0.0	0.0	0.0	0.0	0.0	0.0	0.0	0.0	0.0	0.0	0.0	0.0	0.0	0.0	0.0	0.0	0.0	0.0	0.0	0.0	0.0	0.0	0.0	0.0	0.0	0.0	0.0	0.0	0.0	0.0	0.0	0.0	0.0	0.0	0.0	0.0	0.0	0.0	0.0	0.0	0.0	0.0	0.0	0.0	0.0	0.0	0.0	0.0	0.0	0.0	0.0	0.0	0.0	0.0	0.0	0.0	0.0	0.0	0.0	0.0	0.0	0.0	0.0	0.0	0.0	0.0	0.0	0.0	0.0	0.0	0.0	0.0	0.0	0.0	0.0	0.0	0.0	0.0	0.0	0.0	0.0	0.0	0.0	0.0	0.0	0.0	0.0	0.0	0.0
1501.879462840002	-4.186685897253028	17.528338802257394	2255641.920900573	2017.465723351588	-26.78955618942814	4070167.9448985457	717.6803208265276	1814.5493262136083	14.712393058059432	216.4545094948354	3292589.25726226	1873.8009691983088	2165.3131334391505	0.995689	52.246422	0.0956859625614833	0.0620475956274314	0.0055886385	0.090695454	0.0040500347	-0.0234937148	0.0087032374	0.0057396585	-0.0061420049	-0.0062658495	-0.0092010319	0.0280654251	0.0684833162	0.1038799616	0.0706677548	-0.0597592683	-0.0105020184	0.0414508781	-0.0759503656	0.0810510319	-0.0134884626	0.0260164664	-0.0394852272	-0.079414521	0.0216725729	0.00114471	-0.1188030971	0.0459401915	0.1116210278	-0.0150144439	-0.0062450596	-0.0290091836	0.0518481881	0.0789770813	0.0711343098	0.0586347667	0.0422967282	0.0231897558	0.0025646777	-0.0182282956	-0.0378279629	0.0827323699053437	-0.0073315444638381	5.375154422523655e-05	0.0068446450301546	-0.1139685634651215	0.0201534141734213	0.0129888334583034	0.0004061601028454	0.2634294963029617	-0.0081280927079988	6.60658910698233e-05	0.0693950995224321	0.0003933336548377	0.0011264387826588	1.2688643310778393e-06	1.5471136402798296e-07	0.0002008266956947	7.49345262811e-05	5.615183228972866e-09	4.0331361703651635e-08	0.0016589622778486	-8.491538459995569e-08	2.7521558393246157e-06	7.210622541758393e-15	0.0	0.0	0.0	0.0	0.0	0.0	0.0	0.0	0.0	0.0	0.0	0.0	0.0	0.0	0.0	0.0	0.0	0.0	0.0	0.0	0.0	0.0	0.0	0.0	0.0	0.0	0.0	0.0	0.0	0.0	0.0	0.0	0.0	0.0	0.0	0.0	0.0	0.0	0.0	0.0	0.0	0.0	0.0	0.0	0.0	0.0	0.0	0.0	0.0	0.0	0.0	0.0	0.0	0.0	0.0	0.0	0.0	0.0	0.0	0.0	0.0	0.0	0.0	0.0	0.0	0.0	0.0	0.0	0.0	0.0	0.0	0.0	0.0	0.0	0.0	0.0	0.0	0.0	0.0	0.0	0.0	0.0	0.0	0.0	0.0	0.0	0.0	0.0	0.0	0.0	0.0	0.0	0.0	0.0	0.0	0.0	0.0	0.0	0.0	0.0
1502.8830457615736	1.0035829215717058	1.0071786804704006	2258657.449237584	2026.2738883103	8.808164958712041	4105785.870448142	77.58376993988269	1813.240589213575	-1.3087370000332612	1.7127925352560605	3287841.434371593	1874.376055585347	2153.166187958284	0.788562	41.377911	0.0666208242680841	0.0437401862030107	0.0028139437	0.0987030476	9.5489e-05	-0.0151504531	0.0079554501	0.0051464311	-0.0041048688	-0.006478583	-0.0084953105	0.0294620312	0.0555043579	0.0959140126	0.0440022351	-0.0671235824	-0.0123251914	0.0483242053	-0.1416783669	0.1296329269	-0.0328585014	0.0363504471	-0.0376061458	-0.0770105324	0.028595476	0.001116972	-0.0893894203	0.037721576	0.1519253516	0.0132368952	0.017864171	-0.0275285305	0.081316586	0.0787557834	0.0702792922	0.0568210419	0.0393350228	0.0190607341	-0.0025646777	-0.024008292	-0.0437500746	0.094184558466793	0.0114521885614492	0.0001311526228469	0.0088707310535847	-0.1141265625485346	-0.000157999083413	0.0130248722791445	2.49637103593759e-08	0.2596201602545349	-0.0038093360484268	1.451104112984402e-05	0.0674026276105903	0.0003923825699715	-9.510848662000168e-07	9.045624227147037e-13	1.539640812174391e-07	0.0005239641155176	0.0003231374198229	1.0441779208980113e-07	2.745383943501409e-07	0.0023588997846554	0.0006999375068068	5.564408194047292e-06	4.899125134349192e-07	0.0	0.0	0.0	0.0	0.0	0.0	0.0	0.0	0.0	0.0	0.0	0.0	0.0	0.0	0.0	0.0	0.0	0.0	0.0	0.0	0.0	0.0	0.0	0.0	0.0	0.0	0.0	0.0	0.0	0.0	0.0	0.0	0.0	0.0	0.0	0.0	0.0	0.0	0.0	0.0	0.0	0.0	0.0	0.0	0.0	0.0	0.0	0.0	0.0	0.0	0.0	0.0	0.0	0.0	0.0	0.0	0.0	0.0	0.0	0.0	0.0	0.0	0.0	0.0	0.0	0.0	0.0	0.0	0.0	0.0	0.0	0.0	0.0	0.0	0.0	0.0	0.0	0.0	0.0	0.0	0.0	0.0	0.0	0.0	0.0	0.0	0.0	0.0	0.0	0.0	0.0	0.0	0.0	0.0	0.0	0.0	0.0	0.0	0.0	0.0
1502.7975517725508	-0.0854939890227797	0.0073092221590271	2258400.4816135727	2033.435126968577	7.161238658276943	4134858.415589713	51.28333912080015	1813.8252262995795	0.5846370860044772	0.3418005223318064	3289961.951560721	1873.9379520752568	2172.9968614318154	0.859218	45.085426	0.1019176566762983	0.0630070929484628	0.0061121166	0.0822214204	-0.0063437087	-0.0139309931	0.006777327	0.0035248191	-0.000690791	-0.0038668574	-0.0082569287	0.0259917734	0.0534728099	0.0829182613	0.0565063354	-0.0672222957	-0.0084106155	0.0571770434	-0.0806574913	0.1107719829	-0.0430633861	0.0166167192	-0.0300804853	-0.0898315742	0.0083604658	0.0302035628	-0.072119124	0.0230126614	0.111322763	-0.0156252747	-0.0230183089	-0.020953052	0.0539131656	0.0785258491	0.0693934478	0.0549512416	0.0363043104	0.0148794683	-0.0076839116	-0.0296593388	-0.049365311	0.1032507293112843	0.0090661708444913	8.219545378150424e-05	0.0106607131033121	-0.130865898012658	-0.0167393354641234	0.0171258832626594	0.0002802053517804	0.2010438823625762	-0.0585762778919586	0.0034311803316759	0.0404186426354173	0.0005648880725484	0.0001725055025768	2.975814841930884e-08	3.190985345074464e-07	0.0005546253939883	3.066127847070003e-05	9.40113997457813e-10	3.07609327656677e-07	0.0022113491161885	-0.0001475506684669	4.890064913667659e-06	2.1771199765029065e-08	0.0	0.0	0.0	0.0	0.0	0.0	0.0	0.0	0.0	0.0	0.0	0.0	0.0	0.0	0.0	0.0	0.0	0.0	0.0	0.0	0.0	0.0	0.0	0.0	0.0	0.0	0.0	0.0	0.0	0.0	0.0	0.0	0.0	0.0	0.0	0.0	0.0	0.0	0.0	0.0	0.0	0.0	0.0	0.0	0.0	0.0	0.0	0.0	0.0	0.0	0.0	0.0	0.0	0.0	0.0	0.0	0.0	0.0	0.0	0.0	0.0	0.0	0.0	0.0	0.0	0.0	0.0	0.0	0.0	0.0	0.0	0.0	0.0	0.0	0.0	0.0	0.0	0.0	0.0	0.0	0.0	0.0	0.0	0.0	0.0	0.0	0.0	0.0	0.0	0.0	0.0	0.0	0.0	0.0	0.0	0.0	0.0	0.0	0.0	0.0
1495.1279765021166	-7.669575270434279	58.822384828857054	2235407.666119314	2028.3014039631128	-5.133723005464162	4114006.5853187344	26.355111896831996	1821.2003393972025	7.375113097622943	54.39229320272948	3316770.676220485	1882.2703500742875	2101.525509299067	2.731631	143.335907	0.9199084278977528	0.7195386291907488	-0.0197262484	-0.0857317492	0.0102788447	-0.0103130775	0.0128569278	0.0121579915	0.0081213011	-0.0026350683	0.0017402442	-0.0030828046	-0.1042355114	-0.1356807218	-0.1072384607	0.0429576776	0.0081402735	-0.0120350882	-0.0969369531	0.0306461384	-0.0044454635	0.0429266904	-0.0003756788	0.1193345278	0.0009789644	-0.0378222953	0.1674585709	-0.0124182965	0.0529883948	0.1120248789	0.121802618	-0.0117427404	0.172005399	0.0782873035	0.0684771651	0.0530272111	0.0332099078	0.010657419	-0.0127728206	-0.0351510839	-0.0546342852	0.111659818264556	0.0084090889532716	7.071277702403601e-05	0.0124679150148736	0.0412799848161284	0.1721458828287864	0.0017040371464197	0.0296342049749022	-0.4979407055274834	-0.6989845878900596	0.4885794541078364	0.2479449462212079	0.00098354787896	0.0004186598064116	1.752760335045985e-07	9.673664302067148e-07	0.0008860603757601	0.0003314349817718	1.0984914714207346e-07	7.851029894921297e-07	0.0021540665398592	-5.72825763292999e-05	4.640002658140986e-06	3.2812935509220684e-09	0.0	0.0	0.0	0.0	0.0	1.0	0.0	0.0	0.0	0.0	0.0	0.0	0.0	0.0	0.0	0.0	0.0	0.0	0.0	0.0	0.0	0.0	0.0	0.0	0.0	0.0	0.0	0.0	0.0	0.0	0.0	0.0	0.0	0.0	0.0	0.0	0.0	0.0	0.0	0.0	0.0	0.0	0.0	0.0	0.0	0.0	0.0	0.0	0.0	0.0	0.0	0.0	0.0	0.0	0.0	0.0	0.0	0.0	0.0	0.0	0.0	0.0	0.0	0.0	0.0	0.0	0.0	0.0	0.0	0.0	0.0	0.0	0.0	0.0	0.0	0.0	0.0	0.0	0.0	0.0	0.0	0.0	0.0	0.0	0.0	0.0	0.0	0.0	0.0	0.0	0.0	0.0	0.0	0.0	0.0	0.0	0.0	0.0	0.0	0.0
1498.92232684952	3.794350347403452	14.397094558840692	2246768.1419279794	2020.0667353762856	-8.234668586827183	4080669.615373804	67.80976673487841	1811.919887131911	-9.280452265291387	86.12679424835204	3283053.6773841176	1868.949455434189	2089.716325439106	1.507809	79.118706	0.3184260496009361	0.1562985901801814	-0.0212167529	-0.0445074547	0.019079862	-0.0116161348	0.0085208818	0.0040260973	0.0136972356	0.0004086756	0.0075859935	-0.0067404006	-0.1152505476	-0.1391731517	-0.1290127806	0.0449909428	-0.0007701028	-0.0025962268	-0.1043172645	0.0507410432	-0.0231256146	0.0182000986	0.005050621	0.0931638336	0.0025087237	-0.0302234383	0.1445462244	-0.0363710217	0.0092636877	0.1095298746	0.0945200648	-0.0073849896	0.0728693857	0.0780401729	0.0675308461	0.0510508491	0.0300572439	0.0064061583	-0.0178113211	-0.0404540309	-0.0595200392	0.0715335006988056	-0.0401263175657504	0.0016101213613874	0.005117041722226	0.0061737855999126	-0.0351061992162158	3.811562863368818e-05	0.0012324452234086	-0.3735814079842328	0.1243592975432505	0.0154652348854507	0.1395630683914817	3.5797209430812925e-05	-0.0009477506695291	8.982313315930225e-07	1.2814402030334818e-09	0.0004470571851056	-0.0004390031906545	1.927238014048313e-07	1.9986012675454274e-07	0.0031439973851899	0.0009899308453307	9.884719558080928e-06	9.799630785371542e-07	0.0	0.0	0.0	0.0	0.0	0.0	1.0	0.0	0.0	0.0	0.0	0.0	0.0	0.0	0.0	0.0	0.0	0.0	0.0	0.0	0.0	0.0	0.0	0.0	0.0	0.0	0.0	0.0	0.0	0.0	0.0	0.0	0.0	0.0	0.0	0.0	0.0	0.0	0.0	0.0	0.0	0.0	0.0	0.0	0.0	0.0	0.0	0.0	0.0	0.0	0.0	0.0	0.0	0.0	0.0	0.0	0.0	0.0	0.0	0.0	0.0	0.0	0.0	0.0	0.0	0.0	0.0	0.0	0.0	0.0	0.0	0.0	0.0	0.0	0.0	0.0	0.0	0.0	0.0	0.0	0.0	0.0	0.0	0.0	0.0	0.0	0.0	0.0	0.0	0.0	0.0	0.0	0.0	0.0	0.0	0.0	0.0	0.0	0.0	0.0
1493.829501099271	-5.092825750248949	25.93687412239877	2231526.578354497	1989.706551467316	-30.360183908969475	3958932.16095196	921.740766986449	1814.8276861728768	2.907799040965756	8.45529526264137	3293599.530499598	1867.4207865909605	2081.705175373771	2.151857	112.913612	0.3437774924497562	0.2336290782087933	-0.0167489912	0.000498049	0.0300065445	-0.0045727231	0.0136663977	0.0063478794	0.022632229	-0.0038113565	-0.0025080464	0.0068158668	0.0060092372	-0.0100613928	0.0113393819	-0.0271634085	0.0087911219	0.0126953136	-0.0230227519	0.0472890251	-0.0421656878	0.034499433	-0.017568735	-0.0095076002	-0.0238350238	0.0512863405	0.1260695513	-0.0517207174	0.1303814434	0.0129287783	-0.0940215173	0.0315911872	0.1856604045	0.0777844842	0.0665549058	0.0490241061	0.0268518493	0.0021373389	-0.0227795284	-0.0455396975	-0.0639883028	0.0513162739497374	-0.0202172267490681	0.0004087362574232	0.0026333599720844	0.0004718682186819	-0.0057019173812307	2.2265961580202941e-07	3.251186182238076e-05	-0.1467269100726298	0.2268544979116029	0.0514629632227254	0.0215287861394615	0.0007210486801566	0.0006852514707257	4.695695781318543e-07	5.199111991555749e-07	0.0004497254822868	2.6682971812e-06	7.119809847199865e-12	2.022530094180949e-07	0.0020118401449398	-0.00113215724025	4.0475007687913965e-06	1.281780016650722e-06	0.0	0.0	0.0	0.0	0.0	0.0	0.0	1.0	0.0	0.0	0.0	0.0	0.0	0.0	0.0	0.0	0.0	0.0	0.0	0.0	0.0	0.0	0.0	0.0	0.0	0.0	0.0	0.0	0.0	0.0	0.0	0.0	0.0	0.0	0.0	0.0	0.0	0.0	0.0	0.0	0.0	0.0	0.0	0.0	0.0	0.0	0.0	0.0	0.0	0.0	0.0	0.0	0.0	0.0	0.0	0.0	0.0	0.0	0.0	0.0	0.0	0.0	0.0	0.0	0.0	0.0	0.0	0.0	0.0	0.0	0.0	0.0	0.0	0.0	0.0	0.0	0.0	0.0	0.0	0.0	0.0	0.0	0.0	0.0	0.0	0.0	0.0	0.0	0.0	0.0	0.0	0.0	0.0	0.0	0.0	0.0	0.0	0.0	0.0	0.0
1503.469827430158	9.640326330886865	92.9358917659906	2260421.5219928687	1989.4424832500988	-0.2640682172173001	3957881.39416032	0.0697320233443232	1810.7119075938167	-4.115778579060134	16.939633311850255	3278677.612302039	1859.0119700395792	2093.086758180098	1.873918	98.329437	0.3034082446758547	0.1610775494759297	-0.0217065463	0.0051207454	0.019707788	-0.0666038304	0.0114622863	0.0063572394	0.0407706203	-0.0031396233	-0.0057748157	0.0047847165	-0.0866229995	-0.0818294623	-0.0819941448	0.0098837545	0.0069529066	0.0220368938	-0.0897362017	0.0755095951	-0.0480961953	0.0450051574	-0.0105024042	0.0783388868	-0.0077867684	0.0116610235	0.1258592498	-0.029147709	-0.0149356681	0.1158204447	0.0721322333	0.0041296782	0.0429114841	0.0775202656	0.0655497724	0.0469489822	0.0235993474	-0.0021373389	-0.0276578354	-0.0503807682	-0.0680077345	0.0929266647871003	0.0416103908373628	0.001731424625638	0.0086353650284541	-0.0548846472285475	-0.0553565154472294	0.0030123245014021	0.0030643438024593	-0.2615129948842423	-0.1147860848116124	0.0131758452663786	0.0683890464933257	0.0009979799062536	0.0002769312260969	7.669090398758766e-08	9.95963893285944e-07	-0.0003441164455679	-0.0007938419278547	6.301850064200667e-07	1.1841612811028548e-07	0.0027741720625811	0.0007623319176413	7.696030632805475e-06	5.811499526546618e-07	0.0	0.0	0.0	0.0	0.0	0.0	0.0	0.0	1.0	0.0	0.0	0.0	0.0	0.0	0.0	0.0	0.0	0.0	0.0	0.0	0.0	0.0	0.0	0.0	0.0	0.0	0.0	0.0	0.0	0.0	0.0	0.0	0.0	0.0	0.0	0.0	0.0	0.0	0.0	0.0	0.0	0.0	0.0	0.0	0.0	0.0	0.0	0.0	0.0	0.0	0.0	0.0	0.0	0.0	0.0	0.0	0.0	0.0	0.0	0.0	0.0	0.0	0.0	0.0	0.0	0.0	0.0	0.0	0.0	0.0	0.0	0.0	0.0	0.0	0.0	0.0	0.0	0.0	0.0	0.0	0.0	0.0	0.0	0.0	0.0	0.0	0.0	0.0	0.0	0.0	0.0	0.0	0.0	0.0	0.0	0.0	0.0	0.0	0.0	0.0
1502.9159597962564	-0.5538676339015183	0.3067693558836663	2258756.3822103026	2032.816362211976	43.37387896187715	4132342.362476732	1881.2933761995696	1799.15361067291	-11.55829692090674	133.59422771184225	3236953.7147973687	1859.9419832397768	2143.4167246818542	2.046193	107.369133	0.7782897106305262	0.4122572407483335	-0.0077914536	0.0491526595	-0.0067571885	-0.0220432016	-0.0034648221	-0.0057019535	0.0302533849	-0.0035666933	-0.0079360688	0.0183363899	-0.0355055886	-0.0150864709	-0.024883092	-0.0480424871	0.0010887607	0.0613460426	-0.1135095415	0.1277058265	-0.0557198025	0.0082514284	0.0058515532	-0.0131005605	0.031371837	-0.0066786559	0.0291999425	-0.0146998473	0.090072356	0.0648004831	0.0667261054	-0.0243919906	0.0323452475	0.0772475461	0.0645158866	0.0448275254	0.0203054443	-0.0064061583	-0.0324269895	-0.0549512416	-0.0715501408	0.2492161267348791	0.1562894619477788	0.0244263959159262	0.0621086778247353	-0.2253463556756969	-0.1704617084471494	0.0507809800163177	0.0290571940467209	0.0604194924932457	0.321932487377488	0.1036405264290564	0.0036505150731413	0.0020125704497663	0.0010145905435127	1.0293939709853964e-06	4.050439815272527e-06	-0.000505787500211	-0.000161671054643	2.6137529909412213e-08	2.558209953696923e-07	0.0041900315215875	0.0014158594590064	1.755636415189686e-05	2.0046580076578954e-06	0.0	0.0	0.0	0.0	0.0	0.0	0.0	0.0	0.0	1.0	0.0	0.0	0.0	0.0	0.0	0.0	0.0	0.0	0.0	0.0	0.0	0.0	0.0	0.0	0.0	0.0	0.0	0.0	0.0	0.0	0.0	0.0	0.0	0.0	0.0	0.0	0.0	0.0	0.0	0.0	0.0	0.0	0.0	0.0	0.0	0.0	0.0	0.0	0.0	0.0	0.0	0.0	0.0	0.0	0.0	0.0	0.0	0.0	0.0	0.0	0.0	0.0	0.0	0.0	0.0	0.0	0.0	0.0	0.0	0.0	0.0	0.0	0.0	0.0	0.0	0.0	0.0	0.0	0.0	0.0	0.0	0.0	0.0	0.0	0.0	0.0	0.0	0.0	0.0	0.0	0.0	0.0	0.0	0.0	0.0	0.0	0.0	0.0	0.0	0.0
1513.6512395915884	10.735279795331962	115.24623228406266	2291140.075117152	2045.306689684904	12.49032747292813	4183279.4548698207	156.0082803809832	1811.540104271	12.386493598090055	153.42522365552594	3281677.5493821856	1877.862213749729	2165.763164901733	2.302335	120.809608	1.0414785309008758	0.5684075386935583	-0.0042132507	-0.1033926918	-0.0093107111	-0.0102884426	0.0027928539	0.0052141063	-0.0054843187	-0.0056781032	-0.0086316905	0.0146503546	0.0144523675	-0.0064571266	0.0708596698	-0.0162334245	0.0038546505	0.0179012467	0.0728039067	-0.0459542946	0.0324800914	-0.0022608185	-0.017531967	0.0239079459	0.0063209091	-0.02806523	-0.0547380356	0.062865	0.1047734199	-0.0296798423	0.0332380535	-0.0418434891	0.1215195519	0.0769663555	0.063453702	0.0426618292	0.0169759185	-0.010657419	-0.0370681691	-0.0592265694	-0.0745906743	-0.0287322199353354	-0.2779483466702145	0.0772552834167057	0.0008255404624124	0.0376585881407152	0.2630049438164121	0.001418169260752	0.069171600471874	-0.1781244195957185	-0.2385439120889642	0.0569031979947074	0.0317283088563115	0.002135256003443	0.0001226855536766	1.5051745080958426e-08	4.559318200239373e-06	-0.0008591133924493	-0.0003533258922383	1.2483918612599084e-07	7.380758210857451e-07	-0.0005735835990032	-0.0047636151205907	3.289981450454638e-07	2.2692029017120357e-05	0.0	0.0	0.0	0.0	0.0	0.0	0.0	0.0	0.0	0.0	1.0	0.0	0.0	0.0	0.0	0.0	0.0	0.0	0.0	0.0	0.0	0.0	0.0	0.0	0.0	0.0	0.0	0.0	0.0	0.0	0.0	0.0	0.0	0.0	0.0	0.0	0.0	0.0	0.0	0.0	0.0	0.0	0.0	0.0	0.0	0.0	0.0	0.0	0.0	0.0	0.0	0.0	0.0	0.0	0.0	0.0	0.0	0.0	0.0	0.0	0.0	0.0	0.0	0.0	0.0	0.0	0.0	0.0	0.0	0.0	0.0	0.0	0.0	0.0	0.0	0.0	0.0	0.0	0.0	0.0	0.0	0.0	0.0	0.0	0.0	0.0	0.0	0.0	0.0	0.0	0.0	0.0	0.0	0.0	0.0	0.0	0.0	0.0	0.0	0.0
1522.4737542921894	8.822514700601005	77.83676564232084	2317926.3325085538	2039.2144172765031	-6.092272408400959	4158395.439628348	37.11578309816362	1817.565528387086	6.025424116086015	36.30573577871093	3303544.4499810277	1880.3807040966428	2183.9435456145893	1.471417	77.209137	0.2443041973542681	0.1200683161611335	0.0036561028	-0.0824768423	-0.0157514605	-0.0174136839	0.0078889422	0.0082676823	-0.0004819025	0.0001067631	-0.0069488585	0.0053309557	-0.0485762161	-0.05236094	0.0083241875	-0.003855381	0.0025794992	0.020338698	0.0815065386	-0.0403780803	0.0313346645	-0.0282662416	0.0009078977	0.0706134046	0.0154781847	-0.0652069752	-0.0775766997	0.058610897	-0.0499686456	-0.0274926267	0.0896183717	-0.0263139893	-0.0495135672	0.0766767246	0.0623636846	0.0404540309	0.0136166111	-0.0148794683	-0.0415630576	-0.0631837885	-0.0771080077	-0.009295432954488	0.0194367869808474	0.0003777886881388	8.640507381138151e-05	-0.027540473070502	-0.0651990612112172	0.000758477656947	0.004250917582824	-0.1364140890786629	0.0417103305170556	0.001739751671842	0.0186088036991613	0.0014440042822183	-0.0006912517212247	4.778289420961106e-07	2.085148367064788e-06	-2.8809407609742262e-05	0.0008303039848395	6.894047072404486e-07	8.299819668242753e-10	0.0002640210678355	0.0008376046668387	6.97071242609977e-08	7.015815779099696e-07	0.0	0.0	0.0	0.0	0.0	0.0	0.0	0.0	0.0	0.0	0.0	0.0	0.0	0.0	0.0	0.0	0.0	0.0	0.0	0.0	0.0	0.0	0.0	0.0	0.0	0.0	0.0	0.0	0.0	0.0	0.0	0.0	0.0	0.0	0.0	0.0	0.0	0.0	0.0	0.0	0.0	0.0	0.0	0.0	0.0	0.0	0.0	0.0	0.0	0.0	0.0	0.0	0.0	0.0	0.0	0.0	0.0	0.0	0.0	0.0	0.0	0.0	0.0	0.0	0.0	0.0	0.0	0.0	0.0	0.0	0.0	0.0	0.0	0.0	0.0	0.0	0.0	0.0	0.0	0.0	0.0	0.0	0.0	0.0	0.0	0.0	0.0	0.0	0.0	0.0	0.0	0.0	0.0	0.0	0.0	0.0	0.0	0.0	0.0	0.0
1511.7589333227947	-10.714820969394625	114.80738840617872	2285415.072481274	2030.6406203644185	-8.573796912084617	4123501.32907399	73.50999348967171	1808.4630231286728	-9.102505258413204	82.85560197944001	3270538.5060236985	1868.0414003617216	2164.642085266113	1.175418	61.677292	0.1884944992751527	0.0827184447240409	0.006973275	-0.0248966066	-0.0078967051	-0.0249521314	0.0035774311	0.0015418888	0.0086168197	0.0025928518	-0.0049955675	0.0024286374	-0.0071713963	-0.0143936101	0.0215939015	-0.0181781048	0.004715896	0.001227473	0.0452697276	-0.0155474013	0.0005620321	-0.0105334609	-0.0076981796	-0.00348088	-0.0030917643	-0.0047839455	-0.0281724319	0.0147158634	0.0024924808	-0.0457453327	0.0100873924	-0.0333544419	-0.0155807065	0.0763786853	0.0612463124	0.0382063093	0.0102334157	-0.0190607341	-0.0458939156	-0.0668016447	-0.0790844839	-0.0484325637709162	-0.0391371308164281	0.0015317150085422	0.0023457132334238	0.002658235296451	0.030198708366953	7.066214891297936e-06	0.0009119619870322	-0.1131388471545093	0.0232752419241536	0.0005417368866278	0.0128003987354514	0.0007882533609666	-0.0006557509212517	4.300092707224533e-07	6.21343361075141e-07	-0.0010918176883758	-0.001063008280766	1.12998660497721e-06	1.1920658646502757e-06	0.0004629302291701	0.0001989091613346	2.143043970794813e-07	3.956485446283394e-08	0.0	0.0	0.0	0.0	0.0	0.0	0.0	0.0	0.0	0.0	0.0	0.0	0.0	0.0	0.0	0.0	0.0	0.0	0.0	0.0	0.0	0.0	0.0	0.0	0.0	0.0	0.0	0.0	0.0	0.0	0.0	0.0	0.0	0.0	0.0	0.0	0.0	0.0	0.0	0.0	0.0	0.0	0.0	0.0	0.0	0.0	0.0	0.0	0.0	0.0	0.0	0.0	0.0	0.0	0.0	0.0	0.0	0.0	0.0	0.0	0.0	0.0	0.0	0.0	0.0	0.0	0.0	0.0	0.0	0.0	0.0	0.0	0.0	0.0	0.0	0.0	0.0	0.0	0.0	0.0	0.0	0.0	0.0	0.0	0.0	0.0	0.0	0.0	0.0	0.0	0.0	0.0	0.0	0.0	0.0	0.0	0.0	0.0	0.0	0.0
1510.795039166546	-0.9638941562486708	0.9290919444503368	2282501.6503702453	2018.891151524797	-11.749468839621612	4075921.48170512	138.05001801323925	1807.3647559011083	-1.09826722756452	1.206190903142257	3266567.360873473	1868.5398072211508	2160.92942719893	0.8158029999999998	42.807312	0.1801789654442848	0.0907634568751414	0.0038986947	-0.0108016458	-0.0020019261	-0.016342975	0.0027357313	0.0019166035	0.0123536313	0.0040637949	-0.0054973902	0.0052783247	-0.0023179825	3.79988e-05	0.0263006093	-0.0327113075	0.0061870221	0.0165400642	0.0312732545	0.0109770443	-0.0130288407	-0.0072020952	-0.0007117419	-0.0284005607	-0.005164706	0.0091660671	-0.0429970569	0.0026686361	-0.0154096322	-0.0667752322	-0.0371169382	-0.0086377938	-0.0502525261	0.0760722702	0.0601020755	0.0359208828	0.0068322673	-0.0231897558	-0.0500436514	-0.0700607062	-0.0805062393	-0.0388364287316989	0.0095961350392172	9.208580769089391e-05	0.0015082681966323	-0.0400791659689758	-0.0427374012654268	0.0016063395447687	0.0018264854669221	-0.0395267206533986	0.0736121265011107	0.0054187451680155	0.0015623616456118	0.0013600898716415	0.0005718365106749	3.269969949408451e-07	1.849844458941792e-06	-0.0008278550437088	0.000263962644667	6.967627777959694e-08	6.853439733940991e-07	0.0002140633317414	-0.0002488668974287	4.5823109996228667e-08	6.19347326357871e-08	0.0	0.0	0.0	0.0	0.0	0.0	0.0	0.0	0.0	0.0	0.0	0.0	0.0	0.0	0.0	0.0	0.0	0.0	0.0	0.0	0.0	0.0	0.0	0.0	0.0	0.0	0.0	0.0	0.0	0.0	0.0	0.0	0.0	0.0	0.0	0.0	0.0	0.0	0.0	0.0	0.0	0.0	0.0	0.0	0.0	0.0	0.0	0.0	0.0	0.0	0.0	0.0	0.0	0.0	0.0	0.0	0.0	0.0	0.0	0.0	0.0	0.0	0.0	0.0	0.0	0.0	0.0	0.0	0.0	0.0	0.0	0.0	0.0	0.0	0.0	0.0	0.0	0.0	0.0	0.0	0.0	0.0	0.0	0.0	0.0	0.0	0.0	0.0	0.0	0.0	0.0	0.0	0.0	0.0	0.0	0.0	0.0	0.0	0.0	0.0
1502.2448489624094	-8.550190204136698	73.10575252691514	2256739.586234092	2044.057790249209	25.166638724412	4178172.249878479	633.3597046850734	1798.1149807400177	-9.24977516109061	85.55834053072883	3233217.4839616744	1864.282891492099	2165.99817237854	1.038012	54.467209	0.1240745497631432	0.0578999840517726	0.0050777164	0.0258350287	-0.0054870593	0.0124531923	-0.0001047666	-0.0014333276	0.0131454127	0.0021074206	-0.0066617131	0.0110126364	0.0133967385	0.0203098965	0.0451280921	-0.0391266281	0.0006900613	0.0208606047	0.0292047963	-0.0004052225	-0.0124388258	-0.0078846893	0.0005021978	-0.0327316313	-0.002348877	0.0039274185	-0.0667462998	0.0233245596	0.0122666769	-0.0454141855	-0.0064470179	-0.0177722134	-0.0130120545	0.0757575129	0.0589314758	0.0336000067	0.0034191328	-0.0272552159	-0.0539958877	-0.0729434684	-0.0813633012	0.0023111334529346	0.0411475621846335	0.0016931218737382	5.341337837273407e-06	-0.0228750559956267	0.0172041099733491	0.000523268186803	0.000295981399975	-0.012032733292898	0.0274939873605006	0.0007559193409793	0.000144786670498	0.0014141808410505	5.409096940900003e-05	2.925832971605377e-09	1.9999074511942998e-06	-0.0015153335989055	-0.0006874785551967	4.726267638553422e-07	2.296235915971895e-06	0.0002370716120289	2.3008280287500004e-05	5.620294922998129e-08	5.293809617881611e-10	0.0	0.0	0.0	0.0	0.0	0.0	0.0	0.0	0.0	0.0	0.0	0.0	0.0	0.0	0.0	0.0	0.0	0.0	0.0	0.0	0.0	0.0	0.0	0.0	0.0	0.0	0.0	0.0	0.0	0.0	0.0	0.0	0.0	0.0	0.0	0.0	0.0	0.0	0.0	0.0	0.0	0.0	0.0	0.0	0.0	0.0	0.0	0.0	0.0	0.0	0.0	0.0	0.0	0.0	0.0	0.0	0.0	0.0	0.0	0.0	0.0	0.0	0.0	0.0	0.0	0.0	0.0	0.0	0.0	0.0	0.0	0.0	0.0	0.0	0.0	0.0	0.0	0.0	0.0	0.0	0.0	0.0	0.0	0.0	0.0	0.0	0.0	0.0	0.0	0.0	0.0	0.0	0.0	0.0	0.0	0.0	0.0	0.0	0.0	0.0
1490.9921847447006	-11.252664217708798	126.62245199650395	2223057.694969775	2026.2680857211728	-17.789704528036054	4105762.3552121455	316.4735871948265	1795.8235384949253	-2.291442245092412	5.250707562594154	3224982.181412434	1864.803428515379	2165.724889963323	1.193704	62.636806	0.2113904357011269	0.1197161514541983	0.0056949329	-0.0138412134	0.0005327419	0.0209554656	-0.004463484	-0.0030447682	0.0068497376	0.0031067264	-0.0022944853	0.0052620144	0.0056681012	0.0172421816	-0.0013947044	-0.0356682578	-0.0013771011	-0.0040177021	-0.0489003995	0.0225327439	-0.0392458924	-0.0063860456	0.0180852677	-0.0345240365	0.0058778053	0.0163274358	0.0597272129	-0.015216488	0.0632519046	0.0249781034	0.0421125064	-0.0312323647	0.0142129018	0.0754344479	0.0577350269	0.0312459714	0.0	-0.0312459714	-0.0577350269	-0.0754344479	-0.0816496581	-0.0156439629626703	-0.0179550964156048	0.0003223854872936	0.0002447335771774	-0.1263777998092337	-0.103502743813607	0.0159713482846227	0.0107128179769451	-0.008661111941798	0.0033716213510999	1.1367830535193389e-05	7.501486006835591e-05	0.0004259203523196	-0.0009882604887308	9.76658793586637e-07	1.8140814652005224e-07	-0.002094417765782	-0.0005790841668765	3.353384723270503e-07	4.3865857776232655e-06	0.0004009464388378	0.0001638748268089	1.607580468167137e-07	2.685495886164697e-08	0.0	0.0	0.0	0.0	0.0	0.0	0.0	0.0	0.0	0.0	0.0	0.0	0.0	0.0	0.0	0.0	0.0	0.0	0.0	0.0	0.0	0.0	0.0	0.0	0.0	0.0	0.0	0.0	0.0	0.0	0.0	0.0	0.0	0.0	0.0	0.0	0.0	0.0	0.0	0.0	0.0	0.0	0.0	0.0	0.0	0.0	0.0	0.0	0.0	0.0	0.0	0.0	0.0	0.0	0.0	0.0	0.0	0.0	0.0	0.0	0.0	0.0	0.0	0.0	0.0	0.0	0.0	0.0	0.0	0.0	0.0	0.0	0.0	0.0	0.0	0.0	0.0	0.0	0.0	0.0	0.0	0.0	0.0	0.0	0.0	0.0	0.0	0.0	0.0	0.0	0.0	0.0	0.0	0.0	0.0	0.0	0.0	0.0	0.0	0.0
1490.319426947994	-0.6727577967064917	0.4526030530293732	2221051.9943385976	2047.0014528684976	20.73336714732477	4190214.94804574	429.8725132657661	1804.7679891993853	8.944450704459996	80.00319840451492	3257187.4948387924	1868.1843579962515	2192.0579962730408	1.224086	64.231033	0.2230552247934016	0.1277092103888786	0.0142000318	0.0009675077	-0.0058325493	0.0171678307	0.0025046471	0.0022961928	0.0062033693	-0.0002444421	0.0015893242	0.0010738598	0.0206240568	0.0202949503	0.0212622108	-0.00473951	0.0007927456	-0.0322865799	0.0257328331	-0.0735748581	0.0303563644	-0.0208167658	0.0014961162	-0.0180481593	0.011434754	-0.032656838	-0.016986276	0.0136448423	0.0154369345	0.0254495968	0.0305784136	-0.0099497456	-0.0169655281	0.0751031108	0.0565132535	0.0288611001	-0.0034191328	-0.0351510839	-0.0612463124	-0.0775202656	-0.0813633012	-0.0456636149434075	-0.0300196519807372	0.0009011795050445	0.0020851657296997	-0.0141305830082387	0.1122472168009949	0.0001996733761527	0.0125994376795695	-0.0527977472911374	-0.0441366353493394	0.0019480425799605	0.0027876021190188	-5.170905132110111e-05	-0.0004776294036407	2.281298472221718e-07	2.673825988528269e-09	-0.0019400092850969	0.0001544084806851	2.3841978907480963e-08	3.763636026262185e-06	0.000299949909917	-0.0001009965289207	8.996994845921644e-08	1.0200298854049984e-08	0.0	0.0	0.0	0.0	0.0	0.0	0.0	0.0	0.0	0.0	0.0	0.0	0.0	0.0	0.0	0.0	0.0	0.0	0.0	0.0	0.0	0.0	0.0	0.0	0.0	0.0	0.0	0.0	0.0	0.0	0.0	0.0	0.0	0.0	0.0	0.0	0.0	0.0	0.0	0.0	0.0	0.0	0.0	0.0	0.0	0.0	0.0	0.0	0.0	0.0	0.0	0.0	0.0	0.0	0.0	0.0	0.0	0.0	0.0	0.0	0.0	0.0	0.0	0.0	0.0	0.0	0.0	0.0	0.0	0.0	0.0	0.0	0.0	0.0	0.0	0.0	0.0	0.0	0.0	0.0	0.0	0.0	0.0	0.0	0.0	0.0	0.0	0.0	0.0	0.0	0.0	0.0	0.0	0.0	0.0	0.0	0.0	0.0	0.0	0.0
1488.8865533558237	-1.432873592170381	2.053126731139252	2216783.168763784	2049.2928435893	2.291390720802383	4199601.158786319	5.250471435379264	1796.8953419220754	-7.872647277309852	61.97857515293423	3228832.8698212523	1862.902719723488	2147.620728856867	1.059841	55.612633	0.1170345881922433	0.0565647923167609	0.0032201088	0.004288504	-0.0087450672	0.0193573056	-0.0013832989	-0.0007659033	0.0173466769	-4.89767e-05	-0.0007209478	0.0019896368	0.007381275	0.0026421924	0.0268692568	-0.0128932378	0.007929649	-0.0091016016	0.0477442176	-0.0439897664	0.0106843415	-0.0147748016	0.0061273291	-0.0199762103	0.0068162178	-0.0090858743	-0.0332452397	-0.0079432239	-0.0010278966	0.0234969422	-0.0296313954	0.025754978	-0.0388685941	0.0747635377	0.0552666915	0.0264477464	-0.0068322673	-0.0389598496	-0.0645158866	-0.0791897184	-0.0805062393	-0.0683906988167706	-0.022727083873363	0.0005165203413868	0.0046772876846462	-0.0182716378915444	-0.0041410548833057	0.0003338527512397	1.7148335546549994e-05	-0.0829616315970369	-0.0301638843058995	0.0009098599164196	0.0068826323172424	0.0006407196342577	0.0006924286855788	4.794574846123863e-07	4.105216497233208e-07	-0.0014373977107156	0.0005026115743812	2.52618394702049e-07	2.066112178770448e-06	0.0003049609525504	5.011042633399981e-06	9.300118258044733e-08	2.5110548273752213e-11	0.0	0.0	0.0	0.0	0.0	0.0	0.0	0.0	0.0	0.0	0.0	0.0	0.0	0.0	0.0	0.0	0.0	0.0	0.0	0.0	0.0	0.0	0.0	0.0	0.0	0.0	0.0	0.0	0.0	0.0	0.0	0.0	0.0	0.0	0.0	0.0	0.0	0.0	0.0	0.0	0.0	0.0	0.0	0.0	0.0	0.0	0.0	0.0	0.0	0.0	0.0	0.0	0.0	0.0	0.0	0.0	0.0	0.0	0.0	0.0	0.0	0.0	0.0	0.0	0.0	0.0	0.0	0.0	0.0	0.0	0.0	0.0	0.0	0.0	0.0	0.0	0.0	0.0	0.0	0.0	0.0	0.0	0.0	0.0	0.0	0.0	0.0	0.0	0.0	0.0	0.0	0.0	0.0	0.0	0.0	0.0	0.0	0.0	0.0	0.0
1492.017997418952	3.131444063128356	9.805941920501828	2226117.70462206	2041.884779145446	-7.408064443854073	4169293.451305847	54.87941880429496	1798.2137391701722	1.318397248096744	1.7381713037890678	3233572.651740372	1863.2304200141195	2165.365422500264	0.7898779999999999	41.44696	0.1509353789697351	0.0647871364568225	0.0087915809	-0.0066475353	-0.0039367636	0.0193978057	-0.0019066532	0.0002337248	0.00436375	5.92135e-05	0.0009290241	-0.0040701674	0.0191029178	0.0092196345	0.0164716908	0.0051353776	-0.0005032469	-0.0356033465	0.0369136433	-0.0761068798	0.0302491971	-0.0131013086	0.0011947137	-0.0130567404	0.0077508431	-0.0185181309	-0.0260455601	-0.0017230322	0.0095241743	0.0352815699	-0.0047967032	0.0136794459	-0.0432829655	0.0744157659	0.0539958877	0.024008292	-0.0102334157	-0.0426618292	-0.0675308461	-0.0804338397	-0.0790844839	-0.0552040746685804	0.0131866241481901	0.0001738870564256	0.0030474898600142	-0.0362704986516604	-0.0179988607601159	0.00131554907244	0.000323958988662	-0.1181593488015408	-0.0351977172045039	0.0012388792964082	0.0139616317092041	-0.0001310162591395	-0.0007717358933971	5.955762891575743e-07	1.7165260158908617e-08	-0.001096057974927	0.0003413397357886	1.1651281522823137e-07	1.201343084401076e-06	0.0008829288605031	0.0005779679079527	7.795633727093027e-07	3.340469026232207e-07	0.0	0.0	0.0	0.0	0.0	0.0	0.0	0.0	0.0	0.0	0.0	0.0	0.0	0.0	0.0	0.0	0.0	0.0	0.0	0.0	0.0	0.0	0.0	0.0	0.0	0.0	0.0	0.0	0.0	0.0	0.0	0.0	0.0	0.0	0.0	0.0	0.0	0.0	0.0	0.0	0.0	0.0	0.0	0.0	0.0	0.0	0.0	0.0	0.0	0.0	0.0	0.0	0.0	0.0	0.0	0.0	0.0	0.0	0.0	0.0	0.0	0.0	0.0	0.0	0.0	0.0	0.0	0.0	0.0	0.0	0.0	0.0	0.0	0.0	0.0	0.0	0.0	0.0	0.0	0.0	0.0	0.0	0.0	0.0	0.0	0.0	0.0	0.0	0.0	0.0	0.0	0.0	0.0	0.0	0.0	0.0	0.0	0.0	0.0	0.0
1491.3379288958763	-0.6800685230757608	0.4624931960784466	2224088.818163442	2037.4217081190664	-4.463071026379566	4151087.216714814	19.919002986508755	1796.2696944277511	-1.944044742421056	3.7793099605349503	3226584.8151195664	1859.7351214123007	2164.0098476756702	0.804307	42.204128	0.2553966269154787	0.1129880743790234	0.0101706376	0.0020779671	-0.0058157089	0.0159383856	-0.0017945428	-0.0005432551	0.0033496625	0.0034243629	0.0036149307	-0.0081189307	0.0125034372	0.0096273408	0.0015174597	0.0041569138	-0.0002745281	-0.0448780608	0.01858024	-0.0594775548	0.0123969319	-0.0216887049	0.0115935733	-0.0347742568	0.0056943654	-0.0014127808	-0.015652786	-0.0177844479	-0.0391673494	-0.0119984319	-0.0111190416	-0.0034085443	-0.1063455597	0.0740598336	0.0527013995	0.0215451443	-0.0136166111	-0.0462468756	-0.0702792922	-0.0812459471	-0.0771080077	-0.0559533007405974	-0.000749226072017	5.61339706990026e-07	0.0031307718637677	-0.0816994606785925	-0.0454289620269321	0.0066748018751728	0.0020637905908444	-0.0584721507116512	0.0596871980898896	0.0035625616158217	0.003418992408846	-0.001411650667203	-0.0012806344080635	1.640024487116151e-06	1.992757606214676e-06	-0.0017528817556564	-0.0006568237807294	4.314174789316631e-07	3.0725944493130635e-06	-0.0001702377652368	-0.0010531666257399	2.8980896712819835e-08	1.1091599415723668e-06	0.0	0.0	0.0	0.0	0.0	0.0	0.0	0.0	0.0	0.0	0.0	0.0	0.0	0.0	0.0	0.0	0.0	0.0	0.0	0.0	0.0	0.0	0.0	0.0	0.0	0.0	0.0	0.0	0.0	0.0	0.0	0.0	0.0	0.0	0.0	0.0	0.0	0.0	0.0	0.0	0.0	0.0	0.0	0.0	0.0	0.0	0.0	0.0	0.0	0.0	0.0	0.0	0.0	0.0	0.0	0.0	0.0	0.0	0.0	0.0	0.0	0.0	0.0	0.0	0.0	0.0	0.0	0.0	0.0	0.0	0.0	0.0	0.0	0.0	0.0	0.0	0.0	0.0	0.0	0.0	0.0	0.0	0.0	0.0	0.0	0.0	0.0	0.0	0.0	0.0	0.0	0.0	0.0	0.0	0.0	0.0	0.0	0.0	0.0	0.0
1492.0011290730583	0.6632001771820342	0.4398344750142815	2226067.3691552808	2022.972437605073	-14.44927051399327	4092417.483309811	208.7814183865553	1800.2650096404248	3.9953152126736313	15.962543648621343	3240954.1049356386	1860.7723933683533	2138.493599735607	0.7867309999999998	41.281864	0.1643292123984247	0.0869054576659818	0.0042097912	0.0133689111	-0.0022892737	0.0043582174	0.0015619553	0.0007757342	0.0049680271	0.0019003097	-0.0008872199	-0.000855166	0.0262146166	0.0238841925	0.0281845521	-0.0101641569	0.0003902073	-0.0228161533	0.0368615011	-0.0428521475	0.0118775094	-0.0147993534	-0.0019860849	-0.042287958	0.0050569311	0.0038722881	-0.0214511038	-0.0132872484	0.0157821474	-0.0154919961	-0.0413600697	-0.0004112826	-0.0343995397	0.0736957799	0.0513837948	0.0190607341	-0.0169759185	-0.0497051625	-0.0727503781	-0.0816216788	-0.0745906743	-0.048047182284435	0.0079061184561624	6.250670904287178e-05	0.0023085317254737	-0.0443596420143279	0.0373398186642646	0.0019677778396393	0.0013942620578801	-0.0625059280137279	-0.0040337773020766	1.6271359322749175e-05	0.0039069910368573	2.6961135911721508e-05	0.0014386118031147	2.0696039200609905e-06	7.26902849650319e-10	-0.001978995071092	-0.0002261133154355	5.112723141727903e-08	3.91642149140643e-06	0.0004660270757313	0.0006362648409681	2.1718123531466686e-07	4.0483294785216163e-07	0.0	0.0	0.0	0.0	0.0	0.0	0.0	0.0	0.0	0.0	0.0	0.0	0.0	0.0	0.0	0.0	0.0	0.0	0.0	0.0	0.0	0.0	0.0	0.0	0.0	0.0	0.0	0.0	0.0	0.0	0.0	0.0	0.0	0.0	0.0	0.0	0.0	0.0	0.0	0.0	0.0	0.0	0.0	0.0	0.0	0.0	0.0	0.0	0.0	0.0	0.0	0.0	0.0	0.0	0.0	0.0	0.0	0.0	0.0	0.0	0.0	0.0	0.0	0.0	0.0	0.0	0.0	0.0	0.0	0.0	0.0	0.0	0.0	0.0	0.0	0.0	0.0	0.0	0.0	0.0	0.0	0.0	0.0	0.0	0.0	0.0	0.0	0.0	0.0	0.0	0.0	0.0	0.0	0.0	0.0	0.0	0.0	0.0	0.0	0.0
1499.934784552671	7.933655479612753	62.942889269189465	2249804.357911068	2007.759798653518	-15.212638951555164	4031099.409089215	231.4243838703734	1807.4673831255009	7.202373485076123	51.87418381852758	3266938.3410625462	1865.721418174148	2131.629316702756	0.863253	45.29715	0.1713464321653212	0.0853588099662986	-0.0033198599	-0.0326400865	0.0027892907	-0.008327427	0.003136462	0.0029028664	0.0029321763	0.0019021384	-0.0034097489	-0.0027013195	-0.0206198982	-0.0276286363	0.0121446022	-0.010881962	0.0101707441	0.0060133157	0.0690689588	-0.0174060635	-0.0098488133	-0.0119196052	0.0076628438	-0.0043801968	-0.0053471002	0.0107438301	0.0008492083	-0.0159890031	-0.0290595517	-0.0152540409	-0.0310695751	-0.0054996202	-0.0552961285	0.0733236445	0.0500436514	0.0165575133	-0.0203054443	-0.0530272111	-0.0749343514	-0.0815590168	-0.0715501408	-0.035977183533518	0.0120699987509169	0.0001456848698471	0.0012943577350044	-0.0175794810787834	0.0267801609355444	0.0003090381549993	0.0007171770197336	-0.1317142725777387	-0.0692083445640108	0.0047897949572908	0.0173486496006828	0.0006596633798416	0.0006327022439298	4.003121294739035e-07	4.3515577470404315e-07	-0.0016099343732658	0.0003690606978261	1.362057986799616e-07	2.591888686222744e-06	0.0002020314591904	-0.0002639956165409	4.0816710502602273e-08	6.969368555280991e-08	0.0	0.0	0.0	0.0	0.0	0.0	0.0	0.0	0.0	0.0	0.0	0.0	0.0	0.0	0.0	0.0	0.0	0.0	0.0	0.0	0.0	0.0	0.0	0.0	0.0	0.0	0.0	0.0	0.0	0.0	0.0	0.0	0.0	0.0	0.0	0.0	0.0	0.0	0.0	0.0	0.0	0.0	0.0	0.0	0.0	0.0	0.0	0.0	0.0	0.0	0.0	0.0	0.0	0.0	0.0	0.0	0.0	0.0	0.0	0.0	0.0	0.0	0.0	0.0	0.0	0.0	0.0	0.0	0.0	0.0	0.0	0.0	0.0	0.0	0.0	0.0	0.0	0.0	0.0	0.0	0.0	0.0	0.0	0.0	0.0	0.0	0.0	0.0	0.0	0.0	0.0	0.0	0.0	0.0	0.0	0.0	0.0	0.0	0.0	0.0
1507.8700185808054	7.935234028134346	62.96793908126124	2273671.9929348784	2008.653285352489	0.8934866989711736	4034688.020757348	0.7983184812384047	1804.637591500568	-2.8297916249327955	8.007720640539791	3256716.8366569714	1866.368446023398	2164.396344043992	0.781416	41.00296	0.1151486599745911	0.0551659019903167	0.0013817942	-0.0480802571	0.0018106996	-0.0077093727	0.0003770484	0.0009263574	-0.0068862314	0.0031860422	-0.0022833029	-0.0019729971	-0.0118388278	-0.0218371151	0.0056668854	-0.0072949374	0.0091632705	-0.0016733312	0.0404587082	-0.0118803421	-0.0078808563	0.0041356674	-0.0087585139	0.0039078365	-0.0161000142	0.0149590082	0.0034754932	-0.0084495246	-0.0145007145	-0.0389658737	-0.0117159812	-0.02286725	-0.0310361326	0.0729434684	0.0486815572	0.0140379523	-0.0235993474	-0.0562039158	-0.0768225931	-0.0810582975	-0.0680077345	-0.0525220915461233	-0.0165449080126052	0.0002737339811455	0.0027585701003793	-0.0547728778419553	-0.0371933967631719	0.0030000681470897	0.0013833487627827	-0.1561124154820277	-0.0243981429042889	0.0005952693771781	0.0243710862676332	0.0011216145056204	0.0004619511257788	2.1339884260830081e-07	1.2580190992180945e-06	-0.0013659063268511	0.0002440280464146	5.954968743697492e-08	1.865700093731864e-06	0.0001677663854934	-3.426507369700001e-05	2.8145560101520093e-08	1.174095275460842e-09	0.0	0.0	0.0	0.0	0.0	0.0	0.0	0.0	0.0	0.0	0.0	0.0	0.0	0.0	0.0	0.0	0.0	0.0	0.0	0.0	0.0	0.0	0.0	0.0	0.0	0.0	0.0	0.0	0.0	0.0	0.0	0.0	0.0	0.0	0.0	0.0	0.0	0.0	0.0	0.0	0.0	0.0	0.0	0.0	0.0	0.0	0.0	0.0	0.0	0.0	0.0	0.0	0.0	0.0	0.0	0.0	0.0	0.0	0.0	0.0	0.0	0.0	0.0	0.0	0.0	0.0	0.0	0.0	0.0	0.0	0.0	0.0	0.0	0.0	0.0	0.0	0.0	0.0	0.0	0.0	0.0	0.0	0.0	0.0	0.0	0.0	0.0	0.0	0.0	0.0	0.0	0.0	0.0	0.0	0.0	0.0	0.0	0.0	0.0	0.0
1501.4191786276886	-6.450839953116883	41.61333610072904	2254259.549951043	2014.977315202544	6.3240298500550125	4060133.5807808526	39.99335354438682	1797.3683711646968	-7.269220335871296	52.8415642914448	3230533.061663235	1859.4529557312164	2171.790330401334	0.792726	41.596401	0.1897609852345731	0.1072450704786461	0.0036222541	-0.0345908507	0.0021303511	-0.0066012124	-0.0023395261	-0.0022949978	0.0007691338	0.0058469612	0.003767284	-0.0054161987	-0.0072354663	-0.0137908011	-0.0203826689	0.0110968042	-0.0031792127	-0.0430400123	0.0165951363	-0.0474070781	0.0177528484	-0.00395741	0.0044213912	-0.0011588263	-0.0066123822	0.0058730364	0.0082746315	-0.0026769113	-0.0040153435	-0.064097061	0.00218824	-0.0352305957	-0.0148600936	0.0725552932	0.0472981097	0.0115045374	-0.0268518493	-0.0592265694	-0.0784076511	-0.0801222105	-0.0639883028	-0.0503870661481471	0.0021350253979761	4.558333450003428e-06	0.0025388564350177	-0.0127556044203061	0.0420172734216492	0.0001627054441273	0.0017654512657896	-0.14689263873138	0.0092197767506476	8.500428333178378e-05	0.0215774473134677	-0.0003542402792259	-0.0014758547848463	2.178147345953719e-06	1.254861754260436e-07	-0.0008478995455174	0.0005180067813337	2.683310255076998e-07	7.189336392886134e-07	-0.0005661502416126	-0.000733916627106	3.205260960780054e-07	5.386336155426474e-07	0.0	0.0	0.0	0.0	0.0	0.0	0.0	0.0	0.0	0.0	0.0	0.0	0.0	0.0	0.0	0.0	0.0	0.0	0.0	0.0	0.0	0.0	0.0	0.0	0.0	0.0	0.0	0.0	0.0	0.0	0.0	0.0	0.0	0.0	0.0	0.0	0.0	0.0	0.0	0.0	0.0	0.0	0.0	0.0	0.0	0.0	0.0	0.0	0.0	0.0	0.0	0.0	0.0	0.0	0.0	0.0	0.0	0.0	0.0	0.0	0.0	0.0	0.0	0.0	0.0	0.0	0.0	0.0	0.0	0.0	0.0	0.0	0.0	0.0	0.0	0.0	0.0	0.0	0.0	0.0	0.0	0.0	0.0	0.0	0.0	0.0	0.0	0.0	0.0	0.0	0.0	0.0	0.0	0.0	0.0	0.0	0.0	0.0	0.0	0.0
1496.892490216729	-4.52668841095965	20.490907969916403	2240687.12726724	2003.7848591864863	-11.192456016057804	4015153.761905007	125.27107167138853	1805.531521684696	8.163150519999135	66.63702641216216	3259944.075797053	1863.887504519984	2110.6770386760886	1.3448	70.565216	0.275167780504661	0.1193152065456693	-0.0100235947	-0.0001659869	0.0012186116	-0.0091338974	0.0016913457	0.0009808701	0.0054157597	0.0008198675	-0.0050093907	0.0062634931	-0.0098559978	-0.0051172273	0.0237854774	-0.0359429063	0.0089768555	0.0428571636	0.0236620184	0.0543046796	-0.0531314686	0.0055408841	-0.0008368208	-0.036121886	-0.0191861178	0.057306389	0.0231696132	-0.0383662787	-0.0114452711	-0.0238367591	-0.0818678015	0.0203391916	-0.0431285923	0.0721591615	0.0458939156	0.008959769	-0.0300572439	-0.0620868871	-0.0796832699	-0.0787557834	-0.0595200392	-0.0213754192632507	0.0290116468848964	0.0008416756549739	0.0004569085486797	-0.0689030421539484	-0.0561474377336422	0.0047476292180687	0.0031525347640532	-0.0807476362525676	0.0661450024788124	0.004375161352922	0.0065201807603769	0.0011098753193618	0.0014641155985877	2.143634486027819e-06	1.2318232245284577e-06	-0.0014650947657719	-0.0006171952202545	3.809299399050008e-07	2.1465026726922187e-06	-0.0001701871923086	0.000395963049304	2.89636804258844e-08	1.5678673641412193e-07	0.0	0.0	0.0	0.0	0.0	0.0	0.0	0.0	0.0	0.0	0.0	0.0	0.0	0.0	0.0	0.0	0.0	0.0	0.0	0.0	0.0	0.0	0.0	0.0	0.0	0.0	0.0	0.0	0.0	0.0	0.0	0.0	0.0	0.0	0.0	0.0	0.0	0.0	0.0	0.0	0.0	0.0	0.0	0.0	0.0	0.0	0.0	0.0	0.0	0.0	0.0	0.0	0.0	0.0	0.0	0.0	0.0	0.0	0.0	0.0	0.0	0.0	0.0	0.0	0.0	0.0	0.0	0.0	0.0	0.0	0.0	0.0	0.0	0.0	0.0	0.0	0.0	0.0	0.0	0.0	0.0	0.0	0.0	0.0	0.0	0.0	0.0	0.0	0.0	0.0	0.0	0.0	0.0	0.0	0.0	0.0	0.0	0.0	0.0	0.0
1502.979469269573	6.086979052844072	37.05131398976251	2258947.2850458478	1997.8705270501632	-5.9143321363230825	3991486.642855697	34.97932461874396	1793.8157130575587	-11.71580862713722	137.26017178770294	3217774.8124121977	1855.552962603437	2180.9332240099257	1.31062	68.771675	0.2348518035761179	0.1240363292380777	0.0030177127	-0.0603764674	0.0088166704	-0.0113971041	-0.0048907775	-0.0033043379	-0.0050630477	0.0048757486	-0.0005042494	-0.0108707668	-0.0369886124	-0.0464521269	-0.0254039291	0.0114650135	0.0071181164	-0.0194427845	0.0325479475	-0.0338494708	3.42621e-05	-0.0023295233	0.0100085598	0.0298037831	-0.0091211981	-0.0022669603	0.0220192638	-0.0132577756	-0.0376277934	-0.0265419145	0.0215887337	-0.0270523452	-0.0660354576	0.0717551168	0.044469591	0.0064061583	-0.0332099078	-0.064777029	-0.0806444153	-0.0769663555	-0.0546342852	-0.0351082548402956	-0.0137328355770449	0.0001885907729861	0.0012325895579311	-0.0210665783110357	0.0478364638429126	0.0004438007217349	0.0022883272729942	-0.1968074327576729	-0.1160597965051053	0.0134698763648064	0.0387331655886659	0.000797836263311	-0.0003120390560508	9.736837250107433e-08	6.365427030540593e-07	-0.0008486542402312	0.0006164405255407	3.799989215288945e-07	7.202140194623952e-07	-0.0003861617637382	-0.0002159745714296	1.491209077733974e-07	4.664501550419939e-08	0.0	0.0	0.0	0.0	0.0	0.0	0.0	0.0	0.0	0.0	0.0	0.0	0.0	0.0	0.0	0.0	0.0	0.0	0.0	0.0	0.0	0.0	0.0	0.0	0.0	0.0	0.0	0.0	0.0	0.0	0.0	0.0	0.0	0.0	0.0	0.0	0.0	0.0	0.0	0.0	0.0	0.0	0.0	0.0	0.0	0.0	0.0	0.0	0.0	0.0	0.0	0.0	0.0	0.0	0.0	0.0	0.0	0.0	0.0	0.0	0.0	0.0	0.0	0.0	0.0	0.0	0.0	0.0	0.0	0.0	0.0	0.0	0.0	0.0	0.0	0.0	0.0	0.0	0.0	0.0	0.0	0.0	0.0	0.0	0.0	0.0	0.0	0.0	0.0	0.0	0.0	0.0	0.0	0.0	0.0	0.0	0.0	0.0	0.0	0.0
1493.32085687527	-9.658612394302963	93.28879338338282	2230007.1815786907	1994.207406056078	-3.663120994085148	3976863.178368912	13.41845541730736	1798.291628480569	4.475915423010292	20.033818873941403	3233852.781063297	1858.452340844296	2148.271914915605	0.992998	52.105228	0.207839261263617	0.0939469151006123	-0.0045626814	-0.0802995133	0.0087093553	-0.0129235058	-0.0031931421	-0.0030271503	0.0094571573	-0.0035105927	-0.0081456676	0.0048652717	-0.0323381433	-0.0422331539	0.0147181025	-0.0109002377	0.0068895918	0.0447549696	0.0693195018	0.0164458519	-0.0146799954	0.0001306896	-0.006470926	0.0249274212	-0.0136976527	0.0083694381	-0.0068714551	0.0168648977	-0.0106910894	-0.0380740864	-0.0216887579	-0.0023280987	0.01513895	0.0713432033	0.0430257605	0.0038462256	-0.0363043104	-0.0672896215	-0.081287294	-0.0747635377	-0.049365311	-0.0841802504303643	-0.0490719955900686	0.0024080607511917	0.0070863145625188	0.0160063435912434	0.0370729219022791	0.0002562030351609	0.0013744015383724	-0.1260171432825458	0.0707902894751271	0.0050112650839722	0.0158803204010936	0.0014369978946681	0.0006391616313571	4.085275909990695e-07	2.064962949280552e-06	-0.0008480058401492	6.484000819999844e-07	4.2042266633758653e-13	7.191139049271505e-07	-7.890709254457554e-06	0.0003782710544837	6.226329253838208e-11	1.4308899066024244e-07	0.0	0.0	0.0	0.0	0.0	0.0	0.0	0.0	0.0	0.0	0.0	0.0	0.0	0.0	0.0	0.0	0.0	0.0	0.0	0.0	0.0	0.0	0.0	0.0	0.0	0.0	0.0	0.0	0.0	0.0	0.0	0.0	0.0	0.0	0.0	0.0	0.0	0.0	0.0	0.0	0.0	0.0	0.0	0.0	0.0	0.0	0.0	0.0	0.0	0.0	0.0	0.0	0.0	0.0	0.0	0.0	0.0	0.0	0.0	0.0	0.0	0.0	0.0	0.0	0.0	0.0	0.0	0.0	0.0	0.0	0.0	0.0	0.0	0.0	0.0	0.0	0.0	0.0	0.0	0.0	0.0	0.0	0.0	0.0	0.0	0.0	0.0	0.0	0.0	0.0	0.0	0.0	0.0	0.0	0.0	0.0	0.0	0.0	0.0	0.0
1488.729333497259	-4.591523378011061	21.082086930822104	2216315.028415193	2001.6378873028327	7.430481246754653	4006554.231886148	55.21205155837258	1794.349880642361	-3.9417478382079034	15.537376020016673	3219691.494161256	1857.6646358768648	2135.692515834895	1.006431	52.810081	0.4884844721312602	0.1929120529174378	-0.0060702723	-0.037083808	0.0117755262	0.008278049	-0.0069807369	-0.0051666173	-0.0077817778	-0.0002191872	0.0037302896	-0.0064775292	-0.0366795023	-0.0590912217	-0.0405498373	0.0347944644	-0.0048705334	-0.0229566168	0.0235403811	-0.0352190674	0.0083777559	0.0111118652	-0.0008262079	0.0385386701	-0.008176696	0.0018934905	0.0406420412	-0.0078756749	-0.0329910673	-0.0208931974	-0.015189443	0.0096426769	0.0177572325	0.0709234662	0.0415630576	0.0012824971	-0.0393350228	-0.0696177779	-0.0816093689	-0.0721591615	-0.0437500746	0.0489745939081274	0.1331548443384917	0.0177302125708079	0.0023985108484659	-0.0521953754472406	-0.068201719038484	0.0027243572180784	0.0046514744798043	-0.2218425287931182	-0.0958253855105724	0.0091825045082498	0.0492141075813254	-0.0002878490094041	-0.0017248469040722	2.9750968424874534e-06	8.285705221492167e-08	0.0003226352206719	0.0011706410608211	1.37040049328035e-06	1.0409348561800563e-07	-0.0009384532092354	-0.0009305624999809	8.806944259242214e-07	8.659465663707815e-07	0.0	0.0	0.0	0.0	0.0	0.0	0.0	0.0	0.0	0.0	0.0	0.0	0.0	0.0	0.0	0.0	0.0	0.0	0.0	0.0	0.0	0.0	0.0	0.0	0.0	0.0	0.0	0.0	0.0	0.0	0.0	0.0	0.0	0.0	0.0	0.0	0.0	0.0	0.0	0.0	0.0	0.0	0.0	0.0	0.0	0.0	0.0	0.0	0.0	0.0	0.0	0.0	0.0	0.0	0.0	0.0	0.0	0.0	0.0	0.0	0.0	0.0	0.0	0.0	0.0	0.0	0.0	0.0	0.0	0.0	0.0	0.0	0.0	0.0	0.0	0.0	0.0	0.0	0.0	0.0	0.0	0.0	0.0	0.0	0.0	0.0	0.0	0.0	0.0	0.0	0.0	0.0	0.0	0.0	0.0	0.0	0.0	0.0	0.0	0.0
1492.5220495343954	3.7927160371364153	14.384694938351752	2227622.0683463523	2015.88635331166	14.248466008827336	4063797.789468183	203.018783604708	1797.4459123138688	3.096031671507717	9.585412110978869	3230811.8076938363	1859.67916839369	2156.8777137756347	0.976407	51.234627	0.2078291630875074	0.0927197315938144	0.0013629455	-0.0503568423	0.0025432054	0.0014999741	-0.0026933022	-0.0019745017	3.78754e-05	0.00017673	0.0045487392	-0.0099684825	-0.0214572161	-0.0414172495	-0.0252406187	0.036813888	0.0045754275	-0.0398815177	0.0460069987	-0.0700450684	0.0368815805	-0.0101372278	0.00416667	0.0359825831	0.000220586	-0.0162170831	0.0276147674	0.0030052116	-0.0103735565	0.0037604998	0.0049933469	-0.0021805307	0.0052831468	0.0704959515	0.0400821236	-0.0012824971	-0.0422967282	-0.0717551168	-0.0816093689	-0.0691672152	-0.0378279629	0.0132941984956289	-0.0356803954124985	0.0012730906167922	0.0001767357136411	0.0232568529402783	0.0754522283875189	0.0005408812086857	0.0056930387686423	-0.2141970553823782	0.0076454734107399	5.845326367433208e-05	0.0458803785344816	-0.000874044946089	-0.0005861959366849	3.436256761858874e-07	7.63954567783723e-07	-0.0002683542366697	-0.0005909894573416	3.492685386889189e-07	7.201399633857737e-08	-0.0003346172857269	0.0006038359235085	1.1196872790723784e-07	3.6461782251936315e-07	0.0	0.0	0.0	0.0	0.0	0.0	0.0	0.0	0.0	0.0	0.0	0.0	0.0	0.0	0.0	0.0	0.0	0.0	0.0	0.0	0.0	0.0	0.0	0.0	0.0	0.0	0.0	0.0	0.0	0.0	0.0	0.0	0.0	0.0	0.0	0.0	0.0	0.0	0.0	0.0	0.0	0.0	0.0	0.0	0.0	0.0	0.0	0.0	0.0	0.0	0.0	0.0	0.0	0.0	0.0	0.0	0.0	0.0	0.0	0.0	0.0	0.0	0.0	0.0	0.0	0.0	0.0	0.0	0.0	0.0	0.0	0.0	0.0	0.0	0.0	0.0	0.0	0.0	0.0	0.0	0.0	0.0	0.0	0.0	0.0	0.0	0.0	0.0	0.0	0.0	0.0	0.0	0.0	0.0	0.0	0.0	0.0	0.0	0.0	0.0
1487.8980544457556	-4.623995088639731	21.381330579764352	2213840.6204234646	2013.053187116792	-2.833166194868	4052383.134161074	8.026830687742818	1798.632724755442	1.1868124415732382	1.408523771473031	3235079.678561186	1860.6427948997364	2135.641226967898	1.05082	55.139294	0.181076602485339	0.0873970470509401	-0.0034135008	6.83294e-05	0.0032756455	0.0116636913	-0.0009945275	-0.0006200621	0.000127149	-0.0014461319	0.0004483479	-0.0013785087	-0.0075437207	-0.0137392714	-0.0029003293	0.0128993871	0.0054856304	-0.0092093938	0.0364202541	-0.02789714	0.0059355061	-0.0036846436	0.0074271812	0.0065022202	-0.0015488578	0.0144439255	0.0070282426	-0.0192933761	-0.0347762158	0.0164415359	-0.0592208303	0.0544065156	-0.0366070294	0.0700607062	0.0385836084	-0.0038462256	-0.0451842308	-0.0736957799	-0.081287294	-0.0658037687	-0.0316405151	0.0081438159634643	-0.0051503825321645	2.6526440227626227e-05	6.632173844677597e-05	-0.0162993891904932	-0.0395562421307714	0.0002656700879831	0.0015646962915082	-0.1604964893049825	0.0537005660773957	0.0028837507970327	0.0257591230792243	-9.59182668616547e-05	0.0007781266792273	6.05481128925376e-07	9.200313917743604e-09	-0.0004200186439407	-0.000151664407271	2.300209243286376e-08	1.7641566125778452e-07	0.0003889798626749	0.0007235971484018	1.513053335665841e-07	5.235928331752166e-07	0.0	0.0	0.0	0.0	0.0	0.0	0.0	0.0	0.0	0.0	0.0	0.0	0.0	0.0	0.0	0.0	0.0	0.0	0.0	0.0	0.0	0.0	0.0	0.0	0.0	0.0	0.0	0.0	0.0	0.0	0.0	0.0	0.0	0.0	0.0	0.0	0.0	0.0	0.0	0.0	0.0	0.0	0.0	0.0	0.0	0.0	0.0	0.0	0.0	0.0	0.0	0.0	0.0	0.0	0.0	0.0	0.0	0.0	0.0	0.0	0.0	0.0	0.0	0.0	0.0	0.0	0.0	0.0	0.0	0.0	0.0	0.0	0.0	0.0	0.0	0.0	0.0	0.0	0.0	0.0	0.0	0.0	0.0	0.0	0.0	0.0	0.0	0.0	0.0	0.0	0.0	0.0	0.0	0.0	0.0	0.0	0.0	0.0	0.0	0.0
1491.6194900628152	3.721435617059569	13.849083051919536	2224928.703135253	2001.8460643140568	-11.207122802735284	4007387.665209679	125.5996015155892	1797.162165819478	-1.4705589359639362	2.162543584143384	3229791.850252957	1857.7704264835384	2158.210396671296	0.929438	48.770073	0.0789596572832505	0.0401896382451185	-0.0007488217	-0.026718918	0.0055081419	-0.0119891569	-0.0006670945	-0.0010402036	-0.000268737	-0.0042468204	-0.0026183981	-0.0009379538	-0.0164363107	-0.0214836718	0.0118558146	0.0110735954	0.0102939599	0.0048608451	0.0678512139	-0.0351176234	0.0239823502	-0.0151966278	-0.0004917687	0.0378447535	0.0087418486	-0.0217461461	-0.0124570174	0.0236009128	-0.0228656207	0.0231322234	0.0118059071	0.0228720959	-0.0013387767	0.0696177779	0.0370681691	-0.0064061583	-0.0479924649	-0.0754344479	-0.0806444153	-0.0620868871	-0.0252311319	0.0229060915597756	0.0147622755963113	0.0002179247807814	0.0005246890305448	-0.0061043807920242	0.010195008398469	3.7263464854034e-05	0.0001039381962448	-0.153610619296785	0.0068858700081975	4.741520576979404e-05	0.0235962223607418	0.0002352068006306	0.0003311250674922	1.096438103217502e-07	5.5322239062882823e-08	-0.0004158829415739	4.135702366799975e-06	1.7104034066754913e-11	1.7295862109215997e-07	0.0009960491584213	0.0006070692957464	9.921139259917803e-07	3.685331298380301e-07	0.0	0.0	0.0	0.0	0.0	0.0	0.0	0.0	0.0	0.0	0.0	0.0	0.0	0.0	0.0	0.0	0.0	0.0	0.0	0.0	0.0	0.0	0.0	0.0	0.0	0.0	0.0	0.0	0.0	0.0	0.0	0.0	0.0	0.0	0.0	0.0	0.0	0.0	0.0	0.0	0.0	0.0	0.0	0.0	0.0	0.0	0.0	0.0	0.0	0.0	0.0	0.0	0.0	0.0	0.0	0.0	0.0	0.0	0.0	0.0	0.0	0.0	0.0	0.0	0.0	0.0	0.0	0.0	0.0	0.0	0.0	0.0	0.0	0.0	0.0	0.0	0.0	0.0	0.0	0.0	0.0	0.0	0.0	0.0	0.0	0.0	0.0	0.0	0.0	0.0	0.0	0.0	0.0	0.0	0.0	0.0	0.0	0.0	0.0	0.0
1488.0392385569037	-3.5802515059115194	12.818200845581703	2214260.77548501	1994.611065828348	-7.234998485708729	3978473.3039248986	52.3452030882076	1796.8332022903312	-0.3289635291469039	0.1082170035087859	3228609.5568529265	1856.5488652534389	2105.6970749768343	0.918237	48.182316	0.0768686994790649	0.0525027748989136	-0.0126196181	-0.032047896	0.0107378537	-0.0109647291	-0.002450704	-0.0022478103	0.0035398403	-0.0035036405	-0.001931027	0.0001420515	-0.0192951442	-0.0261943537	0.0104166781	0.0074305181	0.0078347936	0.0192573973	0.0542271034	0.0012570389	-0.0022596606	-0.0057746447	-0.0001659974	0.0232135994	-0.0004983312	0.0006109961	0.0007487279	-0.0058266971	-0.0338327018	0.0195846703	-0.05089935	0.0476918446	-0.0197967012	0.0691672152	0.0355364705	-0.008959769	-0.0507165039	-0.0769663555	-0.0796832699	-0.058036534	-0.0186447705	0.008770731697524	-0.0141353598622516	0.0001998083984353	7.692573450995224e-05	-0.0551838262946233	-0.0490794455025991	0.0030452546845151	0.0024087919708425	-0.1536152997729942	-4.680476209217854e-06	2.190685754505433e-11	0.0235976603243468	0.0003486355701206	0.00011342876949	1.2866085748015557e-08	1.215467607533158e-07	-0.0002683245987744	0.0001475583427995	2.1773464529734767e-08	7.199809030744273e-08	0.0010080463188919	1.1997160470599837e-05	1.01615738103151e-06	1.4393185935732324e-10	0.0	0.0	0.0	0.0	0.0	0.0	0.0	0.0	0.0	0.0	0.0	0.0	0.0	0.0	0.0	0.0	0.0	0.0	0.0	0.0	0.0	0.0	0.0	0.0	0.0	0.0	0.0	0.0	0.0	0.0	0.0	0.0	0.0	0.0	0.0	0.0	0.0	0.0	0.0	0.0	0.0	0.0	0.0	0.0	0.0	0.0	0.0	0.0	0.0	0.0	0.0	0.0	0.0	0.0	0.0	0.0	0.0	0.0	0.0	0.0	0.0	0.0	0.0	0.0	0.0	0.0	0.0	0.0	0.0	0.0	0.0	0.0	0.0	0.0	0.0	0.0	0.0	0.0	0.0	0.0	0.0	0.0	0.0	0.0	0.0	0.0	0.0	0.0	0.0	0.0	0.0	0.0	0.0	0.0	0.0	0.0	0.0	0.0	0.0	0.0
1494.6141826746425	6.574944117738824	43.229890151388354	2233871.5550521896	2007.782952996749	13.171887168400872	4031192.386344345	173.49861157708352	1806.953387920673	10.120185630341894	102.41815719257856	3265080.5461179987	1864.392805123509	2145.4884664990686	0.78485	41.183151	0.0650602171993054	0.0355227078672835	-0.004723762	-0.0220371462	0.0024358895	-0.0063825293	0.0052240297	0.0040343115	-0.000488965	-0.0044218473	-0.0024358778	-0.0015799207	-0.0279824481	-0.035357545	0.00483047	0.009198476	0.0134327451	0.0195763639	0.0596165514	9.50111e-05	0.0011004703	-0.006150535	-0.0011388764	0.037948809	-0.0048281167	0.0046702743	0.0147640675	-0.0005283956	-0.0376972466	0.0216076603	-0.0302261602	0.0309075302	-0.0047398513	0.0687090676	0.0339891844	-0.0115045374	-0.0533515689	-0.0782873035	-0.0784076511	-0.0536744641	-0.0119276293	0.0060478240571057	-0.0027229076404183	7.41422601824836e-06	3.657617582570645e-05	-0.0253539300405236	0.0298298962540997	0.0006428217684997	0.0008898227105303	-0.1536837657265266	-6.846595353238172e-05	4.6875867930982525e-09	0.0236186998478859	0.0004802048196558	0.0001315692495352	1.7310467423255727e-08	2.305966688206594e-07	-0.0002681341217682	1.904770061999573e-07	3.6281489890898575e-14	7.189590725640393e-08	0.0015250655393756	0.0005170192204837	2.32582489939099e-06	2.6730887434957295e-07	0.0	0.0	0.0	0.0	0.0	0.0	0.0	0.0	0.0	0.0	0.0	0.0	0.0	0.0	0.0	0.0	0.0	0.0	0.0	0.0	0.0	0.0	0.0	0.0	0.0	0.0	0.0	0.0	0.0	0.0	0.0	0.0	0.0	0.0	0.0	0.0	0.0	0.0	0.0	0.0	0.0	0.0	0.0	0.0	0.0	0.0	0.0	0.0	0.0	0.0	0.0	0.0	0.0	0.0	0.0	0.0	0.0	0.0	0.0	0.0	0.0	0.0	0.0	0.0	0.0	0.0	0.0	0.0	0.0	0.0	0.0	0.0	0.0	0.0	0.0	0.0	0.0	0.0	0.0	0.0	0.0	0.0	0.0	0.0	0.0	0.0	0.0	0.0	0.0	0.0	0.0	0.0	0.0	0.0	0.0	0.0	0.0	0.0	0.0	0.0
1497.8603363306825	3.246153656039951	10.53751355862154	2243585.587152665	2010.9874966778327	3.204543681083805	4044070.711794576	10.269100203974146	1804.7349167000527	-2.2184712206203585	4.921614556720783	3257068.1195563464	1867.326230911524	2146.891914276643	0.7408759999999999	38.875702	0.0932376737912612	0.0444407980613133	-0.0045178686	-0.0113560046	0.0020281868	-0.0121677835	0.0034817513	0.004795033	-0.0097031078	-0.004776629	-0.0010741412	0.000445468	-0.0231944232	-0.0299337386	0.0007990429	0.0150648882	0.0096408389	0.0082159833	0.061971426	-0.0183384275	0.0183355197	-0.0088569042	-0.0054395913	0.0300390149	0.0045982533	-0.010047824	-0.0017918536	0.001592172	-0.0176852298	0.0145401399	-0.0336398675	0.0445922049	0.0111658982	0.0682433853	0.0324269895	-0.0140379523	-0.0558930371	-0.0793936715	-0.0768225931	-0.0490241061	-0.0051268245	-0.0001610609237019	-0.0062088849808076	3.855025270489819e-05	2.5940621143709253e-08	-0.014205449043402	0.0111484809971216	0.0002017947825246	0.0001242886285431	-0.1719217834020412	-0.0182380176755146	0.0003326252887323	0.0295570996081383	2.826868896905067e-05	-0.0004519361306867	2.042462662201106e-07	7.99118776028927e-10	-0.000505985070897	-0.0002378509491287	5.6573074001471e-08	2.560208919706421e-07	0.0010620068164348	-0.0004630587229408	1.1278584781539791e-06	2.144233808915646e-07	0.0	0.0	0.0	0.0	0.0	0.0	0.0	0.0	0.0	0.0	0.0	0.0	0.0	0.0	0.0	0.0	0.0	0.0	0.0	0.0	0.0	0.0	0.0	0.0	0.0	0.0	0.0	0.0	0.0	0.0	0.0	0.0	0.0	0.0	0.0	0.0	0.0	0.0	0.0	0.0	0.0	0.0	0.0	0.0	0.0	0.0	0.0	0.0	0.0	0.0	0.0	0.0	0.0	0.0	0.0	0.0	0.0	0.0	0.0	0.0	0.0	0.0	0.0	0.0	0.0	0.0	0.0	0.0	0.0	0.0	0.0	0.0	0.0	0.0	0.0	0.0	0.0	0.0	0.0	0.0	0.0	0.0	0.0	0.0	0.0	0.0	0.0	0.0	0.0	0.0	0.0	0.0	0.0	0.0	0.0	0.0	0.0	0.0	0.0	0.0
1510.256571381373	12.39623505069062	153.6666434319707	2280874.9114006204	2025.909629145755	14.92213246792221	4104309.82546549	222.6700373902182	1807.738040552384	3.003123852331328	9.018752872441354	3267916.823260173	1869.126546403323	2191.0160845236346	0.8966819999999999	47.05125	0.0801804064700962	0.033448500787717	0.0036064252	-0.0382401487	-0.008339448	-0.0047030257	0.0037560523	0.0055721249	-0.0179136196	-0.0004092029	0.0004251272	-0.0103685034	-0.0199473842	-0.0360955069	-0.0063730855	0.0268530395	0.0087563861	-0.0162077693	0.0603540335	-0.0500920443	0.0237376485	-0.0116906736	0.0046220472	0.036331975	-0.0055099363	-0.0067531619	0.011768768	0.0085481249	-0.0301407809	0.0168746453	0.0014940775	0.002798937	-0.0307642354	0.0677702193	0.0308505711	-0.0165575133	-0.05833645	-0.080282427	-0.0749343514	-0.0441104375	0.0017099414	-0.0032695568665133	-0.0031084959428114	9.662747026474936e-06	1.069000210336427e-05	-0.0265143458596952	-0.0123088968162932	0.0007030105363675	0.0001515089408341	-0.1890560231112203	-0.0171342397091791	0.0002935821704116	0.0357421798746302	-0.0003998752068073	-0.0004281438957763	1.8330719549055067e-07	1.5990018101918097e-07	-0.0003716345769591	0.0001343504939379	1.8050055221357708e-08	1.3811225879156925e-07	0.0006719257261128	-0.000390081090322	4.514841814122135e-07	1.521632570268004e-07	0.0	0.0	0.0	0.0	0.0	0.0	0.0	0.0	0.0	0.0	0.0	0.0	0.0	0.0	0.0	0.0	0.0	0.0	0.0	0.0	0.0	0.0	0.0	0.0	0.0	0.0	0.0	0.0	0.0	0.0	0.0	0.0	0.0	0.0	0.0	0.0	0.0	0.0	0.0	0.0	0.0	0.0	0.0	0.0	0.0	0.0	0.0	0.0	0.0	0.0	0.0	0.0	0.0	0.0	0.0	0.0	0.0	0.0	0.0	0.0	0.0	0.0	0.0	0.0	0.0	0.0	0.0	0.0	0.0	0.0	0.0	0.0	0.0	0.0	0.0	0.0	0.0	0.0	0.0	0.0	0.0	0.0	0.0	0.0	0.0	0.0	0.0	0.0	0.0	0.0	0.0	0.0	0.0	0.0	0.0	0.0	0.0	0.0	0.0	0.0
1503.9817277978395	-6.2748435835335385	39.37366199781202	2261961.0375497746	2008.5596315408047	-17.349997604950204	4034311.793455333	301.0224168917778	1791.0595019739917	-16.678538578392363	278.1736491109223	3207894.139611324	1853.9211530325088	2141.215908119895	1.144232	60.040894	0.1235368158518212	0.0587442705789197	-0.0145440243	-0.0502101072	0.0024479831	-0.0001314752	-0.0026391567	-0.0007554708	-0.016461606	-0.0054289432	0.0055317653	-0.0066458478	-0.0186791176	-0.0387883328	-0.0338028627	0.0578363667	0.0032835067	-0.0538710943	0.0452869508	-0.092646166	0.0626451322	-0.0097766613	0.0066132978	0.0560370551	0.0025969978	-0.0213367515	0.0227512263	0.0073707232	-0.0176035591	0.0111522184	0.0001882066	0.0046884685	-0.00914496	0.0672896215	0.0292606206	-0.0190607341	-0.0606775209	-0.0809511339	-0.0727503781	-0.0389598496	0.0085347133	-0.044745623788728	-0.0414760669222147	0.001720264127336	0.0020021708482423	-0.0403689313195201	-0.0138545854598249	0.0016296506158801	0.0001919495382635	-0.2296142640895269	-0.0405582409783066	0.0016449709112543	0.052722710273375	-0.0007069387807114	-0.000307063573904	9.428803841875867e-08	4.997624396737209e-07	-0.0001707536338042	0.0002008809431548	4.035315332280216e-08	2.915680345733884e-08	0.0007169396588833	4.501393277050005e-05	5.140024744797025e-07	2.026254143467098e-09	0.0	0.0	0.0	0.0	0.0	0.0	0.0	0.0	0.0	0.0	0.0	0.0	0.0	0.0	0.0	0.0	0.0	0.0	0.0	0.0	0.0	0.0	0.0	0.0	0.0	0.0	0.0	0.0	0.0	0.0	0.0	0.0	0.0	0.0	0.0	0.0	0.0	0.0	0.0	0.0	0.0	0.0	0.0	0.0	0.0	0.0	0.0	0.0	0.0	0.0	0.0	0.0	0.0	0.0	0.0	0.0	0.0	0.0	0.0	0.0	0.0	0.0	0.0	0.0	0.0	0.0	0.0	0.0	0.0	0.0	0.0	0.0	0.0	0.0	0.0	0.0	0.0	0.0	0.0	0.0	0.0	0.0	0.0	0.0	0.0	0.0	0.0	0.0	0.0	0.0	0.0	0.0	0.0	0.0	0.0	0.0	0.0	0.0	0.0	0.0
1514.583077197135	10.601349399295486	112.38860908594278	2293961.8977319426	2030.8158202352404	22.25618869443565	4124212.895717732	495.3379352023253	1796.3085912459935	5.249089272001811	27.552938185444503	3226724.554984166	1856.4982475069369	2196.755595309084	1.269784	66.628899	0.3239739268473754	0.1618389850938509	0.0058309704	0.0014594033	-0.0054042526	0.0146547983	-0.0023825517	-0.0014118205	-0.0208589103	0.0051281733	0.0103198929	-0.0175141948	-0.0101984146	-0.0327425061	-0.0805627623	0.0727128964	-0.0110051459	-0.1007386583	-0.0479030359	-0.0792274159	0.0413029975	0.0147600708	-0.003106442	0.0136731989	-0.0217384893	0.009865588	0.0368012655	-0.0202519413	-0.0333623908	-0.0161782522	-0.0078656639	-0.0192678779	-0.0233514595	0.0668016447	0.0276578354	-0.0215451443	-0.0629121428	-0.0813979594	-0.0702792922	-0.0336000067	0.0152996203	-0.0004218016123616	0.0443238221763664	0.0019646012123221	1.779166001908455e-07	-0.0637021648700084	-0.0233332335504883	0.0040579658091257	0.0005444397879216	-0.2598452745727826	-0.0302310104832557	0.0009139139948387	0.0675195667178047	-0.0035690903830938	-0.0028621516023824	8.191911795020142e-06	1.273840616269265e-05	-0.0009421973314973	-0.000771443697693	5.951253787104029e-07	8.877358114806329e-07	-0.0001711822537865	-0.0008881219126698	2.9303364011425695e-08	7.887605317642639e-07	0.0	0.0	0.0	0.0	0.0	0.0	0.0	0.0	0.0	0.0	0.0	0.0	0.0	0.0	0.0	0.0	0.0	0.0	0.0	0.0	0.0	0.0	0.0	0.0	0.0	0.0	0.0	0.0	0.0	0.0	0.0	0.0	0.0	0.0	0.0	0.0	0.0	0.0	0.0	0.0	0.0	0.0	0.0	0.0	0.0	0.0	0.0	0.0	0.0	0.0	0.0	0.0	0.0	0.0	0.0	0.0	0.0	0.0	0.0	0.0	0.0	0.0	0.0	0.0	0.0	0.0	0.0	0.0	0.0	0.0	0.0	0.0	0.0	0.0	0.0	0.0	0.0	0.0	0.0	0.0	0.0	0.0	0.0	0.0	0.0	0.0	0.0	0.0	0.0	0.0	0.0	0.0	0.0	0.0	0.0	0.0	0.0	0.0	0.0	0.0
1514.661649832499	0.0785726353640257	0.0061736590280481	2294199.913473308	2044.2945181931125	13.4786979578721	4179140.0771144098	181.67529863954556	1794.5872175689435	-1.7213736770499963	2.963127336040625	3220543.281461843	1854.606746260405	2183.9118456167253	1.100671	57.755123	0.2358616242562748	0.1358952094301153	0.0041128228	0.028067766	-0.0152850658	0.0187320947	-0.0019935052	-0.0015327034	-0.0098921904	0.0042552525	0.010127613	-0.0121304928	0.0046644663	-0.0012048865	-0.0602934742	0.0374582202	-0.0074926378	-0.0613248369	-0.0623429957	-0.0238110218	0.0173527494	0.0028077259	0.0070708477	-0.01878946	-0.0175270998	0.0119323582	0.0332833266	-0.022293809	-0.0258547977	-0.0346177909	-0.0164024182	-0.0145043956	0.0004073003	0.0663063423	0.0260429185	-0.024008292	-0.0650363955	-0.0816216788	-0.0675308461	-0.0280596966	0.0219572114	-0.0004450038680516	-2.320225569000004e-05	5.383446691041394e-10	1.9802844258088584e-07	-0.0355480960347165	0.0281540688352919	0.0012636671316934	0.0007926515919823	-0.1229121125122247	0.1369331620605579	0.018750690871903	0.0151073874022177	-0.0033141988200055	0.0002548915630883	6.496970893359686e-08	1.0983913818525847e-05	-0.0015261753007764	-0.0005839779692791	3.410302686033414e-07	2.329211048699935e-06	0.0004049720359408	0.0005761542897273	1.6400234989403664e-07	3.319537655711696e-07	0.0	0.0	0.0	0.0	0.0	0.0	0.0	0.0	0.0	0.0	0.0	0.0	0.0	0.0	0.0	0.0	0.0	0.0	0.0	0.0	0.0	0.0	0.0	0.0	0.0	0.0	0.0	0.0	0.0	0.0	0.0	0.0	0.0	0.0	0.0	0.0	0.0	0.0	0.0	0.0	0.0	0.0	0.0	0.0	0.0	0.0	0.0	0.0	0.0	0.0	0.0	0.0	0.0	0.0	0.0	0.0	0.0	0.0	0.0	0.0	0.0	0.0	0.0	0.0	0.0	0.0	0.0	0.0	0.0	0.0	0.0	0.0	0.0	0.0	0.0	0.0	0.0	0.0	0.0	0.0	0.0	0.0	0.0	0.0	0.0	0.0	0.0	0.0	0.0	0.0	0.0	0.0	0.0	0.0	0.0	0.0	0.0	0.0	0.0	0.0
1516.9182882057128	2.2566383732137183	5.092416747460657	2301041.09309295	2056.371196891688	12.076678698575734	4228662.499405755	145.84616838863286	1801.4573543711608	6.870136802217303	47.19877968118059	3245248.5996179422	1867.3028761241533	2231.261180877685	1.23862	64.993675	0.2514004117671133	0.1305197574993369	0.0103733256	0.1296925667	-0.0180766684	0.0356036462	0.0024886373	0.0039257844	-0.0198832117	0.0051224904	0.0090805686	-0.0019182411	0.0466405787	0.0603344473	-0.0345890775	0.0098405414	-0.0146822924	-0.0496746654	-0.1059086863	0.0074379306	-0.0104277501	0.0150212333	0.0073283182	-0.0437570745	-0.0306388109	0.0458634905	0.0491010729	-0.0440019819	-0.0454369776	-0.0373212485	-0.0608376752	0.0138524929	0.04432029	0.0658037687	0.0244165784	-0.0264477464	-0.0670465522	-0.0816216788	-0.0645158866	-0.0223686765	0.0284607885	-0.0137660993735408	-0.0133210955054891	0.0001774515854663	0.0001895054919622	-0.083548971373105	-0.0480008753383885	0.0069804306175039	0.0023040840332515	-0.016538108073334	0.1063740044388907	0.0113154288203651	0.0002735090186452	-0.0039895194750862	-0.0006753206550806	4.560579871786256e-07	1.591626564209207e-05	-0.001865631691611	-0.0003394563908346	1.1523064127845277e-07	3.4805816087433213e-06	0.0010642837197124	0.0006593116837716	1.1326998360448625e-06	4.346918963577423e-07	0.0	0.0	0.0	0.0	0.0	0.0	0.0	0.0	0.0	0.0	0.0	0.0	0.0	0.0	0.0	0.0	0.0	0.0	0.0	0.0	0.0	0.0	0.0	0.0	0.0	0.0	0.0	0.0	0.0	0.0	0.0	0.0	0.0	0.0	0.0	0.0	0.0	0.0	0.0	0.0	0.0	0.0	0.0	0.0	0.0	0.0	0.0	0.0	0.0	0.0	0.0	0.0	0.0	0.0	0.0	0.0	0.0	0.0	0.0	0.0	0.0	0.0	0.0	0.0	0.0	0.0	0.0	0.0	0.0	0.0	0.0	0.0	0.0	0.0	0.0	0.0	0.0	0.0	0.0	0.0	0.0	0.0	0.0	0.0	0.0	0.0	0.0	0.0	0.0	0.0	0.0	0.0	0.0	0.0	0.0	0.0	0.0	0.0	0.0	0.0
1504.8210605704198	-12.097227635292938	146.34291646009518	2264486.424336283	2030.1363996674745	-26.234797224213708	4121453.801254816	688.2645853956112	1796.2060973599423	-5.251257011218513	27.57570019787159	3226356.3441930343	1859.6068102935096	2240.5801702586086	1.058334	55.533592	0.1387936090332776	0.0688925610233627	0.0119942003	0.0494332943	-0.0062346103	0.0371771326	0.0004933715	0.0020672646	-0.0195786108	0.0044316348	0.0083170434	-0.0066745857	0.027111962	0.0321403589	-0.0363243202	0.0233187343	-0.014909927	-0.0540547735	-0.0737446666	-0.0198515377	0.0035115075	0.0055093483	0.0207154524	-0.0331219992	-0.025779158	0.0280744764	0.0273359213	-0.0119357949	-0.0448388999	-0.0541501096	-0.029560269	0.0078115211	0.0030226153	0.0652939789	0.0227795284	-0.0288611001	-0.0689390864	-0.0813979594	-0.0612463124	-0.0165575133	0.0347647336	-0.0009288583550102	0.0128372410185306	0.0001647947569678	8.627778436722548e-07	-0.0844813308227117	-0.0009323594496066	0.0071370952575764	8.692941432708951e-07	-0.0559687164946893	-0.0394306084213553	0.0015547728804782	0.0031324972260629	-0.0032897748815117	0.0006997445935744	4.896424962367419e-07	1.082261877102532e-05	-0.0016319756128659	0.000233656078745	5.4595163134536337e-08	2.66334440098903e-06	0.0002858163891563	-0.0007784673305561	8.169100831034554e-08	6.060113847431402e-07	0.0	0.0	0.0	0.0	0.0	0.0	0.0	0.0	0.0	0.0	0.0	0.0	0.0	0.0	0.0	0.0	0.0	0.0	0.0	0.0	0.0	0.0	0.0	0.0	0.0	0.0	0.0	0.0	0.0	0.0	0.0	0.0	0.0	0.0	0.0	0.0	0.0	0.0	0.0	0.0	0.0	0.0	0.0	0.0	0.0	0.0	0.0	0.0	0.0	0.0	0.0	0.0	0.0	0.0	0.0	0.0	0.0	0.0	0.0	0.0	0.0	0.0	0.0	0.0	0.0	0.0	0.0	0.0	0.0	0.0	0.0	0.0	0.0	0.0	0.0	0.0	0.0	0.0	0.0	0.0	0.0	0.0	0.0	0.0	0.0	0.0	0.0	0.0	0.0	0.0	0.0	0.0	0.0	0.0	0.0	0.0	0.0	0.0	0.0	0.0
1500.4793611311238	-4.341699439296008	18.850354021183268	2251438.3131804657	2019.8528388301029	-10.283560837371624	4079805.4905300257	105.75162349592338	1797.6675777076655	1.4614803477231817	2.135924806781072	3231608.719941345	1860.745106733116	2185.078799278086	1.159353	60.834305	0.2215151218856877	0.1226981312018568	0.0007051776	0.1133688347	-0.0052708829	0.017347844	0.0024446359	0.0024690889	-0.006252059	-0.0004914371	0.0019636056	0.0052470156	0.0478123086	0.0692984574	0.0112197385	-0.0139938024	-0.0119230804	0.0122519745	-0.0548384828	0.0525686468	-0.0271165039	0.0104216778	0.0031000281	-0.0455280287	-0.0252785548	0.0481341004	0.0084890302	-0.0276797182	-0.0602364905	-0.0223994313	-0.0683574602	0.036069419	-0.0077987555	0.064777029	0.0211324865	-0.0312459714	-0.0707106781	-0.0809511339	-0.0577350269	-0.010657419	0.040824829	0.0141738207333474	0.0151026790883576	0.0002280909156459	0.000200897194181	-0.1267807998507351	-0.0422994690280233	0.0160733712107921	0.0017892450800527	0.0481789587775125	0.1041476752722018	0.0108467382646039	0.0023212120688852	-0.0028629204284616	0.0004268544530501	1.822047240887e-07	8.196313379702751e-06	-0.0014066964519623	0.0002252791609036	5.0750700337430106e-08	1.978794907963324e-06	0.0008329887451447	0.0005471723559884	6.938702495377419e-07	2.993975871578963e-07	0.0	0.0	0.0	0.0	0.0	0.0	0.0	0.0	0.0	0.0	0.0	0.0	0.0	0.0	0.0	0.0	0.0	0.0	0.0	0.0	0.0	0.0	0.0	0.0	0.0	0.0	0.0	0.0	0.0	0.0	0.0	0.0	0.0	0.0	0.0	0.0	0.0	0.0	0.0	0.0	0.0	0.0	0.0	0.0	0.0	0.0	0.0	0.0	0.0	0.0	0.0	0.0	0.0	0.0	0.0	0.0	0.0	0.0	0.0	0.0	0.0	0.0	0.0	0.0	0.0	0.0	0.0	0.0	0.0	0.0	0.0	0.0	0.0	0.0	0.0	0.0	0.0	0.0	0.0	0.0	0.0	0.0	0.0	0.0	0.0	0.0	0.0	0.0	0.0	0.0	0.0	0.0	0.0	0.0	0.0	0.0	0.0	0.0	0.0	0.0
1498.8871014426277	-1.5922596884961422	2.535290915609832	2246662.542871082	2000.4341179570065	-19.41872087309639	4001736.6602864265	377.0867203472295	1795.5398227789462	-2.127754928719241	4.527341036689024	3223963.255185049	1856.7870448806725	2212.1145862926137	1.157183	60.72047	0.3661768046183077	0.1950390650964136	0.0059462811	0.0995561437	0.0007063894	-0.0118672592	-7.33652e-05	-6.49321e-05	-0.0070384599	-0.0057605753	0.0001088782	0.0214989436	0.0789821247	0.1199932741	0.0397057135	-0.0423334724	-0.016961955	0.0437801685	-0.1023858616	0.0870923622	-0.0192590611	0.0163747837	-0.0101178281	-0.0208972782	0.0084246265	0.0023671187	-0.0836427414	0.0228080004	-0.0230054844	-0.0178220174	-0.0124687157	0.0242333671	0.005499198	0.0642529755	0.0194761753	-0.0336000067	-0.0723582192	-0.080282427	-0.0539958877	-0.0047000831	0.0465985677	-0.0563036312155134	-0.0704774519488607	0.0049670712332039	0.0031700988880525	-0.1932598488162824	-0.0664790489655473	0.0373493691644923	0.0044194639513636	0.2227212606782771	0.1745423019007646	0.0304650151528176	0.049604759958121	-0.0024448447080327	0.0004180757204289	1.7478730801214385e-07	5.977265646395498e-06	-0.0019288357050673	-0.0005221392531049	2.726293996330472e-07	3.720407177142468e-06	0.0006796436826159	-0.0001533450625288	4.619155353197022e-07	2.351470820196158e-08	0.0	0.0	0.0	0.0	0.0	0.0	0.0	0.0	0.0	0.0	0.0	0.0	0.0	0.0	0.0	0.0	0.0	0.0	0.0	0.0	0.0	0.0	0.0	0.0	0.0	0.0	0.0	0.0	0.0	0.0	0.0	0.0	0.0	0.0	0.0	0.0	0.0	0.0	0.0	0.0	0.0	0.0	0.0	0.0	0.0	0.0	0.0	0.0	0.0	0.0	0.0	0.0	0.0	0.0	0.0	0.0	0.0	0.0	0.0	0.0	0.0	0.0	0.0	0.0	0.0	0.0	0.0	0.0	0.0	0.0	0.0	0.0	0.0	0.0	0.0	0.0	0.0	0.0	0.0	0.0	0.0	0.0	0.0	0.0	0.0	0.0	0.0	0.0	0.0	0.0	0.0	0.0	0.0	0.0	0.0	0.0	0.0	0.0	0.0	0.0
1500.820018888807	1.9329174461793173	3.7361698537443737	2252460.729097399	2014.47479479826	14.040676841253571	4058108.698877492	197.14060616051435	1802.593116277711	7.053293498764788	49.74894917971762	3249341.9428517893	1863.6280087872176	2132.736998225884	1.374193	72.107552	0.3871293421104801	0.2061703060127788	-0.0084388957	0.0723345926	-0.0041972113	0.0066440111	0.0040350435	0.004864678	-0.0144322718	-0.0053697473	-0.0022304103	0.0125922863	0.0433871518	0.0615758165	0.051525755	-0.0320845615	0.0001460699	0.0578127121	-0.0170679459	0.0849835648	-0.0370190851	0.012119649	-0.0140223383	-0.0515984574	-0.0097010121	0.0464362399	-0.0138166536	-0.0239908968	-0.001028274	-0.0247252669	-0.0955188419	0.0360055579	0.0284307751	0.0637218759	0.0178113211	-0.0359208828	-0.0738788195	-0.0793936715	-0.0500436514	0.0012824971	0.0520454508	-9.6408870078335e-05	0.056207222345435	0.0031592518437891	9.294670229781275e-09	-0.131939728713391	0.0613201201028913	0.0174080920129632	0.003760157129433	0.0477514096059934	-0.1749698510722837	0.0306144487842571	0.0022801971193593	-0.0013131392835523	0.0011317054244804	1.2807571677983625e-06	1.7243347780082477e-06	-0.0015802187704452	0.000348616934622	1.215337671053095e-07	2.49709136246734e-06	0.0010919642953108	0.0004123206126949	1.1923860222336122e-06	1.7000828765309782e-07	0.0	0.0	0.0	0.0	0.0	0.0	0.0	0.0	0.0	0.0	0.0	0.0	0.0	0.0	0.0	0.0	0.0	0.0	0.0	0.0	0.0	0.0	0.0	0.0	0.0	0.0	0.0	0.0	0.0	0.0	0.0	0.0	0.0	0.0	0.0	0.0	0.0	0.0	0.0	0.0	0.0	0.0	0.0	0.0	0.0	0.0	0.0	0.0	0.0	0.0	0.0	0.0	0.0	0.0	0.0	0.0	0.0	0.0	0.0	0.0	0.0	0.0	0.0	0.0	0.0	0.0	0.0	0.0	0.0	0.0	0.0	0.0	0.0	0.0	0.0	0.0	0.0	0.0	0.0	0.0	0.0	0.0	0.0	0.0	0.0	0.0	0.0	0.0	0.0	0.0	0.0	0.0	0.0	0.0	0.0	0.0	0.0	0.0	0.0	0.0
1492.982924114202	-7.837094774605021	61.42005450614132	2228998.011696593	1997.567849074738	-16.906945723522085	3990277.3116570753	285.8448136981217	1784.971918194111	-17.62119808360012	310.50662190147256	3186124.748741564	1847.5840428734307	2172.5947749484667	0.979027	51.372112	0.3071141085808503	0.151213116875892	-0.0040972122	0.0729449832	0.0045178265	-0.0060409537	-0.0075950611	-0.007132701	0.0003264751	-0.0051536252	0.001752437	0.0136004694	0.0311972037	0.0621108957	0.019015603	-0.0258518757	-0.0066370999	0.0500501685	-0.058116465	0.0891017375	-0.0291999189	0.0110329165	-0.0005810777	-0.0290226001	0.0071510501	0.0151733927	-0.0420698	0.0057951614	-0.0350275887	-0.0155790065	-0.0480576713	0.0336336207	-0.0115746083	0.0631837885	0.0161386543	-0.0382063093	-0.0752698111	-0.0782873035	-0.0458939156	0.0072581889	0.0571272725	0.0383795660814172	0.0384759749514955	0.0014804006484681	0.0014729910925978	-0.1853846844678912	-0.0534449557545002	0.0343674812352595	0.0028563632956004	0.155986970884868	0.1082355612788745	0.011714936725353	0.0243319350858366	-0.0017398972467372	-0.0004267579631848	1.8212235914172441e-07	3.0272424292036886e-06	-0.0006018117040278	0.0009784070664174	9.572803876155025e-07	3.6217732710484433e-07	0.0003579769929935	-0.0007339873023173	1.2814752751266838e-07	5.387373599630277e-07	0.0	0.0	0.0	0.0	0.0	0.0	0.0	0.0	0.0	0.0	0.0	0.0	0.0	0.0	0.0	0.0	0.0	0.0	0.0	0.0	0.0	0.0	0.0	0.0	0.0	0.0	0.0	0.0	0.0	0.0	0.0	0.0	0.0	0.0	0.0	0.0	0.0	0.0	0.0	0.0	0.0	0.0	0.0	0.0	0.0	0.0	0.0	0.0	0.0	0.0	0.0	0.0	0.0	0.0	0.0	0.0	0.0	0.0	0.0	0.0	0.0	0.0	0.0	0.0	0.0	0.0	0.0	0.0	0.0	0.0	0.0	0.0	0.0	0.0	0.0	0.0	0.0	0.0	0.0	0.0	0.0	0.0	0.0	0.0	0.0	0.0	0.0	0.0	0.0	0.0	0.0	0.0	0.0	0.0	0.0	0.0	0.0	0.0	0.0	0.0
1488.7728469328388	-4.210077181363204	17.724749873035137	2216444.58976451	1985.6475115425976	-11.920337532140366	3942796.04009531	142.0944468801543	1788.2261446439302	3.254226449819271	10.589989786703336	3197752.744388094	1847.096709205762	2168.8366944052955	1.064572	55.860928	0.2121152611931762	0.1049285504970862	-0.0023855129	0.1227756063	0.0093039825	-0.0092753431	-0.0042545615	-0.0056901226	-0.001804337	-0.0062846507	-0.00063958	0.0173394364	0.0915035961	0.1188417278	0.0660973775	-0.0426369006	-0.0137380108	0.0539379987	-0.0740187977	0.1011770548	-0.0354390271	0.0235519535	-0.0196740306	-0.0463909866	-0.0101619077	0.0464308388	-0.0212800764	-0.00990576	-0.0041545383	-0.0186713838	-0.077871251	0.0382739021	0.07372641	0.0626387723	0.0144589085	-0.0404540309	-0.076528754	-0.0769663555	-0.0415630576	0.0131948967	0.0618083875	-0.0094088510939513	-0.0477884171753685	0.002283732816127	8.852647890814856e-05	-0.1636694559939684	0.0217152284739227	0.0267876908253615	0.0004715511476746	0.1406456804891931	-0.0153412903956748	0.0002353551910044	0.0197812074402681	-0.0028720345445034	-0.0011321372977662	1.2817348609933538e-06	8.248582424820854e-06	-0.0018652348258754	-0.0012634231218476	1.596237984819136e-06	3.479100955658434e-06	0.0005078230763439	0.0001498460833503	2.578842768673825e-07	2.2453848695455013e-08	0.0	0.0	0.0	0.0	0.0	0.0	0.0	0.0	0.0	0.0	0.0	0.0	0.0	0.0	0.0	0.0	0.0	0.0	0.0	0.0	0.0	0.0	0.0	0.0	0.0	0.0	0.0	0.0	0.0	0.0	0.0	0.0	0.0	0.0	0.0	0.0	0.0	0.0	0.0	0.0	0.0	0.0	0.0	0.0	0.0	0.0	0.0	0.0	0.0	0.0	0.0	0.0	0.0	0.0	0.0	0.0	0.0	0.0	0.0	0.0	0.0	0.0	0.0	0.0	0.0	0.0	0.0	0.0	0.0	0.0	0.0	0.0	0.0	0.0	0.0	0.0	0.0	0.0	0.0	0.0	0.0	0.0	0.0	0.0	0.0	0.0	0.0	0.0	0.0	0.0	0.0	0.0	0.0	0.0	0.0	0.0	0.0	0.0	0.0	0.0
1511.0634243503705	22.29057741753172	496.8698416069752	2283312.672409468	2008.7330229553995	23.085511412801907	4035008.3575115376	532.9408371906071	1790.2857584635417	2.059613819611513	4.242009085934728	3205123.0969573786	1850.8484690783907	2179.170648947629	1.422127	74.622742	0.3573104833249431	0.1941736992844631	-0.0012034475	0.0412218588	-0.0031798268	-0.0152636885	-0.0056647065	-0.0045510229	-0.0013591914	-0.0009944922	4.8801e-05	0.0006191966	-0.0051971684	0.0182719141	-0.0058007965	-0.0079168804	-0.0044820682	0.0298890972	-0.0274892752	0.0547875712	-0.020684039	0.0011178714	0.0061157368	-0.0014012726	0.0082472265	-0.0014393056	-0.024125381	0.0008491636	-0.0529626842	-0.0069114611	0.0200224281	0.004613534	-0.0724225337	0.0620868871	0.0127728206	-0.0426618292	-0.0776534394	-0.0754344479	-0.0370681691	0.0190607341	0.066055961	0.0151566637708668	0.0245655148648181	0.0006034645205735	0.0002297244566631	-0.1187882059877125	0.0448812500062558	0.0141106378817792	0.002014326602124	-0.010064551339461	-0.1507102318286541	0.0227135739778466	0.0001012951936646	-0.0013549437631598	0.0015170907813436	2.301564438837735e-06	1.8358726013256404e-06	-0.0021469879644075	-0.000281753138532	7.938483107268869e-08	4.60955731931066e-06	0.0014520488889725	0.0009442258126286	2.108445975966272e-06	8.915623852341402e-07	0.0	0.0	0.0	0.0	0.0	0.0	0.0	0.0	0.0	0.0	0.0	0.0	0.0	0.0	0.0	0.0	0.0	0.0	0.0	0.0	0.0	0.0	0.0	0.0	0.0	0.0	0.0	0.0	0.0	0.0	0.0	0.0	0.0	0.0	0.0	0.0	0.0	0.0	0.0	0.0	0.0	0.0	0.0	0.0	0.0	0.0	0.0	0.0	0.0	0.0	0.0	0.0	0.0	0.0	0.0	0.0	0.0	0.0	0.0	0.0	0.0	0.0	0.0	0.0	0.0	0.0	0.0	0.0	0.0	0.0	0.0	0.0	0.0	0.0	0.0	0.0	0.0	0.0	0.0	0.0	0.0	0.0	0.0	0.0	0.0	0.0	0.0	0.0	0.0	0.0	0.0	0.0	0.0	0.0	0.0	0.0	0.0	0.0	0.0	0.0
1502.4354466441762	-8.627977706194315	74.44199929858611	2257312.271332885	2039.8165528502643	31.0835298948648	4160851.569281935	966.1858307249536	1791.1925939837072	0.9068355201654869	0.8223506606338089	3208370.908742082	1858.314076382808	2197.152693696456	1.377711	72.29213	0.2804709562644676	0.1522562447896807	0.00867753	-0.02130362	-0.0120423013	0.0219917078	-0.0041546037	-0.0018868394	-0.012751019	-0.0021799278	-0.0006514381	-0.0027177062	0.0403724798	0.027167983	0.0480012453	0.0051390571	-0.0001153924	-0.0068676177	0.0648903407	-0.0388257564	0.0382105515	-0.014493191	-0.0081208819	-0.0091856081	-0.0035370026	-0.0001583038	-0.0010072192	0.0234708207	0.0507482924	-0.051486124	-0.0107270456	-0.0169197276	0.0979840089	0.0615281933	0.0110811301	-0.0448275254	-0.0786418943	-0.0736957799	-0.0324269895	0.0248241955	0.0698401994	-0.0244108032872674	-0.0395674670581342	0.0015655844493965	0.0005958873171296	-0.0058026806264592	0.1129855253612533	3.367110245268493e-05	0.0127657289411584	-0.0462504367292311	-0.0361858853897701	0.0013094183014415	0.0021391028976446	-0.0022743672474734	-0.0009194234843136	8.453395435073607e-07	5.17274637637973e-06	-0.0021921659741133	-4.517800970579985e-05	2.0410525609773453e-09	4.8055916580601125e-06	0.0005820088138857	-0.0008700400750868	3.387342594406394e-07	7.569697322570447e-07	0.0	0.0	0.0	0.0	0.0	0.0	0.0	0.0	0.0	0.0	0.0	0.0	0.0	0.0	0.0	0.0	0.0	0.0	0.0	0.0	0.0	0.0	0.0	0.0	0.0	0.0	0.0	0.0	0.0	0.0	0.0	0.0	0.0	0.0	0.0	0.0	0.0	0.0	0.0	0.0	0.0	0.0	0.0	0.0	0.0	0.0	0.0	0.0	0.0	0.0	0.0	0.0	0.0	0.0	0.0	0.0	0.0	0.0	0.0	0.0	0.0	0.0	0.0	0.0	0.0	0.0	0.0	0.0	0.0	0.0	0.0	0.0	0.0	0.0	0.0	0.0	0.0	0.0	0.0	0.0	0.0	0.0	0.0	0.0	0.0	0.0	0.0	0.0	0.0	0.0	0.0	0.0	0.0	0.0	0.0	0.0	0.0	0.0	0.0	0.0
1509.035912626973	6.600465982796777	43.56615119005743	2277189.385597921	2032.2077621266808	-7.608790723583525	4129868.388447932	57.89369627529069	1793.5150751619258	2.3224811782185952	5.393918823179634	3216696.324833088	1856.2188665356384	2237.7511620608243	0.909546	47.726284	0.066521675244837	0.0337321605749466	0.0147398291	0.0082304612	-0.0125637854	0.0063558009	-0.000730107	0.000198923	-0.0110510787	-0.0006306583	0.0022884397	-0.000336793	0.0343535611	0.0410558967	0.0109341264	0.0115482695	-0.0084346939	-0.0156140294	-0.0086909675	-0.0284036348	0.0301260751	-0.0081850577	0.0045356596	-0.0072248389	0.0200278498	-0.0352563732	-0.0540984618	0.0315472298	0.0120954496	-0.0225945388	0.0332616853	-0.0067297877	0.0053503853	0.0609627523	0.009384579	-0.0469489822	-0.0794923845	-0.0717551168	-0.0276578354	0.0304543249	0.073134559	-0.0362760490336313	-0.0118652457463638	0.0001407840566216	0.0013159517334904	-0.0157817964087314	-0.0099791157822722	0.0002490650978866	9.958275179599412e-05	-0.0461531908369252	9.724589230589858e-05	9.456763570370426e-09	0.0021301170244296	-0.0023801691766427	-0.0001058019291693	1.1194048215945592e-08	5.665205309439989e-06	-0.0026478067748889	-0.0004556408007756	2.076085393314301e-07	7.010880717147558e-06	0.0002518501873527	-0.000330158626533	6.342851686959009e-08	1.0900471867415699e-07	0.0	0.0	0.0	0.0	0.0	0.0	0.0	0.0	0.0	0.0	0.0	0.0	0.0	0.0	0.0	0.0	0.0	0.0	0.0	0.0	0.0	0.0	0.0	0.0	0.0	0.0	0.0	0.0	0.0	0.0	0.0	0.0	0.0	0.0	0.0	0.0	0.0	0.0	0.0	0.0	0.0	0.0	0.0	0.0	0.0	0.0	0.0	0.0	0.0	0.0	0.0	0.0	0.0	0.0	0.0	0.0	0.0	0.0	0.0	0.0	0.0	0.0	0.0	0.0	0.0	0.0	0.0	0.0	0.0	0.0	0.0	0.0	0.0	0.0	0.0	0.0	0.0	0.0	0.0	0.0	0.0	0.0	0.0	0.0	0.0	0.0	0.0	0.0	0.0	0.0	0.0	0.0	0.0	0.0	0.0	0.0	0.0	0.0	0.0	0.0
1503.999070182973	-5.036842444000058	25.36978180568048	2262013.203111247	2021.3065699323824	-10.901192194298346	4085680.249651813	118.8359912570312	1797.4736944736578	3.958619311732036	15.67066685521782	3230911.6823247806	1856.954279056424	2161.167202021859	1.276635	66.988426	0.0650747409962775	0.0322324433635433	0.0007297099	0.0691665935	-0.0020619442	-0.0066926799	0.0049003847	0.0032806266	-0.0037894039	-0.0011898845	-0.0062705522	-0.0003159603	0.0483889882	0.0408752725	0.0671065953	-0.0213258234	0.004682335	0.0257268684	0.0538035017	0.0214209518	-0.0027825278	-0.0036072009	-0.0171627418	-0.0321783445	-0.0194972309	0.0449051698	0.026261894	-0.0205978794	0.0258212402	-0.0393676541	-0.0646577765	-0.0023968439	0.0959997022	0.060390626	0.0076839116	-0.0490241061	-0.0802034182	-0.0696177779	-0.0227795284	0.0359208828	0.0759159322	-0.0258981861720286	0.0103778628616026	0.0001077000375742	0.000670716047001	0.0053988021306565	0.0211805985393879	2.914706444598116e-05	0.0004486177544867	-0.0293024327963777	0.0168507580405475	0.000283948046541	0.0008586325677862	-0.0022569496789144	0.0001232194977283	1.5183044620414614e-08	5.093821853151813e-06	-0.0026475531457994	2.536290895000827e-07	6.432771504064097e-14	7.009537659832299e-06	4.2012883075711856e-05	-0.0002098373042769	1.7650823443334354e-09	4.4031694266233316e-08	0.0	0.0	0.0	0.0	0.0	0.0	0.0	0.0	0.0	0.0	0.0	0.0	0.0	0.0	0.0	0.0	0.0	0.0	0.0	0.0	0.0	0.0	0.0	0.0	0.0	0.0	0.0	0.0	0.0	0.0	0.0	0.0	0.0	0.0	0.0	0.0	0.0	0.0	0.0	0.0	0.0	0.0	0.0	0.0	0.0	0.0	0.0	0.0	0.0	0.0	0.0	0.0	0.0	0.0	0.0	0.0	0.0	0.0	0.0	0.0	0.0	0.0	0.0	0.0	0.0	0.0	0.0	0.0	0.0	0.0	0.0	0.0	0.0	0.0	0.0	0.0	0.0	0.0	0.0	0.0	0.0	0.0	0.0	0.0	0.0	0.0	0.0	0.0	0.0	0.0	0.0	0.0	0.0	0.0	0.0	0.0	0.0	0.0	0.0	0.0
1508.614979405546	4.615909222573009	21.30661795103456	2275919.1560867955	2017.34416565714	-3.962404275242534	4069677.482710902	15.70064764046031	1769.751859642094	-27.72183483156391	768.50012642851	3132021.6447066497	1834.7407801553643	2207.816086942499	2.301179	120.74894	0.7247017455510939	0.3972950208665706	-0.0077996863	0.1007964862	-0.0039669224	-0.0001319073	-0.0257098122	-0.0253506607	-0.0024894726	-0.0061368198	0.0100099071	0.0322462795	-0.0258269642	0.0562041619	-0.0852541924	-0.0113416842	-0.0376562064	0.0657273957	-0.2499236031	0.1621986892	-0.0359801802	0.0347191743	0.0042861793	0.0145608591	0.0869277891	-0.1156043847	-0.2287698136	0.1088111995	-0.0891322697	0.0444505937	0.2038546096	0.0033523283	-0.2678908298	0.0598118772	0.0059798738	-0.0510508491	-0.0807737477	-0.0672896215	-0.0178113211	0.041194508	0.0781648097	0.0549434047608485	0.0808415909328771	0.0065353628245586	0.0030187777267144	-0.3222334375330575	-0.327632239663714	0.1038343882643708	0.1073428844670613	-0.102996058656096	-0.0736936258597183	0.0054307504923521	0.0106081880986899	-0.0050944833400358	-0.0028375336611214	8.051597277997019e-06	2.595376050190232e-05	-0.0030038544514341	-0.0003563013056347	1.26950620396992e-07	9.023141565400458e-06	0.0016988636982153	0.0016568508151395	2.8861378651137656e-06	2.745154623628717e-06	0.0	0.0	0.0	0.0	0.0	0.0	0.0	0.0	0.0	0.0	0.0	1.0	0.0	0.0	0.0	0.0	0.0	0.0	0.0	0.0	0.0	0.0	0.0	0.0	0.0	0.0	0.0	0.0	0.0	0.0	0.0	0.0	0.0	0.0	0.0	0.0	0.0	0.0	0.0	0.0	0.0	0.0	0.0	0.0	0.0	0.0	0.0	0.0	0.0	0.0	0.0	0.0	0.0	0.0	0.0	0.0	0.0	0.0	0.0	0.0	0.0	0.0	0.0	0.0	0.0	0.0	0.0	0.0	0.0	0.0	0.0	0.0	0.0	0.0	0.0	0.0	0.0	0.0	0.0	0.0	0.0	0.0	0.0	0.0	0.0	0.0	0.0	0.0	0.0	0.0	0.0	0.0	0.0	0.0	0.0	0.0	0.0	0.0	0.0	0.0
1485.347502286985	-23.26747711856092	541.3754914627559	2206257.202550185	1985.9632686180405	-31.38089703909941	3944050.104300052	984.760698978558	1760.0805685972557	-9.6712910448382	93.53387047396754	3097883.607953639	1825.526797969636	2267.230063793876	2.407197	126.311974	0.4771771740278743	0.273595128001632	0.0092984293	-0.0163730223	0.0287771648	0.0494875796	-0.0186236904	-0.018723074	-0.0131870355	0.0023002151	0.0191152197	0.0110181825	-0.0210309332	0.011173422	-0.1457303098	0.0703999808	-0.0480271346	-0.0657670595	-0.2335319718	-0.0099066086	0.037965908	0.0334115828	0.0261594864	0.0627691911	0.0480721619	-0.1095086184	-0.0877472069	0.0992139436	-0.0282997999	0.0441678478	0.1960473335	-0.025637335	-0.0678642142	0.0592265694	0.0042732129	-0.0530272111	-0.0812023727	-0.064777029	-0.0127728206	0.0462468756	0.0798654172	0.0238410733749532	-0.0311023313858952	0.000967355017638	0.0005683967796699	-0.0941593341675144	0.2280741033655431	0.0088659802108696	0.0520177966259964	-0.0508431014276951	0.0521529572284008	0.0027199309476674	0.0025850209627868	-0.0063046504204101	-0.0012101670803743	1.4645043624216573e-06	3.974861692357725e-05	-0.0038840414188807	-0.0008801869674466	7.747290976628422e-07	1.50857777435808e-05	0.0004722621050755	-0.0012266015931398	2.230314958903426e-07	1.5045514682930955e-06	0.0	0.0	0.0	0.0	0.0	0.0	0.0	0.0	0.0	0.0	0.0	0.0	1.0	0.0	0.0	0.0	0.0	0.0	0.0	0.0	0.0	0.0	0.0	0.0	0.0	0.0	0.0	0.0	0.0	0.0	0.0	0.0	0.0	0.0	0.0	0.0	0.0	0.0	0.0	0.0	0.0	0.0	0.0	0.0	0.0	0.0	0.0	0.0	0.0	0.0	0.0	0.0	0.0	0.0	0.0	0.0	0.0	0.0	0.0	0.0	0.0	0.0	0.0	0.0	0.0	0.0	0.0	0.0	0.0	0.0	0.0	0.0	0.0	0.0	0.0	0.0	0.0	0.0	0.0	0.0	0.0	0.0	0.0	0.0	0.0	0.0	0.0	0.0	0.0	0.0	0.0	0.0	0.0	0.0	0.0	0.0	0.0	0.0	0.0	0.0
1491.360016085253	6.012513798267946	36.15032217436245	2224154.6975778057	1986.0340763526624	0.0708077346218942	3944331.352433973	0.0050137352822846	1792.0208098582732	31.94024126101749	1020.1790118120042	3211338.582965101	1850.633126746497	2163.323805020072	2.449387	128.525787	0.2053497594867334	0.0988460634088499	-0.0036338809	0.1102541784	0.0197003669	0.0217445807	0.0044196374	0.0015318625	0.0051248395	0.0067631119	0.0130246987	-0.0162357414	0.0517929894	0.0332177955	-0.0546545896	0.0436036688	-0.0067122691	-0.0719036434	-0.1253191279	0.0035601571	-0.006787927	0.0374053172	-0.0042005149	-0.0018574891	-0.0466304766	0.0600889563	0.1210980885	-0.0632244118	0.0224243002	0.0445527337	-0.0522539204	0.0193315605	0.1050719516	0.0586347667	0.0025646777	-0.0549512416	-0.0814885411	-0.0620868871	-0.0076839116	0.0510508491	0.0810058262	0.0428059223232679	0.0189648489483147	0.0003596654956323	0.0018323469859456	-0.1117649957696187	-0.0176056616021042	0.0124914142793828	0.0003099593204478	-0.1036345455607445	-0.0527914441330494	0.0027869365736528	0.010740119033582	-0.0056511521950368	0.0006534982253733	4.27059930566053e-07	3.193552113146924e-05	-0.0048358703893958	-0.0009518289705151	9.059783891118356e-07	2.3385642423035088e-05	-0.0002421667951014	-0.0007144289001769	5.8644756649683444e-08	5.104086534079749e-07	0.0	0.0	0.0	0.0	0.0	0.0	0.0	0.0	0.0	0.0	0.0	0.0	0.0	1.0	0.0	0.0	0.0	0.0	0.0	0.0	0.0	0.0	0.0	0.0	0.0	0.0	0.0	0.0	0.0	0.0	0.0	0.0	0.0	0.0	0.0	0.0	0.0	0.0	0.0	0.0	0.0	0.0	0.0	0.0	0.0	0.0	0.0	0.0	0.0	0.0	0.0	0.0	0.0	0.0	0.0	0.0	0.0	0.0	0.0	0.0	0.0	0.0	0.0	0.0	0.0	0.0	0.0	0.0	0.0	0.0	0.0	0.0	0.0	0.0	0.0	0.0	0.0	0.0	0.0	0.0	0.0	0.0	0.0	0.0	0.0	0.0	0.0	0.0	0.0	0.0	0.0	0.0	0.0	0.0	0.0	0.0	0.0	0.0	0.0	0.0
1476.743118563187	-14.616897522065983	213.6536931705787	2180770.238223727	1981.7217542431024	-4.31232210956	3927221.111240359	18.59612197660001	1765.4203873071915	-26.60042255108169	707.5824798960955	3116709.143919874	1825.256809340316	2102.534736537933	1.401158	73.52243799999998	0.2964307828012713	0.127699417856894	-0.0179749245	0.0774624033	0.0172361478	-0.0056071493	-0.0188326519	-0.019992267	0.0131747933	-0.0010005014	0.0092760502	0.0018488785	0.0021571145	0.0166149937	-0.0626646168	0.0138103762	-0.0185244642	0.0094633209	-0.156511792	0.0784806848	-0.0280068607	0.0169725524	0.0060517349	0.0138221667	0.0167479413	-0.0212321967	0.082407548	-0.0179058875	0.0867473554	0.1067628494	0.0963961667	-0.0142863949	0.0933208341	0.058036534	0.0008550176	-0.0568210419	-0.081631751	-0.0592265694	-0.0025646777	0.0555806262	0.0815780375	0.0748500041469384	0.0320440818236705	0.001026823179922	0.0056025231207966	-0.0668108600534793	0.0449541357161393	0.0044636910210855	0.002020874317985	-0.051014576743718	0.0526199688170265	0.0027688611183048	0.0026024870403406	-0.0039101424129686	0.0017410097820681	3.0311150612571588e-06	1.5289213689695908e-05	-0.0050397867802232	-0.0002039163908274	4.158189444807299e-08	2.5399450790112533e-05	0.0011491589608917	0.001391325755993	1.3205663173976915e-06	1.935787359289771e-06	0.0	0.0	0.0	0.0	0.0	0.0	0.0	0.0	0.0	0.0	0.0	0.0	0.0	0.0	0.0	0.0	0.0	0.0	0.0	0.0	0.0	0.0	0.0	0.0	0.0	0.0	0.0	0.0	0.0	0.0	0.0	0.0	0.0	0.0	0.0	0.0	0.0	0.0	0.0	0.0	0.0	0.0	0.0	0.0	0.0	0.0	0.0	0.0	0.0	0.0	0.0	0.0	0.0	0.0	0.0	0.0	0.0	0.0	0.0	0.0	0.0	0.0	0.0	0.0	0.0	0.0	0.0	0.0	0.0	0.0	0.0	0.0	0.0	0.0	0.0	0.0	0.0	0.0	0.0	0.0	0.0	0.0	0.0	0.0	0.0	0.0	0.0	0.0	0.0	0.0	0.0	0.0	0.0	0.0	0.0	0.0	0.0	0.0	0.0	0.0
1493.1332790932502	16.390160530063213	268.637362201242	2229446.9891357617	1992.6210273066647	10.899273063562305	3970538.558464668	118.79415331409484	1795.7964184361645	30.376031128972954	922.703267148334	3224884.776468156	1855.1665559475607	2167.70241148526	2.011166	105.531197	0.7033715584906659	0.3559183556191201	-0.0025378009	-0.1179639642	0.0104246811	-0.0061331796	-0.0005723177	0.0001770618	0.0047454483	-0.0008891618	-0.0109169412	-0.0179823585	-0.0324652745	-0.0559851376	0.0379245567	0.0028000939	0.0097968947	0.0341488623	0.1048344484	-0.0205530315	0.0043342482	-0.0207566797	0.0075973839	0.0175819216	0.0099617481	-0.031302212	0.0281905189	0.0185315963	0.0927755045	0.0795831021	0.1283176773	-0.0810015402	0.0533313584	0.057431937	-0.0008550176	-0.0586347667	-0.081631751	-0.0562039158	0.0025646777	0.0598118772	0.0815780375	0.0064728526249666	-0.0683771515219718	0.0046754348502586	4.1897821104537e-05	0.014403426371814	0.0812142864252933	0.0002074586912482	0.0065957603195695	-0.2170168115789437	-0.1660022348352257	0.0275567419702894	0.0470962965078907	-0.0006000953475245	0.0033100470654441	1.09564115754551e-05	3.601144261205504e-07	-0.0059548285752191	-0.0009150417949959	8.373014865893186e-07	3.545998336024594e-05	-0.0023813098928318	-0.0035304688537235	5.6706368056986e-06	1.2464210327111724e-05	0.0	0.0	0.0	0.0	0.0	0.0	0.0	0.0	0.0	0.0	0.0	0.0	0.0	0.0	1.0	0.0	0.0	0.0	0.0	0.0	0.0	0.0	0.0	0.0	0.0	0.0	0.0	0.0	0.0	0.0	0.0	0.0	0.0	0.0	0.0	0.0	0.0	0.0	0.0	0.0	0.0	0.0	0.0	0.0	0.0	0.0	0.0	0.0	0.0	0.0	0.0	0.0	0.0	0.0	0.0	0.0	0.0	0.0	0.0	0.0	0.0	0.0	0.0	0.0	0.0	0.0	0.0	0.0	0.0	0.0	0.0	0.0	0.0	0.0	0.0	0.0	0.0	0.0	0.0	0.0	0.0	0.0	0.0	0.0	0.0	0.0	0.0	0.0	0.0	0.0	0.0	0.0	0.0	0.0	0.0	0.0	0.0	0.0	0.0	0.0
1492.0129482566697	-1.1203308365804787	1.2551411833931152	2226102.63776556	1995.179457652418	2.5584303457533224	3980741.068238197	6.545565834071465	1789.7186470227364	-6.077771413428081	36.939305353883576	3203092.835500894	1846.347413416173	2153.618930700692	1.178026	61.81411	0.1741386390175169	0.1018742322909783	-0.0065074493	-0.0573115531	0.0043682161	-0.0108540582	-0.004091153	-0.0058861283	0.0122623081	-0.0002990463	-0.0023381293	-0.0087053789	-0.0123096489	-0.0183228698	0.0193692527	-0.0001639246	0.0030911595	0.031337043	0.0365793038	0.0055354727	-0.0038210915	-0.012686121	0.0075585684	-0.0060288324	0.0218015869	-0.0251196699	-0.0072509668	0.0057399673	0.0659823787	0.0651345168	0.0887263515	-0.0478838429	-0.0033149831	0.0568210419	-0.0025646777	-0.060390626	-0.0814885411	-0.0530272111	0.0076839116	0.0637218759	0.0810058262	0.0108323400300918	0.0043594874051252	1.9005130435445253e-05	0.0001173395905275	-0.04485894197758	-0.059262368349394	0.0020123246753478	0.0035120283023792	-0.144809668953151	0.0722071426257927	0.0052138714461815	0.0209698402223211	-0.0008663579113509	-0.0002662625638264	7.089575289540777e-08	7.505760305602939e-07	-0.0058291678312958	0.0001256607439233	1.5790622563357233e-08	3.3979197605413784e-05	-0.0020070403878374	0.0003742695049944	4.0282111184105015e-06	1.400776623687532e-07	0.0	0.0	0.0	0.0	0.0	0.0	0.0	0.0	0.0	0.0	0.0	0.0	0.0	0.0	0.0	0.0	0.0	0.0	0.0	0.0	0.0	0.0	0.0	0.0	0.0	0.0	0.0	0.0	0.0	0.0	0.0	0.0	0.0	0.0	0.0	0.0	0.0	0.0	0.0	0.0	0.0	0.0	0.0	0.0	0.0	0.0	0.0	0.0	0.0	0.0	0.0	0.0	0.0	0.0	0.0	0.0	0.0	0.0	0.0	0.0	0.0	0.0	0.0	0.0	0.0	0.0	0.0	0.0	0.0	0.0	0.0	0.0	0.0	0.0	0.0	0.0	0.0	0.0	0.0	0.0	0.0	0.0	0.0	0.0	0.0	0.0	0.0	0.0	0.0	0.0	0.0	0.0	0.0	0.0	0.0	0.0	0.0	0.0	0.0	0.0
1495.0507518944544	3.037803637784691	9.228250941737905	2235176.7507401733	2007.313831184484	12.134373532065863	4029308.8168645306	147.24302101570063	1789.557312220386	-0.1613348023504386	0.026028918449455	3202515.373721452	1847.545816032352	2182.178557884152	1.08603	56.986885	0.1967891748386785	0.1050873375353869	0.0020298891	-0.0474718965	0.0053130712	0.0019550115	-0.0015671679	-0.001611386	0.0099587397	0.0049825153	-0.0027153812	-0.0252825441	-0.032060558	-0.055584974	-0.0215977808	0.0303066083	0.0027434006	-0.0168325341	0.030805228	-0.0233659689	0.0079997427	-0.0080255906	0.0030228013	-0.0077098412	0.0037455208	-0.007666465	0.03198466	-0.0144701319	0.0548389996	0.0475988103	0.0817466206	-0.0673059787	0.0219949083	0.0562039158	-0.0042732129	-0.0620868871	-0.0812023727	-0.0497051625	0.0127728206	0.0672896215	0.0798654172	0.0107416915741822	-9.064845590960048e-05	8.217142558794781e-09	0.0001153839378748	-0.0326124549191462	0.0122464870584338	0.0010635722158533	0.0001499764452723	-0.2405035595518612	-0.0956938905987102	0.0091573206979179	0.0578419621571156	-0.0020477607177152	-0.0011814028063642	1.3957125908854431e-06	4.193323957017471e-06	-0.0055237773993987	0.000305390431897	9.326331589429709e-08	3.051211675810787e-05	-0.0017186706515863	0.0002883697362511	2.953828808624077e-06	8.315710478552908e-08	0.0	0.0	0.0	0.0	0.0	0.0	0.0	0.0	0.0	0.0	0.0	0.0	0.0	0.0	0.0	0.0	0.0	0.0	0.0	0.0	0.0	0.0	0.0	0.0	0.0	0.0	0.0	0.0	0.0	0.0	0.0	0.0	0.0	0.0	0.0	0.0	0.0	0.0	0.0	0.0	0.0	0.0	0.0	0.0	0.0	0.0	0.0	0.0	0.0	0.0	0.0	0.0	0.0	0.0	0.0	0.0	0.0	0.0	0.0	0.0	0.0	0.0	0.0	0.0	0.0	0.0	0.0	0.0	0.0	0.0	0.0	0.0	0.0	0.0	0.0	0.0	0.0	0.0	0.0	0.0	0.0	0.0	0.0	0.0	0.0	0.0	0.0	0.0	0.0	0.0	0.0	0.0	0.0	0.0	0.0	0.0	0.0	0.0	0.0	0.0
1489.861396233994	-5.189355660460478	26.929412170753206	2219686.979988306	2005.4516392961327	-1.8621918883511623	4021836.277555546	3.4677586290408686	1777.3411170372597	-12.216195183126274	149.23542475223758	3158941.446311254	1835.3130725312888	2130.003732954372	1.283629	67.355408	0.195543118800795	0.1224961989294148	-0.0091804402	0.0158480784	0.0052507808	-0.0033821454	-0.0102725431	-0.0100735275	0.0190242953	0.0036402346	0.0032099621	-0.0136518058	-0.009456795	-0.0142613886	-0.0405714741	0.0063113174	-0.0049450183	-0.0102672066	-0.0651287242	0.0369471292	-0.0297521991	0.0104882935	0.0118283895	-0.0245153136	-0.0001482018	0.010621639	0.0721581321	-0.0380429191	0.061930025	0.0706652114	0.0456531064	-0.0440367373	0.0490229162	0.0555806262	-0.0059798738	-0.0637218759	-0.0807737477	-0.0462468756	0.0178113211	0.0704959515	0.0781648097	0.0311016295117383	0.0203599379375561	0.0004145270728211	0.0009673113582854	-0.0319143912274597	0.0006980636916865	0.0010185283674193	4.872929176509926e-07	-0.1329115072821238	0.1075920522697373	0.0115760497116139	0.017665468768006	-0.002944979187148	-0.0008972184694328	8.050009818913369e-07	8.672902412734896e-06	-0.0057837835019487	-0.0002600061025499	6.760317336324106e-08	3.345215159741397e-05	-0.0015380339255328	0.0001806367260534	2.3655483560898347e-06	3.2629626799327186e-08	0.0	0.0	0.0	0.0	0.0	0.0	0.0	0.0	0.0	0.0	0.0	0.0	0.0	0.0	0.0	0.0	0.0	0.0	0.0	0.0	0.0	0.0	0.0	0.0	0.0	0.0	0.0	0.0	0.0	0.0	0.0	0.0	0.0	0.0	0.0	0.0	0.0	0.0	0.0	0.0	0.0	0.0	0.0	0.0	0.0	0.0	0.0	0.0	0.0	0.0	0.0	0.0	0.0	0.0	0.0	0.0	0.0	0.0	0.0	0.0	0.0	0.0	0.0	0.0	0.0	0.0	0.0	0.0	0.0	0.0	0.0	0.0	0.0	0.0	0.0	0.0	0.0	0.0	0.0	0.0	0.0	0.0	0.0	0.0	0.0	0.0	0.0	0.0	0.0	0.0	0.0	0.0	0.0	0.0	0.0	0.0	0.0	0.0	0.0	0.0
1506.0686793798911	16.207283145897236	262.6760269712846	2268242.8670090893	2025.056380452989	19.60474115685633	4100853.344013361	384.3458758273367	1801.2370314378004	23.89591440054073	571.0147250379699	3244454.8434228594	1866.0722806147423	2148.729486298561	1.357588	71.236244	0.355039147208913	0.1876310478690915	-0.0100384006	-0.0867700357	-0.0090118134	0.0020222774	0.0022496983	0.0044228232	-0.0018800281	0.001685019	-0.0066404012	-0.0060247276	-0.0145971632	-0.0258562726	0.0382275293	-0.0142075066	0.0184895196	0.0407369079	0.0654295903	0.009778485	-0.0087295073	-0.014075988	0.0163120426	0.0182155725	0.0007187372	-0.0028681735	0.0351899092	-0.0027843553	0.0495893362	0.0546335979	0.0525568263	-0.0247219084	0.0239421872	0.0549512416	-0.0076839116	-0.0652939789	-0.0802034182	-0.0426618292	0.0227795284	0.0733236445	0.0759159322	0.0832454991031994	0.0521438695914611	0.0027189831359713	0.0069298131209407	0.0427839650436681	0.0746983562711278	0.0018304676648578	0.0055798444296083	-0.149983310950553	-0.0170718036684291	0.0002914464804933	0.0224949935636902	0.0002482184782446	0.0031931976653926	1.019651133026875e-05	6.161241294206497e-08	-0.0052276551253558	0.0005561283765929	3.092787712518549e-07	2.7328378109658763e-05	-0.0010648576139604	0.0004731763115723	1.1339217380094363e-06	2.2389582183326085e-07	0.0	0.0	0.0	0.0	0.0	0.0	0.0	0.0	0.0	0.0	0.0	0.0	0.0	0.0	0.0	0.0	0.0	0.0	0.0	0.0	0.0	0.0	0.0	0.0	0.0	0.0	0.0	0.0	0.0	0.0	0.0	0.0	0.0	0.0	0.0	0.0	0.0	0.0	0.0	0.0	0.0	0.0	0.0	0.0	0.0	0.0	0.0	0.0	0.0	0.0	0.0	0.0	0.0	0.0	0.0	0.0	0.0	0.0	0.0	0.0	0.0	0.0	0.0	0.0	0.0	0.0	0.0	0.0	0.0	0.0	0.0	0.0	0.0	0.0	0.0	0.0	0.0	0.0	0.0	0.0	0.0	0.0	0.0	0.0	0.0	0.0	0.0	0.0	0.0	0.0	0.0	0.0	0.0	0.0	0.0	0.0	0.0	0.0	0.0	0.0
1508.7821358326416	2.7134564527505063	7.362845920973361	2276423.533407708	2018.25020551078	-6.806174942209054	4073333.892044306	46.32401734395442	1803.0498024964943	1.8127710586938972	3.2861389112381936	3250988.590282647	1861.7817687219576	2186.834237666564	1.043765	54.769085	0.3528304213465851	0.185829379823744	-0.0021058995	-0.081117039	-0.0056361376	-0.0088066312	0.0078074462	0.0074478477	-0.0103236009	0.0003275767	-0.0091064748	-0.0041680393	-0.0386048644	-0.04141558	0.0172027877	-0.0137693687	0.01504446	0.0499213456	0.0717734146	0.0320406453	-0.0229367183	-0.0048650515	0.0014036294	0.0250457048	-0.0057822004	0.0119551422	-0.0114100616	0.0125954553	-0.0189275667	-0.0427011329	0.007854474	-0.0064107377	-0.026069623	0.054315831	-0.009384579	-0.0668016447	-0.0794923845	-0.0389598496	0.0276578354	0.0757575129	0.073134559	-0.0427192315285651	-0.1259647306317645	0.0158671133631329	0.0018249327423911	0.0266771696123413	-0.0161067954313267	0.0007116713785256	0.0002594288590666	-0.1334041864343333	0.0165791245162197	0.0002748673697243	0.0177966769582063	0.0004941089312452	0.0002458904530006	6.046211487684032e-08	2.441436359362738e-07	-0.0027339831877279	0.0024936719376279	6.218399732512885e-06	7.474664070778809e-06	7.917541075658143e-05	0.0011440330247169	6.26874566847339e-09	1.3088115616430856e-06	0.0	0.0	0.0	0.0	0.0	0.0	0.0	0.0	0.0	0.0	0.0	0.0	0.0	0.0	0.0	0.0	0.0	0.0	0.0	0.0	0.0	0.0	0.0	0.0	0.0	0.0	0.0	0.0	0.0	0.0	0.0	0.0	0.0	0.0	0.0	0.0	0.0	0.0	0.0	0.0	0.0	0.0	0.0	0.0	0.0	0.0	0.0	0.0	0.0	0.0	0.0	0.0	0.0	0.0	0.0	0.0	0.0	0.0	0.0	0.0	0.0	0.0	0.0	0.0	0.0	0.0	0.0	0.0	0.0	0.0	0.0	0.0	0.0	0.0	0.0	0.0	0.0	0.0	0.0	0.0	0.0	0.0	0.0	0.0	0.0	0.0	0.0	0.0	0.0	0.0	0.0	0.0	0.0	0.0	0.0	0.0	0.0	0.0	0.0	0.0
1505.3299117148133	-3.4522241178283366	11.917851359715636	2266018.143103328	2016.202276688588	-2.047928822192034	4065071.620524245	4.194012460764853	1793.195972097022	-9.853830399472372	97.09797354156584	3215551.7943449835	1856.7752558710592	2195.6510069782084	0.882633	46.314056	0.1982084259704591	0.0928880569347597	0.0031046615	-0.0611144494	-0.0042920769	-0.0125897208	0.0022409576	0.003245143	-0.0031125939	5.28109e-05	-0.0075611284	-0.0027695814	-0.0021005294	-0.0044202898	0.046132088	-0.021113891	0.0119570519	0.0449349236	0.0783975048	0.0076104972	-0.0029337732	-0.0116516352	-0.0012543481	0.0117598184	3.94298e-05	-0.0009519044	-0.0047279032	0.0187556824	0.0159730683	-0.0269097383	0.0232169747	-0.0294754534	0.0249915333	0.0536744641	-0.0110811301	-0.0682433853	-0.0786418943	-0.0351510839	0.0324269895	0.0777844842	0.0698401994	0.0165173325378589	0.059236564066424	0.0035089705223955	0.0002728222741662	0.0262087848713434	-0.0004683847409979	0.0006869004044323	2.193842655996705e-07	-0.1159348677259402	0.0174693187083931	0.0003051770961354	0.0134408935546312	0.0001649255397434	-0.0003291833915018	1.0836170524062737e-07	2.7200433659651814e-08	-0.0035906000735743	-0.0008566168858464	7.337924891171848e-07	1.2892408888351767e-05	-0.0011557074809881	-0.0012348828917446	1.3356597816118594e-06	1.5249357563237069e-06	0.0	0.0	0.0	0.0	0.0	0.0	0.0	0.0	0.0	0.0	0.0	0.0	0.0	0.0	0.0	0.0	0.0	0.0	0.0	0.0	0.0	0.0	0.0	0.0	0.0	0.0	0.0	0.0	0.0	0.0	0.0	0.0	0.0	0.0	0.0	0.0	0.0	0.0	0.0	0.0	0.0	0.0	0.0	0.0	0.0	0.0	0.0	0.0	0.0	0.0	0.0	0.0	0.0	0.0	0.0	0.0	0.0	0.0	0.0	0.0	0.0	0.0	0.0	0.0	0.0	0.0	0.0	0.0	0.0	0.0	0.0	0.0	0.0	0.0	0.0	0.0	0.0	0.0	0.0	0.0	0.0	0.0	0.0	0.0	0.0	0.0	0.0	0.0	0.0	0.0	0.0	0.0	0.0	0.0	0.0	0.0	0.0	0.0	0.0	0.0
1504.30958050925	-1.0203312055632523	1.0410757690461598	2262947.314011916	2033.1707620741445	16.968485385556505	4133783.347753157	287.9294962798447	1796.176461713742	2.9804896167199786	8.883318355375605	3226249.8816144974	1858.33095736948	2217.8746378335086	1.088361	57.109192	0.2054403712069657	0.1256743968408812	0.0133007129	0.0107802971	-0.0125584453	-0.0016670032	0.0045954412	0.0043634674	-0.0054526674	0.0016081367	-0.0027219177	-0.0030065235	0.0158866569	0.0187988512	0.0265708404	-0.006544629	-0.0008263905	0.0067882623	0.036416352	-0.0249513483	0.0186832338	-0.0167678746	0.002671454	-0.0016383593	0.0112543405	-0.0270472628	-0.0360004709	0.0195617039	0.0042245886	-0.0078384721	0.0369012196	-0.0196261827	-0.0050031533	0.0530272111	-0.0127728206	-0.0696177779	-0.0776534394	-0.0312459714	0.0370681691	0.0793936715	0.066055961	0.008854439511964	-0.0076628930258948	5.871992952630869e-05	7.840109907102926e-05	0.0048028128257726	-0.0214059720455708	2.3067011039405783e-05	0.0004582156392157	-0.0634060876853652	0.052528780040575	0.0027592727325511	0.0040203319555642	-0.0018332537342504	-0.0019981792739938	3.992720411018389e-06	3.360819254143036e-06	-0.0036053753848614	-1.477531128710012e-05	2.1830982363070824e-10	1.299873166576449e-05	-0.0006918075443705	0.0004638999366176	4.785976784479413e-07	2.1520315119381333e-07	0.0	0.0	0.0	0.0	0.0	0.0	0.0	0.0	0.0	0.0	0.0	0.0	0.0	0.0	0.0	0.0	0.0	0.0	0.0	0.0	0.0	0.0	0.0	0.0	0.0	0.0	0.0	0.0	0.0	0.0	0.0	0.0	0.0	0.0	0.0	0.0	0.0	0.0	0.0	0.0	0.0	0.0	0.0	0.0	0.0	0.0	0.0	0.0	0.0	0.0	0.0	0.0	0.0	0.0	0.0	0.0	0.0	0.0	0.0	0.0	0.0	0.0	0.0	0.0	0.0	0.0	0.0	0.0	0.0	0.0	0.0	0.0	0.0	0.0	0.0	0.0	0.0	0.0	0.0	0.0	0.0	0.0	0.0	0.0	0.0	0.0	0.0	0.0	0.0	0.0	0.0	0.0	0.0	0.0	0.0	0.0	0.0	0.0	0.0	0.0
1500.3837601751302	-3.9258203341198623	15.412065295788988	2251151.4277972626	2020.511687846124	-12.659074228020472	4082467.480722793	160.2521603105321	1795.1754723182091	-1.0009893955327698	1.0019797699690598	3222654.9764129054	1857.5581626603823	2196.0523472878067	1.007165	52.848614	0.1702419676348718	0.092703331716848	0.0044654884	-0.0360542175	-0.0026223857	0.0135873379	0.0034211086	0.0035527701	0.0037644422	0.0030988468	-0.0031270051	-0.0097538137	0.002659259	-0.00563312	0.0195477965	-0.0033889532	0.0071584123	-0.0021461038	0.0487772559	-0.0258725785	0.002749435	-0.012658081	0.0085686987	-0.0041910872	-0.0077088067	0.0055457879	0.0250865633	-0.0056518484	0.0090369666	-0.0026322951	0.0112922079	-0.0152367764	0.0124866819	0.0523741431	-0.0144589085	-0.0709234662	-0.076528754	-0.0272552159	0.0415630576	0.0805764318	0.0618083875	0.0257418049760929	0.0168873654641289	0.000285183112319	0.0006626405234272	0.0448834145497158	0.0400806017239432	0.0020145209016416	0.0016064546345533	-0.1335463120542499	-0.0701402243688847	0.0049196510745174	0.017834617463291	-0.0012441430235471	0.0005891107107032	3.470514294653471e-07	1.54789186304092e-06	-0.0036804554340881	-7.508004922669991e-05	5.637013791883682e-09	1.3545752202308626e-05	-0.0008902923059988	-0.0001984847616283	7.926203901206609e-07	3.939620059864307e-08	0.0	0.0	0.0	0.0	0.0	0.0	0.0	0.0	0.0	0.0	0.0	0.0	0.0	0.0	0.0	0.0	0.0	0.0	0.0	0.0	0.0	0.0	0.0	0.0	0.0	0.0	0.0	0.0	0.0	0.0	0.0	0.0	0.0	0.0	0.0	0.0	0.0	0.0	0.0	0.0	0.0	0.0	0.0	0.0	0.0	0.0	0.0	0.0	0.0	0.0	0.0	0.0	0.0	0.0	0.0	0.0	0.0	0.0	0.0	0.0	0.0	0.0	0.0	0.0	0.0	0.0	0.0	0.0	0.0	0.0	0.0	0.0	0.0	0.0	0.0	0.0	0.0	0.0	0.0	0.0	0.0	0.0	0.0	0.0	0.0	0.0	0.0	0.0	0.0	0.0	0.0	0.0	0.0	0.0	0.0	0.0	0.0	0.0	0.0	0.0
1500.713235880291	0.329475705160803	0.1085542402912084	2252140.2163462937	2015.5868004907536	-4.924887355370402	4062590.150312553	24.25451546308727	1800.2069472614517	5.031474943242529	25.31574010447741	3240745.052968395	1862.3399494469013	2216.7555707519705	0.752143	39.466911	0.168841066358602	0.06868809125389	0.0082925139	-0.0422776137	-0.005215634	-0.0047613352	0.0067430162	0.0069832093	-0.0006752346	0.002017869	-0.0044520414	-0.003779548	0.0010004393	0.0032215757	0.0258621107	-0.0071990207	0.0047074746	0.0125230202	0.0510819377	-0.0203090365	0.0126807859	-0.0163420318	0.0024848804	0.0037892973	0.009449085	-0.0204008859	-0.0191603433	0.0207179067	0.0072339457	-0.0101942511	0.0428424922	-0.0198747618	-0.0036151749	0.0517153317	-0.0161386543	-0.0721591615	-0.0752698111	-0.0231897558	0.0458939156	0.0813264124	0.0571272725	0.0341490292311448	0.0084072242550519	7.068141967473299e-05	0.0011661561974295	0.0065979819135435	-0.0382854326361723	4.353336533144714e-05	0.0014657743521388	-0.0803012036715671	0.0532451083826828	0.0028350415666836	0.0064482833111025	-0.0007803831171938	0.0004637599063533	2.1507325074082173e-07	6.089978096011121e-07	-0.0040699624451263	-0.0003895070110382	1.517157116479126e-07	1.6564594304738454e-05	-0.0014150914103012	-0.0005247991043024	2.002483699508239e-06	2.7541409987660133e-07	0.0	0.0	0.0	0.0	0.0	0.0	0.0	0.0	0.0	0.0	0.0	0.0	0.0	0.0	0.0	0.0	0.0	0.0	0.0	0.0	0.0	0.0	0.0	0.0	0.0	0.0	0.0	0.0	0.0	0.0	0.0	0.0	0.0	0.0	0.0	0.0	0.0	0.0	0.0	0.0	0.0	0.0	0.0	0.0	0.0	0.0	0.0	0.0	0.0	0.0	0.0	0.0	0.0	0.0	0.0	0.0	0.0	0.0	0.0	0.0	0.0	0.0	0.0	0.0	0.0	0.0	0.0	0.0	0.0	0.0	0.0	0.0	0.0	0.0	0.0	0.0	0.0	0.0	0.0	0.0	0.0	0.0	0.0	0.0	0.0	0.0	0.0	0.0	0.0	0.0	0.0	0.0	0.0	0.0	0.0	0.0	0.0	0.0	0.0	0.0
1491.8892394729305	-8.823996407360482	77.86291259711071	2225733.502855119	2023.3987345635137	7.811934072760096	4094142.439033229	61.02631395715014	1782.1104479667467	-18.096499294704927	327.4832867232559	3175917.6487522386	1849.291381759067	2202.755200570686	0.8360929999999999	43.87199	0.1299548019805534	0.0788874174640372	0.0093253874	-0.0302080138	-0.0045315914	0.0135941874	-0.0048282811	-0.0032421955	0.0046895326	0.000931532	0.0027639562	-0.0054085635	0.0229965055	0.0162899328	0.019735758	0.0071805508	-0.0044936326	-0.0185624534	0.0330075665	-0.0501907874	0.0368531763	-0.0177032049	-0.0072912926	0.0039729899	0.0092111119	-0.0254893461	-0.0116323223	0.0269045107	0.0292883555	-0.016571922	0.0436153015	-0.0250969464	0.026790695	0.0510508491	-0.0178113211	-0.0733236445	-0.0738788195	-0.0190607341	0.0500436514	0.0816395852	0.0520454508	0.0389877702442191	0.0048387410130742	2.3413414591607296e-05	0.001520046228616	-0.0006952850392138	-0.0072932669527573	4.834212857545354e-07	5.319174284418175e-05	-0.1028732179798339	-0.0225720143082668	0.0005094958299326	0.0105828989775264	-0.0022840505223989	-0.0015036674052051	2.2610156654762383e-06	5.216886788870687e-06	-0.0037169533408187	0.0003530091043076	1.246154277240543e-07	1.3815742137823294e-05	-0.0013667523256848	4.833908461639993e-05	1.8680119197648096e-06	2.3366671015514726e-09	0.0	0.0	0.0	0.0	0.0	0.0	0.0	0.0	0.0	0.0	0.0	0.0	0.0	0.0	0.0	0.0	0.0	0.0	0.0	0.0	0.0	0.0	0.0	0.0	0.0	0.0	0.0	0.0	0.0	0.0	0.0	0.0	0.0	0.0	0.0	0.0	0.0	0.0	0.0	0.0	0.0	0.0	0.0	0.0	0.0	0.0	0.0	0.0	0.0	0.0	0.0	0.0	0.0	0.0	0.0	0.0	0.0	0.0	0.0	0.0	0.0	0.0	0.0	0.0	0.0	0.0	0.0	0.0	0.0	0.0	0.0	0.0	0.0	0.0	0.0	0.0	0.0	0.0	0.0	0.0	0.0	0.0	0.0	0.0	0.0	0.0	0.0	0.0	0.0	0.0	0.0	0.0	0.0	0.0	0.0	0.0	0.0	0.0	0.0	0.0
1491.7111565412104	-0.1780829317201551	0.0317135305700454	2225202.174549516	2032.1025178160849	8.703783252571156	4129440.642914472	75.75584290773814	1783.818207882612	1.7077599158651535	2.916443930235757	3182007.3987735333	1852.31777054717	2192.269934840636	0.849063	44.552597	0.0219105787354243	0.010539817909233	0.0039945077	-0.0209288468	-0.0070513874	0.0274076799	-0.0038683787	-0.0010630459	-0.0081149699	0.0008173822	0.0034530122	-0.0045459484	0.0250815466	0.0223944339	0.0173944805	0.0103983303	-0.0051921274	-0.0218841868	0.0271739877	-0.0508847696	0.0296478312	-0.0136028091	-0.0025721559	-0.0005185381	0.0103354834	-0.0135425934	0.0029496382	0.0136812762	0.0297022845	0.0009414701	0.0015507812	0.0031542731	0.0291153576	0.0503807682	-0.0194761753	-0.0744157659	-0.0723582192	-0.0148794683	0.0539958877	0.081514268	0.0465985677	0.0375786029310774	-0.0014091673131417	1.985752516427006e-06	0.0014121513982515	0.0031827391658225	0.0038780242050363	1.0129828597660502e-05	1.5039071734847423e-05	-0.1054270354522302	-0.0025538174723963	6.521983682316639e-06	0.0111148598042458	-0.0023937378543552	-0.0001096873319562	1.2031310791691537e-08	5.729980915373036e-06	-0.0038328144135009	-0.0001158610726822	1.3423788163070077e-08	1.4690466328340248e-05	-0.0014225953159433	-5.584299025849994e-05	2.0237774329438173e-06	3.1184395610109193e-09	0.0	0.0	0.0	0.0	0.0	0.0	0.0	0.0	0.0	0.0	0.0	0.0	0.0	0.0	0.0	0.0	0.0	0.0	0.0	0.0	0.0	0.0	0.0	0.0	0.0	0.0	0.0	0.0	0.0	0.0	0.0	0.0	0.0	0.0	0.0	0.0	0.0	0.0	0.0	0.0	0.0	0.0	0.0	0.0	0.0	0.0	0.0	0.0	0.0	0.0	0.0	0.0	0.0	0.0	0.0	0.0	0.0	0.0	0.0	0.0	0.0	0.0	0.0	0.0	0.0	0.0	0.0	0.0	0.0	0.0	0.0	0.0	0.0	0.0	0.0	0.0	0.0	0.0	0.0	0.0	0.0	0.0	0.0	0.0	0.0	0.0	0.0	0.0	0.0	0.0	0.0	0.0	0.0	0.0	0.0	0.0	0.0	0.0	0.0	0.0
1492.0775661689393	0.366409627728899	0.1342560152924304	2226295.463464625	2019.867802487144	-12.234715328940863	4079865.939524244	149.6882591802206	1787.1346107939369	3.3164029113249853	10.998528270244838	3193850.117097596	1853.101615310016	2174.5312481164933	0.715036	37.519829	0.0920440767799641	0.0629172825696136	0.0030806801	-0.00813657	0.0004075341	0.0142644169	-0.0002253768	0.0011430961	-0.0001655189	0.0004372974	-0.0015258413	-0.0016258954	0.0187638401	0.0179040623	0.0394604916	-0.002599157	0.0001333895	0.001076232	0.0585574395	-0.0440453608	0.0200338332	-0.0212403453	0.0019618063	0.0037469622	0.011149877	-0.0139051495	1.42267e-05	0.0095336905	0.0230039262	0.024951054	-0.0008004258	0.0203321905	0.0274205288	0.0497051625	-0.0211324865	-0.0754344479	-0.0707106781	-0.010657419	0.0577350269	0.0809511339	0.040824829	0.0108980108759766	-0.0266805920551008	0.0007118539924107	0.0001187666410529	0.0025757747613539	-0.0006069644044685	6.63461562122774e-06	3.684057882919221e-07	-0.10706371818884	-0.0016366827366098	2.6787303803165484e-06	0.0114626397524193	-0.0013140057974013	0.0010797320569538	1.1658213148138995e-06	1.7266112356042262e-06	-0.0039000048621467	-6.719044864579972e-05	4.5145563892238494e-09	1.52100379247679e-05	-0.0015380695620193	-0.000115474246076	2.365657977610241e-06	1.3334301506820608e-08	0.0	0.0	0.0	0.0	0.0	0.0	0.0	0.0	0.0	0.0	0.0	0.0	0.0	0.0	0.0	0.0	0.0	0.0	0.0	0.0	0.0	0.0	0.0	0.0	0.0	0.0	0.0	0.0	0.0	0.0	0.0	0.0	0.0	0.0	0.0	0.0	0.0	0.0	0.0	0.0	0.0	0.0	0.0	0.0	0.0	0.0	0.0	0.0	0.0	0.0	0.0	0.0	0.0	0.0	0.0	0.0	0.0	0.0	0.0	0.0	0.0	0.0	0.0	0.0	0.0	0.0	0.0	0.0	0.0	0.0	0.0	0.0	0.0	0.0	0.0	0.0	0.0	0.0	0.0	0.0	0.0	0.0	0.0	0.0	0.0	0.0	0.0	0.0	0.0	0.0	0.0	0.0	0.0	0.0	0.0	0.0	0.0	0.0	0.0	0.0
1485.21932336937	-6.858242799569325	47.035494297844494	2205876.4385097693	2007.284306007096	-12.583496480048098	4029190.2851423887	158.34438366338287	1788.9488397060295	1.8142289120926307	3.2914265454728104	3200337.9510855493	1850.716574488719	2141.9566801874475	0.8295179999999999	43.527016	0.1266101519273786	0.0699213527036399	-0.0037016668	-0.0207943324	0.0008921793	-0.0064482579	0.0006540933	0.0009595826	0.0048351701	-0.0008157395	-0.0024655603	-0.0044592201	-0.0099810127	-0.0122515365	0.0161751217	-0.007923356	0.0080460889	0.0199991027	0.048148267	-0.0005555698	-0.0058727042	-0.0129231599	0.0042284124	-0.0042000419	0.0030518436	0.0033370762	0.0062106872	-0.006036223	-0.0087765859	0.0156932842	-0.0225578774	0.0161810644	-0.0249417031	0.0490241061	-0.0227795284	-0.0763786853	-0.0689390864	-0.0064061583	0.0612463124	0.0799532077	0.0347647336	0.0273492134573416	0.016451202581365	0.0002706420663731	0.0007479794767352	-0.0160198117978751	-0.018595586559229	0.0002566343700393	0.0003457958394817	-0.1148952789841146	-0.0078315607952745	6.133334449008208e-05	0.0132009251328375	-0.0007217533475562	0.0005922524498451	3.507629643475227e-07	5.209278947085808e-07	-0.0040602870311947	-0.0001602821690479	2.569037371473161e-08	1.648593077568787e-05	-0.0006159681410822	0.0009221014209371	3.7941675082826106e-07	8.502710304942188e-07	0.0	0.0	0.0	0.0	0.0	0.0	0.0	0.0	0.0	0.0	0.0	0.0	0.0	0.0	0.0	0.0	0.0	0.0	0.0	0.0	0.0	0.0	0.0	0.0	0.0	0.0	0.0	0.0	0.0	0.0	0.0	0.0	0.0	0.0	0.0	0.0	0.0	0.0	0.0	0.0	0.0	0.0	0.0	0.0	0.0	0.0	0.0	0.0	0.0	0.0	0.0	0.0	0.0	0.0	0.0	0.0	0.0	0.0	0.0	0.0	0.0	0.0	0.0	0.0	0.0	0.0	0.0	0.0	0.0	0.0	0.0	0.0	0.0	0.0	0.0	0.0	0.0	0.0	0.0	0.0	0.0	0.0	0.0	0.0	0.0	0.0	0.0	0.0	0.0	0.0	0.0	0.0	0.0	0.0	0.0	0.0	0.0	0.0	0.0	0.0
1491.817292855688	6.597969486318107	43.53320134238482	2225518.8352632737	2012.690022142628	5.405716135532202	4050921.1252324926	29.22176693795321	1792.8754713792068	3.926631673177326	15.418436296799364	3214402.455873213	1855.5903496345888	2159.194191180576	0.688599	36.132618	0.1223962766382543	0.0540267541464029	0.0019880146	-0.0218417925	-0.000890744	-0.0046719837	0.0038950527	0.0040417759	0.0036556772	0.0008880985	-0.0022030843	-0.0033143218	-0.0082279849	-0.0135794608	0.0241361389	-0.0076902253	0.0077772488	0.0156793362	0.0574603451	-0.0092448627	0.000332022	-0.0125935993	-0.0022822203	0.0034008686	0.0047179857	-0.0046870767	0.006188584	-0.0070409146	0.0090272918	0.0269590862	-0.0153051635	0.0076876024	-0.0136440951	0.0483376736	-0.0244165784	-0.0772475461	-0.0670465522	-0.0021373389	0.0645158866	0.0785258491	0.0284607885	0.0107359749942048	-0.0166132384631368	0.000275999692233	0.0001152611590761	0.0060650049800869	0.022084816777962	3.67842854084789e-05	0.0004877391321161	-0.1502931027550502	-0.0353978237709356	0.0012530059277182	0.02258801673574	-0.0008539343967757	-0.0001321810492195	1.7471829772767882e-08	7.292039539966786e-07	-0.0036645610273333	0.0003957260038613	1.565990701321126e-07	1.3429007523050093e-05	-0.0010540690405257	-0.0004381008994434	1.1110615421947696e-06	1.919323980932036e-07	0.0	0.0	0.0	0.0	0.0	0.0	0.0	0.0	0.0	0.0	0.0	0.0	0.0	0.0	0.0	0.0	0.0	0.0	0.0	0.0	0.0	0.0	0.0	0.0	0.0	0.0	0.0	0.0	0.0	0.0	0.0	0.0	0.0	0.0	0.0	0.0	0.0	0.0	0.0	0.0	0.0	0.0	0.0	0.0	0.0	0.0	0.0	0.0	0.0	0.0	0.0	0.0	0.0	0.0	0.0	0.0	0.0	0.0	0.0	0.0	0.0	0.0	0.0	0.0	0.0	0.0	0.0	0.0	0.0	0.0	0.0	0.0	0.0	0.0	0.0	0.0	0.0	0.0	0.0	0.0	0.0	0.0	0.0	0.0	0.0	0.0	0.0	0.0	0.0	0.0	0.0	0.0	0.0	0.0	0.0	0.0	0.0	0.0	0.0	0.0
1491.5163532035433	-0.3009396521447343	0.0905646742329936	2224621.031873597	2008.515912406052	-4.174109736576156	4034136.1703883153	17.423192092979868	1798.3496416140824	5.474170234875601	29.96653976039799	3234061.4334934987	1856.3436479928807	2154.739928670363	0.694119	36.422264	0.1001633913436149	0.0528789454700638	8.32764e-05	-0.0010016811	0.0001093938	-0.0082968717	0.0066744947	0.0044152801	0.0062319382	0.0009057623	0.0006052345	-0.0057435286	0.0024948095	-0.0015166265	0.0093263601	0.0002844811	0.0039788367	-0.0025287053	0.035406001	-0.0191876272	-0.0013907485	-0.0082242291	-0.0018880161	-0.0085254555	-0.0028625613	0.0092688977	0.0084688091	-0.0119886796	-0.0078646112	-0.0015467818	-0.045189091	0.0164996428	-0.0151861619	0.0476459404	-0.0260429185	-0.0780401729	-0.0650363955	0.0021373389	0.0675308461	0.0766767246	0.0219572114	0.0309427640487882	0.0202067890545834	0.0004083143238964	0.0009574546469789	-0.0031483291088676	-0.0092133340889545	9.911976177743056e-06	8.488552503469106e-05	-0.1205459273459581	0.029747175409092	0.0008848944448192	0.014531320599697	-0.0014511594591524	-0.0005972250623767	3.566777751308532e-07	2.105863775887486e-06	-0.0035698397812251	9.47212461082001e-05	8.972114464290212e-09	1.2743756063617268e-05	-0.0009260934931909	0.0001279755473347	8.576491581305236e-07	1.6377740715641606e-08	0.0	0.0	0.0	0.0	0.0	0.0	0.0	0.0	0.0	0.0	0.0	0.0	0.0	0.0	0.0	0.0	0.0	0.0	0.0	0.0	0.0	0.0	0.0	0.0	0.0	0.0	0.0	0.0	0.0	0.0	0.0	0.0	0.0	0.0	0.0	0.0	0.0	0.0	0.0	0.0	0.0	0.0	0.0	0.0	0.0	0.0	0.0	0.0	0.0	0.0	0.0	0.0	0.0	0.0	0.0	0.0	0.0	0.0	0.0	0.0	0.0	0.0	0.0	0.0	0.0	0.0	0.0	0.0	0.0	0.0	0.0	0.0	0.0	0.0	0.0	0.0	0.0	0.0	0.0	0.0	0.0	0.0	0.0	0.0	0.0	0.0	0.0	0.0	0.0	0.0	0.0	0.0	0.0	0.0	0.0	0.0	0.0	0.0	0.0	0.0
1488.4611385863266	-3.055214617216734	9.334336357254797	2215516.561081704	1999.742806736427	-8.77310566962501	3998971.2930940823	76.96738309040651	1793.4115163428153	-4.938125271267154	24.385081194727302	3216324.866951036	1854.093937179604	2088.7698914996604	1.503259	78.87994399999998	0.5653850849597281	0.3014148306314637	-0.021709085	-0.0966989014	0.0081674696	-0.0293112687	0.0041553539	0.0040595153	0.0193593493	-0.0055015743	-0.0068038548	0.0005747661	-0.0626528153	-0.0891318348	-0.011657994	0.0094301097	0.0259556923	0.0402882929	0.0579674779	0.0264608602	0.0015267114	0.0252539257	-0.0203304374	0.0906719137	-0.0122556601	0.0004131675	0.0497203046	0.0116507992	-0.004662335	0.0366255567	-0.0118862987	0.0489485927	0.096902253	0.0469489822	-0.0276578354	-0.0787557834	-0.0629121428	0.0064061583	0.0702792922	0.0744157659	0.0152996203	0.122480922948057	0.0915381588992688	0.0083792345346677	0.0150015764862078	0.0434202076736482	0.0465685367825158	0.0018853144344227	0.0021686286180645	-0.3393534558370916	-0.2188075284911335	0.0478767345243981	0.1151607679885768	0.001183943891446	0.0026351033505984	6.9437696683349134e-06	1.4017231380922975e-06	-0.0034986921992341	7.11475819909998e-05	5.061978423166039e-09	1.2240847104981545e-05	0.0005370727899559	0.0014631662831468	2.884471817110144e-07	2.1408555721376216e-06	0.0	0.0	0.0	0.0	0.0	0.0	0.0	0.0	0.0	0.0	0.0	0.0	0.0	0.0	0.0	1.0	0.0	0.0	0.0	0.0	0.0	0.0	0.0	0.0	0.0	0.0	0.0	0.0	0.0	0.0	0.0	0.0	0.0	0.0	0.0	0.0	0.0	0.0	0.0	0.0	0.0	0.0	0.0	0.0	0.0	0.0	0.0	0.0	0.0	0.0	0.0	0.0	0.0	0.0	0.0	0.0	0.0	0.0	0.0	0.0	0.0	0.0	0.0	0.0	0.0	0.0	0.0	0.0	0.0	0.0	0.0	0.0	0.0	0.0	0.0	0.0	0.0	0.0	0.0	0.0	0.0	0.0	0.0	0.0	0.0	0.0	0.0	0.0	0.0	0.0	0.0	0.0	0.0	0.0	0.0	0.0	0.0	0.0	0.0	0.0
1487.5653059430224	-0.8958326433041748	0.8025161248093449	2212850.539445358	2003.526635278629	3.7838285422021727	4014118.978270905	14.317358436783818	1786.810442958734	-6.601073384081246	43.57416982202584	3192691.559066388	1846.190000596515	2133.270848118176	1.302698	68.355988	0.4136750974141749	0.2183447646956382	-0.0048062802	-0.0351164557	0.0069429032	-0.0057709618	0.0028655027	0.0011367518	0.0086961702	0.0012149864	0.0058947154	-0.0055521228	-0.0255376742	-0.0407624451	-0.0262588377	0.0259818395	0.0012989486	-0.0277690236	0.0345418004	-0.0439281495	0.0283675603	-0.00563607	-0.0077957804	0.0239237908	0.0044031725	-0.0101202798	0.0078795898	0.0045251425	0.0027284915	-0.0105279503	-0.024464818	0.0146165331	0.0191529672	0.0462468756	-0.0292606206	-0.0793936715	-0.0606775209	0.010657419	0.0727503781	0.0717551168	0.0085347133	0.0656997123585085	-0.0567812105895485	0.0032241058760146	0.0043164522039907	0.0623446688951077	0.0189244612214595	0.0038868577396406	0.0003581352325225	-0.2231375358049447	0.1162159200321469	0.0135061400689183	0.0497903598851029	-0.0012950532156348	-0.0024789971070808	6.145426656914976e-06	1.6771628313260357e-06	-0.0028260235748003	0.0006726686244338	4.52483078297661e-07	7.986409245327066e-06	-0.0007463315899499	-0.0012834043799058	5.570108421571456e-07	1.6471268023613914e-06	0.0	0.0	0.0	0.0	0.0	0.0	0.0	0.0	0.0	0.0	0.0	0.0	0.0	0.0	0.0	0.0	0.0	0.0	0.0	0.0	0.0	0.0	0.0	0.0	0.0	0.0	0.0	0.0	0.0	0.0	0.0	0.0	0.0	0.0	0.0	0.0	0.0	0.0	0.0	0.0	0.0	0.0	0.0	0.0	0.0	0.0	0.0	0.0	0.0	0.0	0.0	0.0	0.0	0.0	0.0	0.0	0.0	0.0	0.0	0.0	0.0	0.0	0.0	0.0	0.0	0.0	0.0	0.0	0.0	0.0	0.0	0.0	0.0	0.0	0.0	0.0	0.0	0.0	0.0	0.0	0.0	0.0	0.0	0.0	0.0	0.0	0.0	0.0	0.0	0.0	0.0	0.0	0.0	0.0	0.0	0.0	0.0	0.0	0.0	0.0
1495.7928994496676	8.227593506645235	67.69329491059084	2237396.398044044	2006.53343104109	3.006795762460797	4026176.409885529	9.040820757152206	1792.736329168336	5.925886209601913	35.11612736915013	3213903.5459199604	1854.601879667575	2161.841968493028	0.90857	47.675053	0.2188398586420752	0.0953234905239819	0.0015995074	-0.0020137875	0.0002470971	-0.0081495769	0.0035676313	0.003190468	0.0086241367	0.0021866407	-0.001334622	-0.0012576714	0.0042896915	0.0019433173	0.0204840495	-0.009606747	0.0056165442	-0.0023332536	0.0428996564	-0.0225922134	0.0024946314	-0.0147630195	0.0001081827	-0.0127581629	0.0035762181	0.0081512308	-0.0002948504	-0.005362388	0.0004491327	-0.0092988525	-0.0444941315	0.017007179	0.0071596104	0.0455396975	-0.0308505711	-0.0799532077	-0.05833645	0.0148794683	0.0749343514	0.0687090676	0.0017099414	0.0229295235339606	-0.0427701888245478	0.0018292890520874	0.0005257630494944	0.0306168545342302	-0.0317278143608775	0.0009373917815702	0.0010066542041183	-0.1510552048556448	0.0720823309492998	0.0051958624350843	0.0228176749139808	-0.0010849858934229	0.0002100673222118	4.412827986127819e-08	1.1771943889266885e-06	-0.0037504401862324	-0.0009244166114321	8.545460714916066e-07	1.406580159050692e-05	-0.0010570381464529	-0.000310706556503	1.1173296430565826e-06	9.653856425395205e-08	0.0	0.0	0.0	0.0	0.0	0.0	0.0	0.0	0.0	0.0	0.0	0.0	0.0	0.0	0.0	0.0	0.0	0.0	0.0	0.0	0.0	0.0	0.0	0.0	0.0	0.0	0.0	0.0	0.0	0.0	0.0	0.0	0.0	0.0	0.0	0.0	0.0	0.0	0.0	0.0	0.0	0.0	0.0	0.0	0.0	0.0	0.0	0.0	0.0	0.0	0.0	0.0	0.0	0.0	0.0	0.0	0.0	0.0	0.0	0.0	0.0	0.0	0.0	0.0	0.0	0.0	0.0	0.0	0.0	0.0	0.0	0.0	0.0	0.0	0.0	0.0	0.0	0.0	0.0	0.0	0.0	0.0	0.0	0.0	0.0	0.0	0.0	0.0	0.0	0.0	0.0	0.0	0.0	0.0	0.0	0.0	0.0	0.0	0.0	0.0
1497.9499553763442	2.157055926676549	4.652890270810423	2243854.068811992	2004.2767094479327	-2.256721593157181	4017125.128035433	5.0927923490218845	1797.806863585904	5.070534417568069	25.71031927974236	3232109.518756585	1855.0679754069831	2172.273434504596	0.656015	34.422836	0.1126172418771334	0.0557766796045203	0.0024537657	0.0006228455	0.000947708	-0.0138148063	0.007422233	0.0055278748	0.0059630225	0.0010678152	-0.000267165	0.0010887839	-0.0134552821	-0.0145713163	0.0056883059	-0.0052014456	0.0060194584	0.0022887721	0.0368877369	-0.0103132808	0.0022992514	-0.0076228597	-0.0016441684	0.002526957	-0.0039486804	0.0091573027	-0.0070454531	-0.0018980769	-0.0304433317	-0.023262186	-0.0463899334	0.020720826	-0.0236966627	0.0448275254	-0.0324269895	-0.0804338397	-0.0558930371	0.0190607341	0.0768225931	0.0652939789	-0.0051268245	0.0424525547036296	0.019523031169669	0.0003811487460518	0.0018022194008646	0.0172826037118198	-0.0133342508224103	0.0002986883910598	0.0001778022449949	-0.1534509592263688	-0.002395754370724	5.739639004843183e-06	0.0235471968874927	-0.0004266374455924	0.0006583484478305	4.334226787608286e-07	1.820195099816081e-07	-0.003210855395991	0.0005395847902414	2.911517458598558e-07	1.030959237396452e-05	-0.0007076872742382	0.0003493508722147	5.008212781186933e-07	1.220460319171717e-07	0.0	0.0	0.0	0.0	0.0	0.0	0.0	0.0	0.0	0.0	0.0	0.0	0.0	0.0	0.0	0.0	0.0	0.0	0.0	0.0	0.0	0.0	0.0	0.0	0.0	0.0	0.0	0.0	0.0	0.0	0.0	0.0	0.0	0.0	0.0	0.0	0.0	0.0	0.0	0.0	0.0	0.0	0.0	0.0	0.0	0.0	0.0	0.0	0.0	0.0	0.0	0.0	0.0	0.0	0.0	0.0	0.0	0.0	0.0	0.0	0.0	0.0	0.0	0.0	0.0	0.0	0.0	0.0	0.0	0.0	0.0	0.0	0.0	0.0	0.0	0.0	0.0	0.0	0.0	0.0	0.0	0.0	0.0	0.0	0.0	0.0	0.0	0.0	0.0	0.0	0.0	0.0	0.0	0.0	0.0	0.0	0.0	0.0	0.0	0.0
1499.8364182378484	1.886462861504242	3.558742127834773	2249509.281472538	2015.2505497027048	10.973840254772083	4061234.778077054	120.42516993725629	1798.883373919104	1.0765103332000765	1.1588744974865393	3235981.392962579	1858.1061601999124	2144.690563122793	0.673294	35.329514	0.063132447851609	0.0300919556801783	-0.0024331167	0.0076005489	-0.0043249392	-0.0108041104	0.0072261982	0.0058772708	0.0087885725	0.000187277	-0.0025838021	0.0006605873	-0.0095190892	-0.0084934727	0.0132596435	-0.0187999083	0.0100303836	0.0133281058	0.0409146875	0.0041384996	-0.011072121	-0.0084906377	0.0008501964	-0.0063706791	-0.0061246348	0.0197944609	-0.0005274878	-0.0080899848	-0.0266246083	-0.0230677591	-0.0632661534	0.0225545032	-0.0159149705	0.0441104375	-0.0339891844	-0.0808350932	-0.0533515689	0.0231897558	0.0784076511	0.0615281933	-0.0119276293	0.0247439113348661	-0.0177086433687635	0.000313596049962	0.0006122611481477	-0.0013293468940958	-0.0186119506059156	1.7671631648421498e-06	0.000346404705357	-0.1568409883342738	-0.0033900291079049	1.149229735244303e-05	0.0245990956216718	-0.0002409614028845	0.0001856760427079	3.4475592835665904e-08	5.8062397680066334e-08	-0.0033224000930367	-0.0001115446970457	1.244221943901702e-08	1.1038342378210273e-05	-0.0008789030298651	-0.0001712157556268	7.724705359060528e-07	2.931483497489033e-08	0.0	0.0	0.0	0.0	0.0	0.0	0.0	0.0	0.0	0.0	0.0	0.0	0.0	0.0	0.0	0.0	0.0	0.0	0.0	0.0	0.0	0.0	0.0	0.0	0.0	0.0	0.0	0.0	0.0	0.0	0.0	0.0	0.0	0.0	0.0	0.0	0.0	0.0	0.0	0.0	0.0	0.0	0.0	0.0	0.0	0.0	0.0	0.0	0.0	0.0	0.0	0.0	0.0	0.0	0.0	0.0	0.0	0.0	0.0	0.0	0.0	0.0	0.0	0.0	0.0	0.0	0.0	0.0	0.0	0.0	0.0	0.0	0.0	0.0	0.0	0.0	0.0	0.0	0.0	0.0	0.0	0.0	0.0	0.0	0.0	0.0	0.0	0.0	0.0	0.0	0.0	0.0	0.0	0.0	0.0	0.0	0.0	0.0	0.0	0.0
1497.9192785730984	-1.9171396647500387	3.67542449415789	2243762.165120952	2011.361829154099	-3.888720548605761	4045576.407778123	15.12214750514869	1796.1600967798477	-2.723277139256425	7.416238377196656	3226191.093264192	1856.70637746662	2179.6651005896656	0.8047109999999998	42.225296	0.139190043667069	0.0769247477620875	0.0044382482	0.014221804	0.0005387305	0.0067718892	0.0047779211	0.0038824436	-0.0007519184	0.0056935999	0.0032107784	-0.0062551576	-0.0147179957	-0.0171522244	-0.0237912774	-0.0013813388	0.0019216184	-0.0227405353	-0.012586908	-0.0069252839	-0.0182271542	0.003657373	0.0067397091	-0.0214331708	-0.0156359963	0.0293879692	0.0277599201	-0.0318458746	-0.0361335717	-0.0210864124	-0.0511953729	0.0105531907	-0.050083721	0.0433885123	-0.0355364705	-0.0811565722	-0.0507165039	0.0272552159	0.0796832699	0.057431937	-0.0186447705	0.0055244131373797	-0.0192194981974864	0.0003693891109631	3.051914051245342e-05	0.0050613244372925	0.0063906713313882	2.561700505953424e-05	4.08406800658283e-05	-0.1696162459225831	-0.0127752575883093	0.0001632072064476	0.0287696708808701	-0.0012808221324282	-0.0010398607295436	1.0813103368471557e-06	1.6405053349179214e-06	-0.0042699672879051	-0.0009475671948684	8.97883588790769e-07	1.823262063977964e-05	-0.0008502386232795	2.866440658560001e-05	7.229057165162194e-07	8.216482049045891e-10	0.0	0.0	0.0	0.0	0.0	0.0	0.0	0.0	0.0	0.0	0.0	0.0	0.0	0.0	0.0	0.0	0.0	0.0	0.0	0.0	0.0	0.0	0.0	0.0	0.0	0.0	0.0	0.0	0.0	0.0	0.0	0.0	0.0	0.0	0.0	0.0	0.0	0.0	0.0	0.0	0.0	0.0	0.0	0.0	0.0	0.0	0.0	0.0	0.0	0.0	0.0	0.0	0.0	0.0	0.0	0.0	0.0	0.0	0.0	0.0	0.0	0.0	0.0	0.0	0.0	0.0	0.0	0.0	0.0	0.0	0.0	0.0	0.0	0.0	0.0	0.0	0.0	0.0	0.0	0.0	0.0	0.0	0.0	0.0	0.0	0.0	0.0	0.0	0.0	0.0	0.0	0.0	0.0	0.0	0.0	0.0	0.0	0.0	0.0	0.0
1499.3924171402828	1.4731385671843782	2.170137238126043	2248177.62057778	2008.7877946684632	-2.5740344856358206	4035228.404008988	6.625653533242463	1796.9940375434028	0.8339407635551197	0.6954571971188961	3229187.5709665404	1856.200079007473	2179.621969357404	0.7342689999999998	38.529022	0.0912456319371711	0.0460967587222729	0.0054083581	-0.0041763439	-0.0008672019	-0.0117211854	0.0040672916	0.0040211664	-0.002092158	0.0026954108	0.002477723	-0.0023074809	-0.0075762884	-0.0113539187	-0.004840145	0.0013310746	0.0034683661	-0.0235063228	0.0128055369	-0.0287829256	0.0032925978	-0.0028047017	0.0024552295	-0.0063555578	-0.0111405095	0.0139339131	0.0099136278	-0.0115514391	-0.0169486433	-0.0090178299	-0.0405085081	0.0122616178	-0.0263578826	0.0426618292	-0.0370681691	-0.0813979594	-0.0479924649	0.0312459714	0.0806444153	0.0530272111	-0.0252311319	0.0429857145097543	0.0374613013723746	0.0014033491005118	0.0018477716519141	0.0058784081636815	0.0008170837263889	3.45556825388373e-05	6.67625815929734e-07	-0.1885854676186156	-0.0189692216960325	0.0003598313717532	0.0355644785969319	-0.0011889923325774	9.182979985080005e-05	8.432712140637996e-09	1.4137027669278464e-06	-0.003862898786529	0.0004070685013761	1.6570476481258425e-07	1.492198703496722e-05	-0.0010313008249001	-0.0001810622016206	1.0635813914396268e-06	3.2783520855698826e-08	0.0	0.0	0.0	0.0	0.0	0.0	0.0	0.0	0.0	0.0	0.0	0.0	0.0	0.0	0.0	0.0	0.0	0.0	0.0	0.0	0.0	0.0	0.0	0.0	0.0	0.0	0.0	0.0	0.0	0.0	0.0	0.0	0.0	0.0	0.0	0.0	0.0	0.0	0.0	0.0	0.0	0.0	0.0	0.0	0.0	0.0	0.0	0.0	0.0	0.0	0.0	0.0	0.0	0.0	0.0	0.0	0.0	0.0	0.0	0.0	0.0	0.0	0.0	0.0	0.0	0.0	0.0	0.0	0.0	0.0	0.0	0.0	0.0	0.0	0.0	0.0	0.0	0.0	0.0	0.0	0.0	0.0	0.0	0.0	0.0	0.0	0.0	0.0	0.0	0.0	0.0	0.0	0.0	0.0	0.0	0.0	0.0	0.0	0.0	0.0
1500.5161928976106	1.1237757573278486	1.2628719527577796	2251548.8451479394	2012.6448317902	3.8570371217367674	4050739.2189318025	14.87673535845544	1797.0712445120523	0.0772069686495342	0.0059609160080501	3229465.0578520964	1855.7225846067183	2158.7173310084777	0.786682	41.279255	0.1847717563545243	0.0868167307350083	-0.0012197464	-0.0286086196	-0.0012541504	-0.0160272015	0.0072964668	0.0061696452	0.0062180359	0.0010778507	-0.0004852202	-0.003427609	-0.0285983458	-0.0377101167	-0.0173593623	0.0030481951	0.0109598164	-0.0082936087	0.0278686583	-0.014877013	0.0030227734	-0.0011940197	-0.0054353855	0.0186446612	-0.0064023326	0.0054315934	0.0007882515	-0.0001377092	-0.0158866674	-0.0064918603	-0.027059025	0.0170736093	-0.022166003	0.0419304676	-0.0385836084	-0.0815590168	-0.0451842308	0.0351510839	0.081287294	0.0483376736	-0.0316405151	0.0557343516812949	0.0127486371715405	0.0001625277497315	0.0031063179573342	0.0553068364438331	0.0494284282801516	0.0030588461574249	0.002443169522246	-0.2295720799927778	-0.0409866123741621	0.0016799023939098	0.0527033399122103	-0.0001078677965193	0.0010811245360581	1.1688302624668418e-06	1.1635461525929107e-08	-0.0035789667257419	0.000283932060787	8.061741514280942e-08	1.2809002823967696e-05	-0.0007641958511719	0.0002671049737282	5.839952989483447e-07	7.134506699034246e-08	0.0	0.0	0.0	0.0	0.0	0.0	0.0	0.0	0.0	0.0	0.0	0.0	0.0	0.0	0.0	0.0	0.0	0.0	0.0	0.0	0.0	0.0	0.0	0.0	0.0	0.0	0.0	0.0	0.0	0.0	0.0	0.0	0.0	0.0	0.0	0.0	0.0	0.0	0.0	0.0	0.0	0.0	0.0	0.0	0.0	0.0	0.0	0.0	0.0	0.0	0.0	0.0	0.0	0.0	0.0	0.0	0.0	0.0	0.0	0.0	0.0	0.0	0.0	0.0	0.0	0.0	0.0	0.0	0.0	0.0	0.0	0.0	0.0	0.0	0.0	0.0	0.0	0.0	0.0	0.0	0.0	0.0	0.0	0.0	0.0	0.0	0.0	0.0	0.0	0.0	0.0	0.0	0.0	0.0	0.0	0.0	0.0	0.0	0.0	0.0
1507.5367212645065	7.02052836689586	49.28781855038945	2272666.9659609385	2015.750113958045	3.105282167844962	4063248.521921871	9.642777341935906	1807.950494541266	10.879250029213608	118.35808119814428	3268684.990712008	1865.8655258678368	2145.272394388372	0.870853	45.695938	0.1658026582453849	0.0861174042358913	-0.0061456942	-0.0136301471	-0.0039783887	-0.0168231365	0.0104381913	0.0085706353	0.0107024426	-0.0014425724	-0.0078558835	0.00433631	-0.0506260739	-0.0518598789	-0.000171255	-0.0189469655	0.0125193825	0.0416123564	0.0445433489	0.0358945659	-0.0258327489	0.0043742227	-0.0086083151	0.028919356	-0.0084707752	0.0056144802	-0.0095144531	-0.00667502	-0.0431721584	-0.00904426	-0.0249758896	0.0134200743	-0.0146798677	0.041194508	-0.0400821236	-0.0816395852	-0.0422967282	0.0389598496	0.0816093689	0.0433885123	-0.0378279629	0.0065340259334476	-0.0492003257478472	0.0024206720536942	4.269349489896578e-05	0.047562338320219	-0.0077444981236141	0.0022621760264869	5.997725118666232e-05	-0.2529252913657913	-0.0233532113730134	0.0005453724814326	0.0639712030124704	0.000560303768571	0.0006681715650903	4.4645324039522105e-07	3.139403130748648e-07	-0.0043808018029718	-0.0008018350772299	6.429394910762802e-07	1.9191424436920976e-05	-0.0010042816688699	-0.000240085817698	1.0085816704281116e-06	5.7641199859717365e-08	0.0	0.0	0.0	0.0	0.0	0.0	0.0	0.0	0.0	0.0	0.0	0.0	0.0	0.0	0.0	0.0	0.0	0.0	0.0	0.0	0.0	0.0	0.0	0.0	0.0	0.0	0.0	0.0	0.0	0.0	0.0	0.0	0.0	0.0	0.0	0.0	0.0	0.0	0.0	0.0	0.0	0.0	0.0	0.0	0.0	0.0	0.0	0.0	0.0	0.0	0.0	0.0	0.0	0.0	0.0	0.0	0.0	0.0	0.0	0.0	0.0	0.0	0.0	0.0	0.0	0.0	0.0	0.0	0.0	0.0	0.0	0.0	0.0	0.0	0.0	0.0	0.0	0.0	0.0	0.0	0.0	0.0	0.0	0.0	0.0	0.0	0.0	0.0	0.0	0.0	0.0	0.0	0.0	0.0	0.0	0.0	0.0	0.0	0.0	0.0
1520.8323014967348	13.295580232228303	176.77245371162002	2312930.8892758554	2036.2483698205103	20.498255862465385	4146307.4235966858	420.1784934030965	1825.148953951322	17.198459410056103	295.7870060793473	3331168.704109605	1886.4316389338496	2145.715210622008	0.846951	44.441757	0.1913837741027288	0.0902885170630005	-0.0109256043	-0.0575341624	-0.01065831	0.0002430578	0.0193224966	0.0200092991	-0.0051718595	-0.0006161673	-0.0094573267	0.0063637018	-0.0736936697	-0.0735912021	-0.0157389359	-0.0193678347	0.0144362592	0.0515518284	0.0360397666	0.0498524054	-0.0334993601	0.015808539	-0.0018155987	0.0651994202	-0.014454514	-0.0012506169	-0.0102412421	0.0138781062	-0.0695960007	-0.0093026819	-0.0066247601	0.0131676527	-0.0153527493	0.0404540309	-0.0415630576	-0.0816395852	-0.0393350228	0.0426618292	0.0816093689	0.0382063093	-0.0437500746	0.0464757577060339	0.0399417317725862	0.0015953419369932	0.0021599960543499	0.0651619017196907	0.0175995633994717	0.0042460734357266	0.000309744631852	-0.2446228025797054	0.0083024887860858	6.893132004308192e-05	0.0598403155419495	0.0018379069870432	0.0012776032184722	1.632269983850524e-06	3.3779020930222136e-06	-0.0039621886282577	0.000418613174714	1.7523699004421757e-07	1.5698938725894636e-05	-0.0018188650785753	-0.0008145834097053	3.308270174060732e-06	6.635461313672753e-07	0.0	0.0	0.0	0.0	0.0	0.0	0.0	0.0	0.0	0.0	0.0	0.0	0.0	0.0	0.0	0.0	0.0	0.0	0.0	0.0	0.0	0.0	0.0	0.0	0.0	0.0	0.0	0.0	0.0	0.0	0.0	0.0	0.0	0.0	0.0	0.0	0.0	0.0	0.0	0.0	0.0	0.0	0.0	0.0	0.0	0.0	0.0	0.0	0.0	0.0	0.0	0.0	0.0	0.0	0.0	0.0	0.0	0.0	0.0	0.0	0.0	0.0	0.0	0.0	0.0	0.0	0.0	0.0	0.0	0.0	0.0	0.0	0.0	0.0	0.0	0.0	0.0	0.0	0.0	0.0	0.0	0.0	0.0	0.0	0.0	0.0	0.0	0.0	0.0	0.0	0.0	0.0	0.0	0.0	0.0	0.0	0.0	0.0	0.0	0.0
1515.966077993604	-4.866223503130868	23.68013118242326	2298153.1496273098	2029.0017924248416	-7.246577395668737	4116848.27366322	52.512883951417095	1835.9304339025773	10.781479951255278	116.24030993931952	3370640.558129706	1894.2230213847508	2138.659837623076	0.690464	36.230469	0.1359991313933569	0.0693504095720881	-0.0108397724	-0.0666830484	-0.0083965753	-0.0012874146	0.0283536029	0.0273244805	0.0018656766	-0.0032792617	-0.0118896382	0.0102928912	-0.0588695727	-0.0609492947	0.0139074495	-0.0300078022	0.0212329225	0.0672686193	0.055923646	0.0592438588	-0.0276014853	0.0157961871	-0.0148480163	0.059469834	-0.0160545623	0.0025699996	-0.0146330887	0.0143010002	-0.0491778973	-0.0220514874	-0.018906839	0.021225697	0.0297653074	0.0397091175	-0.0430257605	-0.0815590168	-0.0363043104	0.0462468756	0.081287294	0.0328188985	-0.049365311	0.0353832191757987	-0.0110925385302351	0.0001230444110447	0.0012519721992426	0.0844021442196947	0.019240242500004	0.0071237219488821	0.0003701869314589	-0.2539755546460682	-0.0093527520663627	8.747397121485356e-05	0.0645035823577779	0.0021197118208744	0.0002818048338311	7.94139643706302e-08	4.4931782035546645e-06	-0.0043816498604687	-0.0004194612322109	1.7594772532797038e-07	1.919885549974538e-05	-0.0005938591786824	0.0012250058998929	3.526687241053347e-07	1.5006394547724136e-06	0.0	0.0	0.0	0.0	0.0	0.0	0.0	0.0	0.0	0.0	0.0	0.0	0.0	0.0	0.0	0.0	0.0	0.0	0.0	0.0	0.0	0.0	0.0	0.0	0.0	0.0	0.0	0.0	0.0	0.0	0.0	0.0	0.0	0.0	0.0	0.0	0.0	0.0	0.0	0.0	0.0	0.0	0.0	0.0	0.0	0.0	0.0	0.0	0.0	0.0	0.0	0.0	0.0	0.0	0.0	0.0	0.0	0.0	0.0	0.0	0.0	0.0	0.0	0.0	0.0	0.0	0.0	0.0	0.0	0.0	0.0	0.0	0.0	0.0	0.0	0.0	0.0	0.0	0.0	0.0	0.0	0.0	0.0	0.0	0.0	0.0	0.0	0.0	0.0	0.0	0.0	0.0	0.0	0.0	0.0	0.0	0.0	0.0	0.0	0.0
1518.2050921954626	2.2390142018587085	5.013184596124989	2304946.701968233	2021.667880287653	-7.33391213718869	4087141.018186772	53.78626723600358	1826.627077490652	-9.30335641192528	86.55244052731119	3336566.4802220403	1884.947693409187	2129.192542321032	0.813245	42.673119	0.1181140753968831	0.0751591195810683	-0.0121604344	-0.0237787437	-0.0087858967	-0.016287055	0.0231338698	0.0218918069	-0.0025200392	-0.002775308	-0.0135975576	0.0178675135	-0.0602723889	-0.0473252374	0.015248323	-0.0420826992	0.015437612	0.0801622971	0.0380517736	0.0878368212	-0.0481160241	0.017650985	-0.0155789527	0.0493103944	-0.0109829043	0.0071959677	-0.0299652124	0.0028746489	-0.0748540803	-0.0230168774	-0.0362885936	0.0358700626	-0.0177127497	0.0389598496	-0.044469591	-0.0813979594	-0.0332099078	0.0497051625	0.0806444153	0.0272552159	-0.0546342852	0.0339564992168703	-0.0014267199589284	2.035529841204661e-06	0.0011530438390653	0.0529519129539579	-0.0314502312657368	0.0028039050854835	0.0009891170466683	-0.1872867289906352	0.0666888256554329	0.0044473994673007	0.0350763188560116	0.0019532617891082	-0.0001664500317661	2.7705613074968913e-08	3.815231616790167e-06	-0.0043817994703752	-1.4960990649993958e-07	2.238312412292065e-14	1.9200166598580382e-05	-0.0007982255073454	-0.000204366328663	6.371639605768212e-07	4.1765596291193346e-08	0.0	0.0	0.0	0.0	0.0	0.0	0.0	0.0	0.0	0.0	0.0	0.0	0.0	0.0	0.0	0.0	0.0	0.0	0.0	0.0	0.0	0.0	0.0	0.0	0.0	0.0	0.0	0.0	0.0	0.0	0.0	0.0	0.0	0.0	0.0	0.0	0.0	0.0	0.0	0.0	0.0	0.0	0.0	0.0	0.0	0.0	0.0	0.0	0.0	0.0	0.0	0.0	0.0	0.0	0.0	0.0	0.0	0.0	0.0	0.0	0.0	0.0	0.0	0.0	0.0	0.0	0.0	0.0	0.0	0.0	0.0	0.0	0.0	0.0	0.0	0.0	0.0	0.0	0.0	0.0	0.0	0.0	0.0	0.0	0.0	0.0	0.0	0.0	0.0	0.0	0.0	0.0	0.0	0.0	0.0	0.0	0.0	0.0	0.0	0.0
1499.5081475934544	-18.696944602008216	349.5757374505642	2248524.684699153	2003.365323030496	-18.30255725715688	4013472.617521084	334.98360215150586	1796.3765321389224	-30.25054535172967	915.0954940770536	3226968.6452194606	1858.5164203019224	2151.4999667704105	1.206871	63.32769	0.1918571734595377	0.0993532154810983	-0.0032226777	-0.0328822546	0.0029729011	-0.0108573672	0.0012332098	0.0012555993	0.0047183374	-0.0014338387	-0.0021589735	0.0115061959	0.0017890829	0.0024172761	0.0262569285	-0.0188116337	0.0061038602	0.0071977548	0.0331999849	-0.0098619012	0.0021925243	-0.0027423163	-0.0093147741	0.0078705892	7.7503e-05	0.0027695505	-0.0143573142	0.0092910735	-0.0099509127	-0.0307881013	-0.0431584621	0.0137015959	0.0084184229	0.0382063093	-0.0458939156	-0.0811565722	-0.0300572439	0.0530272111	0.0796832699	0.0215451443	-0.0595200392	0.0604543516810167	0.0264978524641463	0.0007021361852116	0.003654728637172	-0.0055664695568538	-0.0585183825108117	3.098558332738014e-05	0.0034244010916816	-0.1322091455398606	0.0550775834507746	0.003033540198777	0.01747925816438	0.0010999483677793	-0.0008533134213289	7.281437950200332e-07	1.2098864117803462e-06	-0.0042689156311797	0.0001128838391954	1.2742761151515456e-08	1.8223640666130375e-05	-0.0007291556671937	6.90698401517e-05	5.316679870006899e-07	4.7706428185813895e-09	0.0	0.0	0.0	0.0	0.0	0.0	0.0	0.0	0.0	0.0	0.0	0.0	0.0	0.0	0.0	0.0	0.0	0.0	0.0	0.0	0.0	0.0	0.0	0.0	0.0	0.0	0.0	0.0	0.0	0.0	0.0	0.0	0.0	0.0	0.0	0.0	0.0	0.0	0.0	0.0	0.0	0.0	0.0	0.0	0.0	0.0	0.0	0.0	0.0	0.0	0.0	0.0	0.0	0.0	0.0	0.0	0.0	0.0	0.0	0.0	0.0	0.0	0.0	0.0	0.0	0.0	0.0	0.0	0.0	0.0	0.0	0.0	0.0	0.0	0.0	0.0	0.0	0.0	0.0	0.0	0.0	0.0	0.0	0.0	0.0	0.0	0.0	0.0	0.0	0.0	0.0	0.0	0.0	0.0	0.0	0.0	0.0	0.0	0.0	0.0
1506.0046339741025	6.4964863806480935	42.204335293946166	2268049.9575514705	2032.877720313736	29.512397283240038	4132591.825747973	870.9815934037938	1794.3997739090878	-1.9767582298345587	3.907573099218658	3219870.548604985	1857.0228990223304	2220.2210021517494	1.211885	63.590801	0.309316239690251	0.1725134858587728	0.0185949342	0.0513071379	-0.0108059012	-0.0024633441	-0.0002548521	-0.0003294147	-0.0017461013	0.0011467695	0.0042201288	0.008351536	0.0476771338	0.0517417698	0.0254605985	-0.015433222	-0.008892639	-0.0375551762	-0.0326242702	-0.0343632789	0.0224160541	-0.0040906151	-0.0073874303	-0.0443834841	0.0044135202	-0.0048925414	-0.0291805641	0.0022714806	0.0329973226	-0.0431154615	-0.0228758444	-0.0036302468	0.0159874169	0.0374485793	-0.0472981097	-0.0808350932	-0.0268518493	0.0562039158	0.0784076511	0.0157193527	-0.0639883028	0.0440517430329521	-0.0164026086480646	0.0002690455704615	0.0019405560642412	0.0124458878619435	0.0180123574187973	0.000154900124672	0.0003244450197825	-0.0809683973354964	0.0512407482043641	0.002625614276543	0.0065558813670788	-0.0017588821364735	-0.0028588305042528	8.172911852046318e-06	3.093666370005584e-06	-0.0056391043118599	-0.0013701886806801	1.877417020664145e-06	3.1799497440036914e-05	-0.0004849643437462	0.0002441913234475	2.3519041470518245e-07	5.962940244704157e-08	0.0	0.0	0.0	0.0	0.0	0.0	0.0	0.0	0.0	0.0	0.0	0.0	0.0	0.0	0.0	0.0	0.0	0.0	0.0	0.0	0.0	0.0	0.0	0.0	0.0	0.0	0.0	0.0	0.0	0.0	0.0	0.0	0.0	0.0	0.0	0.0	0.0	0.0	0.0	0.0	0.0	0.0	0.0	0.0	0.0	0.0	0.0	0.0	0.0	0.0	0.0	0.0	0.0	0.0	0.0	0.0	0.0	0.0	0.0	0.0	0.0	0.0	0.0	0.0	0.0	0.0	0.0	0.0	0.0	0.0	0.0	0.0	0.0	0.0	0.0	0.0	0.0	0.0	0.0	0.0	0.0	0.0	0.0	0.0	0.0	0.0	0.0	0.0	0.0	0.0	0.0	0.0	0.0	0.0	0.0	0.0	0.0	0.0	0.0	0.0
1506.6200948663293	0.6154608922267926	0.3787921098605996	2269904.110255027	2022.5523384190813	-10.32538189465481	4090717.961644494	106.61351127046537	1795.7063604892828	1.3065865801950167	1.7071684915457088	3224561.333101666	1856.3873307158424	2184.066626719995	0.902408	47.351704	0.1504820513433987	0.0904768417964486	0.0095373669	0.0595605242	-0.0043317257	-0.0030139644	0.0014102431	0.0012380749	-0.0026878285	0.0038164322	0.0011113173	0.0043198489	0.0319078665	0.042055189	0.0141788089	-0.0269768847	-0.0021720493	-0.0216669953	-0.044933563	-0.0014537197	-0.0154041396	0.003590121	-0.0047086456	-0.0530274251	-0.0041218254	0.0189960499	-0.0015158377	-0.0292632574	0.0093255715	-0.0306966798	-0.0206897519	-0.0178004244	-0.0296682733	0.0366867426	-0.0486815572	-0.0804338397	-0.0235993474	0.0592265694	0.0768225931	0.0098091318	-0.0680077345	0.0342821095238434	-0.0097696335091087	9.544573890229955e-05	0.0011752630334047	0.0214306989491035	0.0089848110871599	0.0004592748574471	8.072683027195324e-05	-0.1181625902995264	-0.0371941929640299	0.0013834079902454	0.0139623977462937	-0.0004242295068902	0.0013346526295833	1.7812976416536172e-06	1.7997067451630226e-07	-0.0061109553081688	-0.0004718509963089	2.2264336271770174e-07	3.734377477843643e-05	-0.0004007996939764	8.416464976979999e-05	1.6064039469157595e-07	7.083688270873094e-09	0.0	0.0	0.0	0.0	0.0	0.0	0.0	0.0	0.0	0.0	0.0	0.0	0.0	0.0	0.0	0.0	0.0	0.0	0.0	0.0	0.0	0.0	0.0	0.0	0.0	0.0	0.0	0.0	0.0	0.0	0.0	0.0	0.0	0.0	0.0	0.0	0.0	0.0	0.0	0.0	0.0	0.0	0.0	0.0	0.0	0.0	0.0	0.0	0.0	0.0	0.0	0.0	0.0	0.0	0.0	0.0	0.0	0.0	0.0	0.0	0.0	0.0	0.0	0.0	0.0	0.0	0.0	0.0	0.0	0.0	0.0	0.0	0.0	0.0	0.0	0.0	0.0	0.0	0.0	0.0	0.0	0.0	0.0	0.0	0.0	0.0	0.0	0.0	0.0	0.0	0.0	0.0	0.0	0.0	0.0	0.0	0.0	0.0	0.0	0.0
1510.8151503311888	4.195055464859479	17.598490353247378	2282562.4184702523	2031.852493479282	9.300155060200725	4128424.555257976	86.4928841437771	1797.9078204293537	2.2014599400708903	4.846425867736928	3232472.530761029	1858.91733110942	2213.3318906122986	0.830967	43.603043	0.116122815453349	0.0570978927539253	0.0148866207	0.0367335216	-0.0084774871	-0.0059135276	0.0008981785	0.0005718797	-0.0032617765	0.0069666727	0.0029278292	-0.0001596456	0.0125873755	0.0144415579	-0.0132944845	-0.0117287497	-0.0057438238	-0.0324864517	-0.0566248091	-0.0003825818	-0.0173091277	0.0111209902	-0.0014581447	-0.0490123926	-0.0050383599	0.0169671658	0.0060332891	-0.0329596013	0.012447457	-0.0316517892	-0.0049512763	-0.0291902059	-0.0460034734	0.0359208828	-0.0500436514	-0.0799532077	-0.0203054443	0.0620868871	0.0749343514	0.0038462256	-0.0715501408	0.0424259607908652	0.0081438512670218	6.63223134593726e-05	0.001799962149028	0.0262176929920769	0.0047869940429734	0.0006873674258267	2.2915311967462835e-05	-0.1580504270903802	-0.0398878367908537	0.0015910395238537	0.0249799375034515	-0.0008871508163857	-0.0004629213094955	2.142961387850285e-07	7.87036571013814e-07	-0.0063211025098905	-0.0002101472017217	4.4161846391460895e-08	3.9956336940543976e-05	-0.0009938138498092	-0.0005930141558328	9.876659680725832e-07	3.516657890180884e-07	0.0	0.0	0.0	0.0	0.0	0.0	0.0	0.0	0.0	0.0	0.0	0.0	0.0	0.0	0.0	0.0	0.0	0.0	0.0	0.0	0.0	0.0	0.0	0.0	0.0	0.0	0.0	0.0	0.0	0.0	0.0	0.0	0.0	0.0	0.0	0.0	0.0	0.0	0.0	0.0	0.0	0.0	0.0	0.0	0.0	0.0	0.0	0.0	0.0	0.0	0.0	0.0	0.0	0.0	0.0	0.0	0.0	0.0	0.0	0.0	0.0	0.0	0.0	0.0	0.0	0.0	0.0	0.0	0.0	0.0	0.0	0.0	0.0	0.0	0.0	0.0	0.0	0.0	0.0	0.0	0.0	0.0	0.0	0.0	0.0	0.0	0.0	0.0	0.0	0.0	0.0	0.0	0.0	0.0	0.0	0.0	0.0	0.0	0.0	0.0
1502.8885564569127	-7.926593874276023	62.83089044771017	2258674.013129143	2022.2555773771264	-9.596916102155546	4089517.620232895	92.1007986718124	1797.7880508814103	-0.119769547943406	0.0143447446145678	3232041.87589198	1858.013682713737	2171.6771994921296	0.774024	40.615067	0.0784938063196882	0.0429451651954971	0.0034224051	0.0013730693	-0.0016606012	0.0089812808	0.0012020784	8.06183e-05	0.0041790713	0.0061060099	-0.000377855	0.0026661364	0.0011880906	-0.0014839178	-0.006038728	-0.0211940427	0.0001658033	-0.0125954901	-0.0372110047	0.0160043852	-0.0240422262	0.0083926691	-0.0017434346	-0.0420818533	-0.0119837466	0.0313269493	0.0174543905	-0.025770416	0.0293428265	-0.0345269439	-0.0221113504	-0.0123700063	-0.0127641645	0.0351510839	-0.0513837948	-0.0793936715	-0.0169759185	0.064777029	0.0727503781	-0.0021373389	-0.0745906743	0.021505907807807	-0.0209200529830582	0.0004376486168139	0.0004625040706378	0.0384455176283751	0.0122278246362982	0.0014780578257137	0.000149519695336	-0.163383505379997	-0.0053330782896167	2.844172404318199e-05	0.0266941698302555	-0.0002757387396807	0.000611412076705	3.738247275407208e-07	7.603185256070085e-08	-0.0063218792102723	-7.767003818003743e-07	6.032634830888471e-13	3.996615674927312e-05	-0.0011818820809367	-0.0001880682311274	1.3968452532392644e-06	3.536965955942674e-08	0.0	0.0	0.0	0.0	0.0	0.0	0.0	0.0	0.0	0.0	0.0	0.0	0.0	0.0	0.0	0.0	0.0	0.0	0.0	0.0	0.0	0.0	0.0	0.0	0.0	0.0	0.0	0.0	0.0	0.0	0.0	0.0	0.0	0.0	0.0	0.0	0.0	0.0	0.0	0.0	0.0	0.0	0.0	0.0	0.0	0.0	0.0	0.0	0.0	0.0	0.0	0.0	0.0	0.0	0.0	0.0	0.0	0.0	0.0	0.0	0.0	0.0	0.0	0.0	0.0	0.0	0.0	0.0	0.0	0.0	0.0	0.0	0.0	0.0	0.0	0.0	0.0	0.0	0.0	0.0	0.0	0.0	0.0	0.0	0.0	0.0	0.0	0.0	0.0	0.0	0.0	0.0	0.0	0.0	0.0	0.0	0.0	0.0	0.0	0.0
1501.0029314344993	-1.8856250224134783	3.5555817251518307	2253009.80017496	2020.021364622478	-2.2342127546485244	4080486.3135312577	4.991706633034148	1795.058995330028	-2.7290555513823165	7.447744202530639	3222236.7967152493	1856.34726205821	2175.0639088175512	0.681572	35.763885	0.0977994145249162	0.05380049123734	0.0053934366	0.0404681755	-0.0021386847	0.0029971888	0.001108063	0.0005292129	-0.0020946467	0.0036926318	0.0013763984	0.0043378905	0.0094043385	0.0135480612	-0.011511214	-0.017317104	-0.0060877287	-0.0202776092	-0.055374259	0.021650707	-0.0301228142	0.0092064274	-0.0002784754	-0.052827566	-0.0041761196	0.029151992	0.0175271293	-0.0416192262	0.016034803	-0.019122102	-0.0254673413	-0.0023020176	-0.0422854137	0.0343774302	-0.0527013995	-0.0787557834	-0.0136166111	0.0672896215	0.0702792922	-0.0081094236	-0.0771080077	0.0300149922579464	0.0085090844501394	7.240451817960416e-05	0.0009008997602445	0.0182026841201974	-0.0202428335081777	0.0003313377091796	0.0004097723084398	-0.1414886992548929	0.021894806125104	0.0004793825352558	0.0200190520168415	-0.0005395952573932	-0.0002638565177124	6.962026193936682e-08	2.911630418012338e-07	-0.0063219065163049	-2.7306032599969113e-08	7.456194163505758e-16	3.996650200089836e-05	-0.0005027120958519	0.0006791699850848	2.5271945131580985e-07	4.6127186864008766e-07	0.0	0.0	0.0	0.0	0.0	0.0	0.0	0.0	0.0	0.0	0.0	0.0	0.0	0.0	0.0	0.0	0.0	0.0	0.0	0.0	0.0	0.0	0.0	0.0	0.0	0.0	0.0	0.0	0.0	0.0	0.0	0.0	0.0	0.0	0.0	0.0	0.0	0.0	0.0	0.0	0.0	0.0	0.0	0.0	0.0	0.0	0.0	0.0	0.0	0.0	0.0	0.0	0.0	0.0	0.0	0.0	0.0	0.0	0.0	0.0	0.0	0.0	0.0	0.0	0.0	0.0	0.0	0.0	0.0	0.0	0.0	0.0	0.0	0.0	0.0	0.0	0.0	0.0	0.0	0.0	0.0	0.0	0.0	0.0	0.0	0.0	0.0	0.0	0.0	0.0	0.0	0.0	0.0	0.0	0.0	0.0	0.0	0.0	0.0	0.0
1499.1961293359036	-1.8068020985956537	3.2645338234896584	2247589.0342157558	2013.042283842836	-6.97908077964189	4052339.236539181	48.707568528766856	1793.3968531942776	-1.6621421357504005	2.762716479436903	3216272.273047137	1855.574080536888	2187.530130741813	0.610516	32.035366	0.0746698523883119	0.0321505204605577	0.0086271394	0.0460263861	0.0001080157	-0.0002564693	-0.003439565	-0.0033289236	-0.0040238453	0.0043619867	0.0030593587	-0.0013362104	0.0187800322	0.0186231533	-0.0071934806	-0.0057399335	-0.0066680246	-0.0400382409	-0.0502761718	-0.0181387191	-0.0132921666	0.0036773713	0.005222646	-0.0501768007	-0.0083367623	0.022289992	0.0160837271	-0.0342433143	0.0074731021	0.0031266451	-0.0080127918	-0.0138522219	-0.0491512973	0.0336000067	-0.0539958877	-0.0780401729	-0.0102334157	0.0696177779	0.0675308461	-0.0140379523	-0.0790844839	0.0173080062418762	-0.0127069860160702	0.0001614674936126	0.0002995670800688	-0.0018330041439753	-0.0200356882641727	3.3599041918306224e-06	0.0004014288042191	-0.1593320468351819	-0.0178433475802889	0.000318385052871	0.0253867011486885	-0.0008242183130403	-0.0002846230556471	8.10102838058922e-08	6.793358275509979e-07	-0.0063212523494673	6.541668376002646e-07	4.27934251415931e-13	3.995823126564586e-05	-0.0006991114839228	-0.0001963993880709	4.887568669527395e-07	3.8572719634624e-08	0.0	0.0	0.0	0.0	0.0	0.0	0.0	0.0	0.0	0.0	0.0	0.0	0.0	0.0	0.0	0.0	0.0	0.0	0.0	0.0	0.0	0.0	0.0	0.0	0.0	0.0	0.0	0.0	0.0	0.0	0.0	0.0	0.0	0.0	0.0	0.0	0.0	0.0	0.0	0.0	0.0	0.0	0.0	0.0	0.0	0.0	0.0	0.0	0.0	0.0	0.0	0.0	0.0	0.0	0.0	0.0	0.0	0.0	0.0	0.0	0.0	0.0	0.0	0.0	0.0	0.0	0.0	0.0	0.0	0.0	0.0	0.0	0.0	0.0	0.0	0.0	0.0	0.0	0.0	0.0	0.0	0.0	0.0	0.0	0.0	0.0	0.0	0.0	0.0	0.0	0.0	0.0	0.0	0.0	0.0	0.0	0.0	0.0	0.0	0.0
1500.0504731714054	0.8543438355018225	0.7299033892599651	2250151.422061757	2024.5298423284216	11.487558485585623	4098721.082478344	131.96399995975025	1792.766397068643	-0.6304561256345096	0.3974749263500765	3214011.3544584834	1855.258975857752	2182.112456311963	0.650386	34.127476	0.0557359557547505	0.028797820366077	0.0079576362	0.031471587	-0.0055059564	0.0028303692	-0.0014145899	-0.000609776	-0.0047459536	0.0031382064	0.003773468	-0.000691985	0.0160783032	0.0177415093	-0.0176207821	0.0032113874	-0.0048445658	-0.0477972862	-0.0338995128	-0.0371810809	0.0052589543	0.0001400076	0.0005817492	-0.0381754176	-0.0036578074	0.0100707154	-0.0043239145	-0.019359659	-0.0027778018	-0.0126628063	-0.0138857041	-0.0109456033	-0.0456957494	0.0328188985	-0.0552666915	-0.0772475461	-0.0068322673	0.0717551168	0.0645158866	-0.0198910824	-0.0805062393	0.0318257553946352	0.0145177491527589	0.0002107650404624	0.0010128787064391	0.0161023197084233	0.0179353238523986	0.0002592846999922	0.0003216758416904	-0.154651205167724	0.0046808416674579	2.191027871581018e-05	0.0239169952598294	-0.0008377075669381	-1.348925389780002e-05	1.8195997071931304e-10	7.017539677053513e-07	-0.0061421710884106	0.0001790812610566	3.20700980616579e-08	3.772626567930706e-05	-0.000878581790611	-0.0001794703066881	7.71905962793231e-07	3.2209590982756554e-08	0.0	0.0	0.0	0.0	0.0	0.0	0.0	0.0	0.0	0.0	0.0	0.0	0.0	0.0	0.0	0.0	0.0	0.0	0.0	0.0	0.0	0.0	0.0	0.0	0.0	0.0	0.0	0.0	0.0	0.0	0.0	0.0	0.0	0.0	0.0	0.0	0.0	0.0	0.0	0.0	0.0	0.0	0.0	0.0	0.0	0.0	0.0	0.0	0.0	0.0	0.0	0.0	0.0	0.0	0.0	0.0	0.0	0.0	0.0	0.0	0.0	0.0	0.0	0.0	0.0	0.0	0.0	0.0	0.0	0.0	0.0	0.0	0.0	0.0	0.0	0.0	0.0	0.0	0.0	0.0	0.0	0.0	0.0	0.0	0.0	0.0	0.0	0.0	0.0	0.0	0.0	0.0	0.0	0.0	0.0	0.0	0.0	0.0	0.0	0.0
1496.8078707523896	-3.2426024190158387	10.51447044780737	2240433.8019463024	2008.001376381404	-16.528465947017594	4032069.527549613	273.1901865617202	1792.5810311081063	-0.1853659605367283	0.0343605393257039	3213346.753088602	1851.049711443616	2180.41572329998	0.672434	35.284401	0.0641470202507303	0.0353304501435033	0.0094705225	0.0398717463	0.0017601606	-0.0069859225	-0.0028890785	-0.0047665468	0.0041336674	0.0030015218	0.003360326	6.7734e-06	0.0237395875	0.0217556988	-0.0068042278	0.0016063077	-0.0061991868	-0.0453539928	-0.0375780857	-0.0334068943	0.0036717937	0.0033730387	0.0019440337	-0.0510166673	0.0011784838	0.0105489238	0.0077912206	-0.0285567603	0.0173522238	-0.001310773	-0.0225978246	-0.0145396926	-0.0269114359	0.0320341914	-0.0565132535	-0.0763786853	-0.0034191328	0.0736957799	0.0612463124	-0.0256373767	-0.0813633012	0.0046391502292522	-0.0271866051653829	0.0007391115004184	2.1521714849570745e-05	0.0160029631678639	-9.935654055940116e-05	0.000256094830152	9.871722151931929e-09	-0.1661222269903319	-0.0114710218226079	0.0001315843416547	0.0275965943002273	-0.001115906210535	-0.0002781986435969	7.739448529915504e-08	1.2452466707105838e-06	-0.0061399238235635	2.24726484710034e-06	5.050199293012915e-12	3.769866455916263e-05	-0.0011059366166106	-0.0002273548259996	1.2230957999601016e-06	5.169021690530845e-08	0.0	0.0	0.0	0.0	0.0	0.0	0.0	0.0	0.0	0.0	0.0	0.0	0.0	0.0	0.0	0.0	0.0	0.0	0.0	0.0	0.0	0.0	0.0	0.0	0.0	0.0	0.0	0.0	0.0	0.0	0.0	0.0	0.0	0.0	0.0	0.0	0.0	0.0	0.0	0.0	0.0	0.0	0.0	0.0	0.0	0.0	0.0	0.0	0.0	0.0	0.0	0.0	0.0	0.0	0.0	0.0	0.0	0.0	0.0	0.0	0.0	0.0	0.0	0.0	0.0	0.0	0.0	0.0	0.0	0.0	0.0	0.0	0.0	0.0	0.0	0.0	0.0	0.0	0.0	0.0	0.0	0.0	0.0	0.0	0.0	0.0	0.0	0.0	0.0	0.0	0.0	0.0	0.0	0.0	0.0	0.0	0.0	0.0	0.0	0.0
1503.9249175242096	7.117046771820014	50.65235475227369	2261790.157550201	2020.5995912189728	12.598214837568776	4082822.70803428	158.71501709353805	1787.5069060496794	-5.074125058426944	25.74674510855624	3195180.939175297	1850.4801082274776	2203.6789594498546	0.964954	50.633686	0.2544835460531953	0.1440509568777309	0.0123634858	-0.0061040291	-0.0013901793	-0.0055281203	-0.0073382388	-0.0063471897	-0.0066617722	0.0017700225	0.0060924352	-5.4872e-06	0.0235092586	0.015627934	-0.0168642763	0.023288406	-0.0129224241	-0.0751871143	-0.0178724938	-0.0919651957	0.0526727867	-0.0029001534	-0.009120527	-0.0159997277	0.0135393678	-0.0292614572	-0.0345265905	0.0132076202	0.0551467678	-0.020045384	0.034797334	-0.0320517081	0.0059246751	0.0312459714	-0.0577350269	-0.0754344479	-0.0	0.0754344479	0.0577350269	-0.0312459714	-0.0816496581	-0.0085929701127156	-0.0132321203419678	0.0001750890087443	7.383913535802357e-05	0.107745150702982	0.0917421875351181	0.0116090175000083	0.0084166289737287	-0.2243475096103964	-0.0582252826200644	0.0033901835361863	0.0503318050683869	-0.0011677737023123	-5.186749177730002e-05	2.690236703268285e-09	1.3636954198121765e-06	-0.0057750766615027	0.0003648471620607	1.3311345166381922e-07	3.3351510446233174e-05	-0.0025149010738934	-0.0014089644572828	6.324727411470176e-06	1.985180841886215e-06	0.0	0.0	0.0	0.0	0.0	0.0	0.0	0.0	0.0	0.0	0.0	0.0	0.0	0.0	0.0	0.0	0.0	0.0	0.0	0.0	0.0	0.0	0.0	0.0	0.0	0.0	0.0	0.0	0.0	0.0	0.0	0.0	0.0	0.0	0.0	0.0	0.0	0.0	0.0	0.0	0.0	0.0	0.0	0.0	0.0	0.0	0.0	0.0	0.0	0.0	0.0	0.0	0.0	0.0	0.0	0.0	0.0	0.0	0.0	0.0	0.0	0.0	0.0	0.0	0.0	0.0	0.0	0.0	0.0	0.0	0.0	0.0	0.0	0.0	0.0	0.0	0.0	0.0	0.0	0.0	0.0	0.0	0.0	0.0	0.0	0.0	0.0	0.0	0.0	0.0	0.0	0.0	0.0	0.0	0.0	0.0	0.0	0.0	0.0	0.0
1504.5519706789505	0.6270531547409064	0.3931956588705231	2263676.632473913	2026.488200127324	5.888608908351216	4106654.4252552814	34.6757148755133	1793.7536370693108	6.246731019631397	39.02164843162512	3217552.1104993806	1855.1265309523576	2186.77393432097	0.7729129999999999	40.556763	0.2781565198802592	0.1422984365231177	0.0077167874	0.0130469535	-0.0044004431	-0.0045080219	-0.0028143403	-0.0024537783	-0.0008478778	4.30972e-05	0.0032050621	0.0048311752	0.0122319149	0.0107198353	-0.004780257	0.0080890431	-0.0083954387	-0.0430893208	-0.0027066126	-0.0564668929	0.0252212355	-0.0024760704	-0.0017337768	-0.0078517798	0.0012649748	-0.009682998	-0.0274267048	0.0093486032	0.0066970418	-0.0385873391	-0.0119978428	-0.0066292518	-0.0243552381	0.0304543249	-0.0589314758	-0.0744157659	0.0034191328	0.0769663555	0.0539958877	-0.0366867426	-0.0813633012	-0.0576870130887243	-0.0490940429760087	0.0024102250557301	0.0033277914790986	0.1259953134655518	0.0182501627625697	0.0158748190152826	0.0003330684408602	-0.1933250713770107	0.0310224382333857	0.0009623916739442	0.0373745832229262	-0.0006630496284833	0.000504724073829	2.54746390702542e-07	4.396348098318422e-07	-0.0044541147333894	0.0013209619281133	1.7449404155248085e-06	1.9839138058196525e-05	-0.004285012590117	-0.0017701115162235	1.83613328974612e-05	3.133294779867412e-06	0.0	0.0	0.0	0.0	0.0	0.0	0.0	0.0	0.0	0.0	0.0	0.0	0.0	0.0	0.0	0.0	0.0	0.0	0.0	0.0	0.0	0.0	0.0	0.0	0.0	0.0	0.0	0.0	0.0	0.0	0.0	0.0	0.0	0.0	0.0	0.0	0.0	0.0	0.0	0.0	0.0	0.0	0.0	0.0	0.0	0.0	0.0	0.0	0.0	0.0	0.0	0.0	0.0	0.0	0.0	0.0	0.0	0.0	0.0	0.0	0.0	0.0	0.0	0.0	0.0	0.0	0.0	0.0	0.0	0.0	0.0	0.0	0.0	0.0	0.0	0.0	0.0	0.0	0.0	0.0	0.0	0.0	0.0	0.0	0.0	0.0	0.0	0.0	0.0	0.0	0.0	0.0	0.0	0.0	0.0	0.0	0.0	0.0	0.0	0.0
1504.5737611530233	0.021790474072759	0.0004748247603155	2263742.202750155	2013.9415781528128	-12.546621974511254	4055960.680212642	157.41772297128867	1795.7601078392097	2.006470769898897	4.025924950458672	3224754.36490669	1858.0301137006552	2201.8626777497207	0.840392	44.097595	0.257256310775229	0.1481952365196566	0.0077023407	0.0254586875	-0.0028799589	-0.0026549182	-0.0018537771	-0.0010777221	-0.0074288748	0.0014899933	0.0041463062	0.0008420054	0.0173082352	0.0166321991	-0.0073535876	0.0044677094	-0.0070977175	-0.0427074697	-0.0198609154	-0.0448535339	0.0080767848	0.0007123747	0.0006682429	-0.0217401472	-0.0035967478	-0.001348979	-0.0106771641	-0.012105703	-0.0100178183	-0.0171106095	-0.0090399507	-0.0020728626	-0.0634655378	0.0296593388	-0.0601020755	-0.0733236445	0.0068322673	0.0782873035	0.0500436514	-0.0419304676	-0.0805062393	-0.013707299424766	0.0439797136639583	0.0019342152139637	0.0001878900575201	0.047435728571898	-0.0785595848936537	0.0022501483451467	0.0061716083786631	-0.1856594499011237	0.0076656214758869	5.876175261157968e-05	0.0344694313375878	-0.0004930367708035	0.0001700128576798	2.8904371776451933e-08	2.43085257364343e-07	-0.0051013959928871	-0.0006472812594976	4.189730288969286e-07	2.602424107624456e-05	-0.0025612788924599	0.0017237336976571	6.560149564960612e-06	2.9712578604386185e-06	0.0	0.0	0.0	0.0	0.0	0.0	0.0	0.0	0.0	0.0	0.0	0.0	0.0	0.0	0.0	0.0	0.0	0.0	0.0	0.0	0.0	0.0	0.0	0.0	0.0	0.0	0.0	0.0	0.0	0.0	0.0	0.0	0.0	0.0	0.0	0.0	0.0	0.0	0.0	0.0	0.0	0.0	0.0	0.0	0.0	0.0	0.0	0.0	0.0	0.0	0.0	0.0	0.0	0.0	0.0	0.0	0.0	0.0	0.0	0.0	0.0	0.0	0.0	0.0	0.0	0.0	0.0	0.0	0.0	0.0	0.0	0.0	0.0	0.0	0.0	0.0	0.0	0.0	0.0	0.0	0.0	0.0	0.0	0.0	0.0	0.0	0.0	0.0	0.0	0.0	0.0	0.0	0.0	0.0	0.0	0.0	0.0	0.0	0.0	0.0
1504.1016969521272	-0.4720642008960567	0.2228446097676326	2262321.914774269	2019.992092084281	6.050513931468231	4080368.0520830303	36.60871883489115	1796.9363736144498	1.1762657752401535	1.38360117400132	3228980.33081865	1858.170526153795	2197.979700660705	0.683375	35.858509	0.0588517263476733	0.0350552205992081	0.0091815708	0.0187072051	-0.0022334595	0.007833257	-0.0031124296	-0.0028206167	-0.0042143054	0.0032258296	0.0055566007	-0.0016736002	0.0147627885	0.0140904619	-0.0273302132	0.0136398979	-0.0074481483	-0.0604033688	-0.0319861947	-0.0567286292	0.0189726381	-0.0051783552	0.0060219328	-0.024360784	-0.0025405265	0.0061712544	0.0014236894	-0.0090736904	0.0049207578	-0.0170623201	-0.0113699335	-0.0126431409	-0.0358638159	0.0288611001	-0.0612463124	-0.0721591615	0.0102334157	0.0793936715	0.0458939156	-0.0469489822	-0.0790844839	-0.0020735669210836	0.0116337325036823	0.0001353437319672	4.29967977621212e-06	0.0472873175211816	-0.0001484110507163	0.002236090398349	2.202583997474509e-08	-0.1868745552551232	-0.0012151053539994	1.4764810213182271e-06	0.0349220994018	-0.0006091696526416	-0.000116132881838	1.3486846244022088e-08	3.710876656994876e-07	-0.0056853273029953	-0.0005839313101082	3.409757749246796e-07	3.232294654218381e-05	-0.0023442535356207	0.0002170253568392	5.495524639270152e-06	4.7100005511182163e-08	0.0	0.0	0.0	0.0	0.0	0.0	0.0	0.0	0.0	0.0	0.0	0.0	0.0	0.0	0.0	0.0	0.0	0.0	0.0	0.0	0.0	0.0	0.0	0.0	0.0	0.0	0.0	0.0	0.0	0.0	0.0	0.0	0.0	0.0	0.0	0.0	0.0	0.0	0.0	0.0	0.0	0.0	0.0	0.0	0.0	0.0	0.0	0.0	0.0	0.0	0.0	0.0	0.0	0.0	0.0	0.0	0.0	0.0	0.0	0.0	0.0	0.0	0.0	0.0	0.0	0.0	0.0	0.0	0.0	0.0	0.0	0.0	0.0	0.0	0.0	0.0	0.0	0.0	0.0	0.0	0.0	0.0	0.0	0.0	0.0	0.0	0.0	0.0	0.0	0.0	0.0	0.0	0.0	0.0	0.0	0.0	0.0	0.0	0.0	0.0
1499.115933227501	-4.985763724626168	24.857839917798195	2247348.581256561	2025.4874877929688	5.495395708687738	4102599.563205872	30.19937399506361	1790.808591663328	-6.12778195112196	37.549711640496064	3206995.411975192	1853.482504280148	2202.7483831470663	0.8181129999999999	42.928574	0.1527524310597522	0.0670963474119319	0.0115114793	0.0655793615	-0.0054628956	0.0067753459	-0.0025867103	-0.0032326822	0.005307488	0.0005033658	0.0071268676	0.0051359266	0.0377413859	0.0478344802	-0.0144680307	0.0236971725	-0.0140140064	-0.0781133442	-0.0414622709	-0.0941430623	0.0423659107	-0.0129359725	0.0086327129	-0.0255165616	0.0173399859	-0.0280603071	-0.0197670422	-0.0025160862	0.0258153426	0.0473665612	0.0157071968	0.0155293334	-0.0292861944	0.0280596966	-0.0623636846	-0.0709234662	0.0136166111	0.080282427	0.0415630576	-0.0517153317	-0.0771080077	0.0347494618862214	0.0368230288073049	0.0013559354505436	0.0012075251013819	0.0668052792979949	0.0195179617768133	0.0044629453420831	0.0003809508319211	-0.1547529405590992	0.032121614696024	0.0010317981306798	0.023948472611688	-0.0012811796814636	-0.000672010028822	4.515974788373455e-07	1.6414213761951715e-06	-0.0060077301188183	-0.0003224028158229	1.0394357565059909e-07	3.6092821180556543e-05	-0.0020528698646735	0.0002913836709471	4.214274681284594e-06	8.490444369466602e-08	0.0	0.0	0.0	0.0	0.0	0.0	0.0	0.0	0.0	0.0	0.0	0.0	0.0	0.0	0.0	0.0	0.0	0.0	0.0	0.0	0.0	0.0	0.0	0.0	0.0	0.0	0.0	0.0	0.0	0.0	0.0	0.0	0.0	0.0	0.0	0.0	0.0	0.0	0.0	0.0	0.0	0.0	0.0	0.0	0.0	0.0	0.0	0.0	0.0	0.0	0.0	0.0	0.0	0.0	0.0	0.0	0.0	0.0	0.0	0.0	0.0	0.0	0.0	0.0	0.0	0.0	0.0	0.0	0.0	0.0	0.0	0.0	0.0	0.0	0.0	0.0	0.0	0.0	0.0	0.0	0.0	0.0	0.0	0.0	0.0	0.0	0.0	0.0	0.0	0.0	0.0	0.0	0.0	0.0	0.0	0.0	0.0	0.0	0.0	0.0
1489.8488303116362	-9.267102915864823	85.87919645323035	2219649.5371809504	2018.2819542220875	-7.205533570881244	4073462.0467385286	51.91971404109661	1794.195293719952	3.386702056624017	11.469750820341348	3219136.7520068246	1856.8356079562784	2201.977112146941	0.870109	45.65694	0.2303179711778339	0.1009247014978714	0.012336845	0.0545485003	-0.0035032587	0.0044306089	-0.0032979855	-0.0032113334	0.0011621627	-0.0026087357	0.005959827	0.0093322782	0.0397310963	0.0423292384	0.0093976281	0.0039026478	-0.0103758932	-0.0453853406	-0.0185283183	-0.0675346878	0.0307793802	-0.0170036672	0.0218639956	-0.0150340134	0.0150637246	-0.0307462129	-0.0270750808	0.0030740173	0.0132422932	0.0478358409	0.0049247692	0.0216353685	-0.009433986	0.0272552159	-0.063453702	-0.0696177779	0.0169759185	0.0809511339	0.0370681691	-0.0562039158	-0.0745906743	-0.0413321087577287	-0.0760815706439501	0.0057884053916503	0.0017083432143607	0.1030618803461891	0.0362566010481942	0.0106217511804922	0.0013145411195679	-0.1048567640717195	0.0498961764873796	0.0024896284280597	0.0109949409715922	-0.0008772954437575	0.0004038842377061	1.6312247746743757e-07	7.696472956376688e-07	-0.0055603601846911	0.0004473699341271	2.001398579609749e-07	3.091760538349805e-05	-0.0015424515765406	0.0005104182881329	2.3791568659725824e-06	2.6052682886052015e-07	0.0	0.0	0.0	0.0	0.0	0.0	0.0	0.0	0.0	0.0	0.0	0.0	0.0	0.0	0.0	0.0	0.0	0.0	0.0	0.0	0.0	0.0	0.0	0.0	0.0	0.0	0.0	0.0	0.0	0.0	0.0	0.0	0.0	0.0	0.0	0.0	0.0	0.0	0.0	0.0	0.0	0.0	0.0	0.0	0.0	0.0	0.0	0.0	0.0	0.0	0.0	0.0	0.0	0.0	0.0	0.0	0.0	0.0	0.0	0.0	0.0	0.0	0.0	0.0	0.0	0.0	0.0	0.0	0.0	0.0	0.0	0.0	0.0	0.0	0.0	0.0	0.0	0.0	0.0	0.0	0.0	0.0	0.0	0.0	0.0	0.0	0.0	0.0	0.0	0.0	0.0	0.0	0.0	0.0	0.0	0.0	0.0	0.0	0.0	0.0
1491.3270447401042	1.4782144284679362	2.185117896530788	2224056.3543732525	2024.112916197958	5.830961975870423	4097033.0975194015	34.000117564046704	1788.241212502504	-5.9540812174479925	35.45108314396697	3197806.634092425	1855.5743664950508	2171.831984719363	1.222342	64.139519	0.3235979864054993	0.1479550667499618	0.0042116111	0.0353276555	0.0046694773	0.0302167223	-0.0067345299	-0.0042989323	-0.010928102	-0.0003415094	0.0143987404	-0.0036068363	0.0498297405	0.0341541043	-0.0354233222	0.0563411081	-0.0113284409	-0.1165335654	-0.037678631	-0.1295644918	0.0643556969	0.003398649	-0.0039417457	-0.017035491	-0.0021093444	-0.001940077	0.0104865148	-0.0054270765	0.0309831797	0.005476011	-0.0542710027	0.040153384	0.0243851275	0.0264477464	-0.0645158866	-0.0682433853	0.0203054443	0.0813979594	0.0324269895	-0.060390626	-0.0715501408	0.030233841770638	0.0715659505283667	0.0051216852750286	0.0009140851882119	0.1487314313622079	0.0456695510160188	0.0221210386750511	0.0020857078900047	-0.2218009043728983	-0.1169441403011787	0.0136759319507817	0.0491956411806355	-0.0018890908106182	-0.0010117953668607	1.0237298644007789e-06	3.5686640907621274e-06	-0.0048541395601087	0.0007062206245824	4.987475705855553e-07	2.3562670869012285e-05	-0.001472100676785	7.035089975559994e-05	2.1670804025908557e-06	4.949249096422472e-09	0.0	0.0	0.0	0.0	0.0	0.0	0.0	0.0	0.0	0.0	0.0	0.0	0.0	0.0	0.0	0.0	0.0	0.0	0.0	0.0	0.0	0.0	0.0	0.0	0.0	0.0	0.0	0.0	0.0	0.0	0.0	0.0	0.0	0.0	0.0	0.0	0.0	0.0	0.0	0.0	0.0	0.0	0.0	0.0	0.0	0.0	0.0	0.0	0.0	0.0	0.0	0.0	0.0	0.0	0.0	0.0	0.0	0.0	0.0	0.0	0.0	0.0	0.0	0.0	0.0	0.0	0.0	0.0	0.0	0.0	0.0	0.0	0.0	0.0	0.0	0.0	0.0	0.0	0.0	0.0	0.0	0.0	0.0	0.0	0.0	0.0	0.0	0.0	0.0	0.0	0.0	0.0	0.0	0.0	0.0	0.0	0.0	0.0	0.0	0.0
1480.0810037437625	-11.246040996341662	126.47343809139736	2190639.777643144	2013.570148709454	-10.54276748850384	4054464.743773813	111.1499463166536	1776.8148654513889	-11.426347051115044	130.56140693252547	3157071.0660890373	1836.5961733416889	2154.399905963377	1.704615	89.445656	0.5660616483871317	0.2836804091381226	0.0023325278	0.14590939	0.0037213281	0.0100523011	-0.0123966112	-0.0140306832	0.0102608937	-0.0037334812	0.008206229	0.0153080805	0.041536757	0.0619205895	-0.0185779624	-0.0144587593	-0.0197505745	-0.0138448518	-0.1427365623	0.0540514629	-0.0299207765	0.0042911481	0.0102180382	-0.0508933417	0.0163392815	0.0111053967	0.0835871198	-0.0643603425	0.067916417	0.0629228035	-0.0227019167	0.0170360801	0.0455724992	0.0256373767	-0.0655497724	-0.0668016447	0.0235993474	0.0816216788	0.0276578354	-0.0642529755	-0.0680077345	0.1492269907531778	0.1189931489825398	0.0141593695047809	0.022268694769249	-0.0298611780036139	-0.1785926093658218	0.0008916899517635	0.031895320120093	-0.0766356922426751	0.1451652121302232	0.0210729388128127	0.005873029325514	-0.0018649736201126	2.4117190505599946e-05	5.816388778834e-10	3.4781266037158964e-06	-0.0058080512051734	-0.0009539116450646	9.099474265900414e-07	3.373345880191618e-05	1.6084045815638478e-05	0.0014881847226006	2.5869652979955764e-10	2.21469376858194e-06	0.0	0.0	0.0	0.0	0.0	0.0	0.0	0.0	0.0	0.0	0.0	0.0	0.0	0.0	0.0	0.0	1.0	0.0	0.0	0.0	0.0	0.0	0.0	0.0	0.0	0.0	0.0	0.0	0.0	0.0	0.0	0.0	0.0	0.0	0.0	0.0	0.0	0.0	0.0	0.0	0.0	0.0	0.0	0.0	0.0	0.0	0.0	0.0	0.0	0.0	0.0	0.0	0.0	0.0	0.0	0.0	0.0	0.0	0.0	0.0	0.0	0.0	0.0	0.0	0.0	0.0	0.0	0.0	0.0	0.0	0.0	0.0	0.0	0.0	0.0	0.0	0.0	0.0	0.0	0.0	0.0	0.0	0.0	0.0	0.0	0.0	0.0	0.0	0.0	0.0	0.0	0.0	0.0	0.0	0.0	0.0	0.0	0.0	0.0	0.0
1485.2286182543028	5.147614510540279	26.49793514912484	2205904.048481585	1993.680647837965	-19.88950087148919	3974762.525563608	395.59224491696926	1787.4292799729567	10.614414521567824	112.6657956356699	3194903.430904642	1845.485020481369	2147.6324398019096	1.623939	85.212379	0.5147679712532724	0.2786870560969851	-3.5848e-05	0.0037854242	0.0168118039	0.0153233049	-0.008686785	-0.008810581	-0.0061566175	0.0018765336	0.0097700402	-0.0162569361	-0.0159902085	-0.0377300868	-0.0753603276	0.0573501283	-0.0119457747	-0.0803844194	-0.0522419436	-0.0625649331	0.0298293242	-0.0025047632	0.0080917217	-0.0177859741	0.007409708	-0.0111781205	0.0300027771	-0.0184346623	0.0365176837	0.0707223625	0.0269413196	-0.0117424295	-0.0188575216	0.0248241955	-0.0665549058	-0.0652939789	0.0268518493	0.0816216788	0.0227795284	-0.0677702193	-0.0639883028	0.0559986659268787	-0.0932283248262991	0.0086915205499179	0.0031358505855901	0.0658061373145244	0.0956673153181383	0.004330447708258	0.00915223522018	-0.2920240801957732	-0.2153883879530981	0.0463921576650343	0.0852780634141873	-0.0009567407598406	0.0009082328602719	8.248869284778581e-07	9.153528815403688e-07	-0.0060190248667135	-0.0002109736615401	4.450988586363675e-08	3.622866034611547e-05	-0.001074388295487	-0.0010904723413026	1.1543102094794613e-06	1.189129927146058e-06	0.0	0.0	0.0	0.0	0.0	0.0	0.0	0.0	0.0	0.0	0.0	0.0	0.0	0.0	0.0	0.0	0.0	1.0	0.0	0.0	0.0	0.0	0.0	0.0	0.0	0.0	0.0	0.0	0.0	0.0	0.0	0.0	0.0	0.0	0.0	0.0	0.0	0.0	0.0	0.0	0.0	0.0	0.0	0.0	0.0	0.0	0.0	0.0	0.0	0.0	0.0	0.0	0.0	0.0	0.0	0.0	0.0	0.0	0.0	0.0	0.0	0.0	0.0	0.0	0.0	0.0	0.0	0.0	0.0	0.0	0.0	0.0	0.0	0.0	0.0	0.0	0.0	0.0	0.0	0.0	0.0	0.0	0.0	0.0	0.0	0.0	0.0	0.0	0.0	0.0	0.0	0.0	0.0	0.0	0.0	0.0	0.0	0.0	0.0	0.0
1482.306267670014	-2.922350584288779	8.540132937492968	2197231.871173807	1996.0057353731952	2.3250875352302955	3984038.89564269	5.406032046483291	1780.2346190362914	-7.194660936665287	51.76314599357742	3169235.298815289	1838.38100373775	2129.500518807498	1.154466	60.577866	0.35547025610793	0.172976434042872	-0.0033132086	0.0327660735	0.0120268871	-0.0012314423	-0.015452939	-0.0170513756	0.0126037046	-0.0047425293	-0.0035571503	0.0101663259	0.009197555	0.0119487884	0.0083156316	0.0049597196	-0.0034605315	0.0031801289	-0.0211297783	0.004271004	0.0104090184	0.0034599887	-0.0097011858	-0.0153462533	0.0124591141	-0.0105014874	-0.0436523466	0.0154153543	0.0225145821	0.0106959924	-0.0011954751	-0.0002423146	-0.0057631247	0.024008292	-0.0675308461	-0.0637218759	0.0300572439	0.0813979594	0.0178113211	-0.0709234662	-0.0595200392	0.0759634957166639	0.0199648297897852	0.000398594428535	0.0057704526814956	0.1499617864993325	0.0841556491848081	0.0224885374100713	0.0070821732897164	-0.1698698307013515	0.1221542494944216	0.0149216606695454	0.0288557593825058	0.0010031024999566	0.0019598432597972	3.840985602972515e-06	1.0062146254191807e-06	-0.0056932259444926	0.0003257989222208	1.0614493772029997e-07	3.241282165504366e-05	-0.0013726566662472	-0.0002982683707602	1.8841863233928771e-06	8.896402099594419e-08	0.0	0.0	0.0	0.0	0.0	0.0	0.0	0.0	0.0	0.0	0.0	0.0	0.0	0.0	0.0	0.0	0.0	0.0	0.0	0.0	0.0	0.0	0.0	0.0	0.0	0.0	0.0	0.0	0.0	0.0	0.0	0.0	0.0	0.0	0.0	0.0	0.0	0.0	0.0	0.0	0.0	0.0	0.0	0.0	0.0	0.0	0.0	0.0	0.0	0.0	0.0	0.0	0.0	0.0	0.0	0.0	0.0	0.0	0.0	0.0	0.0	0.0	0.0	0.0	0.0	0.0	0.0	0.0	0.0	0.0	0.0	0.0	0.0	0.0	0.0	0.0	0.0	0.0	0.0	0.0	0.0	0.0	0.0	0.0	0.0	0.0	0.0	0.0	0.0	0.0	0.0	0.0	0.0	0.0	0.0	0.0	0.0	0.0	0.0	0.0
1480.8123999597376	-1.4938677102763904	2.2316407358064256	2192805.363874518	1970.9061903168883	-25.09954505630685	3884471.2110294304	629.9871620335778	1795.046654125768	14.812035089476694	219.39638349188888	3222192.4904881148	1850.8797425238847	2060.267876382308	1.293641	67.880768	0.3389760814293353	0.1876697260780764	-0.0251561666	-0.0185433657	0.0199727355	-0.0168550625	-0.0056233829	-0.0083762095	0.0218965779	-0.0120219029	-0.0185624183	0.0316089812	-0.0362594978	-0.010897411	0.0463157415	-0.0462359334	0.0054965159	0.1196764519	-0.0082526041	0.1342041955	-0.0410932335	0.0157750086	-0.0139006526	0.0408080977	0.0099461458	-0.0099984081	-0.0615530862	0.0514872144	-0.0088493578	0.0123320577	0.0033981259	0.019155404	0.0380092975	0.0231897558	-0.0684771651	-0.0620868871	0.0332099078	0.0809511339	0.0127728206	-0.0736957799	-0.0546342852	0.0508514989944188	-0.0251119967222451	0.000630612379378	0.0025858749499793	0.0539368922784575	-0.096024894220875	0.0029091883486579	0.0092207803101302	-0.1220888144991363	0.0477810162022152	0.0022830255093163	0.0149056786258045	0.0038539993885782	0.0028508968886216	8.127613069552319e-06	1.485331128716114e-05	-0.0057547580303201	-6.153208582750005e-05	3.7861975862828325e-09	3.311723998753368e-05	-0.0008839221550163	0.0004887345112309	7.8131837612866e-07	2.388614224681068e-07	0.0	0.0	0.0	0.0	0.0	0.0	0.0	0.0	0.0	0.0	0.0	0.0	0.0	0.0	0.0	0.0	0.0	0.0	0.0	0.0	0.0	0.0	0.0	0.0	0.0	0.0	0.0	0.0	0.0	0.0	0.0	0.0	0.0	0.0	0.0	0.0	0.0	0.0	0.0	0.0	0.0	0.0	0.0	0.0	0.0	0.0	0.0	0.0	0.0	0.0	0.0	0.0	0.0	0.0	0.0	0.0	0.0	0.0	0.0	0.0	0.0	0.0	0.0	0.0	0.0	0.0	0.0	0.0	0.0	0.0	0.0	0.0	0.0	0.0	0.0	0.0	0.0	0.0	0.0	0.0	0.0	0.0	0.0	0.0	0.0	0.0	0.0	0.0	0.0	0.0	0.0	0.0	0.0	0.0	0.0	0.0	0.0	0.0	0.0	0.0
1481.349076701972	0.5366767422344765	0.2880219256554107	2194395.087045785	1973.649929384642	2.7437390677537223	3895294.0437600026	7.528104071918065	1796.6691666040665	1.622512478298404	2.632546742234029	3228020.094225751	1850.7023585245047	2062.006079092893	0.78258	41.064018	0.0981963693443376	0.0483281717736847	-0.0232923683	-0.0122287855	0.0205863736	-0.025978035	-0.0036416178	-0.0056663761	0.0206086643	-0.0105629062	-0.0102809526	0.0198758926	-0.0210554433	-0.0111434663	0.0290579727	-0.0271982567	0.0088028284	0.0759861773	-0.0025749929	0.0883850651	-0.0217742366	0.0190201947	-0.0086047705	0.0321266463	0.0004445807	0.0056853961	-0.0327708926	0.027015742	-0.0245042707	0.0072960186	-0.0165548508	0.0207797872	0.0130281995	0.0223686765	-0.0693934478	-0.060390626	0.0363043104	0.080282427	0.0076839116	-0.0760722702	-0.049365311	0.0563648432343626	0.0055133442399437	3.039696470812145e-05	0.0031769955528342	0.0345238314667	-0.0194130608117574	0.0011918949391411	0.0003768669300809	-0.1288285356616327	-0.0067397211624963	4.542384134820158e-05	0.0165967916007205	0.0033420677131159	-0.0005119316754623	2.620740403416377e-07	1.116941659905174e-05	-0.0054661378455846	0.0002886201847355	8.330161103675426e-08	2.987866294693225e-05	-0.0003538691526113	0.000530053002405	1.2522337716983953e-07	2.809561853585549e-07	0.0	0.0	0.0	0.0	0.0	0.0	0.0	0.0	0.0	0.0	0.0	0.0	0.0	0.0	0.0	0.0	0.0	0.0	0.0	0.0	0.0	0.0	0.0	0.0	0.0	0.0	0.0	0.0	0.0	0.0	0.0	0.0	0.0	0.0	0.0	0.0	0.0	0.0	0.0	0.0	0.0	0.0	0.0	0.0	0.0	0.0	0.0	0.0	0.0	0.0	0.0	0.0	0.0	0.0	0.0	0.0	0.0	0.0	0.0	0.0	0.0	0.0	0.0	0.0	0.0	0.0	0.0	0.0	0.0	0.0	0.0	0.0	0.0	0.0	0.0	0.0	0.0	0.0	0.0	0.0	0.0	0.0	0.0	0.0	0.0	0.0	0.0	0.0	0.0	0.0	0.0	0.0	0.0	0.0	0.0	0.0	0.0	0.0	0.0	0.0
1478.4040950675785	-2.944981634393571	8.672916826915428	2185678.668312586	2014.4099592377868	40.76002985314472	4057847.483876382	1661.3800336292484	1784.7188512035923	-11.95031540047421	142.81003817081108	3185221.3778414703	1848.71602551823	2111.8452844251287	1.584904	83.164085	0.3764918936097352	0.2052699725370158	-0.0152570552	-0.084379585	0.0082338638	0.008445322	-0.0128892802	-0.0107596338	0.0052127347	-0.0110944077	-0.0065076798	0.0205333652	-0.0274045979	-0.0268968309	0.0120885189	-0.0062975684	-0.0025475577	0.0602551248	-0.0101515743	0.0532464097	0.021146765	0.0134680805	-0.0183363224	0.0819971554	0.0224198048	-0.047253948	-0.0348496653	0.0924499696	0.0754353707	-0.0038208923	0.0891400753	-0.0271940279	0.1645173792	0.0215451443	-0.0702792922	-0.0586347667	0.0393350228	0.0793936715	0.0025646777	-0.0780401729	-0.0437500746	0.0690458954567958	0.0126810522224332	0.000160809085468	0.0047673356794307	0.1651646569015383	0.1306408254348383	0.0272793638894028	0.0170670252702958	-0.2620878714204764	-0.1332593357588437	0.0177580505668882	0.0686900523457161	0.0030520329492947	-0.0002900347638212	8.412016422481931e-08	9.314905123580504e-06	-0.0050009728938871	0.0004651649516975	2.163784322877375e-07	2.500972988539352e-05	-0.001596883040965	-0.0012430138883537	2.550035446521625e-06	1.5450835266401843e-06	0.0	0.0	0.0	0.0	0.0	0.0	0.0	0.0	0.0	0.0	0.0	0.0	0.0	0.0	0.0	0.0	0.0	0.0	1.0	0.0	0.0	0.0	0.0	0.0	0.0	0.0	0.0	0.0	0.0	0.0	0.0	0.0	0.0	0.0	0.0	0.0	0.0	0.0	0.0	0.0	0.0	0.0	0.0	0.0	0.0	0.0	0.0	0.0	0.0	0.0	0.0	0.0	0.0	0.0	0.0	0.0	0.0	0.0	0.0	0.0	0.0	0.0	0.0	0.0	0.0	0.0	0.0	0.0	0.0	0.0	0.0	0.0	0.0	0.0	0.0	0.0	0.0	0.0	0.0	0.0	0.0	0.0	0.0	0.0	0.0	0.0	0.0	0.0	0.0	0.0	0.0	0.0	0.0	0.0	0.0	0.0	0.0	0.0	0.0	0.0
1487.642812163901	9.238717096322487	85.35389358588144	2213081.1365829194	1996.048730005192	-18.361229232594724	3984210.53255534	337.13473893189104	1793.9120875692774	9.193236365685152	84.51559487535594	3218120.577927163	1855.056722184573	2119.362452368303	1.049426	55.066166	0.1221901552538436	0.0552531658470436	-0.01497397	-0.0550248785	0.0120450839	-0.0094181697	-0.0058975287	-0.0053365975	0.0011136113	-0.0073888165	-0.0041213215	0.0101548944	-0.0117694421	-0.0174959716	0.0158571093	0.0001955199	0.0040000376	0.0338477401	0.0181425908	0.0180525684	0.0182022963	0.0058218048	-0.0090076865	0.0480631448	0.0061636089	-0.0226904675	-0.026060113	0.0471382453	0.0304134771	0.00707425	0.0449350981	-0.0058205727	0.0625231476	0.0207192494	-0.0711343098	-0.0568210419	0.0422967282	0.0782873035	-0.0025646777	-0.0795889182	-0.0378279629	0.0528479067881022	-0.0161979886686936	0.0002623748369111	0.0027929012518839	0.1911488897851541	0.0259842328836157	0.0365378980660969	0.0006751803585499	-0.2446373927230922	0.0174504786973841	0.0003045192067678	0.0598474539183524	0.0025591313186147	-0.00049290163068	2.429520175270031e-07	6.549153105914612e-06	-0.0056142688766265	-0.0006132959827394	3.761319624442865e-07	3.1520015019056985e-05	-0.0017418345276286	-0.0001449514866635	3.033987521639148e-06	2.10109334859878e-08	0.0	0.0	0.0	0.0	0.0	0.0	0.0	0.0	0.0	0.0	0.0	0.0	0.0	0.0	0.0	0.0	0.0	0.0	0.0	0.0	0.0	0.0	0.0	0.0	0.0	0.0	0.0	0.0	0.0	0.0	0.0	0.0	0.0	0.0	0.0	0.0	0.0	0.0	0.0	0.0	0.0	0.0	0.0	0.0	0.0	0.0	0.0	0.0	0.0	0.0	0.0	0.0	0.0	0.0	0.0	0.0	0.0	0.0	0.0	0.0	0.0	0.0	0.0	0.0	0.0	0.0	0.0	0.0	0.0	0.0	0.0	0.0	0.0	0.0	0.0	0.0	0.0	0.0	0.0	0.0	0.0	0.0	0.0	0.0	0.0	0.0	0.0	0.0	0.0	0.0	0.0	0.0	0.0	0.0	0.0	0.0	0.0	0.0	0.0	0.0
1491.969217531225	4.326405367324014	18.71778340241004	2225972.146060736	1992.827739860438	-3.2209901447540688	3971362.4007572616	10.374777512602837	1794.266156058026	0.3540684887484531	0.1253644947246134	3219391.0387752443	1853.2342475487544	2122.051740418781	0.892096	46.810612	0.1785958446928074	0.1127293601411996	-0.0110692749	-0.0300025758	0.0090631893	-0.013656516	-0.0044342969	-0.0041838098	-0.0015841673	-0.0065927506	-0.0070193942	0.0109010436	-0.025005729	-0.024973964	0.0038255532	-0.0057477919	0.0058242736	0.0532432323	0.0049402897	0.0644798921	-0.0126279974	0.0131994943	-0.0143083684	0.0319236168	0.0019917987	-0.0055640448	-0.0184092949	0.0201964562	-0.0067426955	-0.0141633983	0.0116406659	-0.0004754938	0.0256505927	0.0198910824	-0.0719581255	-0.0549512416	0.0451842308	0.0769663555	-0.0076839116	-0.0807101879	-0.0316405151	0.0558994724406147	0.0030515656525125	9.31205293159405e-06	0.003124751019139	0.106797286602017	-0.0843516031831371	0.0114056604255533	0.0071151929595654	-0.2106049958051343	0.0340323969179579	0.0011582040399814	0.0443544642580806	0.0025426697965322	-1.6461522082499794e-05	2.709817092726284e-10	6.465169694197099e-06	-0.0053506545352826	0.0002636143413438	6.949252096217816e-08	2.862950395594026e-05	-0.000878704812271	0.0008631297153575	7.721221471082134e-07	7.449929055332914e-07	0.0	0.0	0.0	0.0	0.0	0.0	0.0	0.0	0.0	0.0	0.0	0.0	0.0	0.0	0.0	0.0	0.0	0.0	0.0	0.0	0.0	0.0	0.0	0.0	0.0	0.0	0.0	0.0	0.0	0.0	0.0	0.0	0.0	0.0	0.0	0.0	0.0	0.0	0.0	0.0	0.0	0.0	0.0	0.0	0.0	0.0	0.0	0.0	0.0	0.0	0.0	0.0	0.0	0.0	0.0	0.0	0.0	0.0	0.0	0.0	0.0	0.0	0.0	0.0	0.0	0.0	0.0	0.0	0.0	0.0	0.0	0.0	0.0	0.0	0.0	0.0	0.0	0.0	0.0	0.0	0.0	0.0	0.0	0.0	0.0	0.0	0.0	0.0	0.0	0.0	0.0	0.0	0.0	0.0	0.0	0.0	0.0	0.0	0.0	0.0
1495.2626094904986	3.293391959273549	10.846430597407668	2235810.2713403357	2001.6738740945163	8.846134234078363	4006698.29823255	78.25409088733319	1789.2982730702456	-4.9678829877802855	24.679861380276776	3201588.310012163	1848.717705945224	2142.4476210300218	0.904866	47.480694	0.2155827908669993	0.1168564417460837	-0.0050869789	0.0081591115	0.0047296507	9.49993e-05	-0.007970225	-0.007759105	0.002196875	-0.0023842977	-0.0001124331	-0.0020381134	0.0059995411	0.0073983413	-0.0036267178	-0.0023780231	0.0021936697	0.0064276142	-0.0079640324	0.0251181061	-0.0159794781	0.0023155778	0.0073675486	-0.0193593003	-0.0112557404	0.0215755398	0.0258423671	-0.0201254619	-0.0130667288	-0.0116220227	-0.0230203249	0.0007093175	-0.0284932091	0.0190607341	-0.0727503781	-0.0530272111	0.0479924649	0.0754344479	-0.0127728206	-0.0813979594	-0.0252311319	0.0750307664363703	0.0191312939957555	0.000366006409952	0.0056296159120291	0.034697061277825	-0.072100225324192	0.0012038860613171	0.0051984424917992	-0.1534059487545676	0.0571990470505667	0.0032717309834929	0.023533385113289	0.0013069423320524	-0.0012357274644798	1.5270223664696753e-06	1.708098259310566e-06	-0.0053490318847631	1.622650519499981e-06	2.6329947084335587e-12	2.8612142104212285e-05	-0.0007730104373406	0.0001056943749304	5.975451362375057e-07	1.1171300891927972e-08	0.0	0.0	0.0	0.0	0.0	0.0	0.0	0.0	0.0	0.0	0.0	0.0	0.0	0.0	0.0	0.0	0.0	0.0	0.0	0.0	0.0	0.0	0.0	0.0	0.0	0.0	0.0	0.0	0.0	0.0	0.0	0.0	0.0	0.0	0.0	0.0	0.0	0.0	0.0	0.0	0.0	0.0	0.0	0.0	0.0	0.0	0.0	0.0	0.0	0.0	0.0	0.0	0.0	0.0	0.0	0.0	0.0	0.0	0.0	0.0	0.0	0.0	0.0	0.0	0.0	0.0	0.0	0.0	0.0	0.0	0.0	0.0	0.0	0.0	0.0	0.0	0.0	0.0	0.0	0.0	0.0	0.0	0.0	0.0	0.0	0.0	0.0	0.0	0.0	0.0	0.0	0.0	0.0	0.0	0.0	0.0	0.0	0.0	0.0	0.0
1491.7569785447158	-3.505630945782741	12.289448328029597	2225338.88303686	1989.959558800806	-11.714315293710342	3959939.0456626974	137.22518280045605	1798.241907364283	8.943634294037338	79.98859438548075	3233673.9574011345	1857.6850110109267	2132.189988058264	0.79901	41.926147	0.1284986187069624	0.0652013071143888	-0.0119829909	-0.0036772312	0.0118362905	-0.0037516434	-0.001932318	-0.0031472405	0.0020335274	-0.0056877267	-0.0071094372	0.0086206083	-0.0173078915	-0.0123463595	0.008949009	-0.0127391454	0.0019833855	0.0544597493	0.0057833097	0.0648782822	-0.0265854444	0.0059196698	-0.004413254	0.0120178759	-0.0088542557	0.0130959879	-0.0205314464	0.0105393143	-0.0310805728	-0.0236905642	-0.0010772709	-0.0026604371	0.0101262	0.0182282956	-0.0735107199	-0.0510508491	0.0507165039	0.0736957799	-0.0178113211	-0.0816485389	-0.0186447705	0.0985025051667918	0.0234717387304215	0.0005509225190291	0.0097027435241338	0.0489303677623382	0.0142333064845132	0.0023941808893576	0.000202587013482	-0.1702974055171253	-0.0168914567625577	0.0002853213115613	0.0290012063258642	0.0022379933025194	0.0009310509704669	8.668559096075422e-07	5.00861402212169e-06	-0.0053510095516826	-1.977666919499889e-06	3.91116644448418e-12	2.863330322219842e-05	-0.0013180241345435	-0.0005450136972028	1.737187619239142e-06	2.9703993013877425e-07	0.0	0.0	0.0	0.0	0.0	0.0	0.0	0.0	0.0	0.0	0.0	0.0	0.0	0.0	0.0	0.0	0.0	0.0	0.0	0.0	0.0	0.0	0.0	0.0	0.0	0.0	0.0	0.0	0.0	0.0	0.0	0.0	0.0	0.0	0.0	0.0	0.0	0.0	0.0	0.0	0.0	0.0	0.0	0.0	0.0	0.0	0.0	0.0	0.0	0.0	0.0	0.0	0.0	0.0	0.0	0.0	0.0	0.0	0.0	0.0	0.0	0.0	0.0	0.0	0.0	0.0	0.0	0.0	0.0	0.0	0.0	0.0	0.0	0.0	0.0	0.0	0.0	0.0	0.0	0.0	0.0	0.0	0.0	0.0	0.0	0.0	0.0	0.0	0.0	0.0	0.0	0.0	0.0	0.0	0.0	0.0	0.0	0.0	0.0	0.0
1487.0397742324203	-4.717204312295507	22.25201652393933	2211287.290149208	1991.4451023536392	1.4855435528331782	3965853.595688297	2.206839647364222	1783.4880511944111	-14.753856169871824	217.67627188126488	3180829.6287532384	1845.4009861405607	2128.0010405627163	0.8236949999999998	43.221466	0.1440490907083629	0.0862798084502627	-0.011176249	-0.0107480331	0.0104281176	0.0106996053	-0.0123288123	-0.0118264015	0.0003128749	-0.0026784119	0.0010035832	-0.0019089114	-0.000246464	-0.0057648243	-0.0103988277	0.0043527341	-0.0002976808	0.0108305516	-0.0068023616	0.0263060919	-0.0125441783	0.0078384286	0.0084585704	0.0040435054	-0.0116872434	0.022007656	0.0303382114	0.0009932766	-0.0241054169	-0.0138035939	0.0105262107	-0.0127698179	-0.0033751567	0.0173938582	-0.0742388174	-0.0490241061	0.0533515689	0.0717551168	-0.0227795284	-0.0814605803	-0.0119276293	0.0929755942918433	-0.0055269108749485	3.054674381962413e-05	0.0086444611339214	-0.0218187865697814	-0.0707491543321196	0.0004760594473776	0.00500544283871	-0.1682588590604155	0.0020385464567098	4.155671656164126e-06	0.0283110436523127	0.0017330209614016	-0.0005049723411177	2.549970652939916e-07	3.003361652657326e-06	-0.0050742078455856	0.000276801706097	7.66191844982102e-08	2.5747585260202453e-05	-0.0007851086008666	0.0005329155336768	6.163955151547103e-07	2.83998966034135e-07	0.0	0.0	0.0	0.0	0.0	0.0	0.0	0.0	0.0	0.0	0.0	0.0	0.0	0.0	0.0	0.0	0.0	0.0	0.0	0.0	0.0	0.0	0.0	0.0	0.0	0.0	0.0	0.0	0.0	0.0	0.0	0.0	0.0	0.0	0.0	0.0	0.0	0.0	0.0	0.0	0.0	0.0	0.0	0.0	0.0	0.0	0.0	0.0	0.0	0.0	0.0	0.0	0.0	0.0	0.0	0.0	0.0	0.0	0.0	0.0	0.0	0.0	0.0	0.0	0.0	0.0	0.0	0.0	0.0	0.0	0.0	0.0	0.0	0.0	0.0	0.0	0.0	0.0	0.0	0.0	0.0	0.0	0.0	0.0	0.0	0.0	0.0	0.0	0.0	0.0	0.0	0.0	0.0	0.0	0.0	0.0	0.0	0.0	0.0	0.0
1488.959452073973	1.919677841552584	3.685163015347989	2217000.249920425	1995.6866424174248	4.241540063785578	3982765.174723334	17.990662112698168	1789.7095035389957	6.221452344584577	38.70646927593693	3203060.1070577987	1847.4026912814124	2160.4913155442614	0.994644	52.191593	0.2277175244281588	0.1231400118500993	0.0005146777	-0.0266198391	0.0077553284	0.0004657341	-0.0083393231	-0.0083982358	-0.0065034865	-0.0012634995	0.0056774034	-0.0098870215	-0.00107259	-0.0193006134	-0.0290976998	0.0306080624	0.0001500016	-0.0283849903	0.0027866254	-0.024179537	0.0203713501	-0.0015490426	0.004930333	0.0033987593	-0.004568044	0.0018754971	0.0228725022	-0.0020134616	0.0054232128	-0.0035126089	0.0089191747	-0.0152823699	0.005793748	0.0165575133	-0.0749343514	-0.0469489822	0.0558930371	0.0696177779	-0.0276578354	-0.0808350932	-0.0051268245	0.0875790987643938	-0.0053964955274494	2.9122163977782328e-05	0.0076700985403834	0.0709318071274509	0.0927505936972322	0.0050313212623658	0.008602672631189	-0.2201389668680775	-0.051880107807662	0.0026915455861346	0.0484611647337445	0.0005123271241356	-0.001220693837266	1.490093444339192e-06	2.624790821250545e-07	-0.00485274972929	0.0002214581162955	4.90436972731954e-08	2.3549179935124168e-05	-0.0008967631952213	-0.0001116545943546	8.041842283035154e-07	1.2466748440512602e-08	0.0	0.0	0.0	0.0	0.0	0.0	0.0	0.0	0.0	0.0	0.0	0.0	0.0	0.0	0.0	0.0	0.0	0.0	0.0	0.0	0.0	0.0	0.0	0.0	0.0	0.0	0.0	0.0	0.0	0.0	0.0	0.0	0.0	0.0	0.0	0.0	0.0	0.0	0.0	0.0	0.0	0.0	0.0	0.0	0.0	0.0	0.0	0.0	0.0	0.0	0.0	0.0	0.0	0.0	0.0	0.0	0.0	0.0	0.0	0.0	0.0	0.0	0.0	0.0	0.0	0.0	0.0	0.0	0.0	0.0	0.0	0.0	0.0	0.0	0.0	0.0	0.0	0.0	0.0	0.0	0.0	0.0	0.0	0.0	0.0	0.0	0.0	0.0	0.0	0.0	0.0	0.0	0.0	0.0	0.0	0.0	0.0	0.0	0.0	0.0
1494.5087849991337	5.5493329251607975	30.79509591427369	2233556.508439587	2003.749184910255	8.06254249283029	4015010.796028512	65.00459144869406	1787.2027357313368	-2.506767807658889	6.283884841514953	3194093.6186055746	1848.7475951072247	2133.881645641002	0.8959829999999999	47.014599	0.1072863871147669	0.0484014241403507	-0.0052555197	0.0125626829	0.0018767984	-0.0022898553	-0.0086628141	-0.007517782	-0.0069443066	-0.001301911	0.0022898003	-0.0085465013	0.0015737964	-0.003662022	-0.0178066447	0.0131675554	0.0012358063	-0.0055308731	0.0035199161	0.0083596896	-0.0070839343	-0.0018614673	0.0067014299	-0.0091861968	-0.0111987388	0.0217180769	0.03496596	-0.0144109906	-0.0154038785	-0.0114970467	-0.0137859343	-0.0071491531	-0.0095219182	0.0157193527	-0.0755970167	-0.0448275254	0.05833645	0.0672896215	-0.0324269895	-0.0797754371	0.0017099414	0.0572957496348323	-0.0302833491295615	0.0009170812345029	0.0032828029262173	0.090302221346505	0.019370414219054	0.0081544911801131	0.0003752129470177	-0.1922914593247711	0.0278475075433063	0.0007754836763745	0.0369760053292501	0.0004240565040227	-8.827062011290004e-05	7.791702375115913e-09	1.798239186039542e-07	-0.0048521077828806	6.419464093996435e-07	4.1209519254109485e-13	2.3542949936690496e-05	-0.0003899734372867	0.0005067897579346	1.5207928178920374e-07	2.568358587474104e-07	0.0	0.0	0.0	0.0	0.0	0.0	0.0	0.0	0.0	0.0	0.0	0.0	0.0	0.0	0.0	0.0	0.0	0.0	0.0	0.0	0.0	0.0	0.0	0.0	0.0	0.0	0.0	0.0	0.0	0.0	0.0	0.0	0.0	0.0	0.0	0.0	0.0	0.0	0.0	0.0	0.0	0.0	0.0	0.0	0.0	0.0	0.0	0.0	0.0	0.0	0.0	0.0	0.0	0.0	0.0	0.0	0.0	0.0	0.0	0.0	0.0	0.0	0.0	0.0	0.0	0.0	0.0	0.0	0.0	0.0	0.0	0.0	0.0	0.0	0.0	0.0	0.0	0.0	0.0	0.0	0.0	0.0	0.0	0.0	0.0	0.0	0.0	0.0	0.0	0.0	0.0	0.0	0.0	0.0	0.0	0.0	0.0	0.0	0.0	0.0
1500.899155608756	6.390370609622323	40.83683652832478	2252698.275307077	2013.5773355991023	9.828150688847243	4054493.68643838	96.59254596268858	1793.999266326122	6.796530594785281	46.192828125852365	3218433.3675786643	1855.0981697447653	2155.6071568445727	0.705667	37.028229	0.1249136281674716	0.0659413996079236	-0.0051194506	-0.0193490652	-0.0036662619	0.0015587647	-0.0060257565	-0.0041250353	-0.0076347554	0.0007119909	-0.0005081039	-0.0080460737	-0.0148955235	-0.0206051723	-0.0237070738	0.011245094	0.0037117176	0.0110586946	-0.007149233	0.0275333514	-0.0211540047	0.0089089028	0.0089515109	-0.006001934	-0.0128087436	0.0257998322	0.0332511906	-0.026438677	-0.0138630545	0.0017952751	0.0076726215	-0.009936406	-0.0267296322	0.0148794683	-0.0762265226	-0.0426618292	0.0606775209	0.064777029	-0.0370681691	-0.0782873035	0.0085347133	0.0419669543920946	-0.0153287952427376	0.0002349719635937	0.0017612252609481	0.055038377379347	-0.0352638439671579	0.0030292229845514	0.00124353869134	-0.201821437288892	-0.0095299779641209	9.082047999663024e-05	0.0407318925493541	0.0012058896773689	0.0007818331733462	6.112631109445893e-07	1.4541699139848698e-06	-0.0053362828879373	-0.0004841751050567	2.344255323566667e-07	2.847591506009245e-05	-0.0004197853787529	-2.981194146620001e-05	1.7621976421471572e-07	8.887518539841353e-10	0.0	0.0	0.0	0.0	0.0	0.0	0.0	0.0	0.0	0.0	0.0	0.0	0.0	0.0	0.0	0.0	0.0	0.0	0.0	0.0	0.0	0.0	0.0	0.0	0.0	0.0	0.0	0.0	0.0	0.0	0.0	0.0	0.0	0.0	0.0	0.0	0.0	0.0	0.0	0.0	0.0	0.0	0.0	0.0	0.0	0.0	0.0	0.0	0.0	0.0	0.0	0.0	0.0	0.0	0.0	0.0	0.0	0.0	0.0	0.0	0.0	0.0	0.0	0.0	0.0	0.0	0.0	0.0	0.0	0.0	0.0	0.0	0.0	0.0	0.0	0.0	0.0	0.0	0.0	0.0	0.0	0.0	0.0	0.0	0.0	0.0	0.0	0.0	0.0	0.0	0.0	0.0	0.0	0.0	0.0	0.0	0.0	0.0	0.0	0.0
1501.1360381009322	0.2368824921761643	0.0561133150995905	2253409.4048853638	2004.392801212359	-9.18453438674328	4017590.501551928	84.35567190126976	1792.721894823384	-1.2773715027381058	1.6316779560074068	3213851.7921791445	1855.3968543525907	2153.004874056036	0.677741	35.56287	0.0749922154432351	0.0407429721466026	-0.0087897608	-0.0257907725	0.0045790821	0.008192699	-0.0061629869	-0.0051013401	-0.0053076826	-0.0001815964	-0.0019233748	-0.00634184	-0.0183548902	-0.0253335389	-0.0101421602	0.0064301984	0.0014374051	0.0235305806	0.0144643053	0.0300948283	-0.0211563084	0.0021625749	0.0108838482	0.0142054634	-0.0190006219	0.0151740198	0.0204896649	-0.0013101522	-0.0287168032	-0.0124563262	0.0171832108	-0.0148744873	-0.0105370436	0.0140379523	-0.0768225931	-0.0404540309	0.0629121428	0.0620868871	-0.0415630576	-0.0763786853	0.0152996203	0.0779508669508288	0.0359839125587342	0.0012948419630346	0.0060763376583858	0.0633830551178675	0.0083446777385205	0.0040174116760746	6.963364655975966e-05	-0.2005412780730466	0.0012801592158454	1.6388076179139097e-06	0.040216804211171	0.0013248796100194	0.0001189899326504	1.4158604072170508e-08	1.7553059810451574e-06	-0.0050899500851866	0.0002463328027507	6.06798497110154e-08	2.590759186969108e-05	-0.0006421319619544	-0.0002223465832015	4.1233345656340717e-07	4.9438003061381566e-08	0.0	0.0	0.0	0.0	0.0	0.0	0.0	0.0	0.0	0.0	0.0	0.0	0.0	0.0	0.0	0.0	0.0	0.0	0.0	0.0	0.0	0.0	0.0	0.0	0.0	0.0	0.0	0.0	0.0	0.0	0.0	0.0	0.0	0.0	0.0	0.0	0.0	0.0	0.0	0.0	0.0	0.0	0.0	0.0	0.0	0.0	0.0	0.0	0.0	0.0	0.0	0.0	0.0	0.0	0.0	0.0	0.0	0.0	0.0	0.0	0.0	0.0	0.0	0.0	0.0	0.0	0.0	0.0	0.0	0.0	0.0	0.0	0.0	0.0	0.0	0.0	0.0	0.0	0.0	0.0	0.0	0.0	0.0	0.0	0.0	0.0	0.0	0.0	0.0	0.0	0.0	0.0	0.0	0.0	0.0	0.0	0.0	0.0	0.0	0.0
1492.0406898390477	-9.09534826188451	82.72536000496558	2226185.420135381	2005.1632640210887	0.7704628087296896	4020679.715379706	0.5936129396356423	1795.6982608632145	2.976366039830509	8.858754803056348	3224532.244067173	1856.8226164618427	2143.991435917941	0.636093	33.377487	0.1479756716152513	0.0741479044042522	-0.0101029143	-0.0434978478	0.0025483375	0.0110094548	-0.0028975833	-0.0015824805	-0.0042512849	-0.0033609776	-0.0049602418	-0.0004536816	-0.0181661328	-0.0203757453	0.0012729772	-0.0003578204	0.0032073498	0.0449627975	0.0204926368	0.0413717377	-0.020336296	0.0032515913	0.0086935301	0.0225740813	-0.0084527461	0.0091976967	0.0077164018	0.0174035343	-0.0271764023	-0.0140075067	0.0171930093	-0.0058307894	-0.0002625049	0.0131948967	-0.0773849666	-0.0382063093	0.0650363955	0.0592265694	-0.0458939156	-0.0740598336	0.0219572114	0.0846488941894989	0.0066980272386701	4.48635688899667e-05	0.0071654352875049	0.0303248786541701	-0.0330581764636974	0.0009195982653901	0.0010928430311049	-0.1526137668783178	0.0479275111947288	0.0022970463293208	0.0232909618407895	0.0021823819946665	0.0008575023846471	7.35310339675463e-07	4.7627911706445306e-06	-0.0047822687770835	0.0003076813081031	9.46677873560348e-08	2.2870094656267717e-05	-0.0006827874035673	-4.065544161290001e-05	4.661986384701751e-07	1.6528649327399219e-09	0.0	0.0	0.0	0.0	0.0	0.0	0.0	0.0	0.0	0.0	0.0	0.0	0.0	0.0	0.0	0.0	0.0	0.0	0.0	0.0	0.0	0.0	0.0	0.0	0.0	0.0	0.0	0.0	0.0	0.0	0.0	0.0	0.0	0.0	0.0	0.0	0.0	0.0	0.0	0.0	0.0	0.0	0.0	0.0	0.0	0.0	0.0	0.0	0.0	0.0	0.0	0.0	0.0	0.0	0.0	0.0	0.0	0.0	0.0	0.0	0.0	0.0	0.0	0.0	0.0	0.0	0.0	0.0	0.0	0.0	0.0	0.0	0.0	0.0	0.0	0.0	0.0	0.0	0.0	0.0	0.0	0.0	0.0	0.0	0.0	0.0	0.0	0.0	0.0	0.0	0.0	0.0	0.0	0.0	0.0	0.0	0.0	0.0	0.0	0.0
1490.4925721672166	-1.5481176718310508	2.3966683258355927	2221568.1076856456	1997.355375845221	-7.807888175867674	3989428.497417804	60.96311776685424	1795.4773452106704	-0.2209156525441358	0.0488037255390013	3223738.897164757	1856.0855483816613	2114.37741577842	0.651561	34.189117	0.0487816093575668	0.0224311104716346	-0.0162814872	-0.038404548	0.0031910395	-0.0063925207	-0.0010756052	-0.0003374447	-0.0035970187	-0.0045736803	-0.0074042515	-0.0008081127	-0.0228679439	-0.0273848945	0.0154584969	-0.0054818783	0.0099039038	0.0591059993	0.0422806178	0.0513035011	-0.0218598841	0.0048504439	0.0030134769	0.0344944434	-0.008560086	0.0126300847	0.002124066	0.0144951424	-0.037451033	0.0005991709	0.0044751063	0.0034249932	0.0013681423	0.0123503943	-0.0779133966	-0.0359208828	0.0670465522	0.0562039158	-0.0500436514	-0.0713432033	0.0284607885	0.094403059767302	0.009754165577803	9.514374611919873e-05	0.0089119376934287	0.0458736415201457	0.0155487628659755	0.0021043909863188	0.0002417640266623	-0.155148777804051	-0.0025350109257332	6.42628039358678e-06	0.0240711432540907	0.0022562249150286	7.384292036210008e-05	5.4527768876034546e-09	5.0905508671958135e-06	-0.004554159230917	0.0002281095461664	5.203396505228652e-08	2.0740366300546523e-05	-0.0005658664703348	0.0001169209332325	3.202048622491651e-07	1.3670504627958731e-08	0.0	0.0	0.0	0.0	0.0	0.0	0.0	0.0	0.0	0.0	0.0	0.0	0.0	0.0	0.0	0.0	0.0	0.0	0.0	0.0	0.0	0.0	0.0	0.0	0.0	0.0	0.0	0.0	0.0	0.0	0.0	0.0	0.0	0.0	0.0	0.0	0.0	0.0	0.0	0.0	0.0	0.0	0.0	0.0	0.0	0.0	0.0	0.0	0.0	0.0	0.0	0.0	0.0	0.0	0.0	0.0	0.0	0.0	0.0	0.0	0.0	0.0	0.0	0.0	0.0	0.0	0.0	0.0	0.0	0.0	0.0	0.0	0.0	0.0	0.0	0.0	0.0	0.0	0.0	0.0	0.0	0.0	0.0	0.0	0.0	0.0	0.0	0.0	0.0	0.0	0.0	0.0	0.0	0.0	0.0	0.0	0.0	0.0	0.0	0.0
1491.225460785154	0.7328886179373058	0.5371257263020541	2223753.374893895	2009.062641964683	11.70726611946202	4036332.699338112	137.0600799919033	1795.1197132077991	-0.3576320028712416	0.1279006494776957	3222454.784747251	1855.532818157667	2120.3085825334897	0.744598	39.071018	0.0434572031409452	0.02004767284984	-0.0118735561	-0.0325081904	-0.00099909	0.0095970746	-0.0003844285	0.000119203	-0.0063215208	-0.0039093252	-0.0047588986	-0.0050944156	-0.0248641729	-0.0210201371	-0.0037524687	-0.0072933972	0.0105631358	0.0551615946	0.0097635313	0.0802343154	-0.040287037	0.0094205096	-0.0035763072	0.0147964901	-0.0050597213	0.015767517	0.0446147659	-0.0057938869	0.0144936334	0.0102002992	0.0059260122	-0.0057184981	0.0344513122	0.0115045374	-0.0784076511	-0.0336000067	0.0689390864	0.0530272111	-0.0539958877	-0.0682433853	0.0347647336	0.0862571246980081	-0.0081459350692938	6.635625815315216e-05	0.0074402915611677	0.0401823339861664	-0.0056913075339792	0.0016146199645758	3.2390981446329514e-05	-0.1592103051051481	-0.0040615273010971	1.64960040175571e-05	0.0253479212516743	0.0019620423893684	-0.0002941825256601	8.654335840381415e-08	3.849610337678461e-06	-0.0047131311339443	-0.0001589719030272	2.5272065952121142e-08	2.2213605085755083e-05	-0.0006238807063788	-5.8014236044e-05	3.892271357917105e-07	3.365651583768948e-09	0.0	0.0	0.0	0.0	0.0	0.0	0.0	0.0	0.0	0.0	0.0	0.0	0.0	0.0	0.0	0.0	0.0	0.0	0.0	0.0	0.0	0.0	0.0	0.0	0.0	0.0	0.0	0.0	0.0	0.0	0.0	0.0	0.0	0.0	0.0	0.0	0.0	0.0	0.0	0.0	0.0	0.0	0.0	0.0	0.0	0.0	0.0	0.0	0.0	0.0	0.0	0.0	0.0	0.0	0.0	0.0	0.0	0.0	0.0	0.0	0.0	0.0	0.0	0.0	0.0	0.0	0.0	0.0	0.0	0.0	0.0	0.0	0.0	0.0	0.0	0.0	0.0	0.0	0.0	0.0	0.0	0.0	0.0	0.0	0.0	0.0	0.0	0.0	0.0	0.0	0.0	0.0	0.0	0.0	0.0	0.0	0.0	0.0	0.0	0.0
1492.599566776016	1.3741059908620628	1.8881672741230116	2227853.4667399507	2003.9407491563245	-5.121892808358552	4015778.5261292113	26.23378594031506	1796.4412193885216	1.3215061807225084	1.746378585687791	3227201.0547181186	1856.733023232717	2161.620181627707	0.9325	48.930737	0.1299595018602747	0.0757799660513123	0.0001005616	-0.0132631902	0.0043254378	0.0147501618	0.00065851	0.0007054365	-0.0060879506	9.07801e-05	0.0032956971	-0.0144030519	-0.0002172886	-0.0113336146	-0.0121908574	0.0201243582	0.005237842	-0.006324295	0.0184929874	-0.0061469594	0.0069828975	-0.006479569	0.0090149585	0.0105464386	-0.0078905858	0.0014583752	0.0398478069	-0.0110897214	0.0045462156	0.0219529501	0.0243625245	-0.0088756974	0.0101259532	0.010657419	-0.0788675135	-0.0312459714	0.0707106781	0.0497051625	-0.0577350269	-0.064777029	0.040824829	0.0916179662208236	0.0053608415228155	2.873862183274285e-05	0.0083938517344399	0.0665241849616933	0.0263418509755268	0.0044254671848175	0.0006938931128168	-0.1848521878392404	-0.0256418827340922	0.0006575061501489	0.0341703313489538	0.0006306860479406	-0.0013313563414278	1.7725097078600173e-06	3.977648910669329e-07	-0.0047631931936085	-5.006205966419982e-05	2.506209817821902e-09	2.268800939963834e-05	-0.000553000574914	7.088013146480004e-05	3.058096358552145e-07	5.023993036467336e-09	0.0	0.0	0.0	0.0	0.0	0.0	0.0	0.0	0.0	0.0	0.0	0.0	0.0	0.0	0.0	0.0	0.0	0.0	0.0	0.0	0.0	0.0	0.0	0.0	0.0	0.0	0.0	0.0	0.0	0.0	0.0	0.0	0.0	0.0	0.0	0.0	0.0	0.0	0.0	0.0	0.0	0.0	0.0	0.0	0.0	0.0	0.0	0.0	0.0	0.0	0.0	0.0	0.0	0.0	0.0	0.0	0.0	0.0	0.0	0.0	0.0	0.0	0.0	0.0	0.0	0.0	0.0	0.0	0.0	0.0	0.0	0.0	0.0	0.0	0.0	0.0	0.0	0.0	0.0	0.0	0.0	0.0	0.0	0.0	0.0	0.0	0.0	0.0	0.0	0.0	0.0	0.0	0.0	0.0	0.0	0.0	0.0	0.0	0.0	0.0
1490.6823160317774	-1.917250744238572	3.675850416283359	2222133.767329864	2018.285087875173	14.344338718848576	4073474.695939295	205.7600532810584	1781.941077286158	-14.500142102363723	210.2541209887411	3175314.002919753	1844.5895647870504	2143.701088972525	1.266731	66.468697	0.2184191663839451	0.1263154595271768	-0.0017491758	-0.0586893543	-0.0085877423	0.0048634266	-0.0104610257	-0.0091354563	-0.0009059755	-0.0056737403	-0.0005087186	0.0007906124	0.0119864248	0.0008826846	0.0266482066	0.0310903538	-0.0044365665	0.005954551	0.0543211731	-0.0510916936	0.058048891	-0.0105543277	-0.0077232711	0.038622905	0.0232803065	-0.0521717971	-0.0652929652	0.0609856693	0.0553558846	-0.0088824834	0.0875782372	-0.0382172189	0.0459772637	0.0098091318	-0.0792927819	-0.0288611001	0.0723582192	0.0462468756	-0.0612463124	-0.0609627523	0.0465985677	0.0346481235617091	-0.0569698426591145	0.0032455629726042	0.0012004924663474	0.1700167190358428	0.1034925340741495	0.0289056847517127	0.010710704609089	-0.1763422363873843	0.008509951451856	7.241927371294768e-05	0.0310965843341041	0.0008210741494466	0.000190388101506	3.624762919505896e-08	6.741627588894577e-07	-0.0043073799102255	0.0004558132833829	2.077657493083907e-07	1.855352169101424e-05	-0.0008957359540015	-0.0003427353790875	8.023428992909773e-07	1.1746754007825237e-07	0.0	0.0	0.0	0.0	0.0	0.0	0.0	0.0	0.0	0.0	0.0	0.0	0.0	0.0	0.0	0.0	0.0	0.0	0.0	0.0	0.0	0.0	0.0	0.0	0.0	0.0	0.0	0.0	0.0	0.0	0.0	0.0	0.0	0.0	0.0	0.0	0.0	0.0	0.0	0.0	0.0	0.0	0.0	0.0	0.0	0.0	0.0	0.0	0.0	0.0	0.0	0.0	0.0	0.0	0.0	0.0	0.0	0.0	0.0	0.0	0.0	0.0	0.0	0.0	0.0	0.0	0.0	0.0	0.0	0.0	0.0	0.0	0.0	0.0	0.0	0.0	0.0	0.0	0.0	0.0	0.0	0.0	0.0	0.0	0.0	0.0	0.0	0.0	0.0	0.0	0.0	0.0	0.0	0.0	0.0	0.0	0.0	0.0	0.0	0.0
1493.8130501799426	3.1307341481651747	9.801496306487522	2231477.428887904	1994.746617570708	-23.538470304465136	3979014.06830978	554.059584274187	1794.3301609658788	12.389083679720898	153.4893944231267	3219620.7265518364	1854.518167798405	2130.074443132228	1.047859	54.983902	0.1570452073184134	0.0855475859840037	-0.0098576737	-0.0686539532	1.65527e-05	-0.0103922505	-0.0020354388	-0.0002873875	-0.0050990197	-0.0062026747	-0.0074544516	-0.0019919036	-0.0299744864	-0.0338076917	0.0224123301	0.005415355	0.0056946307	0.0597707598	0.064785225	0.0200903457	0.009926097	-0.0113939267	-0.0014294647	0.0618968916	0.0057497806	-0.0356080543	-0.0398500007	0.0581013631	-0.0115098694	0.006037209	0.0860559842	-0.0350576194	0.0134869252	0.008959769	-0.0796832699	-0.0264477464	0.0738788195	0.0426618292	-0.0645158866	-0.0568210419	0.0520454508	0.0274542759287896	-0.0071938476329194	5.1751443765661465e-05	0.0007537372667741	0.1055338432794457	-0.0644828757563971	0.0111373920773306	0.0041580412658149	-0.1643789105912674	0.0119633257961168	0.000143121164104	0.0270204262471718	0.0014910436253807	0.000669969475934	4.488590986834125e-07	2.223211092788421e-06	-0.0046268310449433	-0.0003194511347177	1.020490274724897e-07	2.1407565518451105e-05	-0.0004170534019938	0.0004786825520077	1.7393354011460213e-07	2.2913698559660445e-07	0.0	0.0	0.0	0.0	0.0	0.0	0.0	0.0	0.0	0.0	0.0	0.0	0.0	0.0	0.0	0.0	0.0	0.0	0.0	0.0	0.0	0.0	0.0	0.0	0.0	0.0	0.0	0.0	0.0	0.0	0.0	0.0	0.0	0.0	0.0	0.0	0.0	0.0	0.0	0.0	0.0	0.0	0.0	0.0	0.0	0.0	0.0	0.0	0.0	0.0	0.0	0.0	0.0	0.0	0.0	0.0	0.0	0.0	0.0	0.0	0.0	0.0	0.0	0.0	0.0	0.0	0.0	0.0	0.0	0.0	0.0	0.0	0.0	0.0	0.0	0.0	0.0	0.0	0.0	0.0	0.0	0.0	0.0	0.0	0.0	0.0	0.0	0.0	0.0	0.0	0.0	0.0	0.0	0.0	0.0	0.0	0.0	0.0	0.0	0.0
1491.3331622751646	-2.4798879047780247	6.149844020264341	2224074.6009016423	1991.961289031596	-2.7853285391120157	3967909.7770004175	7.758055070791873	1782.719359725561	-11.610801240317867	134.81070544216698	3178088.3155403137	1843.4119148158304	2156.0281914689326	0.989985	51.947144	0.2152903442775184	0.0896471218225692	-0.004767668	-0.0549801771	0.004262104	-0.0081897489	-0.0069698668	-0.006671739	-0.0011451059	-0.0023262874	-0.0055672182	-0.0063095988	0.0066666162	0.006965491	0.0269771213	-0.0093731741	0.0088390908	0.0411549688	0.0383285707	0.0315915562	0.0006255945	0.0002865814	-0.0068143493	0.0074718678	-0.0001900046	0.0015432483	-0.023635936	0.0187120445	0.0240295624	-0.0304181661	0.0249681282	-0.0283891304	0.0121914955	0.0081094236	-0.0800388062	-0.024008292	0.0752698111	0.0389598496	-0.0675308461	-0.0523741431	0.0571272725	0.0478003937724054	0.0203461178436158	0.0004139645113063	0.002284877644797	0.0480514012913317	-0.057482441988114	0.0023089371660605	0.0033042311369168	-0.1097981037869288	0.0545808068043386	0.0029790644714125	0.0120556235952051	0.0024098463350354	0.0009188027096546	8.441984192688186e-07	5.807359358483548e-06	-0.0048955933333412	-0.0002687622883979	7.223316766487636e-08	2.3966834085454805e-05	-0.0008871079567702	-0.0004700545547764	7.86960526964999e-07	2.2095128446603965e-07	0.0	0.0	0.0	0.0	0.0	0.0	0.0	0.0	0.0	0.0	0.0	0.0	0.0	0.0	0.0	0.0	0.0	0.0	0.0	0.0	0.0	0.0	0.0	0.0	0.0	0.0	0.0	0.0	0.0	0.0	0.0	0.0	0.0	0.0	0.0	0.0	0.0	0.0	0.0	0.0	0.0	0.0	0.0	0.0	0.0	0.0	0.0	0.0	0.0	0.0	0.0	0.0	0.0	0.0	0.0	0.0	0.0	0.0	0.0	0.0	0.0	0.0	0.0	0.0	0.0	0.0	0.0	0.0	0.0	0.0	0.0	0.0	0.0	0.0	0.0	0.0	0.0	0.0	0.0	0.0	0.0	0.0	0.0	0.0	0.0	0.0	0.0	0.0	0.0	0.0	0.0	0.0	0.0	0.0	0.0	0.0	0.0	0.0	0.0	0.0
1504.748658796272	13.415496521107343	179.97554690784324	2264268.52614918	2023.5645280669007	31.6032390353048	4094813.399250618	998.7647175226128	1795.687630312667	12.968270587105962	168.17604202039763	3224494.065657921	1856.0427269154893	2150.791488083926	1.158302	60.779156	0.3439389256435779	0.1391309174350044	-0.0028058325	0.00054929	-0.0078506024	0.001099595	0.0014059377	0.0019614992	-0.0050548573	-0.0003454829	-0.003205347	-0.0086849292	-0.0322667726	-0.0302164071	-0.0131828904	0.0066403329	0.0018110892	0.0406203999	0.0176062655	0.0452325509	-0.0232628669	0.0028288289	0.0012447794	0.0316821678	-0.0008028165	-0.003096061	0.010159479	-0.0112860247	-0.0549310848	-0.0039068929	0.0095267815	0.0038627492	-0.0057077306	0.0072581889	-0.0803592349	-0.0215451443	0.076528754	0.0351510839	-0.0702792922	-0.0476459404	0.0618083875	0.08518823613106	0.0373878423586546	0.0013978507562356	0.0072570355751212	0.1176286929490828	0.0695772916577511	0.0138365094049096	0.0048409995144277	-0.204697845153376	-0.0948997413664472	0.0090059609114185	0.0419012078104355	0.0010691635953757	-0.0013406827396596	1.7974302084214383e-06	1.1431107936766938e-06	-0.0041161024385028	0.0007794908948384	6.0760605513597e-07	1.6942299284248698e-05	-0.0001658005860538	0.0007213073707164	2.7489834335783537e-08	5.202843230498061e-07	0.0	0.0	0.0	0.0	0.0	0.0	0.0	0.0	0.0	0.0	0.0	0.0	0.0	0.0	0.0	0.0	0.0	0.0	0.0	0.0	0.0	0.0	0.0	0.0	0.0	0.0	0.0	0.0	0.0	0.0	0.0	0.0	0.0	0.0	0.0	0.0	0.0	0.0	0.0	0.0	0.0	0.0	0.0	0.0	0.0	0.0	0.0	0.0	0.0	0.0	0.0	0.0	0.0	0.0	0.0	0.0	0.0	0.0	0.0	0.0	0.0	0.0	0.0	0.0	0.0	0.0	0.0	0.0	0.0	0.0	0.0	0.0	0.0	0.0	0.0	0.0	0.0	0.0	0.0	0.0	0.0	0.0	0.0	0.0	0.0	0.0	0.0	0.0	0.0	0.0	0.0	0.0	0.0	0.0	0.0	0.0	0.0	0.0	0.0	0.0
1511.7486331338696	6.999974337597678	48.99964072702605	2285383.929782123	2024.06264524822	0.4981171813192304	4096829.5918892217	0.2481207263254151	1817.09066934178	21.403039029113188	458.0900796817424	3301818.5006089583	1883.3793916870425	2125.409249357744	1.560965	81.907944	0.3516302384305018	0.1810188445315722	-0.0209055026	-0.0886160451	-0.0059994737	0.0159679482	0.0138328219	0.0169395265	-0.005504893	-0.0062405743	-0.0089976102	0.0089442374	-0.090558479	-0.0832443585	-0.0267601379	0.0057136004	0.0105659696	0.0955034898	0.0576519026	0.0834436871	-0.0325763772	0.0136326755	0.0091502924	0.1369525253	-0.0176120772	-0.0145996126	0.0014893115	0.0499115222	-0.1563220562	-0.0031855263	0.0225171808	0.0439137029	0.0223062344	0.0064061583	-0.0806444153	-0.0190607341	0.0776534394	0.0312459714	-0.0727503781	-0.0426618292	0.066055961	0.051772400918864	-0.0334158352121959	0.0011166180429286	0.0026803814969035	0.107748942110561	-0.0098797508385218	0.011609834525945	9.760947663127222e-05	-0.186679858768862	0.0180179863845139	0.0003246478333525	0.0348493696699622	0.0031740104497434	0.0021048468543677	4.430380280341603e-06	1.0074342335080302e-05	-0.0017331754099689	0.0023829270285339	5.678341223317402e-06	3.0038970017208646e-06	0.00115275885095	0.0013185594370037	1.3288529684435642e-06	1.7385989889117775e-06	0.0	0.0	0.0	0.0	0.0	0.0	0.0	0.0	0.0	0.0	0.0	0.0	0.0	0.0	0.0	0.0	0.0	0.0	0.0	1.0	0.0	0.0	0.0	0.0	0.0	0.0	0.0	0.0	0.0	0.0	0.0	0.0	0.0	0.0	0.0	0.0	0.0	0.0	0.0	0.0	0.0	0.0	0.0	0.0	0.0	0.0	0.0	0.0	0.0	0.0	0.0	0.0	0.0	0.0	0.0	0.0	0.0	0.0	0.0	0.0	0.0	0.0	0.0	0.0	0.0	0.0	0.0	0.0	0.0	0.0	0.0	0.0	0.0	0.0	0.0	0.0	0.0	0.0	0.0	0.0	0.0	0.0	0.0	0.0	0.0	0.0	0.0	0.0	0.0	0.0	0.0	0.0	0.0	0.0	0.0	0.0	0.0	0.0	0.0	0.0
1497.6643222901243	-14.084310843745245	198.36781194323984	2242998.422260737	2007.9280447658105	-16.134600482409496	4031775.0329570505	260.3253327269687	1816.326622700488	-0.7640466412919977	0.5837672700695826	3299042.400330561	1877.962889164461	2102.282708714225	1.363181	71.529701	0.3016170481831476	0.1454209763278019	-0.019657798	-0.0202980755	-0.0047101708	0.0158261019	0.0205970727	0.0208922666	-0.0045127274	-0.0065313961	-0.0108206588	0.00821535	-0.0305045719	-0.018905113	0.0219017699	-0.019255669	0.0168448761	0.0931206608	0.0696562422	0.0960736744	-0.0450612661	0.0158600793	-0.003187694	0.0380574551	-0.0269530244	0.0336334707	0.0096895506	0.0033692732	-0.0914541611	-0.0320966429	-0.0854510609	0.058216834	0.0033703367	0.0055534252	-0.0808942224	-0.0165575133	0.0786418943	0.0272552159	-0.0749343514	-0.0374485793	0.0698401994	0.0092502667725682	-0.0425221341462958	0.0018081318923555	8.556743536367931e-05	0.0662716759578359	-0.0414772661527251	0.0043919350342604	0.0017203636075039	-0.0648679365437203	0.1218119222251417	0.0148381443961839	0.0042078491914401	0.0032128281767316	3.881772698819969e-05	1.5068159285304066e-09	1.0322264893200496e-05	-0.0026020407228233	-0.0008688653128543	7.549269318815741e-07	6.770615923230801e-06	0.0021611903242871	0.0010084314733371	4.670743617792181e-06	1.0169340364168346e-06	0.0	0.0	0.0	0.0	0.0	0.0	0.0	0.0	0.0	0.0	0.0	0.0	0.0	0.0	0.0	0.0	0.0	0.0	0.0	0.0	0.0	0.0	0.0	0.0	0.0	0.0	0.0	0.0	0.0	0.0	0.0	0.0	0.0	0.0	0.0	0.0	0.0	0.0	0.0	0.0	0.0	0.0	0.0	0.0	0.0	0.0	0.0	0.0	0.0	0.0	0.0	0.0	0.0	0.0	0.0	0.0	0.0	0.0	0.0	0.0	0.0	0.0	0.0	0.0	0.0	0.0	0.0	0.0	0.0	0.0	0.0	0.0	0.0	0.0	0.0	0.0	0.0	0.0	0.0	0.0	0.0	0.0	0.0	0.0	0.0	0.0	0.0	0.0	0.0	0.0	0.0	0.0	0.0	0.0	0.0	0.0	0.0	0.0	0.0	0.0
1483.3971209697418	-14.267201320382584	203.5530335163265	2200467.0185013185	2017.229839083515	9.301794317704434	4069216.2236889033	86.5233775288785	1777.083197386652	-39.24342531383604	1540.0464303626277	3158024.6904339665	1842.014820550491	2181.3154756069184	1.59524	83.706467	0.5608932385869685	0.2906006354152758	0.0051174909	0.0226621969	-0.0004993163	0.0452105805	-0.0088332813	-0.0067967101	-0.0122372958	0.0027680381	0.0077441538	-0.0149724373	0.0146328857	0.0154931673	-0.0239177159	0.03046573	-0.010691375	-0.0365615906	-0.007096267	-0.0453602506	0.008534101	-0.0153662452	0.0224144463	0.0028343447	0.0035415096	-0.0125157604	0.0417664614	-0.0154518789	-0.0453658685	0.0371564494	0.0295581257	-0.0010926482	-0.0233254474	0.0047000831	-0.0811085467	-0.0140379523	0.0794923845	0.0231897558	-0.0768225931	-0.0320341914	0.073134559	0.006597629775598	-0.0026526369969702	7.036483037695085e-06	4.352871865585731e-05	-0.0442194035050818	-0.1104910794629177	0.0019553556463452	0.0122082786408807	-0.0497553142109197	0.0151126223328006	0.0002283913537738	0.0024755912922273	-0.0016152772031375	-0.0048281053798691	2.3310601559120946e-05	2.609120442975704e-06	-0.0045852818048652	-0.0019832410820419	3.933245189498726e-06	2.1024809230027864e-05	0.0003197987903125	-0.0018413915339746	1.0227126628533836e-07	3.390722781393331e-06	0.0	0.0	0.0	0.0	0.0	0.0	0.0	0.0	0.0	0.0	0.0	0.0	0.0	0.0	0.0	0.0	0.0	0.0	0.0	0.0	1.0	0.0	0.0	0.0	0.0	0.0	0.0	0.0	0.0	0.0	0.0	0.0	0.0	0.0	0.0	0.0	0.0	0.0	0.0	0.0	0.0	0.0	0.0	0.0	0.0	0.0	0.0	0.0	0.0	0.0	0.0	0.0	0.0	0.0	0.0	0.0	0.0	0.0	0.0	0.0	0.0	0.0	0.0	0.0	0.0	0.0	0.0	0.0	0.0	0.0	0.0	0.0	0.0	0.0	0.0	0.0	0.0	0.0	0.0	0.0	0.0	0.0	0.0	0.0	0.0	0.0	0.0	0.0	0.0	0.0	0.0	0.0	0.0	0.0	0.0	0.0	0.0	0.0	0.0	0.0
1485.8632818241988	2.46616085445703	6.081949360056228	2207789.6922733784	2018.0029671584505	0.7731280749355847	4072335.97546031	0.597727020253603	1776.3602560972556	-0.7229412893964309	0.522644107914174	3155455.7594419075	1840.333555975849	2181.0786352179266	1.10412	57.936096	0.2161361153539808	0.1156236649426834	0.0121448725	0.0728764237	-0.0095611601	0.0279618063	-0.0087640345	-0.0059925044	-0.0161637513	0.0074342035	0.0128624702	-0.0261007513	0.0571606063	0.0547096675	-0.0337277008	0.0305099863	-0.0131284659	-0.07420088	-0.0659139542	-0.0337830925	-0.0008864693	-0.0006528462	0.0143717372	-0.0527503887	-0.0125019364	0.0271806626	0.0898855333	-0.0705163321	-0.0015606278	0.0366505025	-0.0062187951	-0.0098391184	-0.0288549317	0.0038462256	-0.081287294	-0.0115045374	0.0802034182	0.0190607341	-0.0784076511	-0.0264477464	0.0759159322	-0.0020594249530603	-0.0086570547286583	7.494459657498503e-05	4.241231137287419e-06	-0.0494666278308955	-0.0052472243258136	0.0024469472689603	2.753336312541101e-05	-0.0653713286887835	-0.0156160144778637	0.0002438599081728	0.0042734106145369	-0.0030109439860085	-0.001395666782871	1.9478857688094874e-06	9.065783686880754e-06	-0.0060578357730198	-0.0014725539681546	2.1684151891278603e-06	3.66973742528784e-05	0.0011838944757198	0.0008640956854073	1.40160612963986e-06	7.466613535395116e-07	0.0	0.0	0.0	0.0	0.0	0.0	0.0	0.0	0.0	0.0	0.0	0.0	0.0	0.0	0.0	0.0	0.0	0.0	0.0	0.0	0.0	0.0	0.0	0.0	0.0	0.0	0.0	0.0	0.0	0.0	0.0	0.0	0.0	0.0	0.0	0.0	0.0	0.0	0.0	0.0	0.0	0.0	0.0	0.0	0.0	0.0	0.0	0.0	0.0	0.0	0.0	0.0	0.0	0.0	0.0	0.0	0.0	0.0	0.0	0.0	0.0	0.0	0.0	0.0	0.0	0.0	0.0	0.0	0.0	0.0	0.0	0.0	0.0	0.0	0.0	0.0	0.0	0.0	0.0	0.0	0.0	0.0	0.0	0.0	0.0	0.0	0.0	0.0	0.0	0.0	0.0	0.0	0.0	0.0	0.0	0.0	0.0	0.0	0.0	0.0
1489.762779378593	3.899497554394202	15.20608117672636	2219393.1388218305	1994.9973905539207	-23.00557660452978	3980014.588316953	529.2565549068879	1781.0032296466013	4.642973549345697	21.557203379923784	3171972.5040116245	1841.327574914889	2190.509013680978	0.786923	41.291931	0.0838698781498172	0.0471648079066891	0.0140352621	0.042931419	0.0013387968	-0.000644063	-0.0022263328	-0.0020676214	-0.0115957844	0.0068849117	0.0105130328	-0.0194534694	0.0403072917	0.037849078	-0.0281897217	0.0296512689	-0.0114850284	-0.0592442906	-0.0464032778	-0.0304754754	0.0124613711	-0.0030639089	0.0081655047	-0.0317401805	-0.0015224587	0.0081606046	0.0450747996	-0.0380474453	0.0017412519	-0.0041293707	-0.0007101196	-0.012131693	0.0109306911	0.0029919463	-0.0814303861	-0.008959769	0.0807737477	0.0148794683	-0.0796832699	-0.0207192494	0.0781648097	-0.0051124511501541	-0.0030530261970937	9.320968960141028e-06	2.6137156762711977e-05	-0.0341624029803711	0.0153042248505243	0.0011670697773932	0.0002342192982754	-0.0681171724346825	-0.002745843745899	7.539657876892691e-06	0.0046399491804962	-0.0028649311430128	0.0001460128429956	2.1319750319686872e-08	8.20783045420463e-06	-0.0055583645719932	0.0004994712010266	2.494714806549546e-07	3.0895416715189145e-05	0.0005740428526161	-0.0006098516231036	3.295251966396295e-07	3.719190022022173e-07	0.0	0.0	0.0	0.0	0.0	0.0	0.0	0.0	0.0	0.0	0.0	0.0	0.0	0.0	0.0	0.0	0.0	0.0	0.0	0.0	0.0	0.0	0.0	0.0	0.0	0.0	0.0	0.0	0.0	0.0	0.0	0.0	0.0	0.0	0.0	0.0	0.0	0.0	0.0	0.0	0.0	0.0	0.0	0.0	0.0	0.0	0.0	0.0	0.0	0.0	0.0	0.0	0.0	0.0	0.0	0.0	0.0	0.0	0.0	0.0	0.0	0.0	0.0	0.0	0.0	0.0	0.0	0.0	0.0	0.0	0.0	0.0	0.0	0.0	0.0	0.0	0.0	0.0	0.0	0.0	0.0	0.0	0.0	0.0	0.0	0.0	0.0	0.0	0.0	0.0	0.0	0.0	0.0	0.0	0.0	0.0	0.0	0.0	0.0	0.0
1500.1939892627934	10.43120988420037	108.81013964823951	2250582.005420214	2009.8730124944373	14.875621940516568	4039589.526353465	221.28412811717783	1788.408397915832	7.405168269230671	54.83651709562078	3198404.597735873	1850.8448523994657	2176.5259407281874	0.882027	46.282265	0.1471350959082787	0.0613503121258584	0.0073180058	0.0277618411	-0.0073056214	0.0109016082	0.0007399466	0.0016537583	-0.0245066484	0.0063468406	0.0082796698	-0.0165333099	0.0396780203	0.0341561063	-0.0132286918	0.0201937767	-0.0107114082	-0.0450111996	-0.0209157588	-0.0226927283	-8.96464e-05	0.004096145	-0.0052476207	-0.0446914603	-0.0192601039	0.0356905517	0.0607100046	-0.0433099296	0.0134121909	-0.048199187	-0.0246306863	-0.0246426023	0.0199413225	0.0021373389	-0.0815377601	-0.0064061583	0.0812023727	0.010657419	-0.0806444153	-0.0148794683	0.0798654172	0.0220404943372187	0.0271529454873728	0.0007372824486402	0.0004857833906289	-0.0037410985770662	0.0304213044033049	1.3995818563326746e-05	0.0009254557615985	-0.1000804110111985	-0.0319632385765159	0.0010216486202992	0.0100160886681704	-0.0024643419362926	0.0004005892067202	1.604717125407193e-07	6.072981178970361e-06	-0.0051183484276817	0.0004400161443114	1.9361420725475872e-07	2.619749062715173e-05	0.0002626960548261	-0.0003113467977899	6.900921722119736e-08	9.693682849408713e-08	0.0	0.0	0.0	0.0	0.0	0.0	0.0	0.0	0.0	0.0	0.0	0.0	0.0	0.0	0.0	0.0	0.0	0.0	0.0	0.0	0.0	0.0	0.0	0.0	0.0	0.0	0.0	0.0	0.0	0.0	0.0	0.0	0.0	0.0	0.0	0.0	0.0	0.0	0.0	0.0	0.0	0.0	0.0	0.0	0.0	0.0	0.0	0.0	0.0	0.0	0.0	0.0	0.0	0.0	0.0	0.0	0.0	0.0	0.0	0.0	0.0	0.0	0.0	0.0	0.0	0.0	0.0	0.0	0.0	0.0	0.0	0.0	0.0	0.0	0.0	0.0	0.0	0.0	0.0	0.0	0.0	0.0	0.0	0.0	0.0	0.0	0.0	0.0	0.0	0.0	0.0	0.0	0.0	0.0	0.0	0.0	0.0	0.0	0.0	0.0
1494.044640454331	-6.149348808462264	37.81449076813627	2232169.387670312	2007.443121028852	-2.4298914655853423	4029827.8841660577	5.904372534524483	1780.8023917434562	-7.606006172375828	57.8513298942192	3171257.158439214	1842.9092884592203	2207.890043778853	0.930722	48.83746	0.2155454409202441	0.1107638895547271	0.0132172291	0.0379048666	-0.0060546374	0.0060015321	-0.0008202085	-0.0009203683	-0.0066873446	0.0064782417	0.0064538363	-0.0109054154	0.0287498898	0.0379696221	-0.006725174	-0.0011948733	-0.010500876	-0.0123132337	-0.0387258149	0.0124780266	-0.0175093335	-0.0049084544	0.0150462529	-0.0322229037	-0.0056735114	0.0196674156	0.0310157227	-0.0253056359	-0.0192569842	-0.0148040181	-0.0027946176	-0.0006042895	-0.0251659813	0.0012824971	-0.0816093689	-0.0038462256	0.0814885411	0.0064061583	-0.081287294	-0.008959769	0.0810058262	0.0307404966369944	0.0087000022997757	7.569004001610245e-05	0.000944978133489	-0.0570339932023102	-0.053292894625244	0.0032528763806011	0.0028401326175373	-0.009802690839912	0.0902777201712864	0.0081500667593251	9.609274770289464e-05	-0.0017030470366019	0.0007612948996907	5.79569924295073e-07	2.9003692088785133e-06	-0.0048910077310018	0.0002273406966798	5.168379236690224e-08	2.3921956624719377e-05	-1.4164825282059808e-05	-0.0002768608801081	2.0064227527128075e-10	7.665194693426485e-08	0.0	0.0	0.0	0.0	0.0	0.0	0.0	0.0	0.0	0.0	0.0	0.0	0.0	0.0	0.0	0.0	0.0	0.0	0.0	0.0	0.0	0.0	0.0	0.0	0.0	0.0	0.0	0.0	0.0	0.0	0.0	0.0	0.0	0.0	0.0	0.0	0.0	0.0	0.0	0.0	0.0	0.0	0.0	0.0	0.0	0.0	0.0	0.0	0.0	0.0	0.0	0.0	0.0	0.0	0.0	0.0	0.0	0.0	0.0	0.0	0.0	0.0	0.0	0.0	0.0	0.0	0.0	0.0	0.0	0.0	0.0	0.0	0.0	0.0	0.0	0.0	0.0	0.0	0.0	0.0	0.0	0.0	0.0	0.0	0.0	0.0	0.0	0.0	0.0	0.0	0.0	0.0	0.0	0.0	0.0	0.0	0.0	0.0	0.0	0.0
1493.9209359358367	-0.1237045184943781	0.0153028078959259	2231799.762827406	2018.8306900217565	11.387568992904562	4075677.354973721	129.67672756816145	1793.376062742054	12.57367099859789	158.09720238098168	3216197.702416192	1857.511656484916	2220.917783425071	0.865434	45.411598	0.1688525918752477	0.0915062438351336	0.0183484851	0.0596046915	-0.0115942947	0.0029418267	0.0081593227	0.0082332134	-0.0103191863	0.0037128025	0.0063750122	-0.0090402742	0.0576803794	0.0648093071	0.0258651463	0.0041688554	-0.0046642974	-0.0309617516	-0.0015301239	-0.0502914148	0.0196670789	-0.0225082955	0.0192024975	-0.0278814966	0.0045959863	-0.0125965675	0.0171837508	-0.015129169	0.0031716443	0.0442346973	0.0025369005	0.020760108	0.0108565498	0.0004275147	-0.0816451812	-0.0012824971	0.081631751	0.0021373389	-0.0816093689	-0.0029919463	0.0815780375	0.0398548635144493	0.0091143668774549	8.307168357684697e-05	0.0015884101457553	0.0281981297846272	0.0852321229869374	0.0007951345233506	0.0072645147888604	-0.0117122558997095	-0.0019095650597974	3.646438717599425e-06	0.0001371769382602	-0.0022783126935592	-0.0005752656569572	3.3093057607451384e-07	5.190708729632977e-06	-0.0050827917616889	-0.000191784030687	3.67811144265905e-08	2.5834772092692552e-05	0.0006707162260947	0.0006848810513767	4.4986025594671677e-07	4.6906205453493596e-07	0.0	0.0	0.0	0.0	0.0	0.0	0.0	0.0	0.0	0.0	0.0	0.0	0.0	0.0	0.0	0.0	0.0	0.0	0.0	0.0	0.0	0.0	0.0	0.0	0.0	0.0	0.0	0.0	0.0	0.0	0.0	0.0	0.0	0.0	0.0	0.0	0.0	0.0	0.0	0.0	0.0	0.0	0.0	0.0	0.0	0.0	0.0	0.0	0.0	0.0	0.0	0.0	0.0	0.0	0.0	0.0	0.0	0.0	0.0	0.0	0.0	0.0	0.0	0.0	0.0	0.0	0.0	0.0	0.0	0.0	0.0	0.0	0.0	0.0	0.0	0.0	0.0	0.0	0.0	0.0	0.0	0.0	0.0	0.0	0.0	0.0	0.0	0.0	0.0	0.0	0.0	0.0	0.0	0.0	0.0	0.0	0.0	0.0	0.0	0.0
1493.8234441426605	-0.097491793176232	0.0095046497367172	2231508.4822702403	2023.464399506774	4.633709485017562	4094408.1760713095	21.47126359154172	1796.0798113439837	2.7037486019296466	7.310256502436519	3225902.68871744	1857.751248299625	2199.9843081127515	0.716303	37.586323	0.0867138872011782	0.0485486049313013	0.012979098	0.0655254939	-0.0154841577	0.0103640167	0.0117450638	0.0112521518	-0.0062229419	0.003445455	0.004070246	-0.0073234965	0.0400741481	0.0520567514	0.0267935092	0.0009271415	-0.0056834252	-0.0173403972	0.0068255665	-0.0409837261	0.0184620718	-0.0220642671	0.0193534612	-0.0151391493	0.0179626383	-0.0277339565	-0.0112018597	-0.001049958	-0.0133958465	0.0456614137	0.0174991383	0.0231991072	-0.0022579544	-0.0004275147	-0.0816451812	0.0012824971	0.081631751	-0.0021373389	-0.0816093689	0.0029919463	0.0815780375	0.041106949445151	0.0012520859307017	1.5677191778611505e-06	0.0016897812926862	0.008892340072748	-0.0193057897118791	7.907371196939992e-05	0.0003727135163993	-0.0085896643225922	0.0031225915771172	9.750578157483902e-06	7.378233317481332e-05	-0.0016168690916325	0.0006614436019267	4.375076385297667e-07	2.6142656594765053e-06	-0.0048929026157287	0.0001898891459602	3.605788775349415e-08	2.3940496007004757e-05	0.0010800518778374	0.0004093356517427	1.1665120588200942e-06	1.6755567578762108e-07	0.0	0.0	0.0	0.0	0.0	0.0	0.0	0.0	0.0	0.0	0.0	0.0	0.0	0.0	0.0	0.0	0.0	0.0	0.0	0.0	0.0	0.0	0.0	0.0	0.0	0.0	0.0	0.0	0.0	0.0	0.0	0.0	0.0	0.0	0.0	0.0	0.0	0.0	0.0	0.0	0.0	0.0	0.0	0.0	0.0	0.0	0.0	0.0	0.0	0.0	0.0	0.0	0.0	0.0	0.0	0.0	0.0	0.0	0.0	0.0	0.0	0.0	0.0	0.0	0.0	0.0	0.0	0.0	0.0	0.0	0.0	0.0	0.0	0.0	0.0	0.0	0.0	0.0	0.0	0.0	0.0	0.0	0.0	0.0	0.0	0.0	0.0	0.0	0.0	0.0	0.0	0.0	0.0	0.0	0.0	0.0	0.0	0.0	0.0	0.0
1488.4314348723567	-5.392009270303788	29.073763971041988	2215428.1363161826	2022.3297111414656	-1.1346883653084203	4089817.460565524	1.2875176863662956	1780.9022402510684	-15.177571092915286	230.3586642804977	3171612.789331274	1847.7513366237995	2202.8358373598617	0.866264	45.45517	0.1672770418886334	0.0815000405014708	0.0182294181	0.0258563485	-0.012694705	0.0090422024	0.001691516	0.0030341896	-0.0039555796	0.0046891269	0.0058273254	-0.009554712	0.059799501	0.0614133668	0.0253990326	0.011998365	-0.0087815259	-0.0423623384	0.0166341084	-0.08130956	0.0442870274	-0.0224089231	0.007905376	-0.0094605193	0.0157772871	-0.0315923249	0.0008037363	0.0018514018	0.0254051364	0.0245585111	0.045230202	-0.0081564483	0.0198405451	-0.0012824971	-0.0816093689	0.0038462256	0.0814885411	-0.0064061583	-0.081287294	0.008959769	0.0810058262	0.0310604262828064	-0.0100465231623446	0.0001009326276515	0.0009647500808696	-0.0056129946365786	-0.0145053347093266	3.150570879026013e-05	0.0002104047350295	0.0082732272570211	0.0168628915796133	0.0002843571124257	6.844628924631687e-05	-0.0025690742530225	-0.0009522051613899	9.066946693777558e-07	6.600142517543116e-06	-0.0053580088383446	-0.0004651062226159	2.163237983160315e-07	2.870825871177885e-05	-1.988258690367793e-05	-0.001099934464741	3.953172619823051e-10	1.2098558267252418e-06	0.0	0.0	0.0	0.0	0.0	0.0	0.0	0.0	0.0	0.0	0.0	0.0	0.0	0.0	0.0	0.0	0.0	0.0	0.0	0.0	0.0	0.0	0.0	0.0	0.0	0.0	0.0	0.0	0.0	0.0	0.0	0.0	0.0	0.0	0.0	0.0	0.0	0.0	0.0	0.0	0.0	0.0	0.0	0.0	0.0	0.0	0.0	0.0	0.0	0.0	0.0	0.0	0.0	0.0	0.0	0.0	0.0	0.0	0.0	0.0	0.0	0.0	0.0	0.0	0.0	0.0	0.0	0.0	0.0	0.0	0.0	0.0	0.0	0.0	0.0	0.0	0.0	0.0	0.0	0.0	0.0	0.0	0.0	0.0	0.0	0.0	0.0	0.0	0.0	0.0	0.0	0.0	0.0	0.0	0.0	0.0	0.0	0.0	0.0	0.0
1489.522420400077	1.0909855277202496	1.1902494216950317	2218677.040874504	2001.6592449719392	-20.670466169526435	4006639.732981634	427.2681716655368	1785.5917016184228	4.689461367354397	21.991047915909373	3188337.724888575	1846.738620940624	2195.1421022675254	0.736539	38.648163	0.0875385449356139	0.0459739614991916	0.0148110514	0.0410163864	-0.0040780124	-0.0099030761	0.0066805264	0.0055969341	0.0004045591	0.0020901897	0.0042216607	-0.005308328	0.0432666863	0.054192506	0.0296460588	-0.0038209758	-0.0033601386	-0.0133849826	0.0109263465	-0.0336874629	0.0213724448	-0.0190507167	0.0018797465	-0.0124119384	0.0179315447	-0.0262645788	-0.0183641823	0.0017785597	-0.0027636352	0.0364143654	0.0238182098	0.0107792192	-0.0027463902	-0.0021373389	-0.0815377601	0.0064061583	0.0812023727	-0.010657419	-0.0806444153	0.0148794683	0.0798654172	0.0271049112385952	-0.0039555150442111	1.5646099264981108e-05	0.0007346762132521	0.0030823494173546	0.0086953440539332	9.500877930666242e-06	7.560900821627147e-05	-0.0045182327563395	-0.0127914600133606	0.0001636214492734	2.041442724045924e-05	-0.0021261448639755	0.0004429293890469	1.961864436815485e-07	4.520491982609398e-06	-0.0052867825919917	7.122624635290051e-05	5.073178169524073e-09	2.795007017498648e-05	0.0007078862941786	0.0007277688810822	5.011030054859114e-07	5.296475442717508e-07	0.0	0.0	0.0	0.0	0.0	0.0	0.0	0.0	0.0	0.0	0.0	0.0	0.0	0.0	0.0	0.0	0.0	0.0	0.0	0.0	0.0	0.0	0.0	0.0	0.0	0.0	0.0	0.0	0.0	0.0	0.0	0.0	0.0	0.0	0.0	0.0	0.0	0.0	0.0	0.0	0.0	0.0	0.0	0.0	0.0	0.0	0.0	0.0	0.0	0.0	0.0	0.0	0.0	0.0	0.0	0.0	0.0	0.0	0.0	0.0	0.0	0.0	0.0	0.0	0.0	0.0	0.0	0.0	0.0	0.0	0.0	0.0	0.0	0.0	0.0	0.0	0.0	0.0	0.0	0.0	0.0	0.0	0.0	0.0	0.0	0.0	0.0	0.0	0.0	0.0	0.0	0.0	0.0	0.0	0.0	0.0	0.0	0.0	0.0	0.0
1493.850607716895	4.328187316818003	18.733205449464226	2231589.638176136	2006.3743803772743	4.715135405335104	4025538.154234292	22.23250189064464	1793.2539815788596	7.662279960436763	58.7105341921108	3215759.842448433	1855.1832602858844	2195.439353431355	0.645149	33.852673	0.0856758518573741	0.0369131613387818	0.0144284603	0.0492479734	-0.0090328776	-0.0171013224	0.0115899936	0.0109444873	-0.0015164777	0.0033520223	0.0005447077	-0.0032666494	0.0401577056	0.0511491966	0.0451734181	-0.0152310254	0.0037855189	0.0011297116	0.0355808607	-0.0250051599	0.0135582457	-0.0194534645	0.0050872346	-0.0216854822	0.0174295699	-0.0215604853	-0.0081457243	-0.0103826901	0.013376765	0.0483871989	0.007727447	0.0193383906	0.0042942268	-0.0029919463	-0.0814303861	0.008959769	0.0807737477	-0.0148794683	-0.0796832699	0.0207192494	0.0781648097	0.042416541389386	0.0153116301507907	0.0002344460178746	0.0017991629834374	0.0238457853846654	0.0207634359673108	0.0005686214806115	0.0004311202731686	0.008930263927013	0.0134484966833525	0.0001808620630421	7.974961380610966e-05	-0.0016410287948858	0.0004851160690896	2.3533760048904254e-07	2.692975505644341e-06	-0.0055126156047748	-0.0002258330127831	5.1000549662691823e-08	3.0388930806006637e-05	0.0007199829934242	1.2096699245599967e-05	5.183755108200715e-07	1.4633013263849883e-10	0.0	0.0	0.0	0.0	0.0	0.0	0.0	0.0	0.0	0.0	0.0	0.0	0.0	0.0	0.0	0.0	0.0	0.0	0.0	0.0	0.0	0.0	0.0	0.0	0.0	0.0	0.0	0.0	0.0	0.0	0.0	0.0	0.0	0.0	0.0	0.0	0.0	0.0	0.0	0.0	0.0	0.0	0.0	0.0	0.0	0.0	0.0	0.0	0.0	0.0	0.0	0.0	0.0	0.0	0.0	0.0	0.0	0.0	0.0	0.0	0.0	0.0	0.0	0.0	0.0	0.0	0.0	0.0	0.0	0.0	0.0	0.0	0.0	0.0	0.0	0.0	0.0	0.0	0.0	0.0	0.0	0.0	0.0	0.0	0.0	0.0	0.0	0.0	0.0	0.0	0.0	0.0	0.0	0.0	0.0	0.0	0.0	0.0	0.0	0.0
1493.6984927841283	-0.152114932766608	0.0231389527705896	2231135.187345577	2009.5208326895024	3.1464523122281207	4038173.977013111	9.900162153125688	1786.0066630567242	-7.2473185221354015	52.52362576128686	3189819.800483015	1849.6184025915804	2189.33722262816	0.748926	39.298103	0.0731126375001616	0.0450142568990633	0.0106517292	0.0451309877	-0.0088088162	0.0032197806	0.0059689355	0.0062894949	-0.0022087126	0.002416134	0.0012686806	0.0007370602	0.0463859624	0.0581039762	0.0480076876	-0.0151875945	-0.0063881553	0.0005921677	0.0196800152	-0.0347369535	0.026021966	-0.0194133535	0.0098862087	-0.0076578288	0.0230695107	-0.0313374722	-0.038713874	0.018722275	0.011288844	0.0338104643	0.0199342167	0.0175154846	0.0046391648	-0.0038462256	-0.081287294	0.0115045374	0.0802034182	-0.0190607341	-0.0784076511	0.0264477464	0.0759159322	0.0420458001088661	-0.0003707412805198	1.3744909708153506e-07	0.0017678493067947	-0.0192536993834266	-0.043099484768092	0.0003707049399473	0.0018575655872749	0.0261547983093777	0.0172245343823647	0.0002966845846892	0.0006840734746042	-0.0016636496739354	-2.2620879049599927e-05	5.117041689766289e-10	2.767730237585363e-06	-0.0055119440206119	6.715841629001754e-07	4.510252878583293e-13	3.038152688635928e-05	0.000494917915253	-0.0002250650781711	2.449437428383757e-07	5.065428941220835e-08	0.0	0.0	0.0	0.0	0.0	0.0	0.0	0.0	0.0	0.0	0.0	0.0	0.0	0.0	0.0	0.0	0.0	0.0	0.0	0.0	0.0	0.0	0.0	0.0	0.0	0.0	0.0	0.0	0.0	0.0	0.0	0.0	0.0	0.0	0.0	0.0	0.0	0.0	0.0	0.0	0.0	0.0	0.0	0.0	0.0	0.0	0.0	0.0	0.0	0.0	0.0	0.0	0.0	0.0	0.0	0.0	0.0	0.0	0.0	0.0	0.0	0.0	0.0	0.0	0.0	0.0	0.0	0.0	0.0	0.0	0.0	0.0	0.0	0.0	0.0	0.0	0.0	0.0	0.0	0.0	0.0	0.0	0.0	0.0	0.0	0.0	0.0	0.0	0.0	0.0	0.0	0.0	0.0	0.0	0.0	0.0	0.0	0.0	0.0	0.0
1490.4443829795423	-3.254109804586051	10.589230620303066	2221424.4587552687	2005.3608833023263	-4.159949387176084	4021472.272279087	17.30517890386668	1779.4934317825189	-6.513231274205282	42.42218163128576	3166596.8737571263	1845.824509704744	2190.019661062414	0.796232	41.780373	0.091341594126395	0.0427574030884951	0.0100199159	0.0210699059	-0.0051332174	-0.0033359721	0.0024545617	0.0038224922	-0.0080005553	0.0045719095	0.0036307323	-0.0035955897	0.0567965873	0.0693090095	0.0437451541	-0.0027422448	-0.0033004418	-0.0302301215	0.0291500192	-0.0664194886	0.035677245	-0.020352653	0.0063013279	0.0010814564	0.0121712219	-0.0192276057	0.0021286419	0.009480411	0.0116134686	0.0260986346	0.0261942757	0.0129504355	0.0260622301	-0.0047000831	-0.0811085467	0.0140379523	0.0794923845	-0.0231897558	-0.0768225931	0.0320341914	0.073134559	0.0494082194895355	0.0073624193806694	5.42052191368564e-05	0.0024411721531261	-0.0284865233809199	-0.0092328239974933	0.0008114820143316	8.524503896868818e-05	0.0214660550246037	-0.004688743284774	2.1984313590513296e-05	0.0004607915183193	-0.0019820522566357	-0.0003184025827002	1.013802046702213e-07	3.92853114803467e-06	-0.0049400080455332	0.0005719359750787	3.271107595892234e-07	2.4403679489932744e-05	-1.5895676237167103e-05	-0.0005108135914901	2.5267252303683886e-10	2.609305252510833e-07	0.0	0.0	0.0	0.0	0.0	0.0	0.0	0.0	0.0	0.0	0.0	0.0	0.0	0.0	0.0	0.0	0.0	0.0	0.0	0.0	0.0	0.0	0.0	0.0	0.0	0.0	0.0	0.0	0.0	0.0	0.0	0.0	0.0	0.0	0.0	0.0	0.0	0.0	0.0	0.0	0.0	0.0	0.0	0.0	0.0	0.0	0.0	0.0	0.0	0.0	0.0	0.0	0.0	0.0	0.0	0.0	0.0	0.0	0.0	0.0	0.0	0.0	0.0	0.0	0.0	0.0	0.0	0.0	0.0	0.0	0.0	0.0	0.0	0.0	0.0	0.0	0.0	0.0	0.0	0.0	0.0	0.0	0.0	0.0	0.0	0.0	0.0	0.0	0.0	0.0	0.0	0.0	0.0	0.0	0.0	0.0	0.0	0.0	0.0	0.0
1484.3841696268794	-6.060213352662913	36.72618587979387	2203396.3630388803	1995.3214686912827	-10.03941461104364	3981307.763420337	100.78984573243652	1773.78980853741	-5.703623245108929	32.531318122146914	3146330.284871181	1839.2158004414823	2207.538309353319	0.920702	48.311661	0.1096565698298073	0.0506295959213687	0.0161581708	-0.0005229566	-0.0062913497	-0.0103910341	-0.0007581172	8.39403e-05	0.0012653348	0.003860956	0.0029102715	-0.002533177	0.0281758123	0.0364227267	0.0326468123	-0.0032845072	-0.0082397242	-0.0118925067	0.032128274	-0.0610297356	0.036182544	-0.0261223737	0.0051863598	0.002315098	0.0301752727	-0.0436202018	-0.0334268198	0.0204429881	0.0077653946	0.0325486874	0.060574324	-0.0021795369	0.0001340187	-0.0055534252	-0.0808942224	0.0165575133	0.0786418943	-0.0272552159	-0.0749343514	0.0374485793	0.0698401994	0.0614771577606205	0.012068938271085	0.0001456592709912	0.0037794409263242	-0.0463977800125121	-0.0179112566315922	0.0021527539900894	0.0003208131141227	-0.0009536345146798	-0.0224196895392835	0.0005026424790378	9.094187875885778e-07	-0.0020310052216792	-4.895296504350008e-05	2.396392786550141e-09	4.124982210488176e-06	-0.0055099847979362	-0.000569976752403	3.248734982798707e-07	3.0359932473488024e-05	-0.0005420996665476	-0.0005262039903104	2.938720484710191e-07	2.7689063941862213e-07	0.0	0.0	0.0	0.0	0.0	0.0	0.0	0.0	0.0	0.0	0.0	0.0	0.0	0.0	0.0	0.0	0.0	0.0	0.0	0.0	0.0	0.0	0.0	0.0	0.0	0.0	0.0	0.0	0.0	0.0	0.0	0.0	0.0	0.0	0.0	0.0	0.0	0.0	0.0	0.0	0.0	0.0	0.0	0.0	0.0	0.0	0.0	0.0	0.0	0.0	0.0	0.0	0.0	0.0	0.0	0.0	0.0	0.0	0.0	0.0	0.0	0.0	0.0	0.0	0.0	0.0	0.0	0.0	0.0	0.0	0.0	0.0	0.0	0.0	0.0	0.0	0.0	0.0	0.0	0.0	0.0	0.0	0.0	0.0	0.0	0.0	0.0	0.0	0.0	0.0	0.0	0.0	0.0	0.0	0.0	0.0	0.0	0.0	0.0	0.0
1487.1318336125516	2.7476639856722613	7.549657378160377	2211561.09054383	1990.9323108528235	-4.389157838459141	3963811.466397764	19.26470653090732	1779.8961210854034	6.106312547993412	37.28705293378179	3168030.201854865	1841.462824362652	2194.128460082141	0.917494	48.143356	0.1114164757205552	0.0636334593813065	0.0145405232	0.0372638192	-0.0030768469	-0.0234325781	0.006975777	0.0052004565	0.0110862637	0.0032700585	-0.0002620258	0.0018514732	0.0559025218	0.0713285801	0.0615019698	-0.0203226041	-0.0034173098	-0.0040996009	0.037437885	-0.0431212288	0.0297587547	-0.0175417264	-0.0037752329	-0.0005818824	0.022007401	-0.0314803346	-0.0337775636	0.0150623722	0.0257636261	0.020412959	0.0230817696	0.0046895356	0.0245372019	-0.0064061583	-0.0806444153	0.0190607341	0.0776534394	-0.0312459714	-0.0727503781	0.0426618292	0.066055961	0.0518504354182169	-0.0096267223424036	9.267378305773272e-05	0.0026884676530586	-0.0431063608220654	0.0032914191904467	0.001858158343322	1.0833440287240836e-05	0.0427503714531951	0.0437040059678749	0.00191004013764	0.0018275942593861	-0.0022882075488044	-0.0002572023271251	6.615303707861838e-08	5.23589378640544e-06	-0.0055118726174545	-1.887819518300339e-06	3.5638625336757247e-12	3.038073975104472e-05	0.0002946967512055	0.0008367964177531	8.684617517107635e-08	7.002282447644207e-07	0.0	0.0	0.0	0.0	0.0	0.0	0.0	0.0	0.0	0.0	0.0	0.0	0.0	0.0	0.0	0.0	0.0	0.0	0.0	0.0	0.0	0.0	0.0	0.0	0.0	0.0	0.0	0.0	0.0	0.0	0.0	0.0	0.0	0.0	0.0	0.0	0.0	0.0	0.0	0.0	0.0	0.0	0.0	0.0	0.0	0.0	0.0	0.0	0.0	0.0	0.0	0.0	0.0	0.0	0.0	0.0	0.0	0.0	0.0	0.0	0.0	0.0	0.0	0.0	0.0	0.0	0.0	0.0	0.0	0.0	0.0	0.0	0.0	0.0	0.0	0.0	0.0	0.0	0.0	0.0	0.0	0.0	0.0	0.0	0.0	0.0	0.0	0.0	0.0	0.0	0.0	0.0	0.0	0.0	0.0	0.0	0.0	0.0	0.0	0.0
1491.28764470408	4.155811091528449	17.270765828470875	2223938.839247043	2003.843583891664	12.911273038840363	4015389.108703788	166.70097148348606	1785.036420042902	5.140298957498544	26.42267337246062	3186355.0208795792	1846.495090282834	2173.921573716944	0.833863	43.754974	0.1904627532844904	0.0910767007341033	0.0072751019	0.0192156698	-0.0064795183	-0.0128326464	0.0102662088	0.00889766	0.0056519335	0.0036058041	-0.0025360203	-0.000754211	0.0136174486	0.0311237196	0.0464023633	-0.0297518418	0.0041983992	0.0238447544	0.0422790138	-0.001827318	-0.0013858838	-0.0190908494	-0.0013289348	-0.0141030437	0.0200772098	-0.0165045353	-0.0463843367	0.0128130183	-0.0103264107	-0.0013668927	-0.0117855598	0.0146043319	-0.0210342119	-0.0072581889	-0.0803592349	0.0215451443	0.076528754	-0.0351510839	-0.0702792922	0.0476459404	0.0618083875	0.0503501552888394	-0.0015002801293775	2.2508404666049723e-06	0.0025351381376102	-0.0270517875302402	0.0160545732918252	0.0007317992085812	0.0002577493235825	0.0199189824334524	-0.0228313890197427	0.0005212723245708	0.0003967658611841	-0.001139921685707	0.0011482858630974	1.3185604233893409e-06	1.2994214495450883e-06	-0.0046817709471311	0.0008301016703233	6.890687830736984e-07	2.191897920140084e-05	0.0013178394346556	0.0010231426834501	1.7367007755333917e-06	1.0468209506974716e-06	0.0	0.0	0.0	0.0	0.0	0.0	0.0	0.0	0.0	0.0	0.0	0.0	0.0	0.0	0.0	0.0	0.0	0.0	0.0	0.0	0.0	0.0	0.0	0.0	0.0	0.0	0.0	0.0	0.0	0.0	0.0	0.0	0.0	0.0	0.0	0.0	0.0	0.0	0.0	0.0	0.0	0.0	0.0	0.0	0.0	0.0	0.0	0.0	0.0	0.0	0.0	0.0	0.0	0.0	0.0	0.0	0.0	0.0	0.0	0.0	0.0	0.0	0.0	0.0	0.0	0.0	0.0	0.0	0.0	0.0	0.0	0.0	0.0	0.0	0.0	0.0	0.0	0.0	0.0	0.0	0.0	0.0	0.0	0.0	0.0	0.0	0.0	0.0	0.0	0.0	0.0	0.0	0.0	0.0	0.0	0.0	0.0	0.0	0.0	0.0
1488.9737932576145	-2.313851446465605	5.353908516310975	2217042.9570079693	1991.3867817166488	-12.456802175015127	3965621.314395792	155.1719204274616	1776.0395625709468	-8.996857471955082	80.94344437067399	3154316.5278172	1839.6539129069831	2210.552012228966	0.856735	44.955158	0.1588993744966773	0.069880755227315	0.0134617308	0.0272261215	-0.0008841582	-0.0274522528	0.0042728954	0.0029654925	0.0101492114	0.0056545488	-0.0002223707	-0.0036331276	0.0363916314	0.0488102028	0.0547721665	-0.0262861338	-0.0011211088	0.0042499847	0.0448062686	-0.0324405663	0.0093016984	-0.0197653214	0.0039124037	-0.0095071706	0.0104152411	-0.0111338447	-0.0115377059	-0.0040405473	-0.0015525313	0.0068607078	0.0106081112	0.0075805308	-0.0130640257	-0.0081094236	-0.0800388062	0.024008292	0.0752698111	-0.0389598496	-0.0675308461	0.0523741431	0.0571272725	0.0550892528042794	0.00473909751544	2.245904526084959e-05	0.0030348257745338	-0.0622746804479561	-0.0352228929177159	0.003878135824895	0.0012406521854928	0.0269545674277438	0.0070355849942914	4.9499456211898325e-05	0.0007265487052167	-0.0017137881953438	-0.0005738665096368	3.293227708827236e-07	2.937069978499759e-06	-0.0054759118622429	-0.0007941409151118	6.306597930546074e-07	2.9985610723052508e-05	0.0004478108780196	-0.000870028556636	2.0053458247268505e-07	7.569496893621215e-07	0.0	0.0	0.0	0.0	0.0	0.0	0.0	0.0	0.0	0.0	0.0	0.0	0.0	0.0	0.0	0.0	0.0	0.0	0.0	0.0	0.0	0.0	0.0	0.0	0.0	0.0	0.0	0.0	0.0	0.0	0.0	0.0	0.0	0.0	0.0	0.0	0.0	0.0	0.0	0.0	0.0	0.0	0.0	0.0	0.0	0.0	0.0	0.0	0.0	0.0	0.0	0.0	0.0	0.0	0.0	0.0	0.0	0.0	0.0	0.0	0.0	0.0	0.0	0.0	0.0	0.0	0.0	0.0	0.0	0.0	0.0	0.0	0.0	0.0	0.0	0.0	0.0	0.0	0.0	0.0	0.0	0.0	0.0	0.0	0.0	0.0	0.0	0.0	0.0	0.0	0.0	0.0	0.0	0.0	0.0	0.0	0.0	0.0	0.0	0.0
1486.9392724823012	-2.03452077531324	4.139274785181187	2210988.4000501954	1996.812558331067	5.425776614418282	3987260.393108661	29.43905186956832	1779.6978503104967	3.6582877395499054	13.383069185341157	3167324.438399804	1842.9258555068773	2184.1787302624098	0.8600219999999998	45.127636	0.0447981914069831	0.0238229801201805	0.0099963479	-0.0030855731	-0.0031649779	-0.0106806085	0.0060597469	0.0059114902	0.0067225935	0.0029159829	-0.0022301319	0.0036970747	0.0233480314	0.0421980722	0.0429239223	-0.0273831372	-0.004149262	0.010820542	0.0256252834	-0.0151328155	0.0094490949	-0.0145462349	-2.75481e-05	-0.0054387146	0.0280871391	-0.0355171998	-0.0505282529	0.0231500695	0.0094372379	0.0013475371	0.0200310169	-3.83727e-05	-0.0019555033	-0.008959769	-0.0796832699	0.0264477464	0.0738788195	-0.0426618292	-0.0645158866	0.0568210419	0.0520454508	0.0535750879200378	-0.0015141648842415	2.292695296670363e-06	0.0028702900456397	-0.0613025957611483	0.0009720846868078	0.0037580082470547	9.449486383262248e-07	0.0452497141216525	0.0182951466939086	0.0003347123925516	0.0020475366280912	-0.0019242370955755	-0.0002104489002316	4.4288739608732007e-08	3.702688399988836e-06	-0.005743966458598	-0.0002680545963551	7.185326662709564e-08	3.299315067749885e-05	0.0004459784717659	-1.832406253700011e-06	1.9889679727864765e-07	3.357712678598909e-12	0.0	0.0	0.0	0.0	0.0	0.0	0.0	0.0	0.0	0.0	0.0	0.0	0.0	0.0	0.0	0.0	0.0	0.0	0.0	0.0	0.0	0.0	0.0	0.0	0.0	0.0	0.0	0.0	0.0	0.0	0.0	0.0	0.0	0.0	0.0	0.0	0.0	0.0	0.0	0.0	0.0	0.0	0.0	0.0	0.0	0.0	0.0	0.0	0.0	0.0	0.0	0.0	0.0	0.0	0.0	0.0	0.0	0.0	0.0	0.0	0.0	0.0	0.0	0.0	0.0	0.0	0.0	0.0	0.0	0.0	0.0	0.0	0.0	0.0	0.0	0.0	0.0	0.0	0.0	0.0	0.0	0.0	0.0	0.0	0.0	0.0	0.0	0.0	0.0	0.0	0.0	0.0	0.0	0.0	0.0	0.0	0.0	0.0	0.0	0.0
1478.607967682212	-8.331304800089356	69.41063967199194	2186281.522093321	1988.923629567593	-7.888928763474041	3955817.204252328	62.23519703516806	1781.490977230235	1.79312691973837	3.2153041502904145	3173710.101952738	1842.239347674084	2148.034680930051	1.04294	54.725834	0.1164903846732243	0.0587522004070042	0.002244396	0.0790463255	0.0025025807	-0.0179952709	0.0082008353	0.0065300094	0.0116263906	0.0020826745	0.0032088991	0.0036352275	0.0576103134	0.0716084362	0.0589780385	-0.0364604799	0.0038735138	-0.0009015026	0.0027135869	-0.0049182567	-0.0057214896	0.0001875633	-0.0011644046	-0.010414567	-0.0037616692	0.0173939079	0.0232656444	-0.0227040734	-0.0102505871	0.0319563379	-0.0398949598	0.0362211611	-0.0076512127	-0.0098091318	-0.0792927819	0.0288611001	0.0723582192	-0.0462468756	-0.0612463124	0.0609627523	0.0465985677	0.0594976982376493	0.0059226103176114	3.507731297427813e-05	0.0035399760955783	-0.0924226521238011	-0.0311200563626528	0.0085419466255971	0.0009684579080146	0.0724249546657276	0.0271752405440751	0.0007384936986283	0.0052453740583326	-0.0021959241311325	-0.0002716870355569	7.381384528975052e-08	4.8220827896900245e-06	-0.0059166930954148	-0.0001727266368167	2.983449106604259e-08	3.5007257185329164e-05	0.0010470143483698	0.0006010358766039	1.0962390456922369e-06	3.612441249650186e-07	0.0	0.0	0.0	0.0	0.0	0.0	0.0	0.0	0.0	0.0	0.0	0.0	0.0	0.0	0.0	0.0	0.0	0.0	0.0	0.0	0.0	0.0	0.0	0.0	0.0	0.0	0.0	0.0	0.0	0.0	0.0	0.0	0.0	0.0	0.0	0.0	0.0	0.0	0.0	0.0	0.0	0.0	0.0	0.0	0.0	0.0	0.0	0.0	0.0	0.0	0.0	0.0	0.0	0.0	0.0	0.0	0.0	0.0	0.0	0.0	0.0	0.0	0.0	0.0	0.0	0.0	0.0	0.0	0.0	0.0	0.0	0.0	0.0	0.0	0.0	0.0	0.0	0.0	0.0	0.0	0.0	0.0	0.0	0.0	0.0	0.0	0.0	0.0	0.0	0.0	0.0	0.0	0.0	0.0	0.0	0.0	0.0	0.0	0.0	0.0
1480.8516830204155	2.243715338203629	5.034258518890224	2192921.707104397	1988.1160371031945	-0.8075924643985672	3952605.376986911	0.6522055885533511	1786.2702844342614	4.779307204026281	22.841777350457512	3190761.529052857	1842.435845670532	2112.345330194993	1.179891	61.911995	0.3374965088137089	0.1551218062062614	-0.0078783532	0.0003719237	0.0039242409	-0.0246287327	0.0112899624	0.0072205318	0.0243258244	0.0031213304	-0.0052364083	0.0036127316	-0.0325129645	-0.0096735163	0.0202471967	-0.0444637725	0.01500461	0.0620751468	0.0154322798	0.0745796866	-0.0436995363	-0.0012657773	-0.0024221999	0.0001979507	0.0182178047	0.0027855607	-0.0316488411	-0.0024961827	-0.0242573597	0.0004218996	-0.0417428225	0.0274491502	-0.059137229	-0.010657419	-0.0788675135	0.0312459714	0.0707106781	-0.0497051625	-0.0577350269	0.064777029	0.040824829	0.0773280429960152	0.0178303447583659	0.0003179211942021	0.0059796262335935	-0.0128303303611403	0.0795923217626608	0.0001646173771759	0.0063349376835709	0.0233995893084824	-0.0490253653572451	0.0024034864484113	0.0005475407798056	-0.0004071699396172	0.0017887541915153	3.1996415576635543e-06	1.657873597278743e-07	-0.00499800962238	0.0009186834730347	8.439793236272815e-07	2.4980100185403076e-05	-6.651752578884054e-05	-0.0011135318741586	4.424581237069066e-09	1.2399532347672545e-06	0.0	0.0	0.0	0.0	0.0	0.0	0.0	0.0	0.0	0.0	0.0	0.0	0.0	0.0	0.0	0.0	0.0	0.0	0.0	0.0	0.0	0.0	0.0	0.0	0.0	0.0	0.0	0.0	0.0	0.0	0.0	0.0	0.0	0.0	0.0	0.0	0.0	0.0	0.0	0.0	0.0	0.0	0.0	0.0	0.0	0.0	0.0	0.0	0.0	0.0	0.0	0.0	0.0	0.0	0.0	0.0	0.0	0.0	0.0	0.0	0.0	0.0	0.0	0.0	0.0	0.0	0.0	0.0	0.0	0.0	0.0	0.0	0.0	0.0	0.0	0.0	0.0	0.0	0.0	0.0	0.0	0.0	0.0	0.0	0.0	0.0	0.0	0.0	0.0	0.0	0.0	0.0	0.0	0.0	0.0	0.0	0.0	0.0	0.0	0.0
1481.8421271031411	0.9904440827256168	0.9809794810061884	2195856.089657562	1999.640037826345	11.524000723150492	3998560.280878146	132.8025926671731	1778.0137707571698	-8.256513677091561	68.17001810000002	3161332.969002129	1841.5240003648275	2191.9216498895125	1.507422	79.098427	0.1970464245303179	0.1100553449598268	0.0130951444	-0.0854035229	0.0002578011	-0.0059223908	0.0061065967	0.0049080489	0.0080715009	0.0044301914	-0.007525246	-0.0043674365	0.0214141427	0.0073757616	0.0803582579	-0.0344240579	0.0136775322	0.0142946756	0.1222882957	-0.0425390747	0.0238594238	-0.0144002954	-0.0185814939	0.0027526055	-0.0092862097	0.009321153	0.0055922736	0.0204222195	0.0596716346	-0.0704080421	-0.0009392726	-0.0288899879	0.068558656	-0.0115045374	-0.0784076511	0.0336000067	0.0689390864	-0.0530272111	-0.0539958877	0.0682433853	0.0347647336	0.0641780843861141	-0.0131499586099011	0.0001729214114421	0.0041188265154711	0.0230901834968619	0.0359205138580022	0.0005331565739187	0.0012902833158229	-0.0764138251783492	-0.0998134144868316	0.00996271771152	0.0058390726783873	-0.00079479407314	-0.0003876241335227	1.5025246888930144e-07	6.316976186984716e-07	-0.0048838097332775	0.0001141998891025	1.3041614671023425e-08	2.385159751085604e-05	-0.0005279442546752	-0.0004614267288863	2.7872513604455244e-07	2.1291462613076594e-07	0.0	0.0	0.0	0.0	0.0	0.0	0.0	0.0	0.0	0.0	0.0	0.0	0.0	0.0	0.0	0.0	0.0	0.0	0.0	0.0	0.0	1.0	0.0	0.0	0.0	0.0	0.0	0.0	0.0	0.0	0.0	0.0	0.0	0.0	0.0	0.0	0.0	0.0	0.0	0.0	0.0	0.0	0.0	0.0	0.0	0.0	0.0	0.0	0.0	0.0	0.0	0.0	0.0	0.0	0.0	0.0	0.0	0.0	0.0	0.0	0.0	0.0	0.0	0.0	0.0	0.0	0.0	0.0	0.0	0.0	0.0	0.0	0.0	0.0	0.0	0.0	0.0	0.0	0.0	0.0	0.0	0.0	0.0	0.0	0.0	0.0	0.0	0.0	0.0	0.0	0.0	0.0	0.0	0.0	0.0	0.0	0.0	0.0	0.0	0.0
1492.2771314213662	10.435004318225085	108.88931512137611	2226891.0369631816	1996.2316203057007	-3.408417520644207	3984940.6819083234	11.617309995034402	1779.906254695012	1.892483937842144	3.581495454990508	3168066.2755024247	1838.48064063238	2188.292079611258	1.888292	99.083656	0.6003739891272014	0.3394391344593508	-0.0012720138	-0.0360485676	0.0005214678	-0.0043924159	0.0047205755	0.0024062283	0.0089987829	0.0052856258	0.004765293	0.0016661963	-0.1115489521	-0.100010237	-0.1111911439	0.0380717589	-0.0189996481	0.0067746471	-0.0804477247	0.0246118422	0.0028803639	0.0100094697	-0.0089581794	0.0193507065	0.0578788796	-0.0620335947	-0.1657647132	0.0641549576	-0.0451930962	0.0065055232	0.0546975477	-0.0069355944	-0.1638628009	-0.0123503943	-0.0779133966	0.0359208828	0.0670465522	-0.0562039158	-0.0500436514	0.0713432033	0.0284607885	-0.0087019423393854	-0.0728800267254995	0.0053114982955095	7.572380047798826e-05	-0.0304807472755612	-0.0535709307724231	0.0009290759544766	0.0028698446238237	-0.413819448519348	-0.3374056233409988	0.1138425546621279	0.1712465359728573	-0.0024921224438	-0.00169732837066	2.880923597847331e-06	6.2106742748916845e-06	-0.0040791495181089	0.0008046602151685	6.474780618751769e-07	1.6639460791088074e-05	-0.0002995846747382	0.000228359579937	8.975097733799308e-08	5.214809774900312e-08	0.0	0.0	0.0	0.0	0.0	0.0	0.0	0.0	0.0	0.0	0.0	0.0	0.0	0.0	0.0	0.0	0.0	0.0	0.0	0.0	0.0	0.0	1.0	0.0	0.0	0.0	0.0	0.0	0.0	0.0	0.0	0.0	0.0	0.0	0.0	0.0	0.0	0.0	0.0	0.0	0.0	0.0	0.0	0.0	0.0	0.0	0.0	0.0	0.0	0.0	0.0	0.0	0.0	0.0	0.0	0.0	0.0	0.0	0.0	0.0	0.0	0.0	0.0	0.0	0.0	0.0	0.0	0.0	0.0	0.0	0.0	0.0	0.0	0.0	0.0	0.0	0.0	0.0	0.0	0.0	0.0	0.0	0.0	0.0	0.0	0.0	0.0	0.0	0.0	0.0	0.0	0.0	0.0	0.0	0.0	0.0	0.0	0.0	0.0	0.0
1507.002599472224	14.725468050857671	216.83940931683003	2271056.83481604	2033.352153150341	37.120532844640366	4134520.978721128	1377.933958670024	1801.9195644280849	22.0133097330729	484.5858054042021	3246914.1166687	1864.0378248853708	2162.081239627708	1.781271	93.467995	1.0588753229038408	0.5623421289768387	-0.0096127138	-0.0906638548	-0.0116348313	0.0162244358	0.019325899	0.0192464919	-0.0091222449	0.0105633676	0.0166322109	0.002807714	-0.158972568	-0.1886579863	-0.1773047279	0.1038461558	-0.0100708216	-0.0274702407	-0.1234279932	0.0155711798	0.0573514846	0.0396504146	-0.0641675374	-0.0367212651	0.028271736	-0.0136970927	-0.2233619495	0.0948661925	0.1376161542	0.0206715899	-0.0973243681	0.0090453771	0.0427476493	-0.0131948967	-0.0773849666	0.0382063093	0.0650363955	-0.0592265694	-0.0458939156	0.0740598336	0.0219572114	0.0336301031621388	0.0423320455015241	0.0017920020763431	0.001130983838696	0.0416700179941926	0.0721507652697538	0.0017363903996363	0.0052057329290111	-0.7422442464097259	-0.3284247978903779	0.1078628478693355	0.5509265213283419	-0.0079488625953579	-0.0054567401515579	2.977601308162413e-05	6.318441655987992e-05	-0.0100611387827149	-0.005981989264606	3.578419556186144e-05	0.000101226513605	0.0005810401939416	0.0008806248686798	3.376077069756921e-07	7.75500159337315e-07	0.0	0.0	0.0	0.0	0.0	0.0	0.0	0.0	0.0	0.0	0.0	0.0	0.0	0.0	0.0	0.0	0.0	0.0	0.0	0.0	0.0	0.0	0.0	1.0	0.0	0.0	0.0	0.0	0.0	0.0	0.0	0.0	0.0	0.0	0.0	0.0	0.0	0.0	0.0	0.0	0.0	0.0	0.0	0.0	0.0	0.0	0.0	0.0	0.0	0.0	0.0	0.0	0.0	0.0	0.0	0.0	0.0	0.0	0.0	0.0	0.0	0.0	0.0	0.0	0.0	0.0	0.0	0.0	0.0	0.0	0.0	0.0	0.0	0.0	0.0	0.0	0.0	0.0	0.0	0.0	0.0	0.0	0.0	0.0	0.0	0.0	0.0	0.0	0.0	0.0	0.0	0.0	0.0	0.0	0.0	0.0	0.0	0.0	0.0	0.0
1504.1386367891273	-2.863962683096588	8.202282250169807	2262433.038681854	2029.5309459831144	-3.821207167226703	4118995.8607031154	14.601624214864724	1801.2365585979232	-0.6830058301616191	0.4664969640347625	3244453.1400296898	1861.828456619224	2205.4268651442094	1.721956	90.355591	0.5788564581775245	0.3436310405946735	0.0096689197	-0.0492020662	-0.0106713429	0.0210320825	0.0179406666	0.0176558092	0.0013253458	0.0182207192	0.0055744564	-0.0298194986	-0.0538315163	-0.1002372145	-0.0793913136	0.0573144164	0.0111642353	-0.0889828023	-0.0161702857	-0.0667486725	0.0392310717	0.0233127026	-0.0321502981	-0.0338109741	-0.0293492402	0.0323501249	-0.0159484995	0.0021937182	0.0959606588	0.0191888251	-0.0332306744	-0.0326177573	0.0256622554	-0.0140379523	-0.0768225931	0.0404540309	0.0629121428	-0.0620868871	-0.0415630576	0.0763786853	0.0152996203	0.0169544130849175	-0.0166756900772212	0.0002780786395515	0.000287452123054	0.1134928956484344	0.0718228776542418	0.0128806373626664	0.0051585257545361	-0.4302938985046793	0.3119503479050465	0.0973130195580795	0.1851528390903552	-0.0052890632710304	0.0026597993243274	7.074532445693024e-06	2.797419028496279e-05	-0.0092868745077576	0.0007742642749573	5.994851674751537e-07	8.624603812283798e-05	0.0004469529424061	-0.0001340872515354	1.9976693272547055e-07	1.7979391024344442e-08	0.0	0.0	0.0	0.0	0.0	0.0	0.0	0.0	0.0	0.0	0.0	0.0	0.0	0.0	0.0	0.0	0.0	0.0	0.0	0.0	0.0	0.0	0.0	0.0	1.0	0.0	0.0	0.0	0.0	0.0	0.0	0.0	0.0	0.0	0.0	0.0	0.0	0.0	0.0	0.0	0.0	0.0	0.0	0.0	0.0	0.0	0.0	0.0	0.0	0.0	0.0	0.0	0.0	0.0	0.0	0.0	0.0	0.0	0.0	0.0	0.0	0.0	0.0	0.0	0.0	0.0	0.0	0.0	0.0	0.0	0.0	0.0	0.0	0.0	0.0	0.0	0.0	0.0	0.0	0.0	0.0	0.0	0.0	0.0	0.0	0.0	0.0	0.0	0.0	0.0	0.0	0.0	0.0	0.0	0.0	0.0	0.0	0.0	0.0	0.0
1501.273829042764	-2.86480774636334	8.207123423623399	2253823.109768722	2029.770328570016	0.2393825869016836	4119967.586743231	0.0573040229117421	1792.4129001193576	-8.823658478565676	77.85694894636394	3212744.0045142863	1853.156000401572	2203.0106856822968	1.088597	57.121559	0.5986813237281978	0.3205961257794302	0.0069185396	-0.0059079848	-0.0087100137	0.0076259812	0.0134262401	0.0127362169	0.0099577167	0.0123025904	0.0046067512	-0.0122845102	-0.053990914	-0.0586524725	-0.0678393665	0.0120898621	-0.0004034179	-0.0338208651	-0.0558541154	0.0141184057	-0.0290266646	0.0075449379	0.000726675	-0.0320119295	-0.0088740008	0.0180419639	0.031656985	-0.0329985091	0.0053840437	0.0051411262	-0.0122062421	-0.015820882	-0.032220145	-0.0148794683	-0.0762265226	0.0426618292	0.0606775209	-0.064777029	-0.0370681691	0.0782873035	0.0085347133	-0.0025210481212383	-0.0194754612061558	0.0003792935891924	6.355683629599162e-06	0.0120999906113183	-0.1013929050371161	0.0001464097727939	0.0102805211918656	-0.1815329595764083	0.248760938928271	0.0618820047364749	0.0329542154125698	-0.0036792134578965	0.0016098498131338	2.591616420847252e-06	1.353661166876672e-05	-0.0073287784112552	0.0019580960965024	3.834140323137937e-06	5.3710993001280296e-05	0.0014600474039029	0.0010130944614968	2.131738421643598e-06	1.026360387915491e-06	0.0	0.0	0.0	0.0	0.0	0.0	0.0	0.0	0.0	0.0	0.0	0.0	0.0	0.0	0.0	0.0	0.0	0.0	0.0	0.0	0.0	0.0	0.0	0.0	0.0	1.0	0.0	0.0	0.0	0.0	0.0	0.0	0.0	0.0	0.0	0.0	0.0	0.0	0.0	0.0	0.0	0.0	0.0	0.0	0.0	0.0	0.0	0.0	0.0	0.0	0.0	0.0	0.0	0.0	0.0	0.0	0.0	0.0	0.0	0.0	0.0	0.0	0.0	0.0	0.0	0.0	0.0	0.0	0.0	0.0	0.0	0.0	0.0	0.0	0.0	0.0	0.0	0.0	0.0	0.0	0.0	0.0	0.0	0.0	0.0	0.0	0.0	0.0	0.0	0.0	0.0	0.0	0.0	0.0	0.0	0.0	0.0	0.0	0.0	0.0
1488.5519740169598	-12.721855025804189	161.8455952975793	2215786.979349788	2007.4262320603	-22.34409650971611	4029760.077163813	499.2586488355077	1786.6882767636553	-5.724623355702306	32.771312564652334	3192254.99832468	1846.325024660048	2203.162705681541	0.717524	37.650394	0.1209764953450879	0.0542593194021646	0.0086226373	-0.0207185655	0.0016780575	0.0109250771	0.0100077524	0.0086483763	0.0098056798	0.0106379873	0.003242789	-0.0167072243	-0.0268247405	-0.046306445	-0.0328055775	0.0027330793	0.0090029396	-0.0337606762	-0.0135181982	-0.000347356	-0.0298895044	0.0149203254	-0.0087961362	-0.0387734103	-0.0328245881	0.0506241898	0.078364808	-0.047029327	0.0354700187	-0.0042392751	-0.0415076585	-0.0120022913	0.0099121067	-0.0157193527	-0.0755970167	0.0448275254	0.05833645	-0.0672896215	-0.0324269895	0.0797754371	0.0017099414	0.0294210755921824	0.0319421237134207	0.0010202992673234	0.0008655996890009	0.0189709583427628	0.0068709677314445	0.0003598972604428	4.721019756655159e-05	-0.194413697042421	-0.0128807374660127	0.0001659133976683	0.0377966855977022	-0.0031390212858372	0.0005401921720593	2.918075827541445e-07	9.853454632939028e-06	-0.0067519406556377	0.0005768377556175	3.3274179630583485e-07	4.5588702617253256e-05	0.0011914240028955	-0.0002686234010074	1.4194911546755363e-06	7.215853156878242e-08	0.0	0.0	0.0	0.0	0.0	0.0	0.0	0.0	0.0	0.0	0.0	0.0	0.0	0.0	0.0	0.0	0.0	0.0	0.0	0.0	0.0	0.0	0.0	0.0	0.0	0.0	0.0	0.0	0.0	0.0	0.0	0.0	0.0	0.0	0.0	0.0	0.0	0.0	0.0	0.0	0.0	0.0	0.0	0.0	0.0	0.0	0.0	0.0	0.0	0.0	0.0	0.0	0.0	0.0	0.0	0.0	0.0	0.0	0.0	0.0	0.0	0.0	0.0	0.0	0.0	0.0	0.0	0.0	0.0	0.0	0.0	0.0	0.0	0.0	0.0	0.0	0.0	0.0	0.0	0.0	0.0	0.0	0.0	0.0	0.0	0.0	0.0	0.0	0.0	0.0	0.0	0.0	0.0	0.0	0.0	0.0	0.0	0.0	0.0	0.0
1490.8330261975584	2.2810521805986355	5.20319905061379	2222583.1120013697	2011.8304223169253	4.40419025662527	4047461.648159898	19.39689181655296	1786.7671695546208	0.078892790965483	0.0062240724663234	3192536.9181982307	1847.803552584324	2183.713813864101	0.662457	34.760872	0.1208112732930126	0.056214897344518	0.0014546595	-0.0064367891	-0.0003371915	0.0035054242	0.0100443096	0.0092106571	0.0110672333	0.008161672	2.08317e-05	-0.0102424825	-0.0466962675	-0.0529024088	-0.0412781553	-0.0070436571	0.007250391	-0.0124407793	-0.0191139363	0.0214004681	-0.0408784104	0.0092609189	0.0028209476	-0.0350527707	-0.0167829983	0.035994213	0.0561510491	-0.0470922566	0.0006527596	0.0048892226	-0.0458026994	-0.0045331354	-0.0293880915	-0.0165575133	-0.0749343514	0.0469489822	0.0558930371	-0.0696177779	-0.0276578354	0.0808350932	-0.0051268245	0.0009289915668801	-0.0284920840253023	0.0008117988521048	8.630253313343434e-07	-0.013109065355735	-0.0320800236984978	0.0001718475945009	0.0010291279204961	-0.1600467397279885	0.0343669573144325	0.001181087755052	0.0256149588975584	-0.0028280382197878	0.0003109830660493	9.671046736948536e-08	7.997800172580549e-06	-0.006922704267519	-0.0001707636118812	2.9160211142747252e-08	4.792383437552577e-05	0.0011557265157306	-3.56974871648999e-05	1.335703779162793e-06	1.274310589888193e-09	0.0	0.0	0.0	0.0	0.0	0.0	0.0	0.0	0.0	0.0	0.0	0.0	0.0	0.0	0.0	0.0	0.0	0.0	0.0	0.0	0.0	0.0	0.0	0.0	0.0	0.0	0.0	0.0	0.0	0.0	0.0	0.0	0.0	0.0	0.0	0.0	0.0	0.0	0.0	0.0	0.0	0.0	0.0	0.0	0.0	0.0	0.0	0.0	0.0	0.0	0.0	0.0	0.0	0.0	0.0	0.0	0.0	0.0	0.0	0.0	0.0	0.0	0.0	0.0	0.0	0.0	0.0	0.0	0.0	0.0	0.0	0.0	0.0	0.0	0.0	0.0	0.0	0.0	0.0	0.0	0.0	0.0	0.0	0.0	0.0	0.0	0.0	0.0	0.0	0.0	0.0	0.0	0.0	0.0	0.0	0.0	0.0	0.0	0.0	0.0
1485.6540840849684	-5.1789421125899935	26.821441405558105	2207168.0575583465	2008.2656976241096	-3.5647246928156164	4033131.112253652	12.70726213556939	1784.7827189127604	-1.9844506418603487	3.93804434997995	3185449.3537296257	1844.959569820529	2178.0636269352653	0.625609	32.827358	0.083846748862954	0.0456565721498184	0.0025838754	-0.0051008935	0.0019053122	0.006666972	0.0088856259	0.0078834096	0.0126110621	0.0087869136	0.0009955756	-0.0118941227	-0.0278719407	-0.0384180994	-0.0246493721	-0.0095076206	0.0094426303	-0.0190427182	-0.0117163847	0.0166729021	-0.0416065606	0.0104580053	-0.0038321296	-0.0341325072	-0.0248445839	0.0508949136	0.0793690127	-0.0585527491	0.0106111978	0.008572677	-0.0540304105	0.0061414373	-0.0247509575	-0.0173938582	-0.0742388174	0.0490241061	0.0533515689	-0.0717551168	-0.0227795284	0.0814605803	-0.0119276293	0.0283995875891776	0.0274705960222975	0.0007546336458202	0.0008065365752353	-0.0143160736111127	-0.0012070082553777	0.0002049499636387	1.4568689285499206e-06	-0.1374499235882496	0.0225968161397389	0.0005106160996531	0.0188924814944156	-0.0031759973079474	-0.0003479590881595	1.210755270328603e-07	1.0086958900089131e-05	-0.0069238916959109	-1.1874283918997949e-06	1.4099861858897325e-12	4.794027621670391e-05	0.0014580265680899	0.0003023000523593	2.125841473256012e-06	9.13853216564355e-08	0.0	0.0	0.0	0.0	0.0	0.0	0.0	0.0	0.0	0.0	0.0	0.0	0.0	0.0	0.0	0.0	0.0	0.0	0.0	0.0	0.0	0.0	0.0	0.0	0.0	0.0	0.0	0.0	0.0	0.0	0.0	0.0	0.0	0.0	0.0	0.0	0.0	0.0	0.0	0.0	0.0	0.0	0.0	0.0	0.0	0.0	0.0	0.0	0.0	0.0	0.0	0.0	0.0	0.0	0.0	0.0	0.0	0.0	0.0	0.0	0.0	0.0	0.0	0.0	0.0	0.0	0.0	0.0	0.0	0.0	0.0	0.0	0.0	0.0	0.0	0.0	0.0	0.0	0.0	0.0	0.0	0.0	0.0	0.0	0.0	0.0	0.0	0.0	0.0	0.0	0.0	0.0	0.0	0.0	0.0	0.0	0.0	0.0	0.0	0.0
1492.2397776629168	6.585693577948405	43.37135990263086	2226779.554039472	2000.1519744486748	-8.11372317543487	4000607.920890932	65.83250376758892	1782.4904167501336	-2.292302162626811	5.254649204783554	3177272.085806065	1839.7233302503148	2170.259001333063	0.7479409999999999	39.24646	0.1633335039963198	0.0859492763894343	-0.0052285176	-0.0056336478	0.0026089564	-0.0218662062	0.0061773821	0.0029937782	0.0208112345	0.0046978163	-0.0057922944	-0.0040070968	-0.0500347902	-0.0565282034	-0.0128487381	-0.0234268229	0.0097143585	0.0207445149	0.0189655782	0.0381297003	-0.0487404709	0.005360954	-0.0048140221	-0.0222066333	-0.0132196472	0.0304771535	0.0369585661	-0.0523122644	-0.0007156411	0.0088571666	-0.0469039753	0.0083974147	-0.0375907853	-0.0182282956	-0.0735107199	0.0510508491	0.0507165039	-0.0736957799	-0.0178113211	0.0816485389	-0.0186447705	-0.0089387919163357	-0.0373383795055133	0.0013941545840977	7.990200092354845e-05	0.0062693249365253	0.020585398547638	3.930443515973795e-05	0.000423758633365	-0.1763606057268631	-0.0389106821386135	0.0015140411844922	0.031103063252346	-0.0020883132526492	0.0010876840552982	1.1830566041499385e-06	4.36105224119028e-06	-0.0069218341412107	2.057554700199589e-06	4.23353134431342e-12	4.791178787843007e-05	0.0012177873019972	-0.0002402392660927	1.4830059129056196e-06	5.771490497275917e-08	0.0	0.0	0.0	0.0	0.0	0.0	0.0	0.0	0.0	0.0	0.0	0.0	0.0	0.0	0.0	0.0	0.0	0.0	0.0	0.0	0.0	0.0	0.0	0.0	0.0	0.0	0.0	0.0	0.0	0.0	0.0	0.0	0.0	0.0	0.0	0.0	0.0	0.0	0.0	0.0	0.0	0.0	0.0	0.0	0.0	0.0	0.0	0.0	0.0	0.0	0.0	0.0	0.0	0.0	0.0	0.0	0.0	0.0	0.0	0.0	0.0	0.0	0.0	0.0	0.0	0.0	0.0	0.0	0.0	0.0	0.0	0.0	0.0	0.0	0.0	0.0	0.0	0.0	0.0	0.0	0.0	0.0	0.0	0.0	0.0	0.0	0.0	0.0	0.0	0.0	0.0	0.0	0.0	0.0	0.0	0.0	0.0	0.0	0.0	0.0
1514.8672316456127	22.627453982695897	512.0016737390204	2294822.7295136424	2026.142922703224	25.990948254549263	4105255.1432203623	675.5293911706576	1813.6229142669936	31.132497516859985	969.2324016372932	3289228.075154302	1873.125338306956	2163.4803075551986	0.994316	52.174366	0.0927054117934354	0.0844907297434855	-0.0069505017	-0.0746303047	-0.0124951964	-0.0099653774	0.0227133512	0.0221422776	0.0028885531	0.0023212607	-0.0135104914	-0.0055956572	-0.0839114305	-0.0950208895	0.003930592	-0.0379417257	0.0315804352	0.056824056	0.0934277039	0.0572242271	-0.0611951015	0.0037068416	-0.0039788578	-0.0001027612	-0.0199404502	0.0345934051	0.0316859674	-0.0365056872	-0.0234078481	-0.0102399235	-0.045894268	0.0014690431	-0.0669429812	-0.0190607341	-0.0727503781	0.0530272111	0.0479924649	-0.0754344479	-0.0127728206	0.0813979594	-0.0252311319	-0.0151028690092545	-0.0061640770929188	3.7995846407446286e-05	0.0002280966523106	0.0049419546370188	-0.0013273702995065	2.4422915634351615e-05	1.7619119120119754e-06	-0.174908881239638	0.0014517244872251	2.1075039868090054e-06	0.0305931167365017	-0.0004418848599381	0.001646428392711	2.7107264523252555e-06	1.9526222944251426e-07	-0.0069198191801516	2.0149610591001926e-06	4.06006806969017e-12	4.7883897485993965e-05	0.0011909858574917	-2.6801444505500024e-05	1.4184473127452396e-06	7.183174275813974e-10	0.0	0.0	0.0	0.0	0.0	0.0	0.0	0.0	0.0	0.0	0.0	0.0	0.0	0.0	0.0	0.0	0.0	0.0	0.0	0.0	0.0	0.0	0.0	0.0	0.0	0.0	0.0	0.0	0.0	0.0	0.0	0.0	0.0	0.0	0.0	0.0	0.0	0.0	0.0	0.0	0.0	0.0	0.0	0.0	0.0	0.0	0.0	0.0	0.0	0.0	0.0	0.0	0.0	0.0	0.0	0.0	0.0	0.0	0.0	0.0	0.0	0.0	0.0	0.0	0.0	0.0	0.0	0.0	0.0	0.0	0.0	0.0	0.0	0.0	0.0	0.0	0.0	0.0	0.0	0.0	0.0	0.0	0.0	0.0	0.0	0.0	0.0	0.0	0.0	0.0	0.0	0.0	0.0	0.0	0.0	0.0	0.0	0.0	0.0	0.0
1501.699356128655	-13.167875516957793	173.39294563009645	2255100.9561972166	2012.562994848324	-13.579927854900006	4050409.808232855	184.41444054428908	1793.5367434770633	-20.086170789930293	403.45425700224894	3216774.050202309	1853.5583752072428	2194.5130929231645	1.102733	57.863316	0.2786958381366614	0.1301330102770667	-0.002069703	-0.0682330219	-0.0004424114	-0.0083483833	0.010363657	0.0097430422	0.0064456847	0.0022252763	-0.0030975685	-0.0016604549	-0.0453206124	-0.0557853494	-0.0172665627	-0.0205045327	0.0177149613	0.0028087131	0.0152574049	0.0223422165	-0.0386360568	0.0118825439	-0.0020590991	-0.0026556833	-0.0265071208	0.0431908262	0.0480983949	-0.032597452	-0.0139204842	-0.0448210907	-0.0765171257	0.0150008857	-0.0258946867	-0.0198910824	-0.0719581255	0.0549512416	0.0451842308	-0.0769663555	-0.0076839116	0.0807101879	-0.0316405151	0.0451719463621742	0.0602748153714286	0.0036330533680598	0.0020405047381471	-0.0430144718686023	-0.0479564265056211	0.0018502447901347	0.002299818843189	-0.1403304440779464	0.0345784371616915	0.001195668316545	0.0196926335351136	-0.0019358859084375	-0.0014940010484994	2.2320391329173067e-06	3.747654250486884e-06	-0.0060108928364219	0.0009089263437297	8.26147098325841e-07	3.613083269094812e-05	0.0008761900677624	-0.0003147957897292	7.677090348454791e-07	9.909638923129365e-08	0.0	0.0	0.0	0.0	0.0	0.0	0.0	0.0	0.0	0.0	0.0	0.0	0.0	0.0	0.0	0.0	0.0	0.0	0.0	0.0	0.0	0.0	0.0	0.0	0.0	0.0	0.0	0.0	0.0	0.0	0.0	0.0	0.0	0.0	0.0	0.0	0.0	0.0	0.0	0.0	0.0	0.0	0.0	0.0	0.0	0.0	0.0	0.0	0.0	0.0	0.0	0.0	0.0	0.0	0.0	0.0	0.0	0.0	0.0	0.0	0.0	0.0	0.0	0.0	0.0	0.0	0.0	0.0	0.0	0.0	0.0	0.0	0.0	0.0	0.0	0.0	0.0	0.0	0.0	0.0	0.0	0.0	0.0	0.0	0.0	0.0	0.0	0.0	0.0	0.0	0.0	0.0	0.0	0.0	0.0	0.0	0.0	0.0	0.0	0.0
1502.6505030580536	0.9511469293986464	0.904680481304474	2257958.534340621	2025.7745299520373	13.211535103713231	4103762.446202397	174.54465979664698	1780.0973044370994	-13.439439039963872	180.61852170890504	3168746.413264228	1841.6363805967856	2250.0735903133045	1.472201	77.25029	0.3456072784964726	0.2237094539752652	0.0112106419	0.0531715497	-0.006289332	-0.0174398373	0.0029364778	0.0025884884	-0.0049241893	0.0037469135	0.005372765	0.0115200911	0.0433780374	0.0481900497	0.0014225056	-0.0180260672	-0.0119138415	-0.0392076729	-0.0656995544	-0.0106034747	-0.0046643128	0.0166107265	-0.0143544353	0.0181607195	-0.0207823135	0.0186147002	0.0261328785	-0.0167727592	-0.03480567	-0.0757879387	-0.0495939974	0.0135666449	0.0319783471	-0.0207192494	-0.0711343098	0.0568210419	0.0422967282	-0.0782873035	-0.0025646777	0.0795889182	-0.0378279629	0.0357632814198751	-0.009408664942299	8.852297599644807e-05	0.0012790122979171	-0.0545089454678588	-0.0114944735992565	0.002971225136018	0.000132122923324	0.0086966255869356	0.149027069664882	0.0222090674929015	7.563129659934298e-05	-0.0049050115572387	-0.0029691256488012	8.815707118369151e-06	2.405913837664522e-05	-0.0064888968524026	-0.0004780040159807	2.2848783929367733e-07	4.210578236112037e-05	0.0009426018087812	6.641174101880008e-05	8.8849816991759e-07	4.410519345148173e-09	0.0	0.0	0.0	0.0	0.0	0.0	0.0	0.0	0.0	0.0	0.0	0.0	0.0	0.0	0.0	0.0	0.0	0.0	0.0	0.0	0.0	0.0	0.0	0.0	0.0	0.0	0.0	0.0	0.0	0.0	0.0	0.0	0.0	0.0	0.0	0.0	0.0	0.0	0.0	0.0	0.0	0.0	0.0	0.0	0.0	0.0	0.0	0.0	0.0	0.0	0.0	0.0	0.0	0.0	0.0	0.0	0.0	0.0	0.0	0.0	0.0	0.0	0.0	0.0	0.0	0.0	0.0	0.0	0.0	0.0	0.0	0.0	0.0	0.0	0.0	0.0	0.0	0.0	0.0	0.0	0.0	0.0	0.0	0.0	0.0	0.0	0.0	0.0	0.0	0.0	0.0	0.0	0.0	0.0	0.0	0.0	0.0	0.0	0.0	0.0
1505.8681008434523	3.217597785398766	10.352935508603045	2267638.7371378657	2022.28369140625	-3.4908385457872555	4089631.328527689	12.18595375275408	1785.1702810955862	5.072976658486823	25.735092177552133	3186832.932506894	1844.1757568051887	2212.045620825074	1.043269	54.743092	0.2355282511733217	0.1189239718428858	-0.0005016489	0.0490724425	-0.0020799988	-0.0101680149	0.0031870243	0.0023474563	-0.0045664742	0.0031782064	0.0024363947	0.0065070737	-0.0032384731	-0.0072023655	-0.020254843	-0.0123169887	-0.0028808934	-0.0228921063	-0.0474210327	0.0158878517	-0.0288047508	0.0216553811	-0.014978342	-0.0142955276	-0.0368384467	0.053076952	0.0525031406	-0.0381117675	-0.0562188225	-0.0743624009	-0.0949355325	0.0122513331	0.0057946101	-0.0215451443	-0.0702792922	0.0586347667	0.0393350228	-0.0793936715	0.0025646777	0.0780401729	-0.0437500746	0.0592140280172657	0.0234507465973905	0.000549937515975	0.0035063011140295	-0.0388761446924519	0.0156328007754069	0.0015113546261484	0.0002443844600835	-0.0990268515919936	-0.1077234771789292	0.0116043475355192	0.0098063173362227	-0.0043590584153768	0.0005459531418619	2.980648331088808e-07	1.900139026866729e-05	-0.005863802498975	0.0006250943534276	3.9074295068706953e-07	3.438417974698545e-05	0.0003392247716388	-0.0006033770371424	1.1507344569339601e-07	3.640638489507412e-07	0.0	0.0	0.0	0.0	0.0	0.0	0.0	0.0	0.0	0.0	0.0	0.0	0.0	0.0	0.0	0.0	0.0	0.0	0.0	0.0	0.0	0.0	0.0	0.0	0.0	0.0	0.0	0.0	0.0	0.0	0.0	0.0	0.0	0.0	0.0	0.0	0.0	0.0	0.0	0.0	0.0	0.0	0.0	0.0	0.0	0.0	0.0	0.0	0.0	0.0	0.0	0.0	0.0	0.0	0.0	0.0	0.0	0.0	0.0	0.0	0.0	0.0	0.0	0.0	0.0	0.0	0.0	0.0	0.0	0.0	0.0	0.0	0.0	0.0	0.0	0.0	0.0	0.0	0.0	0.0	0.0	0.0	0.0	0.0	0.0	0.0	0.0	0.0	0.0	0.0	0.0	0.0	0.0	0.0	0.0	0.0	0.0	0.0	0.0	0.0
1514.107615731735	8.239514888282656	67.88960559423155	2292521.872016839	2036.50020280669	14.216511400439911	4147333.076031689	202.109196398838	1782.201036345653	-2.969244749933296	8.81641438500644	3176240.5339515195	1842.2929156325024	2203.38192914616	1.271225	66.704552	0.4744438467861805	0.2633191920935778	-0.0073195297	0.0039233826	-0.0030213625	0.017981755	0.0013423658	-8.93047e-05	0.0037802598	0.0091383566	0.0080355543	-0.0051118311	-0.0543161257	-0.077426482	-0.1004709751	0.0356252719	0.0041165926	-0.0700188244	-0.0962747729	0.0011104735	0.0053540936	0.0414339943	-0.0253847089	-0.0195985742	-0.0333331586	0.0467692796	-0.0059916226	0.0067451718	0.0097585614	-0.0683110366	-0.0487139788	-0.0142366205	0.0020944617	-0.0223686765	-0.0693934478	0.060390626	0.0363043104	-0.080282427	0.0076839116	0.0760722702	-0.049365311	0.1814008938740841	0.1221868658568184	0.0149296301879121	0.0329062842983167	-0.0545357673950519	-0.0156596227025999	0.0029741499253672	0.0002452237831877	-0.3085128275019357	-0.2094859759099421	0.0438843741029408	0.0951801647332391	-0.0052182767535139	-0.0008592183381371	7.3825615259108e-07	2.723041227626357e-05	-0.0069311020459528	-0.0010672995469778	1.1391283229790183e-06	4.8040175571411096e-05	0.0009549345328603	0.0006157097612215	9.118999620491194e-07	3.790985100634365e-07	0.0	0.0	0.0	0.0	0.0	0.0	0.0	0.0	0.0	0.0	0.0	0.0	0.0	0.0	0.0	0.0	0.0	0.0	0.0	0.0	0.0	0.0	0.0	0.0	0.0	0.0	0.0	0.0	0.0	0.0	0.0	0.0	0.0	0.0	0.0	0.0	0.0	0.0	0.0	0.0	0.0	0.0	0.0	0.0	0.0	0.0	0.0	0.0	0.0	0.0	0.0	0.0	0.0	0.0	0.0	0.0	0.0	0.0	0.0	0.0	0.0	0.0	0.0	0.0	0.0	0.0	0.0	0.0	0.0	0.0	0.0	0.0	0.0	0.0	0.0	0.0	0.0	0.0	0.0	0.0	0.0	0.0	0.0	0.0	0.0	0.0	0.0	0.0	0.0	0.0	0.0	0.0	0.0	0.0	0.0	0.0	0.0	0.0	0.0	0.0
1514.454389677622	0.3467739458869801	0.1202521695460261	2293572.0984138185	2055.119070704979	18.61886789828918	4223514.394775297	346.6622418139434	1783.3240446693876	1.1230083237346662	1.2611476951773448	3180244.648295984	1845.60780065426	2253.9628895326096	1.056862	55.456345	0.4385291293237903	0.2465998723137431	0.0072267065	0.007104138	-0.0125437883	0.0187459183	0.0008798138	0.0005220928	-0.0065329951	0.0076218395	0.011341886	-0.0019292712	-0.0256133738	-0.0399197288	-0.0830840954	0.0262303261	-0.00526869	-0.0676402218	-0.0947296713	-0.0160553603	0.0099274964	0.0320355444	-0.0194173102	-0.0162361873	-0.0302306459	0.030356556	-0.0285096175	0.0095945139	-0.0060785193	-0.0878720263	-0.0363250834	-0.0234440446	0.0023138194	-0.0231897558	-0.0684771651	0.0620868871	0.0332099078	-0.0809511339	0.0127728206	0.0736957799	-0.0546342852	0.1127609707763639	-0.0686399230977201	0.0047114390428609	0.0127150365304279	0.0716997439782431	0.126235511373295	0.0051408532865456	0.0159354043316772	-0.2589385917294606	0.0495742357724751	0.0024576048524249	0.0670491942868362	-0.0058621344659972	-0.0006438577124833	4.14552753924228e-07	3.436462049743228e-05	-0.0072889908619142	-0.0003578888159613	1.280844045902527e-07	5.312938778506872e-05	-0.001924908120301	-0.0028798426531613	3.705271271600729e-06	8.293493706967115e-06	0.0	0.0	0.0	0.0	0.0	0.0	0.0	0.0	0.0	0.0	0.0	0.0	0.0	0.0	0.0	0.0	0.0	0.0	0.0	0.0	0.0	0.0	0.0	0.0	0.0	0.0	0.0	0.0	0.0	0.0	0.0	0.0	0.0	0.0	0.0	0.0	0.0	0.0	0.0	0.0	0.0	0.0	0.0	0.0	0.0	0.0	0.0	0.0	0.0	0.0	0.0	0.0	0.0	0.0	0.0	0.0	0.0	0.0	0.0	0.0	0.0	0.0	0.0	0.0	0.0	0.0	0.0	0.0	0.0	0.0	0.0	0.0	0.0	0.0	0.0	0.0	0.0	0.0	0.0	0.0	0.0	0.0	0.0	0.0	0.0	0.0	0.0	0.0	0.0	0.0	0.0	0.0	0.0	0.0	0.0	0.0	0.0	0.0	0.0	0.0
1507.7563739270754	-6.698015750546574	44.86341499456999	2273329.2831177227	2046.225366519976	-8.893704185003116	4187038.25058981	79.09797413034195	1777.563270294972	-5.760774374415632	33.18652139292382	3159731.1799017554	1844.0374478356964	2261.740007235788	0.903969	47.433643	0.4251055724518208	0.2110992577783972	0.0049535125	0.0211992772	-0.0071065279	0.0209585307	-0.0032243677	-0.0018083719	-0.0074178817	0.0047290949	0.007102585	0.0043802607	-0.0058467907	-0.0094561394	-0.0520897736	0.0055887357	-0.0119797575	-0.053443401	-0.0865759286	-0.0103936244	-0.011637927	0.0241838225	-0.0011923846	0.0046751944	-0.0382455935	0.0341647638	0.0206334385	-0.0107935387	-0.0513484531	-0.0916885414	-0.0191953829	-0.0038809371	-0.0090910449	-0.024008292	-0.0675308461	0.0637218759	0.0300572439	-0.0813979594	0.0178113211	0.0709234662	-0.0595200392	0.1720974375076309	0.0593364667312669	0.0035208162841507	0.0296175279966929	-0.0483581206242433	-0.1200578646024864	0.0023385078303088	0.0144138908529089	-0.1335371538249532	0.1254014379045074	0.015725520628518	0.0178321714516692	-0.0051661258875757	0.0006960085784214	4.844279412363168e-07	2.6688856686279817e-05	-0.0065787032030408	0.0007102876588733	5.045085583478552e-07	4.3279335833699287e-05	-0.0009250082933247	0.0009998998269763	8.556403427194742e-07	9.997996639872346e-07	0.0	0.0	0.0	0.0	0.0	0.0	0.0	0.0	0.0	0.0	0.0	0.0	0.0	0.0	0.0	0.0	0.0	0.0	0.0	0.0	0.0	0.0	0.0	0.0	0.0	0.0	0.0	0.0	0.0	0.0	0.0	0.0	0.0	0.0	0.0	0.0	0.0	0.0	0.0	0.0	0.0	0.0	0.0	0.0	0.0	0.0	0.0	0.0	0.0	0.0	0.0	0.0	0.0	0.0	0.0	0.0	0.0	0.0	0.0	0.0	0.0	0.0	0.0	0.0	0.0	0.0	0.0	0.0	0.0	0.0	0.0	0.0	0.0	0.0	0.0	0.0	0.0	0.0	0.0	0.0	0.0	0.0	0.0	0.0	0.0	0.0	0.0	0.0	0.0	0.0	0.0	0.0	0.0	0.0	0.0	0.0	0.0	0.0	0.0	0.0
1496.8880893273383	-10.86828459973708	118.1196101408822	2240673.9519700496	2027.0038486915296	-19.221517828446395	4108744.602610273	369.4667476292826	1780.0058481069711	2.442577811999172	5.966186367670662	3168420.819295017	1843.677232948899	2253.396475575187	0.952471	49.978691	0.2081550760708245	0.0857478651418487	0.0025021775	0.0336445334	0.0008251894	-0.0070204302	5.5985e-06	-0.0004926785	0.0039321629	0.0010136485	0.0023197441	0.0109438383	0.0001070984	0.0019137517	-0.0246875069	-0.0076130164	-0.0050406392	-0.0277412543	-0.0634972051	-0.0034528778	-0.0145918759	0.0112021724	0.0091590957	0.0045515982	-0.0174204789	0.0160622637	0.0129201226	-0.0115906729	-0.0244647998	-0.021503784	-0.0260349996	0.0143474994	-0.006366873	-0.0248241955	-0.0665549058	0.0652939789	0.0268518493	-0.0816216788	0.0227795284	0.0677702193	-0.0639883028	0.1516790681220357	-0.0204183693855952	0.0004169098083666	0.0230065397063691	-0.0049798676897552	0.0433782529344881	2.479908220746779e-05	0.0018816728276484	-0.082473605251927	0.0510635485730262	0.0026074859928698	0.0068018955632506	-0.0046943051912635	0.0004718206963122	2.226147694685294e-07	2.2036501228723447e-05	-0.0077494760504011	-0.0011707728473602	1.3707090601161434e-06	6.005437905574023e-05	-0.0007017037334429	0.0002233045598818	4.923881295277045e-07	4.9864926464004403e-08	0.0	0.0	0.0	0.0	0.0	0.0	0.0	0.0	0.0	0.0	0.0	0.0	0.0	0.0	0.0	0.0	0.0	0.0	0.0	0.0	0.0	0.0	0.0	0.0	0.0	0.0	0.0	0.0	0.0	0.0	0.0	0.0	0.0	0.0	0.0	0.0	0.0	0.0	0.0	0.0	0.0	0.0	0.0	0.0	0.0	0.0	0.0	0.0	0.0	0.0	0.0	0.0	0.0	0.0	0.0	0.0	0.0	0.0	0.0	0.0	0.0	0.0	0.0	0.0	0.0	0.0	0.0	0.0	0.0	0.0	0.0	0.0	0.0	0.0	0.0	0.0	0.0	0.0	0.0	0.0	0.0	0.0	0.0	0.0	0.0	0.0	0.0	0.0	0.0	0.0	0.0	0.0	0.0	0.0	0.0	0.0	0.0	0.0	0.0	0.0
1493.6299205428538	-3.2581687844844964	10.61566382818918	2230930.339540852	2030.9009109690217	3.897062277492069	4124558.510174802	15.187094394651668	1772.75112753322	-7.254720573751229	52.63097060320936	3142646.560170302	1838.7168660584264	2223.4501232667403	0.78305	41.08868	0.0540400203035116	0.0294957421054084	-0.0024372846	0.0411934973	0.0012706258	0.0001780342	-0.0086925428	-0.0076708858	0.0014299603	-0.0020895114	0.0007272863	0.014511107	0.0124616123	0.0143419109	-0.0067149351	-0.0040739975	-0.0075078224	-0.035687181	-0.0458523381	-0.0265716898	0.002561872	0.0143190952	0.0017136269	0.0255502482	-0.0102659565	-0.0015315637	0.0110570654	0.0042609821	-0.0204697868	-0.0053903932	-0.0034168754	0.0140476417	0.0044239687	-0.0256373767	-0.0655497724	0.0668016447	0.0235993474	-0.0816216788	0.0276578354	0.0642529755	-0.0680077345	0.1710671816136084	0.0193881134915727	0.0003758989447621	0.0292639806252232	0.0171308253387394	0.0221106930284946	0.0002934651767863	0.0004888827462003	-0.0812668116756327	0.0012067935762943	1.4563507357851905e-06	0.0066042946799227	-0.004592325907766	0.0001019792834975	1.0399774262663494e-08	2.1089457243138816e-05	-0.0077502888216547	-8.127712536002557e-07	6.605971106789313e-13	6.006697681906581e-05	-0.000577807384051	0.0001238963493918	3.338613730638599e-07	1.535030539263974e-08	0.0	0.0	0.0	0.0	0.0	0.0	0.0	0.0	0.0	0.0	0.0	0.0	0.0	0.0	0.0	0.0	0.0	0.0	0.0	0.0	0.0	0.0	0.0	0.0	0.0	0.0	0.0	0.0	0.0	0.0	0.0	0.0	0.0	0.0	0.0	0.0	0.0	0.0	0.0	0.0	0.0	0.0	0.0	0.0	0.0	0.0	0.0	0.0	0.0	0.0	0.0	0.0	0.0	0.0	0.0	0.0	0.0	0.0	0.0	0.0	0.0	0.0	0.0	0.0	0.0	0.0	0.0	0.0	0.0	0.0	0.0	0.0	0.0	0.0	0.0	0.0	0.0	0.0	0.0	0.0	0.0	0.0	0.0	0.0	0.0	0.0	0.0	0.0	0.0	0.0	0.0	0.0	0.0	0.0	0.0	0.0	0.0	0.0	0.0	0.0
1492.543478389111	-1.086442153742837	1.1803565534293745	2227686.0348818665	2034.4929473490647	3.592036380043055	4139161.552813084	12.902725355552814	1771.8225674099392	-0.928560123280704	0.862223902547076	3139355.2103831484	1840.0322831007336	2227.592064815218	1.328459	69.707764	0.4236876524658752	0.223433592322312	-0.0023644157	-0.0817735548	0.0031814546	-0.0030465861	-0.0103183587	-0.0087247569	0.0054465837	-0.005741777	-0.009905736	0.0161618337	-0.016645905	-0.0244702333	0.0277318995	-0.013208836	0.0020419303	0.0043577255	0.0275563935	-0.0315601742	0.0215839457	-0.0023416994	-0.0135625633	0.0223934387	0.0135062559	-0.0326078224	-0.0462191224	0.0375745522	0.0909641032	-0.0117172527	0.0733868975	-0.0430604295	0.0270703408	-0.0264477464	-0.0645158866	0.0682433853	0.0203054443	-0.0813979594	0.0324269895	0.060390626	-0.0715501408	0.1737400165555414	0.0026728349419329	7.144046626817924e-06	0.0301855933527197	0.1554853003001142	0.1383544749613748	0.0241756786094166	0.0191419607418376	-0.1153560706002352	-0.0340892589246025	0.0011620775740285	0.0133070230243264	-0.0025894298814202	0.0020028960263457	4.011592492351795e-06	6.705147110791831e-06	-0.0096690658997133	-0.0019187770780585	3.681705475283097e-06	9.349083537299856e-05	-0.0016275559524059	-0.0010497485683549	2.648938378211876e-06	1.101972056763162e-06	0.0	0.0	0.0	0.0	0.0	0.0	0.0	0.0	0.0	0.0	0.0	0.0	0.0	0.0	0.0	0.0	0.0	0.0	0.0	0.0	0.0	0.0	0.0	0.0	0.0	0.0	0.0	0.0	0.0	0.0	0.0	0.0	0.0	0.0	0.0	0.0	0.0	0.0	0.0	0.0	0.0	0.0	0.0	0.0	0.0	0.0	0.0	0.0	0.0	0.0	0.0	0.0	0.0	0.0	0.0	0.0	0.0	0.0	0.0	0.0	0.0	0.0	0.0	0.0	0.0	0.0	0.0	0.0	0.0	0.0	0.0	0.0	0.0	0.0	0.0	0.0	0.0	0.0	0.0	0.0	0.0	0.0	0.0	0.0	0.0	0.0	0.0	0.0	0.0	0.0	0.0	0.0	0.0	0.0	0.0	0.0	0.0	0.0	0.0	0.0
1483.3833680171426	-9.160110371968358	83.90762202664229	2200426.2165098814	2004.976810117311	-29.51613723175365	4019932.009108188	871.2023570837138	1769.6781404413728	-2.144426968566449	4.598567023515092	3131760.720756035	1834.7119496535288	2190.445006574284	1.075159	56.41642	0.2079305142493172	0.1156526758176575	-0.0115039256	-0.0799088759	0.01560014	-0.0089376891	-0.0150380359	-0.0142533669	0.007071112	-0.0077199456	-0.0137098828	0.0158992758	-0.0222906674	-0.0235694071	0.0502581142	-0.0397375499	0.008394234	0.0414043693	0.050225681	0.0124210511	-0.012670412	-0.0088526341	0.0048587263	-0.0022319105	0.0066814293	0.000410308	-0.0085218136	0.0072608318	0.0493256299	-0.0189866312	0.0353858926	-0.0342108524	-0.0055412048	-0.0272552159	-0.063453702	0.0696177779	0.0169759185	-0.0809511339	0.0370681691	0.0562039158	-0.0745906743	0.1896037313358078	0.0158637147802664	0.0002516574466296	0.0359495749364611	0.0490813061488069	-0.1064039941513073	0.0024089746132729	0.0113218099713514	-0.1103987762051517	0.0049572943950834	2.4574767719526232e-05	0.0121878897875951	-0.0019620633289671	0.0006273665524531	3.9358879113688833e-07	3.849692506877459e-06	-0.0090481917379703	0.0006208741617429	3.854847247200725e-07	8.1869773727074e-05	-0.001993425456663	-0.0003658695042571	3.9737450512720905e-06	1.3386049414533616e-07	0.0	0.0	0.0	0.0	0.0	0.0	0.0	0.0	0.0	0.0	0.0	0.0	0.0	0.0	0.0	0.0	0.0	0.0	0.0	0.0	0.0	0.0	0.0	0.0	0.0	0.0	0.0	0.0	0.0	0.0	0.0	0.0	0.0	0.0	0.0	0.0	0.0	0.0	0.0	0.0	0.0	0.0	0.0	0.0	0.0	0.0	0.0	0.0	0.0	0.0	0.0	0.0	0.0	0.0	0.0	0.0	0.0	0.0	0.0	0.0	0.0	0.0	0.0	0.0	0.0	0.0	0.0	0.0	0.0	0.0	0.0	0.0	0.0	0.0	0.0	0.0	0.0	0.0	0.0	0.0	0.0	0.0	0.0	0.0	0.0	0.0	0.0	0.0	0.0	0.0	0.0	0.0	0.0	0.0	0.0	0.0	0.0	0.0	0.0	0.0
1486.1958089433688	2.812440926226145	7.909823963511777	2208777.982520834	2015.527377744264	10.550567626952898	4062350.610436669	111.31447725090648	1773.2014790852866	3.523338643913803	12.413915199696357	3144243.485430248	1836.673833698109	2208.454624134844	0.875518	45.940758	0.1249385768859248	0.0569818252642794	-0.0060938027	-0.0313164625	0.009892079	-0.0103949012	-0.0102491177	-0.0101149257	0.0079387375	-0.0090208663	-0.0081136534	0.0171612836	0.0029298454	0.0008782372	0.0360559475	-0.0178866638	-9.22025e-05	0.0049448034	0.0243619743	-0.022649459	0.013195647	-0.0035976338	-0.0072363835	0.0096193031	0.0185780795	-0.0264667875	-0.0216441293	0.0201429806	0.0528591388	0.01842593	0.0469826757	-0.0301365412	0.0025833293	-0.0280596966	-0.0623636846	0.0709234662	0.0136166111	-0.080282427	0.0415630576	0.0517153317	-0.0771080077	0.1604972748905595	-0.0291064564452482	0.0008471858067991	0.0257593752472958	0.0430388581349063	-0.0060424480139006	0.0018523433095565	3.6511178000691325e-05	-0.1321910335014777	-0.021792257296326	0.0004749024780692	0.0174744693381888	-0.0026323338043704	-0.0006702704754032	4.492625101973655e-07	6.929181257631143e-06	-0.009310983493546	-0.0002627917555756	6.905950679855809e-08	8.669441361708606e-05	-0.002420311528293	-0.00042688607163	5.857907893987998e-06	1.822317181516936e-07	0.0	0.0	0.0	0.0	0.0	0.0	0.0	0.0	0.0	0.0	0.0	0.0	0.0	0.0	0.0	0.0	0.0	0.0	0.0	0.0	0.0	0.0	0.0	0.0	0.0	0.0	0.0	0.0	0.0	0.0	0.0	0.0	0.0	0.0	0.0	0.0	0.0	0.0	0.0	0.0	0.0	0.0	0.0	0.0	0.0	0.0	0.0	0.0	0.0	0.0	0.0	0.0	0.0	0.0	0.0	0.0	0.0	0.0	0.0	0.0	0.0	0.0	0.0	0.0	0.0	0.0	0.0	0.0	0.0	0.0	0.0	0.0	0.0	0.0	0.0	0.0	0.0	0.0	0.0	0.0	0.0	0.0	0.0	0.0	0.0	0.0	0.0	0.0	0.0	0.0	0.0	0.0	0.0	0.0	0.0	0.0	0.0	0.0	0.0	0.0
1485.8499861532157	-0.345822790153079	0.1195934021892605	2207750.1813515117	2016.7423180688784	1.2149403246144177	4067249.577489833	1.476079992374186	1771.7328322190506	-1.4686468662359855	2.156923617704781	3139037.228762938	1835.8665387132005	2219.9805544484743	0.735929	38.616154	0.1306507751499422	0.0650980099992664	-0.0058108747	-0.0405184633	0.0122796922	-0.0037558096	-0.0140006062	-0.0135512526	0.0061174816	-0.0083356124	-0.0083669115	0.0099654893	-0.0147342942	-0.0205443705	0.0248710443	-0.0186286655	0.0032121122	0.0133060706	0.0303093837	-0.0095876463	0.0025442833	-0.0073296806	0.004488366	0.0045528081	0.0037983516	-0.0166542516	-0.0196032213	0.0099701883	0.0185317344	-0.0066988243	0.0479876477	-0.0284876099	-0.0397296156	-0.0288611001	-0.0612463124	0.0721591615	0.0102334157	-0.0793936715	0.0458939156	0.0469489822	-0.0790844839	0.1163152450949525	-0.044182029795607	0.0019520517568599	0.0135292362414988	0.0667409470401736	0.0237020889052672	0.0044543540118192	0.0005617890184731	-0.1306728092091447	0.001518224292333	2.3050050018300497e-06	0.0170753830666095	-0.0029985050920432	-0.0003661712876728	1.3408141191595668e-07	8.991032787009001e-06	-0.0087575617151371	0.0005534217784089	3.062756648172696e-07	7.669488719443506e-05	-0.002725687105346	-0.0003053755770529	7.429370196249456e-06	9.325424306045253e-08	0.0	0.0	0.0	0.0	0.0	0.0	0.0	0.0	0.0	0.0	0.0	0.0	0.0	0.0	0.0	0.0	0.0	0.0	0.0	0.0	0.0	0.0	0.0	0.0	0.0	0.0	0.0	0.0	0.0	0.0	0.0	0.0	0.0	0.0	0.0	0.0	0.0	0.0	0.0	0.0	0.0	0.0	0.0	0.0	0.0	0.0	0.0	0.0	0.0	0.0	0.0	0.0	0.0	0.0	0.0	0.0	0.0	0.0	0.0	0.0	0.0	0.0	0.0	0.0	0.0	0.0	0.0	0.0	0.0	0.0	0.0	0.0	0.0	0.0	0.0	0.0	0.0	0.0	0.0	0.0	0.0	0.0	0.0	0.0	0.0	0.0	0.0	0.0	0.0	0.0	0.0	0.0	0.0	0.0	0.0	0.0	0.0	0.0	0.0	0.0
1479.6112502085768	-6.238735944638847	38.92182618692877	2189249.451743788	2022.2124823075308	5.470164238652387	4089343.323600385	29.922696797831453	1774.922870133881	3.1900379148303277	10.176341898055025	3150351.1949242936	1837.569974039304	2185.68388987888	0.97366	51.09053	0.1806811698174556	0.0920190857114738	-0.0158112098	-0.0567184898	0.0153665803	-0.0049258779	-0.0094343447	-0.0103079608	0.0157156825	-0.0131280564	-0.013242131	0.0213360257	-0.0191029821	-0.0202724622	0.0476839287	-0.040722678	0.012334089	0.0596603717	0.0577056467	0.0438992158	-0.0218900375	-0.0003384287	-0.0034920984	0.0005724636	0.0064784039	-0.0034506417	-0.0110937371	0.0050426988	0.0334040561	-0.0378310811	-0.0095258931	-0.0211557971	-0.003192972	-0.0296593388	-0.0601020755	0.0733236445	0.0068322673	-0.0782873035	0.0500436514	0.0419304676	-0.0805062393	0.1222025174966177	0.0058872724016652	3.465997633140873e-05	0.0149334552825111	0.0643056977304041	-0.0024352493097695	0.004135222760594	5.930439200732837e-06	-0.0748671178371438	0.0558056913720009	0.003114275189507	0.0056050853332407	-0.0020701550075908	0.0009283500844524	8.618338793027783e-07	4.285541755453266e-06	-0.0089550947004386	-0.0001975329853015	3.901928028212276e-08	8.01937210938235e-05	-0.0039308631702725	-0.0012051760649265	1.545168526340477e-05	1.4524493474717237e-06	0.0	0.0	0.0	0.0	0.0	0.0	0.0	0.0	0.0	0.0	0.0	0.0	0.0	0.0	0.0	0.0	0.0	0.0	0.0	0.0	0.0	0.0	0.0	0.0	0.0	0.0	0.0	0.0	0.0	0.0	0.0	0.0	0.0	0.0	0.0	0.0	0.0	0.0	0.0	0.0	0.0	0.0	0.0	0.0	0.0	0.0	0.0	0.0	0.0	0.0	0.0	0.0	0.0	0.0	0.0	0.0	0.0	0.0	0.0	0.0	0.0	0.0	0.0	0.0	0.0	0.0	0.0	0.0	0.0	0.0	0.0	0.0	0.0	0.0	0.0	0.0	0.0	0.0	0.0	0.0	0.0	0.0	0.0	0.0	0.0	0.0	0.0	0.0	0.0	0.0	0.0	0.0	0.0	0.0	0.0	0.0	0.0	0.0	0.0	0.0
1482.3951358814784	2.7838856729015333	7.750019439786423	2197495.3388850666	2031.929646552364	9.717164244833157	4128738.0885384143	94.42328096106394	1779.1995253864516	4.276655252570663	18.28978014934024	3165550.9511353746	1844.4205962596675	2195.258652270924	0.996576	52.292988	0.2335871628630967	0.1167393634071312	-0.0121452619	-0.007151149	0.0061686414	-0.0044656117	-0.0111850862	-0.0107001224	0.0047219069	-0.0151713533	-0.013577963	0.0285229735	0.0098763758	0.0185998126	0.0656609103	-0.0513787727	0.0134185929	0.0610786295	0.0463005672	0.0376079239	-0.0176020069	-0.0039205436	0.0055789171	0.0155213697	0.0111335358	-0.0114320391	-0.0076530006	-0.0025076052	-0.0033081246	0.0100002965	-0.0004809489	0.0017588646	-0.0329824206	-0.0304543249	-0.0589314758	0.0744157659	0.0034191328	-0.0769663555	0.0539958877	0.0366867426	-0.0813633012	0.1882849939626965	0.0660824764660787	0.0043668936958898	0.0354512389515326	0.0182816558352101	-0.0460240418951939	0.000334218940077	0.0021182124323705	-0.0160810044989148	0.0587861133382289	0.0034558071214151	0.0002585987056941	-0.0024471843426283	-0.0003770293350375	1.421511194788194e-07	5.988711206805105e-06	-0.0086109863413663	0.0003441083590722	1.184105627834302e-07	7.414908577119699e-05	-0.0033981102411104	0.000532752929162	1.154715321073938e-05	2.8382568353079725e-07	0.0	0.0	0.0	0.0	0.0	0.0	0.0	0.0	0.0	0.0	0.0	0.0	0.0	0.0	0.0	0.0	0.0	0.0	0.0	0.0	0.0	0.0	0.0	0.0	0.0	0.0	0.0	0.0	0.0	0.0	0.0	0.0	0.0	0.0	0.0	0.0	0.0	0.0	0.0	0.0	0.0	0.0	0.0	0.0	0.0	0.0	0.0	0.0	0.0	0.0	0.0	0.0	0.0	0.0	0.0	0.0	0.0	0.0	0.0	0.0	0.0	0.0	0.0	0.0	0.0	0.0	0.0	0.0	0.0	0.0	0.0	0.0	0.0	0.0	0.0	0.0	0.0	0.0	0.0	0.0	0.0	0.0	0.0	0.0	0.0	0.0	0.0	0.0	0.0	0.0	0.0	0.0	0.0	0.0	0.0	0.0	0.0	0.0	0.0	0.0
1471.9608337286616	-10.434302152816826	108.87466141627786	2166668.6960311765	1996.4453221574613	-35.484324394902615	3985793.9243644094	1259.1372777626807	1767.7573183760685	-11.442207010383072	130.9241012684595	3124965.9366721488	1826.177047537316	2172.910339615562	1.051109	55.154476	0.2345885531494012	0.1183512816330061	-0.0177627249	-0.0103868178	0.0223977749	-0.0244178979	-0.0196692665	-0.0214913701	0.0157782926	-0.0153317572	-0.0068205457	0.0258172064	-0.003297205	0.0041037198	0.0289058558	-0.0492473233	0.0108928211	0.0606178767	-0.0333644544	0.0799987273	-0.0402118438	-0.001020816	0.0065212802	-0.0048858824	0.0184374587	0.0012977394	0.0683043246	-0.0339520058	0.0808976999	0.0433099605	-0.0005248968	-0.0070013718	0.03476801	-0.0312459714	-0.0577350269	0.0754344479	0.0	-0.0754344479	0.0577350269	0.0312459714	-0.0816496581	0.2137266672312847	0.0254416732685882	0.0006472787387055	0.0456790882857923	-0.0039973438999822	-0.0222789997351923	1.5978758254724907e-05	0.0004963538292006	-0.0708030663208205	-0.0547220618219057	0.0029945040500404	0.0050130742004305	-0.0028372134206469	-0.0003900290780185	1.521226817000391e-07	8.049779994298883e-06	-0.0094962859229372	-0.0008852995815708	7.837553491296105e-07	9.017944633017524e-05	-0.0020305225342256	0.0013675877068848	4.123021761997952e-06	1.8702961360224263e-06	0.0	0.0	0.0	0.0	0.0	0.0	0.0	0.0	0.0	0.0	0.0	0.0	0.0	0.0	0.0	0.0	0.0	0.0	0.0	0.0	0.0	0.0	0.0	0.0	0.0	0.0	0.0	0.0	0.0	0.0	0.0	0.0	0.0	0.0	0.0	0.0	0.0	0.0	0.0	0.0	0.0	0.0	0.0	0.0	0.0	0.0	0.0	0.0	0.0	0.0	0.0	0.0	0.0	0.0	0.0	0.0	0.0	0.0	0.0	0.0	0.0	0.0	0.0	0.0	0.0	0.0	0.0	0.0	0.0	0.0	0.0	0.0	0.0	0.0	0.0	0.0	0.0	0.0	0.0	0.0	0.0	0.0	0.0	0.0	0.0	0.0	0.0	0.0	0.0	0.0	0.0	0.0	0.0	0.0	0.0	0.0	0.0	0.0	0.0	0.0
1482.643152974004	10.682319245342342	114.11194445941138	2198230.719060696	2022.5710511026505	26.125728945189167	4090793.65675848	682.5537129174951	1764.8226258889222	-2.9346924871463216	8.612419994113063	3114598.9008494704	1829.2316608573087	2208.070577933572	1.217704	63.896137	0.380589055268663	0.1988987087365268	-0.0120735715	-0.0352485533	0.0163934165	3.81782e-05	-0.0216055437	-0.0209573932	0.0049467538	-0.0133930673	-0.0051851649	0.0197746126	-0.0036773823	-0.0081544297	0.0150045472	-0.0041562004	0.0010961978	0.0130960524	0.0016341245	0.0029481647	0.0154279367	0.0035183383	-0.0044804858	-0.0012641145	0.0152844865	-0.0266129069	-0.0144931875	0.0241099374	0.0601962374	0.00947037	0.05582515	-0.0373477789	0.0259014355	-0.0320341914	-0.0565132535	0.0763786853	-0.0034191328	-0.0736957799	0.0612463124	0.0256373767	-0.0813633012	0.2024057745477421	-0.0113208926835425	0.0001281626111522	0.0409680975702714	0.1215650256847311	0.1255623695847132	0.0147780554697293	0.0157659086557281	-0.1889091578004027	-0.1181060914795822	0.0139490488445834	0.0356866699008574	-0.0038140689756208	-0.0009768555549739	9.542467752833665e-07	1.45471221507931e-05	-0.0101020921394534	-0.0006058062165161	3.670011719696724e-07	0.000102052265594	-0.002959854793152	-0.0009293322589264	8.760740396544868e-06	8.636584474812454e-07	0.0	0.0	0.0	0.0	0.0	0.0	0.0	0.0	0.0	0.0	0.0	0.0	0.0	0.0	0.0	0.0	0.0	0.0	0.0	0.0	0.0	0.0	0.0	0.0	0.0	0.0	0.0	0.0	0.0	0.0	0.0	0.0	0.0	0.0	0.0	0.0	0.0	0.0	0.0	0.0	0.0	0.0	0.0	0.0	0.0	0.0	0.0	0.0	0.0	0.0	0.0	0.0	0.0	0.0	0.0	0.0	0.0	0.0	0.0	0.0	0.0	0.0	0.0	0.0	0.0	0.0	0.0	0.0	0.0	0.0	0.0	0.0	0.0	0.0	0.0	0.0	0.0	0.0	0.0	0.0	0.0	0.0	0.0	0.0	0.0	0.0	0.0	0.0	0.0	0.0	0.0	0.0	0.0	0.0	0.0	0.0	0.0	0.0	0.0	0.0
1485.9540802689544	3.3109272949504884	10.96223955244816	2208059.5286679543	2055.734033125865	33.16298202321468	4226042.414951935	1099.78337667206	1776.1941862187834	11.371560329861268	129.3123843356745	3154865.7871574066	1842.897770033676	2190.726778615605	0.955211	50.122429	0.1715079135287437	0.0910335671945465	-0.0188482126	-0.0644155712	0.0053759134	0.0299193306	-0.0142802084	-0.0128881807	-0.0041724579	-0.0129710019	-0.0056595233	0.0170229483	-0.0054151096	-0.0192713858	0.0060526697	0.0103730274	0.0037008568	0.0035741012	0.0215932811	-0.0131168914	0.0247279278	-1.20897e-05	-0.0055950318	-0.0018930755	0.0058601019	-0.0144838081	-0.0192517969	0.0196236961	0.0613086463	-0.0162045265	0.017091434	-0.0235031059	0.0376718798	-0.0328188985	-0.0552666915	0.0772475461	-0.0068322673	-0.0717551168	0.0645158866	0.0198910824	-0.0805062393	0.1709448280191594	-0.0314609465285827	0.0009897911564743	0.0292221342264999	0.2019769897247414	0.0804119640400103	0.0407947043782682	0.0064660839607719	-0.172444699608917	0.0164644581914857	0.0002710783835391	0.0297371744232096	-0.0037063473214395	0.0001077216541813	1.1603954779555615e-08	1.3737010467141757e-05	-0.009524032362898	0.0005780597765554	3.3415310527127945e-07	9.070719244952844e-05	-0.0027822253285154	0.0001776294646365	7.740777778632625e-06	3.15522267070851e-08	0.0	0.0	0.0	0.0	0.0	0.0	0.0	0.0	0.0	0.0	0.0	0.0	0.0	0.0	0.0	0.0	0.0	0.0	0.0	0.0	0.0	0.0	0.0	0.0	0.0	0.0	0.0	0.0	0.0	0.0	0.0	0.0	0.0	0.0	0.0	0.0	0.0	0.0	0.0	0.0	0.0	0.0	0.0	0.0	0.0	0.0	0.0	0.0	0.0	0.0	0.0	0.0	0.0	0.0	0.0	0.0	0.0	0.0	0.0	0.0	0.0	0.0	0.0	0.0	0.0	0.0	0.0	0.0	0.0	0.0	0.0	0.0	0.0	0.0	0.0	0.0	0.0	0.0	0.0	0.0	0.0	0.0	0.0	0.0	0.0	0.0	0.0	0.0	0.0	0.0	0.0	0.0	0.0	0.0	0.0	0.0	0.0	0.0	0.0	0.0
1488.5685023737517	2.6144221047973133	6.835202942052814	2215836.186259234	2020.3106743534909	-35.423358772374286	4081655.220906657	1254.8143467163463	1780.463770574586	4.269584355802635	18.229350571314605	3170051.2383286725	1840.46717484712	2216.7399585810576	1.671438	87.70474199999998	0.5009117287695548	0.2753786376170533	-0.0150255671	0.0641576058	0.0107426073	-0.0301327169	-0.0145985112	-0.0147138007	-0.0003657921	-0.0161514185	-0.0031753637	0.0259433878	0.0277770756	0.0393100486	0.0226293973	-0.0236491378	-0.0024429248	0.0286921795	-0.0319283006	0.0423643054	-0.0302169735	0.0072019031	0.0109167695	0.0257213783	-0.0061120368	0.0088821918	0.0609238134	-0.0356564811	-0.0407440355	0.0202845377	-0.0367408293	0.0300171236	0.0129263666	-0.0336000067	-0.0539958877	0.0780401729	-0.0102334157	-0.0696177779	0.0675308461	0.0140379523	-0.0790844839	0.1917154275585488	0.0207705995393894	0.0004314178052256	0.0367548051639571	0.0188926072344344	-0.183084382490307	0.0003569306081146	0.033519891111857	-0.0114550671602486	0.1609896324486684	0.0259176617559573	0.0001312185636458	-0.0052359759503516	-0.001529628628912	2.3397637423875104e-06	2.741544415266034e-05	-0.0090507928901557	0.0004732394727423	2.2395559856141055e-07	8.191685194049296e-05	-0.002063751144346	0.0007184741841694	4.259068785789425e-06	5.162051533178849e-07	0.0	0.0	0.0	0.0	0.0	0.0	0.0	0.0	0.0	0.0	0.0	0.0	0.0	0.0	0.0	0.0	0.0	0.0	0.0	0.0	0.0	0.0	0.0	0.0	0.0	0.0	1.0	0.0	0.0	0.0	0.0	0.0	0.0	0.0	0.0	0.0	0.0	0.0	0.0	0.0	0.0	0.0	0.0	0.0	0.0	0.0	0.0	0.0	0.0	0.0	0.0	0.0	0.0	0.0	0.0	0.0	0.0	0.0	0.0	0.0	0.0	0.0	0.0	0.0	0.0	0.0	0.0	0.0	0.0	0.0	0.0	0.0	0.0	0.0	0.0	0.0	0.0	0.0	0.0	0.0	0.0	0.0	0.0	0.0	0.0	0.0	0.0	0.0	0.0	0.0	0.0	0.0	0.0	0.0	0.0	0.0	0.0	0.0	0.0	0.0
1486.0604464702787	-2.5080559034729504	6.290344414945517	2208375.650563444	2010.9159090066253	-9.394765346865595	4043782.793095942	88.26161592266666	1775.6789055196648	-4.7848650549212834	22.894933593806854	3153035.575507514	1834.3554140182223	2166.4030195582995	1.145865	60.126564	0.2649656494568745	0.122419047165956	-0.0261019417	0.0855763259	0.015577437	-0.0257533152	-0.0178837143	-0.0210499969	0.01113083	-0.021011176	-0.002574762	0.0427754682	0.0380052767	0.0611426994	0.0417599922	-0.0389229838	-0.006964583	0.0607370417	-0.035025688	0.0677349779	-0.0252198595	-0.0087116502	0.016420927	0.0453702007	0.0161982815	-0.0162330186	0.0478293855	-0.0144426721	-0.005486919	0.0442096625	-0.0208629579	0.0300170873	0.0394338835	-0.0343774302	-0.0527013995	0.0787557834	-0.0136166111	-0.0672896215	0.0702792922	0.0081094236	-0.0771080077	0.1977083794493239	0.005992951890775	3.591547236514471e-05	0.0390886033044778	-0.0594009439159606	-0.0782935511503949	0.003528472138107	0.0061298801517395	0.0469124796606408	0.0583675468208894	0.0034067705218887	0.00220078074791	-0.0044372316366274	0.0007987443137241	6.379924787067431e-07	1.9689024597087077e-05	-0.0098719630828645	-0.0008211701927087	6.743204853934074e-07	9.745565510943956e-05	-0.0012374336588827	0.0008263174854633	1.531242060135826e-06	6.828005867823911e-07	0.0	0.0	0.0	0.0	0.0	0.0	0.0	0.0	0.0	0.0	0.0	0.0	0.0	0.0	0.0	0.0	0.0	0.0	0.0	0.0	0.0	0.0	0.0	0.0	0.0	0.0	0.0	0.0	0.0	0.0	0.0	0.0	0.0	0.0	0.0	0.0	0.0	0.0	0.0	0.0	0.0	0.0	0.0	0.0	0.0	0.0	0.0	0.0	0.0	0.0	0.0	0.0	0.0	0.0	0.0	0.0	0.0	0.0	0.0	0.0	0.0	0.0	0.0	0.0	0.0	0.0	0.0	0.0	0.0	0.0	0.0	0.0	0.0	0.0	0.0	0.0	0.0	0.0	0.0	0.0	0.0	0.0	0.0	0.0	0.0	0.0	0.0	0.0	0.0	0.0	0.0	0.0	0.0	0.0	0.0	0.0	0.0	0.0	0.0	0.0
1497.2796255945902	11.219179124311497	125.86998022338685	2241846.277220676	2014.4840721420087	3.568163135383429	4058146.07691385	12.731788160709304	1774.0166321844115	-1.6622733352533032	2.7631526410941407	3147135.0112669216	1841.9288471135444	2228.358915211937	1.276142	66.962547	0.305346488571157	0.1608089712955952	-0.0142533285	0.0427597916	0.0166807353	-0.0164739199	-0.0191982526	-0.0171126	-0.0170194722	-0.0167678331	-0.0040365202	0.0270880544	0.0264183234	0.0387221725	0.015949285	-0.014523168	-0.0043134577	0.0116844909	-0.0346536769	0.0224823259	-0.0135425981	0.0035491972	0.015419215	0.0394347985	-0.0033060707	-0.0090738251	0.0231587001	-0.0086368011	-0.0358690152	-0.0022840352	0.0160047538	0.0047353614	-0.003196187	-0.0351510839	-0.0513837948	0.0793936715	-0.0169759185	-0.064777029	0.0727503781	0.0021373389	-0.0745906743	0.1290951493717784	-0.0686132300775455	0.0047077753416741	0.0166655575913217	0.0069418512453438	0.0663427951613044	4.818929871248127e-05	0.0044013664698147	-0.0429952089055163	-0.0899076885661571	0.008083392463309	0.0018485879888289	-0.0041472113891054	0.0002900202475219	8.411174397272194e-08	1.7199362305925545e-05	-0.0098669304525143	5.032630350199421e-06	2.532736824174835e-11	9.735631655475404e-05	-0.0025520362763335	-0.0013146026174508	6.512889155722157e-06	1.7281800418084948e-06	0.0	0.0	0.0	0.0	0.0	0.0	0.0	0.0	0.0	0.0	0.0	0.0	0.0	0.0	0.0	0.0	0.0	0.0	0.0	0.0	0.0	0.0	0.0	0.0	0.0	0.0	0.0	0.0	0.0	0.0	0.0	0.0	0.0	0.0	0.0	0.0	0.0	0.0	0.0	0.0	0.0	0.0	0.0	0.0	0.0	0.0	0.0	0.0	0.0	0.0	0.0	0.0	0.0	0.0	0.0	0.0	0.0	0.0	0.0	0.0	0.0	0.0	0.0	0.0	0.0	0.0	0.0	0.0	0.0	0.0	0.0	0.0	0.0	0.0	0.0	0.0	0.0	0.0	0.0	0.0	0.0	0.0	0.0	0.0	0.0	0.0	0.0	0.0	0.0	0.0	0.0	0.0	0.0	0.0	0.0	0.0	0.0	0.0	0.0	0.0
1482.9341392517767	-14.3454863428135	205.79297841184868	2199093.661358408	2007.8236960881875	-6.66037605382121	4031355.9945732304	44.360609178315	1775.167385160006	1.1507529755945145	1.3242324108396288	3151219.245335813	1836.410504012024	2268.038868665695	1.278163	67.068573	0.2684488965681075	0.139098915630733	-0.0066293318	0.0187988298	0.0237837993	-0.0128758631	-0.0176672692	-0.0189137304	-0.0024406876	-0.0199496195	-0.0026696487	0.0307120027	0.0472266872	0.060124649	0.0110266513	0.0081560418	-0.0227276634	-0.0008471054	-0.0335882457	-0.0343712565	0.0363510689	-0.0052741361	0.0123162355	0.0685645624	0.009902368	-0.0562270214	-0.0367455295	0.0458940454	-0.0449754362	-0.0218244216	0.0601791006	-0.0013313361	0.0445595725	-0.0359208828	-0.0500436514	0.0799532077	-0.0203054443	-0.0620868871	0.0749343514	-0.0038462256	-0.0715501408	0.1516095985665799	0.0225144491948015	0.0005069004225452	0.0229854703775195	0.047292383153092	0.0403505319077482	0.0022365695042988	0.0016281654252382	0.0057731408718666	0.0487683497773829	0.0023783519400091	3.332915552641665e-05	-0.0060238985410434	-0.0018766871519379	3.5219546662491607e-06	3.6287353632784805e-05	-0.0089931869185266	0.0008737435339876	7.634277631853139e-07	8.087741095155797e-05	-0.0021661556484957	0.0003858806278377	4.692230293509828e-06	1.4890385894049462e-07	0.0	0.0	0.0	0.0	0.0	0.0	0.0	0.0	0.0	0.0	0.0	0.0	0.0	0.0	0.0	0.0	0.0	0.0	0.0	0.0	0.0	0.0	0.0	0.0	0.0	0.0	0.0	0.0	0.0	0.0	0.0	0.0	0.0	0.0	0.0	0.0	0.0	0.0	0.0	0.0	0.0	0.0	0.0	0.0	0.0	0.0	0.0	0.0	0.0	0.0	0.0	0.0	0.0	0.0	0.0	0.0	0.0	0.0	0.0	0.0	0.0	0.0	0.0	0.0	0.0	0.0	0.0	0.0	0.0	0.0	0.0	0.0	0.0	0.0	0.0	0.0	0.0	0.0	0.0	0.0	0.0	0.0	0.0	0.0	0.0	0.0	0.0	0.0	0.0	0.0	0.0	0.0	0.0	0.0	0.0	0.0	0.0	0.0	0.0	0.0
1490.5049481292815	7.57080887750476	57.31714705970489	2221605.000397872	2026.5489038394976	18.72520775131011	4106900.459653069	350.63340532972416	1781.645639690171	6.478254530165032	41.96778175760375	3174261.185426999	1844.9980723191268	2223.9881142399527	1.301224	68.278656	0.4125870855317495	0.2611814527179537	-0.012853465	0.0115847593	0.0145505545	0.0116354326	-0.0126077068	-0.0112296373	-0.0185465236	-0.0163328201	0.0009343211	0.0179681475	0.0213415722	0.0123960927	-0.0015818266	0.0228354188	-0.0062437704	-0.0070792623	-0.0065349555	-0.0097175716	0.0235724432	0.0069715529	-0.0059845697	0.0016457643	-0.0104067914	0.0047496934	-0.0068762717	0.0112256358	0.0214819085	-0.0370925533	-0.021703629	0.007358238	0.0450625922	-0.0366867426	-0.0486815572	0.0804338397	-0.0235993474	-0.0592265694	0.0768225931	-0.0098091318	-0.0680077345	0.1862932844182978	0.0346836858517178	0.0012029580642606	0.0347051878193567	0.1563695065432995	0.1090771233902075	0.0244514225765949	0.0118978188470825	-0.2222188697433225	-0.2279920106151891	0.0519803569043564	0.0493812260699997	-0.0060002413953976	2.3657145645799956e-05	5.596605401065917e-10	3.600289680304294e-05	-0.0090690728593605	-7.588594083389986e-05	5.758676016246151e-09	8.224808252838924e-05	-0.0028832978755087	-0.000717142227013	8.313406638912983e-06	5.142929737651652e-07	0.0	0.0	0.0	0.0	0.0	0.0	0.0	0.0	0.0	0.0	0.0	0.0	0.0	0.0	0.0	0.0	0.0	0.0	0.0	0.0	0.0	0.0	0.0	0.0	0.0	0.0	0.0	0.0	0.0	0.0	0.0	0.0	0.0	0.0	0.0	0.0	0.0	0.0	0.0	0.0	0.0	0.0	0.0	0.0	0.0	0.0	0.0	0.0	0.0	0.0	0.0	0.0	0.0	0.0	0.0	0.0	0.0	0.0	0.0	0.0	0.0	0.0	0.0	0.0	0.0	0.0	0.0	0.0	0.0	0.0	0.0	0.0	0.0	0.0	0.0	0.0	0.0	0.0	0.0	0.0	0.0	0.0	0.0	0.0	0.0	0.0	0.0	0.0	0.0	0.0	0.0	0.0	0.0	0.0	0.0	0.0	0.0	0.0	0.0	0.0
1495.095498251993	4.59055012271142	21.073150429125835	2235310.548893375	2006.917952525465	-19.6309513140327	4027719.668169005	385.3742494939222	1781.286160460904	-0.3594792292669808	0.1292253162743825	3172980.3854495496	1841.7689464194348	2234.081005786732	1.009461	52.969082	0.3882510120208038	0.2014029548516852	-0.0108859967	0.0023492551	0.0182757777	-0.0207294061	-0.0152929212	-0.0151296436	-0.0080101841	-0.0179841416	-0.0064571914	0.013026019	0.0175711843	0.0209601234	0.0162265987	-0.0006033167	0.0019760482	0.0120965684	0.0180515812	0.0010662539	0.0016055469	-0.0022608529	0.0139800526	0.0137326393	-0.0003278018	-0.0061877745	0.0040990575	-0.0020462625	-0.050151965	-0.0045492238	0.0301581407	-0.0100228947	-0.0351243505	-0.0374485793	-0.0472981097	0.0808350932	-0.0268518493	-0.0562039158	0.0784076511	-0.0157193527	-0.0639883028	0.174852250662326	-0.0114410337559718	0.0001308972534052	0.0305733095616808	0.0182215010936204	-0.1381480054496791	0.0003320231021048	0.0190848714097245	-0.1205244704883696	0.1016943992549529	0.0103417508398257	0.0145261479865018	-0.0041842249670146	0.001816016428383	3.2979156681569487e-06	1.750773857458833e-05	-0.0086997815820319	0.0003692912773286	1.3637604751098902e-07	7.568619957506148e-05	-0.0023292541100163	0.0005540437654924	5.425424709027826e-06	3.069644940809976e-07	0.0	0.0	0.0	0.0	0.0	0.0	0.0	0.0	0.0	0.0	0.0	0.0	0.0	0.0	0.0	0.0	0.0	0.0	0.0	0.0	0.0	0.0	0.0	0.0	0.0	0.0	0.0	0.0	0.0	0.0	0.0	0.0	0.0	0.0	0.0	0.0	0.0	0.0	0.0	0.0	0.0	0.0	0.0	0.0	0.0	0.0	0.0	0.0	0.0	0.0	0.0	0.0	0.0	0.0	0.0	0.0	0.0	0.0	0.0	0.0	0.0	0.0	0.0	0.0	0.0	0.0	0.0	0.0	0.0	0.0	0.0	0.0	0.0	0.0	0.0	0.0	0.0	0.0	0.0	0.0	0.0	0.0	0.0	0.0	0.0	0.0	0.0	0.0	0.0	0.0	0.0	0.0	0.0	0.0	0.0	0.0	0.0	0.0	0.0	0.0
1487.2181502294588	-7.877348022534079	62.052611868121566	2211817.8263719333	2015.847985762584	8.930033237119005	4063643.101703067	79.74549361605014	1771.9563370142228	-9.329823446681305	87.04560554624419	3139829.260284861	1834.542748439222	2211.806282411922	0.8041359999999999	42.195129	0.1020210109014957	0.0657430185042226	-0.0164091721	0.0147816279	0.0218801699	0.0018374019	-0.0208256716	-0.0201987304	-0.0085612754	-0.0181089055	-0.0030643711	0.0131730008	0.0220969101	0.0161002302	0.0171406226	0.0071880695	-0.0021511852	0.009077531	0.0237156064	-0.0092509446	0.0141222492	-0.0080540876	0.0146334098	0.0073360688	0.0007717781	-0.0093899762	0.0016106997	0.0044984802	-0.0222273272	-0.0044142937	0.0086537578	0.0054695622	0.0052085794	-0.0382063093	-0.0458939156	0.0811565722	-0.0300572439	-0.0530272111	0.0796832699	-0.0215451443	-0.0595200392	0.1758185920378139	0.0009663413754879	9.33815653979847e-07	0.0309121773061592	0.076610036781588	0.0583885356879675	0.0058690977356762	0.003409221099785	-0.1459439473916148	-0.0254194769032451	0.0006461498060346	0.0212996357802464	-0.0045023508173857	-0.0003181258503711	1.012040566743359e-07	2.0271162882813685e-05	-0.0086988618786281	9.197034038007508e-07	8.458543509626866e-13	7.567019798344919e-05	-0.0023551416949373	-2.5887584920999705e-05	5.546692403232137e-06	6.70167053041971e-10	0.0	0.0	0.0	0.0	0.0	0.0	0.0	0.0	0.0	0.0	0.0	0.0	0.0	0.0	0.0	0.0	0.0	0.0	0.0	0.0	0.0	0.0	0.0	0.0	0.0	0.0	0.0	0.0	0.0	0.0	0.0	0.0	0.0	0.0	0.0	0.0	0.0	0.0	0.0	0.0	0.0	0.0	0.0	0.0	0.0	0.0	0.0	0.0	0.0	0.0	0.0	0.0	0.0	0.0	0.0	0.0	0.0	0.0	0.0	0.0	0.0	0.0	0.0	0.0	0.0	0.0	0.0	0.0	0.0	0.0	0.0	0.0	0.0	0.0	0.0	0.0	0.0	0.0	0.0	0.0	0.0	0.0	0.0	0.0	0.0	0.0	0.0	0.0	0.0	0.0	0.0	0.0	0.0	0.0	0.0	0.0	0.0	0.0	0.0	0.0
1487.5093761513328	0.2912259218740018	0.0848125375713622	2212684.144138128	2015.8255093731457	-0.0224763894382249	4063552.4842395023	0.0005051880821787	1774.688261426616	2.731924412393255	7.463410995030231	3149518.425245425	1838.3934736660208	2218.447342785922	0.70024	36.743462	0.0872058428279808	0.0517343649516461	-0.01675422	-0.0089084384	0.0184162142	-0.0026758484	-0.0168036904	-0.0156058496	-0.0058000802	-0.0165792498	-0.006969611	0.011194721	0.0157942333	0.0109852832	0.0215316085	0.005578908	0.0012370846	0.0128029883	0.0333602859	-0.0102002158	0.0018033997	-0.0079507134	0.0164900004	0.0022090793	-0.0009555617	-0.0014965385	0.0094490099	0.0034693838	-0.0196522044	-0.0025625694	0.0207388967	-0.0014941374	-0.0093290616	-0.0389598496	-0.044469591	0.0813979594	-0.0332099078	-0.0497051625	0.0806444153	-0.0272552159	-0.0546342852	0.1833104367794504	0.0074918447416365	5.612773763278647e-05	0.0336027162322728	0.0417813207160975	-0.0348287160654905	0.0017456787607813	0.0012130394627705	-0.1592538894121986	-0.0133099420205838	0.0001771545565913	0.0253618012929127	-0.0038832798934123	0.0006190709239734	3.832488089092794e-07	1.5079862730580246e-05	-0.008700103225034	-1.2413464059012752e-06	1.5409408994440137e-12	7.569179612624702e-05	-0.0023439471653112	1.1194529626099882e-05	5.494088313770409e-06	1.2531749354962795e-10	0.0	0.0	0.0	0.0	0.0	0.0	0.0	0.0	0.0	0.0	0.0	0.0	0.0	0.0	0.0	0.0	0.0	0.0	0.0	0.0	0.0	0.0	0.0	0.0	0.0	0.0	0.0	0.0	0.0	0.0	0.0	0.0	0.0	0.0	0.0	0.0	0.0	0.0	0.0	0.0	0.0	0.0	0.0	0.0	0.0	0.0	0.0	0.0	0.0	0.0	0.0	0.0	0.0	0.0	0.0	0.0	0.0	0.0	0.0	0.0	0.0	0.0	0.0	0.0	0.0	0.0	0.0	0.0	0.0	0.0	0.0	0.0	0.0	0.0	0.0	0.0	0.0	0.0	0.0	0.0	0.0	0.0	0.0	0.0	0.0	0.0	0.0	0.0	0.0	0.0	0.0	0.0	0.0	0.0	0.0	0.0	0.0	0.0	0.0	0.0
1481.4553381089363	-6.054038042396542	36.65137661878455	2194709.918811463	2043.5004411528384	27.67493177969277	4175894.052991845	765.9018490106488	1767.952358356704	-6.735903069911956	45.37239016724931	3125655.541419032	1835.091573873756	2219.029906374758	0.765517	40.168701	0.1839177745186122	0.095579504138657	-0.0146677293	0.0065846018	0.01057065	0.0222166452	-0.0202733617	-0.0180972404	-0.0055224467	-0.0169738259	-0.0014342198	0.0144500509	0.0269690605	0.0191726647	0.0077280337	0.01699174	-0.0046163643	0.0067236596	0.0013409528	-0.0040906951	0.0183256803	-0.0029477552	0.0064704723	0.0096702549	-0.0044083357	-0.003347494	0.0021705048	0.0107468835	0.0060411363	0.0017694976	0.0022033323	0.0144430817	0.0315062757	-0.0397091175	-0.0430257605	0.0815590168	-0.0363043104	-0.0462468756	0.081287294	-0.0328188985	-0.049365311	0.2052977785312606	0.0219873417518102	0.0004834431973108	0.0421471778698705	0.0464110131017321	0.0046296923856346	0.0021539821371291	2.1434051585603043e-05	-0.1499778821781561	0.0092760072340424	8.604431020600847e-05	0.0224933651426448	-0.0051973736315161	-0.0013140937381037	1.7268423525236174e-06	2.701269266557885e-05	-0.0099270690278503	-0.0012269658028162	1.5054450812806463e-06	9.854669948370472e-05	-0.0027633822873336	-0.0004194351220224	7.63628166594908e-06	1.759258215859457e-07	0.0	0.0	0.0	0.0	0.0	0.0	0.0	0.0	0.0	0.0	0.0	0.0	0.0	0.0	0.0	0.0	0.0	0.0	0.0	0.0	0.0	0.0	0.0	0.0	0.0	0.0	0.0	0.0	0.0	0.0	0.0	0.0	0.0	0.0	0.0	0.0	0.0	0.0	0.0	0.0	0.0	0.0	0.0	0.0	0.0	0.0	0.0	0.0	0.0	0.0	0.0	0.0	0.0	0.0	0.0	0.0	0.0	0.0	0.0	0.0	0.0	0.0	0.0	0.0	0.0	0.0	0.0	0.0	0.0	0.0	0.0	0.0	0.0	0.0	0.0	0.0	0.0	0.0	0.0	0.0	0.0	0.0	0.0	0.0	0.0	0.0	0.0	0.0	0.0	0.0	0.0	0.0	0.0	0.0	0.0	0.0	0.0	0.0	0.0	0.0
1480.1019315832486	-1.3534065256876602	1.8317092237739432	2190701.7278764634	2025.090019515798	-18.41042163704037	4100989.587142496	338.94362485360426	1771.1604790581598	3.208120701455755	10.292038435108966	3137009.44257753	1832.8750717970229	2226.800264861367	0.988917	51.89109	0.2573879373134017	0.1570589086181606	-0.0155549976	0.0651239169	0.0142328102	0.0032071304	-0.0158673677	-0.0160263769	-0.0082808738	-0.0174023662	0.0062466367	0.0216019773	0.0518757423	0.0499098305	-0.0120477155	0.0406238607	-0.0116072546	-0.0175977059	-0.0437581758	-0.0250790631	0.0350333342	0.0076785766	-0.0015947484	0.0534034858	-0.0013892949	-0.0114134686	-0.0039329215	0.0203795124	-0.0262199549	0.0371555443	-0.0234418328	0.046935703	0.0513438013	-0.0404540309	-0.0415630576	0.0816395852	-0.0393350228	-0.0426618292	0.0816093689	-0.0382063093	-0.0437500746	0.2143158816586634	0.0090181031274027	8.132618401647185e-05	0.0459312971311302	0.0544468419183772	0.0080358288166451	0.0029644585948847	6.45745447704238e-05	-0.164782773288195	-0.0148048911100388	0.0002191848007801	0.0271533623725486	-0.0079924395964864	-0.0027950659649703	7.81239374853536e-06	6.38790907034837e-05	-0.0105193151782065	-0.0005922461503561	3.507555026117376e-07	0.0001106559918184	-0.0016401121174738	0.0011232701698598	2.689967757884392e-06	1.261735874496864e-06	0.0	0.0	0.0	0.0	0.0	0.0	0.0	0.0	0.0	0.0	0.0	0.0	0.0	0.0	0.0	0.0	0.0	0.0	0.0	0.0	0.0	0.0	0.0	0.0	0.0	0.0	0.0	0.0	0.0	0.0	0.0	0.0	0.0	0.0	0.0	0.0	0.0	0.0	0.0	0.0	0.0	0.0	0.0	0.0	0.0	0.0	0.0	0.0	0.0	0.0	0.0	0.0	0.0	0.0	0.0	0.0	0.0	0.0	0.0	0.0	0.0	0.0	0.0	0.0	0.0	0.0	0.0	0.0	0.0	0.0	0.0	0.0	0.0	0.0	0.0	0.0	0.0	0.0	0.0	0.0	0.0	0.0	0.0	0.0	0.0	0.0	0.0	0.0	0.0	0.0	0.0	0.0	0.0	0.0	0.0	0.0	0.0	0.0	0.0	0.0
1479.8569847585532	-0.2449468246954893	0.0599989469284027	2189976.6953386767	2021.5218614022945	-3.568158113503614	4086550.636127397	12.73175232296167	1770.1890124198717	-0.9714666382881204	0.943747429306822	3133569.1396920406	1834.9583031488603	2215.2509398384527	0.859066	45.07748	0.119710286680835	0.0754398235619538	-0.0139574712	0.0298275268	0.0165989922	0.0032013712	-0.0191259992	-0.0177029584	-0.0067661981	-0.0185056141	0.0018085827	0.0136868003	0.0368884539	0.0337829914	0.0142619206	0.0337356139	-0.0082937519	-0.0044517217	0.0044036229	-0.0387049173	0.0474073866	-0.0137750479	0.0172296788	0.0349404909	0.0211671321	-0.0456961886	-0.0152068683	0.022282833	-0.014295942	0.0669104445	0.0407986803	0.0287107975	0.0283244142	-0.041194508	-0.0400821236	0.0816395852	-0.0422967282	-0.0389598496	0.0816093689	-0.0433885123	-0.0378279629	0.2162457875486865	0.0019299058900231	3.724536744345932e-06	0.0467622406325516	0.0843587262771166	0.0299118843587394	0.0071163946990974	0.0008947208258905	-0.1547850933172725	0.0099976799709224	9.995360480098474e-05	0.0239584251132367	-0.0066035245468083	0.0013889150496781	1.92908501522232e-06	4.360653644029977e-05	-0.0103950420470537	0.0001242731311527	1.5443811126520986e-08	0.00010805689916	-0.0015958839690817	4.422814839209993e-05	2.5468456427719605e-06	1.9561291101936115e-09	0.0	0.0	0.0	0.0	0.0	0.0	0.0	0.0	0.0	0.0	0.0	0.0	0.0	0.0	0.0	0.0	0.0	0.0	0.0	0.0	0.0	0.0	0.0	0.0	0.0	0.0	0.0	0.0	0.0	0.0	0.0	0.0	0.0	0.0	0.0	0.0	0.0	0.0	0.0	0.0	0.0	0.0	0.0	0.0	0.0	0.0	0.0	0.0	0.0	0.0	0.0	0.0	0.0	0.0	0.0	0.0	0.0	0.0	0.0	0.0	0.0	0.0	0.0	0.0	0.0	0.0	0.0	0.0	0.0	0.0	0.0	0.0	0.0	0.0	0.0	0.0	0.0	0.0	0.0	0.0	0.0	0.0	0.0	0.0	0.0	0.0	0.0	0.0	0.0	0.0	0.0	0.0	0.0	0.0	0.0	0.0	0.0	0.0	0.0	0.0
1479.538874587358	-0.3181101711952578	0.1011940810178762	2189035.281415225	2024.5240165613875	3.002155159093036	4098697.493633853	9.01293559926893	1764.897665170523	-5.291347249348746	27.99835571319054	3114863.768524363	1830.1773182366896	2204.009700844505	0.719147	37.735538	0.1292654411841772	0.0688608177010129	-0.0154760409	0.0255928933	0.0137294182	0.0047519934	-0.0197457101	-0.0175971347	-0.0117815783	-0.0185418697	0.000809656	0.0069137008	0.0457889133	0.0394213058	0.0099002422	0.0338165744	-0.0041773912	-0.0121484624	0.0134388079	-0.0329910619	0.0340347477	-0.0066914452	0.0047408724	0.0212408688	0.0058066243	-0.012976949	0.0075714567	0.0137910579	-0.0224490296	0.0365750826	0.0141751233	0.0201876753	0.0108545095	-0.0419304676	-0.0385836084	0.0815590168	-0.0451842308	-0.0351510839	0.081287294	-0.0483376736	-0.0316405151	0.2026742524204365	-0.01357153512825	0.0001841865657373	0.0410768525941828	0.0873199834186948	0.0029612571415782	0.0076247795042411	8.769043858547906e-06	-0.1667172780964065	-0.0119321847791339	0.0001423770336033	0.0277946508158745	-0.0057123293578488	0.0008911951889595	7.942288648245604e-07	3.263070669254128e-05	-0.0094092706804904	0.0009857713665633	9.717451871360768e-07	8.853437473873626e-05	-0.0017349266962632	-0.0001390427271814	3.009970641406742e-06	1.9332879982069024e-08	0.0	0.0	0.0	0.0	0.0	0.0	0.0	0.0	0.0	0.0	0.0	0.0	0.0	0.0	0.0	0.0	0.0	0.0	0.0	0.0	0.0	0.0	0.0	0.0	0.0	0.0	0.0	0.0	0.0	0.0	0.0	0.0	0.0	0.0	0.0	0.0	0.0	0.0	0.0	0.0	0.0	0.0	0.0	0.0	0.0	0.0	0.0	0.0	0.0	0.0	0.0	0.0	0.0	0.0	0.0	0.0	0.0	0.0	0.0	0.0	0.0	0.0	0.0	0.0	0.0	0.0	0.0	0.0	0.0	0.0	0.0	0.0	0.0	0.0	0.0	0.0	0.0	0.0	0.0	0.0	0.0	0.0	0.0	0.0	0.0	0.0	0.0	0.0	0.0	0.0	0.0	0.0	0.0	0.0	0.0	0.0	0.0	0.0	0.0	0.0
1479.4828176747917	-0.0560569125661913	0.0031423774464536	2188869.4077949408	2028.4772717439675	3.953255182580051	4114720.04198185	15.628226538596032	1762.5573675171945	-2.3402976533284345	5.476993106174578	3106608.4737891424	1831.0082718010813	2190.853129178828	0.85661	44.948563	0.1504943516027994	0.0828457171260695	-0.0180529045	0.0153921705	0.0095039176	0.0082264835	-0.0216544051	-0.0182833074	-0.0133225939	-0.0192788909	-0.0038564816	0.0092849432	0.015564966	0.0095913597	0.0217653969	0.0297806492	-0.0025265494	0.0138510752	0.0526667843	-0.0336886785	0.0358575589	-0.0160438976	0.0194791851	0.0135260776	0.0187205937	-0.0290916541	-0.0042641521	0.0109266593	-0.0087213717	0.065489223	0.0274346631	0.0220249043	0.0061190938	-0.0426618292	-0.0370681691	0.0813979594	-0.0479924649	-0.0312459714	0.0806444153	-0.0530272111	-0.0252311319	0.2085129314297518	0.0058386790093153	3.409017257381923e-05	0.0434776425734283	0.120289903389775	0.0329699199710801	0.0144696608575214	0.0010870156228994	-0.2148639857070904	-0.0481467076106839	0.0023181054537486	0.0461665323539367	-0.0050933662125673	0.0006189631452814	3.831153752167669e-07	2.594237937532216e-05	-0.0100583279718935	-0.0006490572914031	4.212753675235301e-07	0.0001011699615901	-0.0017321662327134	2.7604635497999797e-06	3.0003998577525328e-06	7.620159009774302e-12	0.0	0.0	0.0	0.0	0.0	0.0	0.0	0.0	0.0	0.0	0.0	0.0	0.0	0.0	0.0	0.0	0.0	0.0	0.0	0.0	0.0	0.0	0.0	0.0	0.0	0.0	0.0	0.0	0.0	0.0	0.0	0.0	0.0	0.0	0.0	0.0	0.0	0.0	0.0	0.0	0.0	0.0	0.0	0.0	0.0	0.0	0.0	0.0	0.0	0.0	0.0	0.0	0.0	0.0	0.0	0.0	0.0	0.0	0.0	0.0	0.0	0.0	0.0	0.0	0.0	0.0	0.0	0.0	0.0	0.0	0.0	0.0	0.0	0.0	0.0	0.0	0.0	0.0	0.0	0.0	0.0	0.0	0.0	0.0	0.0	0.0	0.0	0.0	0.0	0.0	0.0	0.0	0.0	0.0	0.0	0.0	0.0	0.0	0.0	0.0
1481.4715237440962	1.988706069304499	3.954951830088549	2194757.875664654	2018.5930820899675	-9.88418965400001	4074718.031061474	97.69720511624084	1768.9582256610577	6.400858143863161	40.97098497785935	3129213.2041339176	1834.675846589903	2213.616764339534	0.982072	51.531914	0.2985699294794823	0.1365938499049474	-0.0142305118	0.0194125233	0.0091791081	-0.0058632594	-0.0168325837	-0.0148026442	-0.0167552985	-0.0197773005	0.0029312871	0.0165760133	0.0245899598	0.0263152458	0.0084572973	0.0444333585	-0.0078157584	-0.0058001602	0.0392698606	-0.0555767814	0.0571494201	-0.0102698065	0.0045531325	0.0462858392	0.020723483	-0.0426981468	-0.0146120007	0.034594197	-0.0303595446	0.0436565393	0.0421766204	0.0202237345	0.0549070079	-0.0433885123	-0.0355364705	0.0811565722	-0.0507165039	-0.0272552159	0.0796832699	-0.057431937	-0.0186447705	0.1461141411547402	-0.0623987902750116	0.0038936090277848	0.0213493422453873	0.0961043385805453	-0.0241855648092296	0.009236043894004	0.0005849415451414	-0.1767999830498894	0.038064002657201	0.0014488682982874	0.0312582340064411	-0.0063912378520341	-0.0012978716394667	1.6844707925322387e-06	4.0847921281273455e-05	-0.0086702002957785	0.001388127676115	1.926898445196431e-06	7.517237316891759e-05	-0.0009397341135344	0.000792432119179	8.831002041402846e-07	6.279486635065209e-07	0.0	0.0	0.0	0.0	0.0	0.0	0.0	0.0	0.0	0.0	0.0	0.0	0.0	0.0	0.0	0.0	0.0	0.0	0.0	0.0	0.0	0.0	0.0	0.0	0.0	0.0	0.0	0.0	0.0	0.0	0.0	0.0	0.0	0.0	0.0	0.0	0.0	0.0	0.0	0.0	0.0	0.0	0.0	0.0	0.0	0.0	0.0	0.0	0.0	0.0	0.0	0.0	0.0	0.0	0.0	0.0	0.0	0.0	0.0	0.0	0.0	0.0	0.0	0.0	0.0	0.0	0.0	0.0	0.0	0.0	0.0	0.0	0.0	0.0	0.0	0.0	0.0	0.0	0.0	0.0	0.0	0.0	0.0	0.0	0.0	0.0	0.0	0.0	0.0	0.0	0.0	0.0	0.0	0.0	0.0	0.0	0.0	0.0	0.0	0.0
1488.214870025608	6.743346281511776	45.4727190723787	2214783.499365337	2025.61080739468	7.017725304712485	4103099.143034128	49.24846845240194	1765.8295912000867	-3.128634460970943	9.788353590374944	3118154.145157865	1832.9151203914607	2227.606685664437	1.207795	63.376183	0.4250484126400404	0.2680892398821342	-0.008366051	0.0067340824	0.0122201271	0.0136977384	-0.0157289828	-0.0129666333	-0.0198545052	-0.0073296799	0.00473958	-0.0029792675	0.024571177	0.0134321331	-0.0131248136	0.0467280098	-0.0073639454	-0.0201367687	-0.0111856203	-0.0224031405	0.0328867768	8.03563e-05	-0.0001731525	-0.0073272131	0.002788545	-0.0031204234	-0.0451625969	0.0259404077	0.0235000537	0.0141555469	0.0082612578	0.0171668817	0.0035784942	-0.0441104375	-0.0339891844	0.0808350932	-0.0533515689	-0.0231897558	0.0784076511	-0.0615281933	-0.0119276293	0.1608240801599407	0.0147099390052005	0.0002163823055367	0.025864384759291	0.1196734454098589	0.0235691068293135	0.0143217335362664	0.0005555027967315	-0.3445978986791758	-0.1677979156292864	0.0281561404895331	0.1187477117741035	-0.0070276251261607	-0.0006363872741266	4.0498876267028484e-07	4.938751491384519e-05	-0.0118667060628088	-0.0031965057670302	1.0217649118657962e-05	0.0001408187127811	-0.0014862700959023	-0.0005465359823679	2.208998797973432e-06	2.987015800228456e-07	0.0	0.0	0.0	0.0	0.0	0.0	0.0	0.0	0.0	0.0	0.0	0.0	0.0	0.0	0.0	0.0	0.0	0.0	0.0	0.0	0.0	0.0	0.0	0.0	0.0	0.0	0.0	0.0	0.0	0.0	0.0	0.0	0.0	0.0	0.0	0.0	0.0	0.0	0.0	0.0	0.0	0.0	0.0	0.0	0.0	0.0	0.0	0.0	0.0	0.0	0.0	0.0	0.0	0.0	0.0	0.0	0.0	0.0	0.0	0.0	0.0	0.0	0.0	0.0	0.0	0.0	0.0	0.0	0.0	0.0	0.0	0.0	0.0	0.0	0.0	0.0	0.0	0.0	0.0	0.0	0.0	0.0	0.0	0.0	0.0	0.0	0.0	0.0	0.0	0.0	0.0	0.0	0.0	0.0	0.0	0.0	0.0	0.0	0.0	0.0
1492.5608784259375	4.346008400329538	18.88778901573491	2227737.9758076062	2045.1040989356704	19.493291540990413	4182450.7754834807	379.9884151020484	1772.060869370159	6.231278170072301	38.8288276328196	3140199.724752924	1835.8873211454684	2216.668646246737	1.103071	57.881046	0.2799634412935411	0.1325154764144203	-0.006946207	-0.0122985646	-0.0020635164	0.0218540497	-0.014913951	-0.0128893354	-0.0128564506	-0.0112596202	-0.0031461664	-0.0035299603	0.0083515338	0.0018187096	-0.0067512935	0.0427549578	-0.0071047116	0.0040580729	0.0323843983	-0.0269614923	0.0414900697	-0.011363315	0.0029134354	0.006574343	0.0162669548	-0.0329824097	-0.0482295588	0.0387133186	-0.0128806427	0.0148403353	0.0701985329	-0.0280935726	-0.0044264515	-0.0448275254	-0.0324269895	0.0804338397	-0.0558930371	-0.0190607341	0.0768225931	-0.0652939789	-0.0051268245	0.1911412228523943	0.0303171426924535	0.0009191291410345	0.0365349670735086	0.1028163246320872	-0.0168571207777716	0.0105711966108507	0.0002841625209163	-0.2708281003903749	0.0737697982888008	0.0054419831395703	0.073347859961059	-0.0060902038378677	0.0009374212882929	8.787586717449071e-07	3.709058278677846e-05	-0.0105135710783743	0.0013531349844344	1.830974286100554e-06	0.00011053517682	-0.0023761014138651	-0.0008898313179628	5.645857928971728e-06	7.917997744274136e-07	0.0	0.0	0.0	0.0	0.0	0.0	0.0	0.0	0.0	0.0	0.0	0.0	0.0	0.0	0.0	0.0	0.0	0.0	0.0	0.0	0.0	0.0	0.0	0.0	0.0	0.0	0.0	0.0	0.0	0.0	0.0	0.0	0.0	0.0	0.0	0.0	0.0	0.0	0.0	0.0	0.0	0.0	0.0	0.0	0.0	0.0	0.0	0.0	0.0	0.0	0.0	0.0	0.0	0.0	0.0	0.0	0.0	0.0	0.0	0.0	0.0	0.0	0.0	0.0	0.0	0.0	0.0	0.0	0.0	0.0	0.0	0.0	0.0	0.0	0.0	0.0	0.0	0.0	0.0	0.0	0.0	0.0	0.0	0.0	0.0	0.0	0.0	0.0	0.0	0.0	0.0	0.0	0.0	0.0	0.0	0.0	0.0	0.0	0.0	0.0
1489.751353310341	-2.809525115596444	7.893431375167208	2219359.0946899927	2062.827414597137	17.72331566146636	4255256.942413508	314.1159180359787	1771.2448373647835	-0.8160320053755186	0.6659082337971903	3137308.273891398	1835.8797519789528	2212.492308550531	1.051616	55.181091	0.1743635487252802	0.0939421770921631	-0.006473893	0.0312901396	-0.0080670848	0.0298328918	-0.0114849152	-0.0103583545	-0.0054393634	-0.0075144343	-0.0033662915	-0.0041175436	0.0226203702	0.0259535679	0.0028066894	0.0191719073	-0.0058152466	0.0060085485	0.0193063332	0.0020029569	0.0122559528	-0.0091722597	0.0160045113	-0.0013220396	0.0072521123	-0.015566665	0.0066192881	0.0084727755	-0.0195121664	0.0300431207	0.0514156749	-0.0109721728	-0.0002828484	-0.0455396975	-0.0308505711	0.0799532077	-0.05833645	-0.0148794683	0.0749343514	-0.0687090676	0.0017099414	0.2184583102257136	0.0273170873733193	0.0007462232625615	0.0477240333066741	0.0928708307116039	-0.0099454939204833	0.0086249911970633	9.891284932237028e-05	-0.1933827624542772	0.0774453379360977	0.0059977803680363	0.0373968928144474	-0.0058324125886101	0.0002577912492576	6.645632819379409e-08	3.401703660377757e-05	-0.0100360157349808	0.0004775553433934	2.2805910600368245e-07	0.0001007216118327	-0.0028338674111216	-0.0004577659972565	8.03080450381704e-06	2.0954970824423818e-07	0.0	0.0	0.0	0.0	0.0	0.0	0.0	0.0	0.0	0.0	0.0	0.0	0.0	0.0	0.0	0.0	0.0	0.0	0.0	0.0	0.0	0.0	0.0	0.0	0.0	0.0	0.0	0.0	0.0	0.0	0.0	0.0	0.0	0.0	0.0	0.0	0.0	0.0	0.0	0.0	0.0	0.0	0.0	0.0	0.0	0.0	0.0	0.0	0.0	0.0	0.0	0.0	0.0	0.0	0.0	0.0	0.0	0.0	0.0	0.0	0.0	0.0	0.0	0.0	0.0	0.0	0.0	0.0	0.0	0.0	0.0	0.0	0.0	0.0	0.0	0.0	0.0	0.0	0.0	0.0	0.0	0.0	0.0	0.0	0.0	0.0	0.0	0.0	0.0	0.0	0.0	0.0	0.0	0.0	0.0	0.0	0.0	0.0	0.0	0.0
1486.935227951731	-2.8161253586101798	7.930562035407311	2210976.372123866	2028.6762320603	-34.151182536836814	4115527.254526376	1166.3032686643478	1765.152758163061	-6.092079201722527	37.11342900006018	3115764.2596506616	1830.5969501946968	2202.926395698027	0.902813	47.372959	0.212874907606434	0.1068894544991706	-0.0057568498	0.0015498781	-0.0012247253	-0.0011087677	-0.0105469623	-0.0096308256	-0.011488581	-0.0072293329	0.0003309677	-0.0079718345	0.0407794853	0.0419299321	0.0136520915	0.0169653845	-0.0043440706	0.001591186	0.0294247224	-0.0078549953	0.010081808	-0.0203985715	0.0208179318	0.0065673642	0.0004660503	-0.0031725945	0.0431378995	-0.0079626255	-0.0453959915	0.0030547197	0.0141303712	-0.0007083166	0.0092976735	-0.0462468756	-0.0292606206	0.0793936715	-0.0606775209	-0.010657419	0.0727503781	-0.0717551168	0.0085347133	0.1766591115885631	-0.0417991986371505	0.0017471730067079	0.0312084417072603	0.0323551146782534	-0.0605157160333505	0.0010468534458429	0.0036621518870291	-0.1777473702055942	0.015635392248683	0.0002444654907701	0.0315941276150045	-0.0053341420465297	0.0004982705420804	2.482735331050957e-07	2.845307137255606e-05	-0.008714340520056	0.0013216752149248	1.7468253737465202e-06	7.593973069948987e-05	-0.0027553211543818	7.854625673980008e-05	7.591794663783856e-06	6.169514447834589e-09	0.0	0.0	0.0	0.0	0.0	0.0	0.0	0.0	0.0	0.0	0.0	0.0	0.0	0.0	0.0	0.0	0.0	0.0	0.0	0.0	0.0	0.0	0.0	0.0	0.0	0.0	0.0	0.0	0.0	0.0	0.0	0.0	0.0	0.0	0.0	0.0	0.0	0.0	0.0	0.0	0.0	0.0	0.0	0.0	0.0	0.0	0.0	0.0	0.0	0.0	0.0	0.0	0.0	0.0	0.0	0.0	0.0	0.0	0.0	0.0	0.0	0.0	0.0	0.0	0.0	0.0	0.0	0.0	0.0	0.0	0.0	0.0	0.0	0.0	0.0	0.0	0.0	0.0	0.0	0.0	0.0	0.0	0.0	0.0	0.0	0.0	0.0	0.0	0.0	0.0	0.0	0.0	0.0	0.0	0.0	0.0	0.0	0.0	0.0	0.0
1493.17894641189	6.243718460159016	38.98402020973048	2229583.366007721	2040.325729176968	11.649497116668044	4162929.0811415263	135.71078307125708	1764.1429278512287	-1.009830311832275	1.019757258695269	3112200.2698875056	1832.200743783331	2268.3480362263595	1.190198	62.452827	0.4572392042026008	0.2274783811956063	0.0063346057	0.0338800024	-0.002315112	0.0273363101	-0.0087564404	-0.0059135686	-0.0210624956	-0.0017313307	0.010476005	-0.0053633772	0.0356722743	0.0296081132	-0.0349926821	0.0592258858	-0.0132080784	-0.0329652541	-0.0288586311	-0.0255771204	0.0456998871	0.0143339068	-0.0060908281	0.0374828721	-0.0108771732	-0.0041226996	-0.0446015431	0.0456266767	-0.0584950029	-0.0411064434	0.0023741406	0.0364166855	0.0222019041	-0.0469489822	-0.0276578354	0.0787557834	-0.0629121428	-0.0064061583	0.0702792922	-0.0744157659	0.0152996203	0.1801321463117773	0.0034730347232141	1.2061970188651512e-05	0.0324475901348875	0.0953979712840435	0.06304285660579	0.0091007729251111	0.0039744017690182	-0.3234980489087107	-0.1457506787031165	0.0212432603424191	0.1046509876477425	-0.0082704292794335	-0.0029362872329037	8.621782714113852e-06	6.840000046611092e-05	-0.009955440808905	-0.001241100288849	1.5403299269810723e-06	9.911080169961104e-05	-0.002033255992725	0.0007220651616568	4.134129931952126e-06	5.213780976784606e-07	0.0	0.0	0.0	0.0	0.0	0.0	0.0	0.0	0.0	0.0	0.0	0.0	0.0	0.0	0.0	0.0	0.0	0.0	0.0	0.0	0.0	0.0	0.0	0.0	0.0	0.0	0.0	0.0	0.0	0.0	0.0	0.0	0.0	0.0	0.0	0.0	0.0	0.0	0.0	0.0	0.0	0.0	0.0	0.0	0.0	0.0	0.0	0.0	0.0	0.0	0.0	0.0	0.0	0.0	0.0	0.0	0.0	0.0	0.0	0.0	0.0	0.0	0.0	0.0	0.0	0.0	0.0	0.0	0.0	0.0	0.0	0.0	0.0	0.0	0.0	0.0	0.0	0.0	0.0	0.0	0.0	0.0	0.0	0.0	0.0	0.0	0.0	0.0	0.0	0.0	0.0	0.0	0.0	0.0	0.0	0.0	0.0	0.0	0.0	0.0
1485.3119371610028	-7.867009250887122	61.88983455354356	2206151.5506729707	2049.030226695387	8.704497518418748	4198524.869911348	75.76827704815814	1765.0529133071248	0.9099854558960488	0.8280735299423396	3115411.7867739685	1829.162641703032	2280.504126259786	1.168936	61.337139	0.4829029444731743	0.2780299273306406	0.0056720798	0.0557384531	-0.0046018921	0.0433682469	-0.0042647375	-0.003568158	-0.0059106017	-0.0024931855	0.0094499166	-0.0041601493	0.0422102328	0.0571730227	-0.0403163332	0.0433685452	-0.0212839798	-0.0140250175	-0.0516722179	0.0077686655	0.0080371683	0.0207973926	0.0052231489	0.0636136027	-0.0274491867	0.0140328491	0.0236074586	0.017801668	-0.1514485468	-0.0353237596	-0.0273718815	0.0518087298	0.0120780294	-0.0476459404	-0.0260429185	0.0780401729	-0.0650363955	-0.0021373389	0.0675308461	-0.0766767246	0.0219572114	0.2213672732669636	0.0412351269551863	0.0017003356950103	0.0490034696736505	0.0322536121637284	-0.0631443591203151	0.0010402954976082	0.0039872100887153	-0.1428179920064778	0.1806800569022329	0.0326452829621941	0.0203969788407623	-0.0087084049904089	-0.0004379757109754	1.9182272340440734e-07	7.583631747697864e-05	-0.0071193797832782	0.0028360610256268	8.043242141079337e-06	5.0685568498550346e-05	-0.0027160872860316	-0.0006828312933066	7.377130145342503e-06	4.66258575118764e-07	0.0	0.0	0.0	0.0	0.0	0.0	0.0	0.0	0.0	0.0	0.0	0.0	0.0	0.0	0.0	0.0	0.0	0.0	0.0	0.0	0.0	0.0	0.0	0.0	0.0	0.0	0.0	0.0	0.0	0.0	0.0	0.0	0.0	0.0	0.0	0.0	0.0	0.0	0.0	0.0	0.0	0.0	0.0	0.0	0.0	0.0	0.0	0.0	0.0	0.0	0.0	0.0	0.0	0.0	0.0	0.0	0.0	0.0	0.0	0.0	0.0	0.0	0.0	0.0	0.0	0.0	0.0	0.0	0.0	0.0	0.0	0.0	0.0	0.0	0.0	0.0	0.0	0.0	0.0	0.0	0.0	0.0	0.0	0.0	0.0	0.0	0.0	0.0	0.0	0.0	0.0	0.0	0.0	0.0	0.0	0.0	0.0	0.0	0.0	0.0
1470.6456164374135	-14.666320723589251	215.1009635671836	2162798.52914658	2022.009494443483	-27.02073225190384	4088522.395619589	730.1199714290763	1753.967586471688	-11.085326835436716	122.88447104845342	3076402.2943933182	1818.5728383100304	2186.9053708856754	1.30827	68.648361	0.6377283088710326	0.3577884849738598	-0.0045502159	0.0369787784	0.0070018109	0.0282483351	-0.0077948462	-0.0076545147	0.0090358545	0.0023320458	0.0029039237	-0.0213990599	-0.0046458975	-0.007789848	-0.0438573728	0.0390189076	0.0057620342	-0.0051177203	-0.0194583401	0.0311028986	0.0079640846	0.0065551782	0.0005685322	-0.0161164602	-0.0020452675	0.0181375416	-0.0254702673	0.0204034961	-0.0474157637	0.0079636088	-0.0052257703	0.0286863212	-0.0368854504	-0.0483376736	-0.0244165784	0.0772475461	-0.0670465522	0.0021373389	0.0645158866	-0.0785258491	0.0284607885	0.1744620329648825	-0.0469052403020811	0.0022001015677959	0.0304370009462397	0.1089486674740385	0.0766950553103101	0.0118698121443686	0.0058821315090515	-0.3840002157031392	-0.2411822236966614	0.0581688650272664	0.1474561656600574	-0.0070875435933941	0.0016208613970147	2.6271916683327686e-06	5.023327418826176e-05	-0.0102492460797138	-0.0031298662964356	9.7960630335635e-06	0.0001050470452025	-0.0020078991882424	0.0007081880977892	4.031659150144489e-06	5.015303818502857e-07	0.0	0.0	0.0	0.0	0.0	0.0	0.0	0.0	0.0	0.0	0.0	0.0	0.0	0.0	0.0	0.0	0.0	0.0	0.0	0.0	0.0	0.0	0.0	0.0	0.0	0.0	0.0	1.0	0.0	0.0	0.0	0.0	0.0	0.0	0.0	0.0	0.0	0.0	0.0	0.0	0.0	0.0	0.0	0.0	0.0	0.0	0.0	0.0	0.0	0.0	0.0	0.0	0.0	0.0	0.0	0.0	0.0	0.0	0.0	0.0	0.0	0.0	0.0	0.0	0.0	0.0	0.0	0.0	0.0	0.0	0.0	0.0	0.0	0.0	0.0	0.0	0.0	0.0	0.0	0.0	0.0	0.0	0.0	0.0	0.0	0.0	0.0	0.0	0.0	0.0	0.0	0.0	0.0	0.0	0.0	0.0	0.0	0.0	0.0	0.0
1475.519844624568	4.874228187154358	23.758100420450063	2177158.811880909	2042.358031840264	20.34853739678101	4171226.3302224367	414.06297418819537	1771.6260416666669	17.658455194978842	311.8210398730753	3138658.8315115026	1831.252272214337	2155.500704305822	1.286361	67.498772	0.4658957015595196	0.2383235315840526	-0.0089144718	0.01420536	-0.0091621544	0.0181794314	0.0056030237	0.0036562996	0.0098760749	0.002662945	-0.0042811378	-0.0240721536	-0.0212900087	-0.003913412	-0.0143289355	-0.0056499762	0.0064355479	0.04694117	0.0290868414	0.0620046672	-0.055710568	-0.0195743591	0.0456992288	-0.01485478	0.0074701261	0.0073240033	0.071109079	-0.0505631369	-0.0860771766	0.072295135	0.0020439169	0.0232902955	-0.0817114812	-0.0490241061	-0.0227795284	0.0763786853	-0.0689390864	0.0064061583	0.0612463124	-0.0799532077	0.0347647336	0.1694275290745537	-0.0050345038903288	2.534622942173589e-05	0.0287056876083087	0.0419351075674967	-0.0670135599065418	0.0017585532466975	0.0044908172113476	-0.2114773275736752	0.1725228881294639	0.0297641469285315	0.0447226600777035	-0.0043271656717392	0.0027603779216549	7.619686270359828e-06	1.872436275067816e-05	-0.0094111350681731	0.0008381110115406	7.024300676657748e-07	8.85694632713975e-05	-0.0011798931287743	0.0008280060594681	1.392147795328807e-06	6.855940345158907e-07	0.0	0.0	0.0	0.0	0.0	0.0	0.0	0.0	0.0	0.0	0.0	0.0	0.0	0.0	0.0	0.0	0.0	0.0	0.0	0.0	0.0	0.0	0.0	0.0	0.0	0.0	0.0	0.0	0.0	0.0	0.0	0.0	0.0	0.0	0.0	0.0	0.0	0.0	0.0	0.0	0.0	0.0	0.0	0.0	0.0	0.0	0.0	0.0	0.0	0.0	0.0	0.0	0.0	0.0	0.0	0.0	0.0	0.0	0.0	0.0	0.0	0.0	0.0	0.0	0.0	0.0	0.0	0.0	0.0	0.0	0.0	0.0	0.0	0.0	0.0	0.0	0.0	0.0	0.0	0.0	0.0	0.0	0.0	0.0	0.0	0.0	0.0	0.0	0.0	0.0	0.0	0.0	0.0	0.0	0.0	0.0	0.0	0.0	0.0	0.0
1472.5200127645464	-2.999831860021459	8.998991188399806	2168315.1879921	2043.9995638690416	1.6415320287776467	4177934.217096832	2.694627401502857	1759.3672800439035	-12.25876162276336	150.27723652373575	3095373.226089083	1830.0020746572195	2177.1281047972766	1.122679	58.909943	0.2623703065580893	0.113651556903105	0.0010713004	0.0394817827	-0.012013486	0.0347945903	-0.0054955201	-0.0027367475	0.0028283154	0.0054681215	0.0035952055	-0.0206763607	0.0254172682	0.0364395793	0.0080863548	0.0061605267	-0.0004063049	0.0113450265	0.0170084101	0.0139660705	-0.00996044	-0.0119166651	0.0316791658	0.0075431004	0.0090371446	-0.0156962149	0.0366145798	0.009999014	-0.0708067307	0.0720427164	0.0531594647	0.0128875223	-0.0455752333	-0.0497051625	-0.0211324865	0.0754344479	-0.0707106781	0.010657419	0.0577350269	-0.0809511339	0.040824829	0.1866161229594354	0.0171885938848816	0.0002954477597393	0.0348255773484111	-0.0509712351526872	-0.0929063427201839	0.0025980668129905	0.0086315885176402	-0.232527662895194	-0.0210503353215187	0.0004431166171483	0.0540691140115009	-0.0054833045889628	-0.0011561389172236	1.3366571959189586e-06	3.0066629215340506e-05	-0.0097819975953965	-0.0003708625272233	1.3753901409852705e-07	9.56874769563429e-05	-0.0022773923769574	-0.001097499248183	5.186516038623676e-06	1.2045045997624691e-06	0.0	0.0	0.0	0.0	0.0	0.0	0.0	0.0	0.0	0.0	0.0	0.0	0.0	0.0	0.0	0.0	0.0	0.0	0.0	0.0	0.0	0.0	0.0	0.0	0.0	0.0	0.0	0.0	0.0	0.0	0.0	0.0	0.0	0.0	0.0	0.0	0.0	0.0	0.0	0.0	0.0	0.0	0.0	0.0	0.0	0.0	0.0	0.0	0.0	0.0	0.0	0.0	0.0	0.0	0.0	0.0	0.0	0.0	0.0	0.0	0.0	0.0	0.0	0.0	0.0	0.0	0.0	0.0	0.0	0.0	0.0	0.0	0.0	0.0	0.0	0.0	0.0	0.0	0.0	0.0	0.0	0.0	0.0	0.0	0.0	0.0	0.0	0.0	0.0	0.0	0.0	0.0	0.0	0.0	0.0	0.0	0.0	0.0	0.0	0.0
1475.611593713968	3.091580949421541	9.557872766826195	2177429.5755030764	2029.2515027009988	-14.748061168042796	4117861.661214262	217.50530821633183	1765.4471663515792	6.079886307675679	36.9650175142622	3116803.6971788206	1825.3842693492209	2182.066888099367	1.603768	84.153923	0.6007858562612027	0.3293259111292429	0.0084709039	-0.0756265763	-0.0102401116	0.0275573465	0.0074813546	0.0072507589	0.000564906	0.012351752	0.0042224519	-0.0320037853	-0.0221398332	-0.0431918357	-0.03796909	0.0556407518	0.0017462491	-0.0122560933	0.0258701746	-0.0257493804	0.0603186489	-0.0098281607	-0.0131427931	-0.0435565789	0.018951767	-0.0131693709	-0.1029222053	0.0617634186	0.0574676327	0.0152117953	0.0330312976	-0.0081625352	0.0011945184	-0.0503807682	-0.0194761753	0.0744157659	-0.0723582192	0.0148794683	0.0539958877	-0.081514268	0.0465985677	0.2080153645377294	0.021399241578294	0.0004579275401261	0.0432703918837644	0.1079537268596766	0.1589249620123637	0.0116540071428936	0.0252571435506312	-0.4304031198264439	-0.1978754569312499	0.0391546964557509	0.1852468455563362	-0.0066957799419979	-0.001212475353035	1.4700964817175891e-06	4.48334690316614e-05	-0.0128081298629112	-0.0030261322675147	9.157476500493663e-06	0.0001640481905851	-0.0024905086711935	-0.0002131162942361	6.2026334412900124e-06	4.5418554868927976e-08	0.0	0.0	0.0	0.0	0.0	0.0	0.0	0.0	0.0	0.0	0.0	0.0	0.0	0.0	0.0	0.0	0.0	0.0	0.0	0.0	0.0	0.0	0.0	0.0	0.0	0.0	0.0	0.0	1.0	0.0	0.0	0.0	0.0	0.0	0.0	0.0	0.0	0.0	0.0	0.0	0.0	0.0	0.0	0.0	0.0	0.0	0.0	0.0	0.0	0.0	0.0	0.0	0.0	0.0	0.0	0.0	0.0	0.0	0.0	0.0	0.0	0.0	0.0	0.0	0.0	0.0	0.0	0.0	0.0	0.0	0.0	0.0	0.0	0.0	0.0	0.0	0.0	0.0	0.0	0.0	0.0	0.0	0.0	0.0	0.0	0.0	0.0	0.0	0.0	0.0	0.0	0.0	0.0	0.0	0.0	0.0	0.0	0.0	0.0	0.0
1479.1774211277375	3.565827413769512	12.715125144790164	2187965.843174104	2012.494775699664	-16.756727001334866	4050135.222218441	280.78789979726497	1773.167710211338	7.720543859758891	59.60679749046072	3144123.72853612	1832.104362968233	2155.8481698144565	1.544488	81.043373	0.1947333859161424	0.0886181370574901	0.0070169136	-0.0053003229	-0.010184073	-0.0055803998	0.0149944312	0.0138778636	0.0017048058	0.0119911887	-0.0079781014	-0.0329012285	0.002258689	-0.0053571192	0.0411410776	-0.0003108524	0.0062876939	0.0340496669	0.088421039	0.013992652	-0.0104252784	-0.0190109988	0.0068705229	-0.0519903943	0.012917192	-0.0033340419	0.0153562825	-0.0162913799	0.0473439677	0.0622026803	0.0159404613	-0.0095625702	0.0194606609	-0.0510508491	-0.0178113211	0.0733236445	-0.0738788195	0.0190607341	0.0500436514	-0.0816395852	0.0520454508	0.2351906614875929	0.0271752969498635	0.0007384967643132	0.0553146472509715	0.1360982895238152	0.0281445626641386	0.0185227444113082	0.0007921164075556	-0.3665185219678335	0.0638845978586103	0.0040812418435563	0.1343358269454852	-0.0057345002949652	0.0009612796470326	9.240585597993118e-07	3.288449363295596e-05	-0.0128589163926371	-5.078652972589914e-05	2.579271601599637e-09	0.0001653517307928	-0.0029890210633055	-0.000498512392112	8.93424691688394e-06	2.485146050892285e-07	0.0	0.0	0.0	0.0	0.0	0.0	0.0	0.0	0.0	0.0	0.0	0.0	0.0	0.0	0.0	0.0	0.0	0.0	0.0	0.0	0.0	0.0	0.0	0.0	0.0	0.0	0.0	0.0	0.0	1.0	0.0	0.0	0.0	0.0	0.0	0.0	0.0	0.0	0.0	0.0	0.0	0.0	0.0	0.0	0.0	0.0	0.0	0.0	0.0	0.0	0.0	0.0	0.0	0.0	0.0	0.0	0.0	0.0	0.0	0.0	0.0	0.0	0.0	0.0	0.0	0.0	0.0	0.0	0.0	0.0	0.0	0.0	0.0	0.0	0.0	0.0	0.0	0.0	0.0	0.0	0.0	0.0	0.0	0.0	0.0	0.0	0.0	0.0	0.0	0.0	0.0	0.0	0.0	0.0	0.0	0.0	0.0	0.0	0.0	0.0
1494.4857443815308	15.308323253793333	234.34476084262968	2233487.640159618	1993.402806149253	-19.091969550411022	3973654.747563716	364.5033013138217	1780.8970637394832	7.729353528145111	59.74290596304928	3171594.351635913	1840.3920133576285	2196.0262624610555	1.248379	65.505722	0.6307201430875512	0.3133932520600169	0.0165286598	-0.0231295873	-0.0128411962	-0.0391537465	0.0244752422	0.0242310546	0.0077992221	0.016572061	-0.0157008422	-0.0356983889	0.0045045945	0.023810762	0.0506549589	-0.0447293513	0.0189856046	0.0574299519	0.0647225653	0.0584890703	-0.0472449868	-0.0133136172	0.0209505135	-0.003834321	0.0155730409	-0.0087305963	0.0605622586	-0.0307811587	-0.020000137	0.054583891	0.0856899371	-0.037054178	-0.0537028138	-0.0517153317	-0.0161386543	0.0721591615	-0.0752698111	0.0231897558	0.0458939156	-0.0813264124	0.0571272725	0.1530183342198228	-0.0821723272677701	0.0067522913686015	0.0234146106074093	-0.0389477832418236	-0.1750460727656388	0.001516929819452	0.0306411275906733	-0.1492054549714012	0.2173130669964323	0.0472249690873958	0.0222622677932228	-0.0033399589479201	0.002394541347045	5.73382826270856e-06	1.1155325773791545e-05	-0.012709372358812	0.0001495440338251	2.2363418052682783e-08	0.0001615281457549	-0.0024093329230215	0.0005796881402839	5.8048851339553255e-06	3.360383399859222e-07	0.0	0.0	0.0	0.0	0.0	0.0	0.0	0.0	0.0	0.0	0.0	0.0	0.0	0.0	0.0	0.0	0.0	0.0	0.0	0.0	0.0	0.0	0.0	0.0	0.0	0.0	0.0	0.0	0.0	0.0	1.0	0.0	0.0	0.0	0.0	0.0	0.0	0.0	0.0	0.0	0.0	0.0	0.0	0.0	0.0	0.0	0.0	0.0	0.0	0.0	0.0	0.0	0.0	0.0	0.0	0.0	0.0	0.0	0.0	0.0	0.0	0.0	0.0	0.0	0.0	0.0	0.0	0.0	0.0	0.0	0.0	0.0	0.0	0.0	0.0	0.0	0.0	0.0	0.0	0.0	0.0	0.0	0.0	0.0	0.0	0.0	0.0	0.0	0.0	0.0	0.0	0.0	0.0	0.0	0.0	0.0	0.0	0.0	0.0	0.0
1487.214768999943	-7.270975381587732	52.86708299965487	2211807.7691315543	2006.2171453162084	12.814339166955506	4024907.2341607166	164.20728828576992	1777.8159015883748	-3.0811621511084013	9.493560201422952	3160629.379940486	1836.3562060147149	2186.6891935532744	1.121965	58.872467	0.3973530006631922	0.1698560940414243	0.023844495	-0.0002723988	-0.0169540342	-0.0094578992	0.0261158453	0.0247872115	-0.0032660033	0.0252537865	-0.0028081672	-0.0469828546	0.0136711899	0.0162984841	0.0196443433	-0.0159301914	0.0079013932	0.0035666794	0.0438826199	0.0227312966	-0.0370250375	-0.0109795809	0.0250092785	-0.0465707775	-0.0027846494	0.0175142003	0.0729704266	-0.0408040232	-0.0086986172	0.038005991	0.0306235746	-0.0103772884	-0.0259264341	-0.0523741431	-0.0144589085	0.0709234662	-0.076528754	0.0272552159	0.0415630576	-0.0805764318	0.0618083875	0.2003674608580752	0.0473491266382523	0.0022419397934052	0.0401471193707122	0.0469671446428066	0.0859149278846302	0.0022059126758983	0.0073813748334212	-0.2628130197320359	-0.1136075647606347	0.0129066787708418	0.0690706833406715	-0.0051216391799136	-0.0017816802319935	3.174384449076413e-06	2.623118788922606e-05	-0.0120812465250539	0.000628125833758	3.945420630343073e-07	0.0001459565175991	-0.0018095113611796	0.0005998215618419	3.274331366238049e-06	3.5978590605045626e-07	0.0	0.0	0.0	0.0	0.0	0.0	0.0	0.0	0.0	0.0	0.0	0.0	0.0	0.0	0.0	0.0	0.0	0.0	0.0	0.0	0.0	0.0	0.0	0.0	0.0	0.0	0.0	0.0	0.0	0.0	0.0	0.0	0.0	0.0	0.0	0.0	0.0	0.0	0.0	0.0	0.0	0.0	0.0	0.0	0.0	0.0	0.0	0.0	0.0	0.0	0.0	0.0	0.0	0.0	0.0	0.0	0.0	0.0	0.0	0.0	0.0	0.0	0.0	0.0	0.0	0.0	0.0	0.0	0.0	0.0	0.0	0.0	0.0	0.0	0.0	0.0	0.0	0.0	0.0	0.0	0.0	0.0	0.0	0.0	0.0	0.0	0.0	0.0	0.0	0.0	0.0	0.0	0.0	0.0	0.0	0.0	0.0	0.0	0.0	0.0
1489.1803468615565	1.965577861613383	3.863496330064639	2217658.105478706	2008.9750524593303	2.757907143121884	4035980.761403969	7.606051810082709	1782.4923700838008	4.676468495425979	21.86935758871172	3177279.0494069653	1840.132668444732	2188.9520075900987	0.7707969999999998	40.445736	0.1360711324627177	0.0716064094111447	0.0240966979	-0.0116858909	-0.0213727996	-0.0186616091	0.0354667476	0.0339020759	0.0062696229	0.0279857625	-0.0085964475	-0.0462293235	-0.0059075237	0.0041114041	0.0204621254	-0.0247304678	0.0101700215	0.0247363803	0.0488495364	0.041473583	-0.0555856362	-0.0131170011	0.0228851921	-0.0402230319	0.0053735485	0.0171329085	0.0619368927	-0.0405041631	-0.028311237	0.0361861451	0.0447431696	-0.0226426829	-0.0417860914	-0.0530272111	-0.0127728206	0.0696177779	-0.0776534394	0.0312459714	0.0370681691	-0.0793936715	0.066055961	0.2029365265503457	0.0025690656922705	6.6000985312013046e-06	0.0411832338083191	0.0035548413118249	-0.0434123033309817	1.2636896752256976e-05	0.0018846280805011	-0.2421283121544704	0.0206847075775655	0.0004278571275693	0.0586261195467726	-0.0042839782185812	0.0008376609613324	7.016758861403213e-07	1.835246937727815e-05	-0.0115544974912809	0.000526749033773	2.774645445807891e-07	0.000133506412276	-0.001785820239047	2.3691122132599987e-05	3.1891539261898847e-06	5.612692679017688e-10	0.0	0.0	0.0	0.0	0.0	0.0	0.0	0.0	0.0	0.0	0.0	0.0	0.0	0.0	0.0	0.0	0.0	0.0	0.0	0.0	0.0	0.0	0.0	0.0	0.0	0.0	0.0	0.0	0.0	0.0	0.0	0.0	0.0	0.0	0.0	0.0	0.0	0.0	0.0	0.0	0.0	0.0	0.0	0.0	0.0	0.0	0.0	0.0	0.0	0.0	0.0	0.0	0.0	0.0	0.0	0.0	0.0	0.0	0.0	0.0	0.0	0.0	0.0	0.0	0.0	0.0	0.0	0.0	0.0	0.0	0.0	0.0	0.0	0.0	0.0	0.0	0.0	0.0	0.0	0.0	0.0	0.0	0.0	0.0	0.0	0.0	0.0	0.0	0.0	0.0	0.0	0.0	0.0	0.0	0.0	0.0	0.0	0.0	0.0	0.0
1482.3644039155654	-6.8159429459910825	46.4570782430056	2197404.225995949	2011.450742697414	2.475690238083644	4045934.0902979774	6.129042154942648	1766.8643187433229	-15.628051340477896	244.23598870061292	3121809.5208483064	1826.4377286512245	2211.384339590506	1.229705	64.525864	0.4456979406487755	0.230318923903153	0.0392070885	-0.0038639387	-0.0254101452	0.0036715574	0.029666595	0.0287985296	-0.0131573022	0.0355465149	0.0088858576	-0.045292226	0.0302543971	0.0233753909	-0.0064091226	0.0158811605	-0.0055385961	-0.0374198523	0.0059655247	-0.0203161019	0.0037476707	-0.0037971032	0.004804416	-0.019018843	-0.0038210834	0.0103881221	0.0194581932	-0.0090349824	0.000889671	0.0010820957	-0.0020335772	-0.005577993	0.0413661873	-0.0536744641	-0.0110811301	0.0682433853	-0.0786418943	0.0351510839	0.0324269895	-0.0777844842	0.0698401994	0.1376586422883861	-0.0652778842619596	0.0042612021737177	0.0189499017966818	0.0762171002957785	0.0726622589839535	0.0058090463774967	0.0052798038806511	-0.3101139228441028	-0.0679856106896323	0.0046220432608422	0.0961706451417581	-0.008107560387511	-0.0038235821689298	1.4619780602557918e-05	6.573253543713753e-05	-0.0123420412688726	-0.0007875437775916	6.202252016234039e-07	0.0001523259826825	-0.0019701380267901	-0.000184317787743	3.8814438446043885e-06	3.397304687851036e-08	0.0	0.0	0.0	0.0	0.0	0.0	0.0	0.0	0.0	0.0	0.0	0.0	0.0	0.0	0.0	0.0	0.0	0.0	0.0	0.0	0.0	0.0	0.0	0.0	0.0	0.0	0.0	0.0	0.0	0.0	0.0	0.0	0.0	0.0	0.0	0.0	0.0	0.0	0.0	0.0	0.0	0.0	0.0	0.0	0.0	0.0	0.0	0.0	0.0	0.0	0.0	0.0	0.0	0.0	0.0	0.0	0.0	0.0	0.0	0.0	0.0	0.0	0.0	0.0	0.0	0.0	0.0	0.0	0.0	0.0	0.0	0.0	0.0	0.0	0.0	0.0	0.0	0.0	0.0	0.0	0.0	0.0	0.0	0.0	0.0	0.0	0.0	0.0	0.0	0.0	0.0	0.0	0.0	0.0	0.0	0.0	0.0	0.0	0.0	0.0
1495.7609408023968	13.396536886831427	179.46720056023506	2237300.7920300714	2022.6937012491344	11.242958551720449	4091289.8090729215	126.40411699570396	1777.160885750534	10.296567007211024	106.01929213398658	3158300.8138416223	1836.666699695347	2202.846269395134	0.942417	49.451115	0.1432518467403315	0.0800427629190678	0.0397724388	-0.0107719477	-0.0373860223	0.0052671531	0.0400225247	0.0394769417	-0.0077359554	0.0397176241	0.0029911423	-0.0577439374	-0.0071209791	-0.0032178685	-0.0120900431	-0.0019819969	-6.5305e-06	-0.0098308749	0.0182190751	0.0121098164	-0.0300393196	-0.0046665937	-0.0017106556	-0.0550430988	-0.000329365	0.0206102723	0.0286175808	-0.0172409299	0.0042737647	0.0084386964	0.0285625307	-0.0305253716	-0.0013334234	-0.054315831	-0.009384579	0.0668016447	-0.0794923845	0.0389598496	0.0276578354	-0.0757575129	0.073134559	0.1698791462156208	0.0322205039272347	0.0010381608733249	0.0288589243189482	0.0791959677857789	0.0029788674900004	0.0062720013135261	8.87365152298135e-06	-0.3439833157666641	-0.0338693929225613	0.0011471357769428	0.1183245215258285	-0.0070116250607631	0.0010959353267479	1.2010742404140276e-06	4.9162885992721146e-05	-0.0126942309933675	-0.0003521897244949	1.2403760203979416e-07	0.0001611435005129	-0.0019346014300222	3.553659676789993e-05	3.7426826930439407e-06	1.2628497098443155e-09	0.0	0.0	0.0	0.0	0.0	0.0	0.0	0.0	0.0	0.0	0.0	0.0	0.0	0.0	0.0	0.0	0.0	0.0	0.0	0.0	0.0	0.0	0.0	0.0	0.0	0.0	0.0	0.0	0.0	0.0	0.0	0.0	0.0	0.0	0.0	0.0	0.0	0.0	0.0	0.0	0.0	0.0	0.0	0.0	0.0	0.0	0.0	0.0	0.0	0.0	0.0	0.0	0.0	0.0	0.0	0.0	0.0	0.0	0.0	0.0	0.0	0.0	0.0	0.0	0.0	0.0	0.0	0.0	0.0	0.0	0.0	0.0	0.0	0.0	0.0	0.0	0.0	0.0	0.0	0.0	0.0	0.0	0.0	0.0	0.0	0.0	0.0	0.0	0.0	0.0	0.0	0.0	0.0	0.0	0.0	0.0	0.0	0.0	0.0	0.0
1490.1941891244276	-5.5667516779692505	30.988724244173465	2220678.7213002103	2013.1833507682704	-9.510350480863965	4052907.203810561	90.4467662688694	1773.463834844084	-3.697050906449931	13.668185404882257	3145173.9734998844	1833.128692473212	2214.590527963638	0.7262389999999999	38.107685	0.1727508283545259	0.092643916880643	0.0486675404	-0.0157104673	-0.0350834013	-0.0078825708	0.0417420801	0.0409803619	-0.0006023578	0.0461133094	0.0013901898	-0.0622369432	-0.0090342272	-0.0075225361	-0.0065710964	-0.0180971828	0.0040588928	-0.0109884819	0.0081928485	0.0318689043	-0.0486928986	-0.0081312675	0.0074007176	-0.0707107678	-0.0017819834	0.0194530036	0.038457925	-0.0270298046	0.0330473541	0.0301458121	0.0314613731	-0.0241106565	-0.0123309261	-0.0549512416	-0.0076839116	0.0652939789	-0.0802034182	0.0426618292	0.0227795284	-0.0733236445	0.0759159322	0.1663906530832832	-0.0034884931323375	1.2169584334366562e-05	0.0276858494334815	0.0260540136937521	-0.0531419540920268	0.0006788116295542	0.002824067284719	-0.3825705984086056	-0.0385872826419415	0.001488978381689	0.1463602627667185	-0.0064225083808427	0.0005891166799204	3.470584625604352e-07	4.124861390199472e-05	-0.0134559815089836	-0.0007617505156161	5.802638480413948e-07	0.0001810634383701	-0.0017348066557943	0.0001997947742279	3.0095541329882024e-06	3.991795180877753e-08	0.0	0.0	0.0	0.0	0.0	0.0	0.0	0.0	0.0	0.0	0.0	0.0	0.0	0.0	0.0	0.0	0.0	0.0	0.0	0.0	0.0	0.0	0.0	0.0	0.0	0.0	0.0	0.0	0.0	0.0	0.0	0.0	0.0	0.0	0.0	0.0	0.0	0.0	0.0	0.0	0.0	0.0	0.0	0.0	0.0	0.0	0.0	0.0	0.0	0.0	0.0	0.0	0.0	0.0	0.0	0.0	0.0	0.0	0.0	0.0	0.0	0.0	0.0	0.0	0.0	0.0	0.0	0.0	0.0	0.0	0.0	0.0	0.0	0.0	0.0	0.0	0.0	0.0	0.0	0.0	0.0	0.0	0.0	0.0	0.0	0.0	0.0	0.0	0.0	0.0	0.0	0.0	0.0	0.0	0.0	0.0	0.0	0.0	0.0	0.0
1494.2205985335413	4.02640940911374	16.21197272979965	2232695.197081934	2010.82409861118	-2.3592521570903955	4043413.5555554647	5.566070740735684	1779.8900742229234	6.426239378839455	41.2965525541469	3168008.676317284	1839.8997572891656	2172.837591962381	1.111269	58.311211	0.2541943442384839	0.1995042759938853	0.0388289675	-0.0734302218	-0.0365248474	-0.0020069569	0.0516734079	0.050704443	0.0077685909	0.0523905521	0.0001765732	-0.0695596339	-0.0731599523	-0.0782650397	-0.0423972799	0.00322143	0.0168105354	-0.0021208929	0.0263842661	0.0356683091	-0.0340492061	0.0047540479	-0.0193331588	-0.1065545869	-0.0003232129	0.0471679711	-0.0473424187	-0.0005377095	0.067288239	0.0049001677	-0.0377145869	-0.0156125187	-0.0209200382	-0.0555806262	-0.0059798738	0.0637218759	-0.0807737477	0.0462468756	0.0178113211	-0.0704959515	0.0781648097	0.1699610293076716	0.0035703762243883	1.2747586383677846e-05	0.0288867514833232	0.0516641742563308	0.0256101605625787	0.0026691869015885	0.000655880324041	-0.5680630130474924	-0.1854924146388868	0.0344074358885647	0.3226955867925955	-0.006470123950575	-4.7615569732300383e-05	2.26724248093156e-09	4.1862503935804246e-05	-0.0141277875914909	-0.0006718060825073	4.513234124938053e-07	0.0001995943822302	-0.0016638004517813	7.100620401299983e-05	2.7682319433476583e-06	5.041881008335753e-09	0.0	0.0	0.0	0.0	0.0	0.0	0.0	0.0	0.0	0.0	0.0	0.0	0.0	0.0	0.0	0.0	0.0	0.0	0.0	0.0	0.0	0.0	0.0	0.0	0.0	0.0	0.0	0.0	0.0	0.0	0.0	0.0	0.0	0.0	0.0	0.0	0.0	0.0	0.0	0.0	0.0	0.0	0.0	0.0	0.0	0.0	0.0	0.0	0.0	0.0	0.0	0.0	0.0	0.0	0.0	0.0	0.0	0.0	0.0	0.0	0.0	0.0	0.0	0.0	0.0	0.0	0.0	0.0	0.0	0.0	0.0	0.0	0.0	0.0	0.0	0.0	0.0	0.0	0.0	0.0	0.0	0.0	0.0	0.0	0.0	0.0	0.0	0.0	0.0	0.0	0.0	0.0	0.0	0.0	0.0	0.0	0.0	0.0	0.0	0.0
1490.2684954833735	-3.952103050167807	15.619118519145683	2220900.1886302778	2022.5702611223053	11.746162511125249	4090790.4611763502	137.97233373776422	1769.972902164296	-9.91717205862733	98.35030164041862	3132804.074395901	1833.1105512719912	2237.2693366896024	1.560476	81.882271	0.504233857463901	0.3412393763043737	0.0633492939	0.0608160006	-0.0494959899	-0.0083817636	0.0517145577	0.0518556593	0.0068516208	0.0576875154	0.0056202708	-0.0643093289	0.0146117154	0.0267362004	-0.0125769203	-0.0190407588	-0.0095559044	-0.0260587469	-0.0254700872	0.0229106366	-0.0474256799	-0.0003007994	0.0066651929	-0.0222171649	-0.0076674144	0.0144260552	0.0418218427	-0.0218945768	-0.0377985934	0.0045532508	0.024232705	-0.0134030877	0.0067156293	-0.0562039158	-0.0042732129	0.0620868871	-0.0812023727	0.0497051625	0.0127728206	-0.0672896215	0.0798654172	0.1793046885789806	0.009343659271309	8.730396857831877e-05	0.0321501713464052	0.0057851537532656	-0.0458790205030651	3.346800394892306e-05	0.0021048845223206	-0.2800792062664357	0.2879838067810567	0.082934672968109	0.0784443617828366	-0.0088607096632317	-0.0023905857126567	5.714900049558342e-06	7.851217573608763e-05	-0.0134454583897589	0.000682329201732	4.655731395362304e-07	0.0001807803513107	-0.0015161679480006	0.0001476325037807	2.2987652465443502e-06	2.179535617255842e-08	0.0	0.0	0.0	0.0	0.0	0.0	0.0	0.0	0.0	0.0	0.0	0.0	0.0	0.0	0.0	0.0	0.0	0.0	0.0	0.0	0.0	0.0	0.0	0.0	0.0	0.0	0.0	0.0	0.0	0.0	0.0	1.0	0.0	0.0	0.0	0.0	0.0	0.0	0.0	0.0	0.0	0.0	0.0	0.0	0.0	0.0	0.0	0.0	0.0	0.0	0.0	0.0	0.0	0.0	0.0	0.0	0.0	0.0	0.0	0.0	0.0	0.0	0.0	0.0	0.0	0.0	0.0	0.0	0.0	0.0	0.0	0.0	0.0	0.0	0.0	0.0	0.0	0.0	0.0	0.0	0.0	0.0	0.0	0.0	0.0	0.0	0.0	0.0	0.0	0.0	0.0	0.0	0.0	0.0	0.0	0.0	0.0	0.0	0.0	0.0
1486.980055564434	-3.2884399189395026	10.813837100474842	2211109.685646408	2010.6237267602849	-11.94653436202043	4042607.770611417	142.71968326293486	1773.425422968416	3.4525208041197857	11.919899902879932	3145037.730830705	1833.97441143353	2206.44971342737	1.061055	55.676357	0.2580411253362377	0.138936339074497	0.0606781485	-0.008992115	-0.0457372636	-0.0088188339	0.0583921883	0.0563522675	0.0123035526	0.0611816472	0.0019100269	-0.0709883683	-0.0139134696	-0.0058897193	-0.0144296444	-0.0246481225	-0.0060838498	-0.0217345602	0.008211765	0.0148830522	-0.0543826563	0.0054285697	-0.0097595329	-0.058257621	-0.0003606633	0.0199994926	0.016290384	-0.0219166669	-0.003999047	0.0122289962	0.026454806	-0.0241753198	-0.0370115249	-0.0568210419	-0.0025646777	0.060390626	-0.0814885411	0.0530272111	0.0076839116	-0.0637218759	0.0810058262	0.165663253560254	-0.0136414350187266	0.0001860887493701	0.027444313580169	-0.0100779423299854	-0.015863096083251	0.0001015649216065	0.0002516378173464	-0.3721045590465408	-0.0920253527801051	0.0084686655543027	0.1384618028632205	-0.0070793308907999	0.0017813787724318	3.173310330870627e-06	5.01169258614337e-05	-0.0130447382534402	0.0004007201363186	1.6057662765127722e-07	0.0001701651961007	-0.0020642938683332	-0.0005481259203326	4.261309174838047e-06	3.0044202454045985e-07	0.0	0.0	0.0	0.0	0.0	0.0	0.0	0.0	0.0	0.0	0.0	0.0	0.0	0.0	0.0	0.0	0.0	0.0	0.0	0.0	0.0	0.0	0.0	0.0	0.0	0.0	0.0	0.0	0.0	0.0	0.0	0.0	0.0	0.0	0.0	0.0	0.0	0.0	0.0	0.0	0.0	0.0	0.0	0.0	0.0	0.0	0.0	0.0	0.0	0.0	0.0	0.0	0.0	0.0	0.0	0.0	0.0	0.0	0.0	0.0	0.0	0.0	0.0	0.0	0.0	0.0	0.0	0.0	0.0	0.0	0.0	0.0	0.0	0.0	0.0	0.0	0.0	0.0	0.0	0.0	0.0	0.0	0.0	0.0	0.0	0.0	0.0	0.0	0.0	0.0	0.0	0.0	0.0	0.0	0.0	0.0	0.0	0.0	0.0	0.0
1485.3789348160683	-1.6011207483657015	2.5635876508471447	2206350.579995318	2005.9478300070464	-4.675896753238476	4023826.6967099775	21.86401044694612	1778.2190874148637	4.793664446447792	22.979218825137615	3162063.122846551	1840.7339549797307	2152.3940395550294	1.465897	76.91949499999998	0.7607286585424087	0.4974156907339343	0.0523793602	-0.1078800918	-0.0484209986	-0.0100059439	0.0679865096	0.0676165822	0.0110361742	0.0671240154	0.0060543574	-0.073937872	-0.0894430372	-0.1155794478	-0.0535493747	0.0130585016	0.0215790924	-0.0095357559	0.0136682032	0.0251923988	0.0077236156	0.0135048702	-0.0413373104	-0.1269421784	-0.0003129752	0.0504873172	-0.130879109	0.0352770545	0.1218039869	-0.0268444134	-0.096379754	0.0236297338	0.0266330594	-0.057431937	-0.0008550176	0.0586347667	-0.081631751	0.0562039158	0.0025646777	-0.0598118772	0.0815780375	0.131939283636953	-0.0337239699233009	0.0011373061473877	0.0174079745666323	0.098492727708404	0.1085706700383894	0.0097008174114418	0.0117875903925848	-0.7841311330696641	-0.4120265740231233	0.1697658977012323	0.6148616338491153	-0.0073848744433861	-0.0003055435525862	9.335686252699598e-08	5.453637054457716e-05	-0.016097477204638	-0.0030527389511978	9.319215104160246e-06	0.0002591287723538	-0.0028341602557011	-0.0007698663873679	8.032464354995726e-06	5.926942543989016e-07	0.0	0.0	0.0	0.0	0.0	0.0	0.0	0.0	0.0	0.0	0.0	0.0	0.0	0.0	0.0	0.0	0.0	0.0	0.0	0.0	0.0	0.0	0.0	0.0	0.0	0.0	0.0	0.0	0.0	0.0	0.0	0.0	1.0	0.0	0.0	0.0	0.0	0.0	0.0	0.0	0.0	0.0	0.0	0.0	0.0	0.0	0.0	0.0	0.0	0.0	0.0	0.0	0.0	0.0	0.0	0.0	0.0	0.0	0.0	0.0	0.0	0.0	0.0	0.0	0.0	0.0	0.0	0.0	0.0	0.0	0.0	0.0	0.0	0.0	0.0	0.0	0.0	0.0	0.0	0.0	0.0	0.0	0.0	0.0	0.0	0.0	0.0	0.0	0.0	0.0	0.0	0.0	0.0	0.0	0.0	0.0	0.0	0.0	0.0	0.0
1497.884108990078	12.505174174009651	156.37938112231802	2243656.8039649995	2014.9102010606207	8.962371053574316	4059863.118338151	80.3240949019468	1780.8899536132812	2.6708661984175706	7.133526249849526	3171569.026880715	1840.8786975466635	2180.5315636244686	1.398506	73.383286	0.5485475268002158	0.3460472822537956	0.0687036832	-0.0267504147	-0.0634924181	-0.0359075875	0.074819369	0.0729771656	0.0206561038	0.0745120845	-0.0033237109	-0.0838941506	-0.0731190059	-0.0678489696	-0.0404888019	-0.0286693698	0.0017318806	-0.0062933726	0.0239863374	0.0382581536	-0.0598914884	-0.0039758825	-0.0130052698	-0.0963025166	0.0108441059	0.0219601478	-0.0463202184	-0.0175590194	0.0100982429	0.0171810444	-0.0023003195	-0.0286078672	-0.0572505763	-0.058036534	0.0008550176	0.0568210419	-0.081631751	0.0592265694	-0.0025646777	-0.0555806262	0.0815780375	0.1594368818173706	0.0274975981804175	0.0007561179056917	0.0254201192836461	0.0230724555097623	-0.0754202721986417	0.0005323382032499	0.0056882174585172	-0.4893124077403925	0.2948187253292716	0.0869180808047765	0.2394266323687001	-0.0073967332912971	-1.18588479110001e-05	1.4063227377623143e-10	5.471166338258283e-05	-0.0143934645375725	0.0017040126670654	2.903659169519677e-06	0.0002071718213943	-0.0041345073625623	-0.0013003471068611	1.709415113108186e-05	1.6909025983222917e-06	0.0	0.0	0.0	0.0	0.0	0.0	0.0	0.0	0.0	0.0	0.0	0.0	0.0	0.0	0.0	0.0	0.0	0.0	0.0	0.0	0.0	0.0	0.0	0.0	0.0	0.0	0.0	0.0	0.0	0.0	0.0	0.0	0.0	1.0	0.0	0.0	0.0	0.0	0.0	0.0	0.0	0.0	0.0	0.0	0.0	0.0	0.0	0.0	0.0	0.0	0.0	0.0	0.0	0.0	0.0	0.0	0.0	0.0	0.0	0.0	0.0	0.0	0.0	0.0	0.0	0.0	0.0	0.0	0.0	0.0	0.0	0.0	0.0	0.0	0.0	0.0	0.0	0.0	0.0	0.0	0.0	0.0	0.0	0.0	0.0	0.0	0.0	0.0	0.0	0.0	0.0	0.0	0.0	0.0	0.0	0.0	0.0	0.0	0.0	0.0
1482.1169746059384	-15.76713438413958	248.60252668751664	2196670.7264150595	1997.8235280483584	-17.08667301226228	3991298.84922359	291.9543946279722	1768.267946005275	-12.622007608006244	159.31507605656748	3126771.528869714	1829.5073045399088	2184.5619546630164	1.528862	80.223419	0.3167889889548061	0.152183033418596	0.0778133822	-0.0726315612	-0.0535990716	-0.0034471336	0.0698609685	0.0678492132	0.0317553638	0.0779511765	0.0069219756	-0.0820303215	-0.0230763953	-0.0397166981	-0.0031992944	-0.0258176064	0.0137450056	-0.0353242789	0.0119431679	0.0075130339	-0.020676853	0.0083425631	-0.0284501644	-0.114603364	-0.0009720287	0.0314448083	-0.0468737435	0.0031305855	0.1138563095	-0.0096927528	-0.0303394488	-0.0195247794	0.0401733446	-0.0586347667	0.0025646777	0.0549512416	-0.0814885411	0.0620868871	-0.0076839116	-0.0510508491	0.0810058262	0.2107470917104876	0.051310209893117	0.0026327376392757	0.0444143366644286	-0.053799247681681	-0.0768717031914432	0.0028943590511148	0.0059092587515533	-0.5385184687169584	-0.0492060609765659	0.0024212364368295	0.2900021411492577	-0.0078063937398315	-0.0004096604485343	1.6782168309340565e-07	6.093978322128044e-05	-0.015781658346712	-0.0013881938091394	1.927082051733233e-06	0.0002490607401723	-0.0031443413223626	0.0009901660401996	9.886882351516983e-06	9.804287871647533e-07	0.0	0.0	0.0	0.0	0.0	0.0	0.0	0.0	0.0	0.0	0.0	0.0	0.0	0.0	0.0	0.0	0.0	0.0	0.0	0.0	0.0	0.0	0.0	0.0	0.0	0.0	0.0	0.0	0.0	0.0	0.0	0.0	0.0	0.0	1.0	0.0	0.0	0.0	0.0	0.0	0.0	0.0	0.0	0.0	0.0	0.0	0.0	0.0	0.0	0.0	0.0	0.0	0.0	0.0	0.0	0.0	0.0	0.0	0.0	0.0	0.0	0.0	0.0	0.0	0.0	0.0	0.0	0.0	0.0	0.0	0.0	0.0	0.0	0.0	0.0	0.0	0.0	0.0	0.0	0.0	0.0	0.0	0.0	0.0	0.0	0.0	0.0	0.0	0.0	0.0	0.0	0.0	0.0	0.0	0.0	0.0	0.0	0.0	0.0	0.0
1485.2030885830377	3.0861139770993304	9.524099479647846	2205828.2143365946	2021.5680742867385	23.744546238380053	4086737.478975392	563.8034760665684	1775.5515801584618	7.283634153186767	53.05132647746872	3152583.4138032105	1837.2659538711048	2116.684865440022	1.411763	74.078911	1.2461619458788007	0.6116378461800103	0.0637139993	-0.0982084783	-0.0687437889	-0.0115359816	0.0838938136	0.0824632534	0.0110357984	0.0765108568	0.0123975081	-0.0548500788	-0.0730940392	-0.0936650613	-0.0408113227	0.0242832018	0.0096762021	-0.0138279524	0.0043453311	-0.006923919	0.0557221849	0.020121099	-0.0726242309	-0.1253769108	0.0056227308	0.0404747737	-0.1985245893	0.072392418	0.1496027786	-0.0571610818	-0.1036319035	0.029813295	0.0682314773	-0.0592265694	0.0042732129	0.0530272111	-0.0812023727	0.064777029	-0.0127728206	-0.0462468756	0.0798654172	0.1156939624031565	-0.0950531293073311	0.0090350973911162	0.0133850929365429	0.2485620219857764	0.3023612696674574	0.0617830787736575	0.0914223373949169	-0.9590489684030956	-0.4205304996861372	0.1768459011662722	0.919774923795042	-0.0116919679485193	-0.0038855742086878	1.509768693121983e-05	0.0001367021145092	-0.0182041929086331	-0.0024225345619211	5.868673703702258e-06	0.0003313926394547	-0.0054005734961112	-0.0022562321737486	2.9166194086898752e-05	5.090583621858335e-06	0.0	0.0	0.0	0.0	0.0	0.0	0.0	0.0	0.0	0.0	0.0	0.0	0.0	0.0	0.0	0.0	0.0	0.0	0.0	0.0	0.0	0.0	0.0	0.0	0.0	0.0	0.0	0.0	0.0	0.0	0.0	0.0	0.0	0.0	0.0	1.0	0.0	0.0	0.0	0.0	0.0	0.0	0.0	0.0	0.0	0.0	0.0	0.0	0.0	0.0	0.0	0.0	0.0	0.0	0.0	0.0	0.0	0.0	0.0	0.0	0.0	0.0	0.0	0.0	0.0	0.0	0.0	0.0	0.0	0.0	0.0	0.0	0.0	0.0	0.0	0.0	0.0	0.0	0.0	0.0	0.0	0.0	0.0	0.0	0.0	0.0	0.0	0.0	0.0	0.0	0.0	0.0	0.0	0.0	0.0	0.0	0.0	0.0	0.0	0.0
1491.1089788239185	5.905890240880808	34.87953953733117	2223405.986729309	2015.1394116365457	-6.428662650192791	4060786.8483308833	41.3277034699838	1772.7136398445846	-2.8379403138771977	8.053905225129407	3142513.6488910355	1836.7139369858903	2156.7469335805285	1.199144	62.922237	0.4182244620819977	0.2099233106705395	0.0764513111	-0.1123035924	-0.0687572883	-0.0159815642	0.0867469688	0.0859566109	0.0295794091	0.0901314117	0.0042930105	-0.0823186611	-0.1012172477	-0.1207710895	-0.0416620924	-0.0100937363	0.0316849038	-0.0198016364	0.0075224748	0.0168261675	0.008052398	0.0176842956	-0.0448323944	-0.134526659	0.0027393216	0.0446178597	-0.1534447726	0.0313376246	0.1316314957	-0.042480988	-0.1031113127	0.0219713003	0.017056113	-0.0598118772	0.0059798738	0.0510508491	-0.0807737477	0.0672896215	-0.0178113211	-0.041194508	0.0781648097	0.0990380280854879	-0.0166559343176686	0.0002774201479944	0.0098085310070618	0.1449465657520647	-0.1036154562337117	0.0210095069233176	0.0107361627705202	-0.8612609906355431	0.0977879777675525	0.0095624885958673	0.741770493990517	-0.0085049007161934	0.0031870672323259	1.0157397543365471e-05	7.233333619230703e-05	-0.0190040834878055	-0.0007998905791723	6.398249386487552e-07	0.0003611551892114	-0.0054169175598742	-1.6344063762999822e-05	2.934299585047346e-05	2.6712842028900386e-10	0.0	0.0	0.0	0.0	0.0	0.0	0.0	0.0	0.0	0.0	0.0	0.0	0.0	0.0	0.0	0.0	0.0	0.0	0.0	0.0	0.0	0.0	0.0	0.0	0.0	0.0	0.0	0.0	0.0	0.0	0.0	0.0	0.0	0.0	0.0	0.0	0.0	0.0	0.0	0.0	0.0	0.0	0.0	0.0	0.0	0.0	0.0	0.0	0.0	0.0	0.0	0.0	0.0	0.0	0.0	0.0	0.0	0.0	0.0	0.0	0.0	0.0	0.0	0.0	0.0	0.0	0.0	0.0	0.0	0.0	0.0	0.0	0.0	0.0	0.0	0.0	0.0	0.0	0.0	0.0	0.0	0.0	0.0	0.0	0.0	0.0	0.0	0.0	0.0	0.0	0.0	0.0	0.0	0.0	0.0	0.0	0.0	0.0	0.0	0.0
1499.352504152774	8.243525328855412	67.95570984748073	2248057.931709194	2031.2613266570656	16.121915020519964	4126022.577172622	259.91614392886726	1759.3545030381945	-13.359136806390095	178.4665362118466	3095328.2673607725	1823.594606029597	2236.7323851065203	2.158423	113.258141	1.3180921904050222	0.8073489310840443	0.1075718967	0.0384636559	-0.0853830423	-0.0315307593	0.0845833204	0.0833280327	0.0269580329	0.0965446146	0.0085087852	-0.0848494172	0.0222165845	0.0424752695	-0.0158109269	-0.0450740589	-0.0119213783	-0.0658125299	-0.0276231585	-0.0155819522	-0.0492409553	0.0246777998	-0.0370274615	0.0258795158	-0.0093355944	0.0017863965	0.0207874067	-0.0132298099	-0.0580858769	-0.065407655	0.0203610989	-0.033992584	0.0171646663	-0.060390626	0.0076839116	0.0490241061	-0.0802034182	0.0696177779	-0.0227795284	-0.0359208828	0.0759159322	0.1506869544936933	0.0516489264082054	0.0026676115991202	0.0227065582545843	-0.0076401432364292	-0.1525867089884938	5.837178867315485e-05	0.0232827037599393	-0.258080505844795	0.603180484790748	0.3638266972324018	0.0666055474971052	-0.0105360290274644	-0.0020311283112709	4.1254822168465785e-06	0.0001110079076675	-0.0128292853921836	0.0061747980956218	3.8128131521695815e-05	0.000164590563674	-0.0034093225624156	0.0020075949974586	1.1623480334596071e-05	4.030437673820797e-06	0.0	0.0	0.0	0.0	0.0	0.0	0.0	0.0	0.0	0.0	0.0	0.0	0.0	0.0	0.0	0.0	0.0	0.0	0.0	0.0	0.0	0.0	0.0	0.0	0.0	0.0	0.0	0.0	0.0	0.0	0.0	0.0	0.0	0.0	0.0	0.0	1.0	0.0	0.0	0.0	0.0	0.0	0.0	0.0	0.0	0.0	0.0	0.0	0.0	0.0	0.0	0.0	0.0	0.0	0.0	0.0	0.0	0.0	0.0	0.0	0.0	0.0	0.0	0.0	0.0	0.0	0.0	0.0	0.0	0.0	0.0	0.0	0.0	0.0	0.0	0.0	0.0	0.0	0.0	0.0	0.0	0.0	0.0	0.0	0.0	0.0	0.0	0.0	0.0	0.0	0.0	0.0	0.0	0.0	0.0	0.0	0.0	0.0	0.0	0.0
1496.853081358844	-2.499422793929853	6.24711430281611	2240569.147173466	2018.6177650161933	-12.643561640872347	4074817.681238971	159.85965096653868	1765.9018077882947	6.547304750100238	42.867199490685145	3118409.194749967	1832.723859503528	2260.071995531429	1.10073	57.758198	0.2339472218475397	0.1125159433870614	0.1199012587	0.0124899861	-0.0827160014	-0.023183378	0.0931941733	0.0923860428	0.018684897	0.1050508869	0.0065727882	-0.0976698413	0.0182430789	0.0323988728	-0.000108436	-0.0725561118	-0.0128238193	-0.0726377724	-0.0186522438	-0.0102648531	-0.0815809224	-0.0051000992	0.009800825	-0.0004375141	-0.0134897953	-0.0003867218	0.0745624683	-0.03450516	-0.0628949851	-0.034268398	0.0412311669	-0.0427823195	-0.0081605481	-0.0609627523	0.009384579	0.0469489822	-0.0794923845	0.0717551168	-0.0276578354	-0.0304543249	0.073134559	0.1700085747684738	0.0193216202747805	0.0003733250100428	0.0289029154948077	-0.0500241754627239	-0.0423840322262947	0.0025024181307253	0.0017964061877595	-0.1892544462895955	0.0688260595551995	0.0047370264738958	0.0358172454403813	-0.0094558589182676	0.0010801701091967	1.1667674648022252e-06	8.941326788218091e-05	-0.0120343808702501	0.0007949045219335	6.318731989903272e-07	0.0001448263229302	-0.0032160869977206	0.0001932355646949	1.0343215576907504e-05	3.7339983462995495e-08	0.0	0.0	0.0	0.0	0.0	0.0	0.0	0.0	0.0	0.0	0.0	0.0	0.0	0.0	0.0	0.0	0.0	0.0	0.0	0.0	0.0	0.0	0.0	0.0	0.0	0.0	0.0	0.0	0.0	0.0	0.0	0.0	0.0	0.0	0.0	0.0	0.0	0.0	0.0	0.0	0.0	0.0	0.0	0.0	0.0	0.0	0.0	0.0	0.0	0.0	0.0	0.0	0.0	0.0	0.0	0.0	0.0	0.0	0.0	0.0	0.0	0.0	0.0	0.0	0.0	0.0	0.0	0.0	0.0	0.0	0.0	0.0	0.0	0.0	0.0	0.0	0.0	0.0	0.0	0.0	0.0	0.0	0.0	0.0	0.0	0.0	0.0	0.0	0.0	0.0	0.0	0.0	0.0	0.0	0.0	0.0	0.0	0.0	0.0	0.0
1494.2955642359543	-2.557517122889749	6.540893833874259	2232919.2332952493	2010.3121859393543	-8.305579076838967	4041355.084936265	68.98264380162523	1765.6349796132145	-0.2668281750802634	0.0711972750166637	3117466.8812337564	1826.6344874307551	2253.189285469055	0.998896	52.414722	0.2081198519015366	0.0909330054956209	0.1214773685	0.024652255	-0.0855643726	-0.050531295	0.1009100213	0.0967994942	0.0360352656	0.1071706342	0.0011950472	-0.0917472129	0.0402554186	0.0693032026	0.0176291106	-0.0803022219	-0.0198780978	-0.061456773	-0.0015646358	-0.0280673527	-0.0769513175	0.0187713124	-0.0287039183	0.0447034926	-0.0194336281	9.90681e-05	0.0664118907	-0.0345713765	-0.1033683272	-0.0626719494	0.0415061717	-0.0312088775	0.0030019699	-0.0615281933	0.0110811301	0.0448275254	-0.0786418943	0.0736957799	-0.0324269895	-0.0248241955	0.0698401994	0.1431638647944595	-0.0268447099740143	0.0007206384535889	0.0204958921828862	-0.0769113827192455	-0.0268872072565216	0.0059153607917862	0.0007229219140551	-0.1331075390117249	0.0561469072778706	0.0031524751968697	0.0177176169417578	-0.0098718024873301	-0.0004159435690625	1.7300905264445108e-07	9.745248434885676e-05	-0.0125401669426736	-0.0005057860724235	2.558195510575906e-07	0.0001572557869501	-0.0042591779040972	-0.0010430909063766	1.814059641874982e-05	1.088038638965557e-06	0.0	0.0	0.0	0.0	0.0	0.0	0.0	0.0	0.0	0.0	0.0	0.0	0.0	0.0	0.0	0.0	0.0	0.0	0.0	0.0	0.0	0.0	0.0	0.0	0.0	0.0	0.0	0.0	0.0	0.0	0.0	0.0	0.0	0.0	0.0	0.0	0.0	0.0	0.0	0.0	0.0	0.0	0.0	0.0	0.0	0.0	0.0	0.0	0.0	0.0	0.0	0.0	0.0	0.0	0.0	0.0	0.0	0.0	0.0	0.0	0.0	0.0	0.0	0.0	0.0	0.0	0.0	0.0	0.0	0.0	0.0	0.0	0.0	0.0	0.0	0.0	0.0	0.0	0.0	0.0	0.0	0.0	0.0	0.0	0.0	0.0	0.0	0.0	0.0	0.0	0.0	0.0	0.0	0.0	0.0	0.0	0.0	0.0	0.0	0.0
1483.070984117125	-11.224580118829408	125.9911988440204	2199499.543930137	2003.578408929366	-6.733777009988216	4014326.44072793	45.34375282024585	1755.0269778520633	-10.608001761151172	112.52970136458636	3080119.6929885466	1823.797801058599	2255.8777516495097	1.943041	101.956474	1.3976613591728628	0.7213633475671407	0.120779603	0.0378185327	-0.0916646101	-0.0436687296	0.0975463634	0.0973102891	0.0251546786	0.1096883774	0.0208382965	-0.0526762403	0.0434446705	0.054453298	-0.0274743036	-0.0437978798	-0.0075733296	-0.042801303	-0.0541745816	-0.0035944433	-0.02279531	0.0070316311	-0.0210965115	0.2003936959	-0.0294094867	-0.0350703662	0.0394450861	0.0562440722	-0.1276777743	-0.0696137024	-0.0739447168	0.026741467	0.0248142274	-0.0620868871	0.0127728206	0.0426618292	-0.0776534394	0.0754344479	-0.0370681691	-0.0190607341	0.066055961	-0.073079397991151	-0.2162432627856105	0.0467611487001666	0.005340598410749	-0.3945429198955139	-0.3176315371762683	0.1556641156396778	0.1008897934089591	0.104537040143569	0.2376445791552939	0.0564749460018967	0.0109279927619781	-0.0199033953068702	-0.0100315928195401	0.000100632854497	0.0003961451447415	-0.0101862113197281	0.0023539556229455	5.541107074796739e-06	0.0001037589010501	-0.004121886745469	0.0001372911586282	1.6989950342473023e-05	1.8848862237473662e-08	0.0	0.0	0.0	0.0	0.0	0.0	0.0	0.0	0.0	0.0	0.0	0.0	0.0	0.0	0.0	0.0	0.0	0.0	0.0	0.0	0.0	0.0	0.0	0.0	0.0	0.0	0.0	0.0	0.0	0.0	0.0	0.0	0.0	0.0	0.0	0.0	0.0	1.0	0.0	0.0	0.0	0.0	0.0	0.0	0.0	0.0	0.0	0.0	0.0	0.0	0.0	0.0	0.0	0.0	0.0	0.0	0.0	0.0	0.0	0.0	0.0	0.0	0.0	0.0	0.0	0.0	0.0	0.0	0.0	0.0	0.0	0.0	0.0	0.0	0.0	0.0	0.0	0.0	0.0	0.0	0.0	0.0	0.0	0.0	0.0	0.0	0.0	0.0	0.0	0.0	0.0	0.0	0.0	0.0	0.0	0.0	0.0	0.0	0.0	0.0
1480.4604220705123	-2.6105620466125856	6.815034199214091	2191763.0613171994	2017.179971429366	13.6015625	4069015.0371357785	185.00250244140625	1757.0045172797309	1.97753942766758	3.9106621879798182	3087064.87374138	1813.46206803406	2141.045809359984	2.513616	131.896042	0.8024712789716062	0.4415404277640336	0.0829671366	0.0137442547	-0.1021857618	-0.0380408324	0.1097712904	0.1044403419	0.0282397907	0.0877968764	0.0294653367	0.0352641307	0.0215631186	0.0678507817	-0.0944075997	0.0340638171	-0.0196767041	0.0302571761	-0.0466026859	-0.0279541142	0.070671076	0.1024195778	-0.1742100854	0.3163534269	-0.0073844779	-0.042415485	-0.1478538848	0.1164145987	-0.1722362472	-0.2516577106	-0.2084302093	0.1260359772	0.0559501881	-0.0626387723	0.0144589085	0.0404540309	-0.076528754	0.0769663555	-0.0415630576	-0.0131948967	0.0618083875	0.0436832155125443	0.1167626135036953	0.0136335079122133	0.0019082233175153	-0.2424126708855567	0.1521302490099571	0.0587639030058692	0.0231436126638315	0.1051678750773277	0.0006308349337586	3.979527136503335e-07	0.0110602819482804	-0.0273923212050481	-0.0074889258981779	5.608401110839968e-05	0.0007503392610005	-0.010897446428626	-0.0007112351088978	5.058553801290058e-07	0.0001187543386647	-0.0016630961220609	0.0024587906234081	2.765888711214004e-06	6.045651329759593e-06	0.0	0.0	0.0	0.0	0.0	0.0	0.0	0.0	0.0	0.0	0.0	0.0	0.0	0.0	0.0	0.0	0.0	0.0	0.0	0.0	0.0	0.0	0.0	0.0	0.0	0.0	0.0	0.0	0.0	0.0	0.0	0.0	0.0	0.0	0.0	0.0	0.0	0.0	1.0	0.0	0.0	0.0	0.0	0.0	0.0	0.0	0.0	0.0	0.0	0.0	0.0	0.0	0.0	0.0	0.0	0.0	0.0	0.0	0.0	0.0	0.0	0.0	0.0	0.0	0.0	0.0	0.0	0.0	0.0	0.0	0.0	0.0	0.0	0.0	0.0	0.0	0.0	0.0	0.0	0.0	0.0	0.0	0.0	0.0	0.0	0.0	0.0	0.0	0.0	0.0	0.0	0.0	0.0	0.0	0.0	0.0	0.0	0.0	0.0	0.0
1273.7683168386477	-206.69210523186464	42721.62636518019	1622485.7249819615	1466.254128371613	-550.9258430577531	2149901.1689667986	303519.284548896	1286.2252797705496	-470.77923750918126	221633.0904697261	1654375.4703208285	1379.352488597034	1291.3715165829117	6.508124	341.498444	18.392631339003472	11.087354231296189	-0.1980906517	0.0039553625	0.2587268687	-0.016549018	-0.2217622599	-0.224053032	-0.0252320189	-0.1947514518	-0.0479489088	0.0754566941	-0.0629672352	0.0168068638	-0.0738448065	0.0284103307	-0.0835009694	0.1614522001	-0.0964821942	0.0203405198	0.1957045518	-0.2868036362	0.1060650515	0.1296524368	0.1025444822	-0.1978123018	-0.0223103578	-0.3476374882	0.1105194571	-0.0062961801	-0.2822299222	-0.2833093102	-0.2114996813	-0.0631837885	0.0161386543	0.0382063093	-0.0752698111	0.0782873035	-0.0458939156	-0.0072581889	0.0571272725	-0.8745037480451145	-0.9181869635576588	0.8430673000472335	0.7647568053449532	1.3000961025939262	1.542508773479483	1.6902498759799165	2.3793333162611785	5.684633978219438	5.57946610314211	31.1304419961118	32.315063466326954	-0.2203242613855118	-0.1929319401804637	0.037222733541798	0.0485427801550713	-0.0019412357622006	0.0089562106664253	8.021370950139209e-05	3.7683962844465446e-06	0.0034981430075344	0.0051612391295953	1.2237004501161818e-05	2.663838935286565e-05	0.0	0.0	0.0	0.0	0.0	0.0	0.0	0.0	0.0	0.0	0.0	0.0	0.0	0.0	0.0	0.0	0.0	0.0	0.0	0.0	0.0	0.0	0.0	0.0	0.0	0.0	0.0	0.0	0.0	0.0	0.0	0.0	0.0	0.0	0.0	0.0	0.0	0.0	0.0	1.0	0.0	0.0	0.0	0.0	0.0	0.0	0.0	0.0	0.0	0.0	0.0	0.0	0.0	0.0	0.0	0.0	0.0	0.0	0.0	0.0	0.0	0.0	0.0	0.0	0.0	0.0	0.0	0.0	0.0	0.0	0.0	0.0	0.0	0.0	0.0	0.0	0.0	0.0	0.0	0.0	0.0	0.0	0.0	0.0	0.0	0.0	0.0	0.0	0.0	0.0	0.0	0.0	0.0	0.0	0.0	0.0	0.0	0.0	0.0	0.0
1250.3559874009932	-23.41232943765453	548.1371696972651	1563390.0952295123	1502.076222286949	35.82209391533593	2256232.9775598315	1283.2224124791471	1262.721589673686	-23.503690096863693	552.4234481694084	1594465.8130280403	1353.677472458078	1202.3711739886892	2.742701	143.916779	1.5513552158530703	0.5611156689549984	-0.2237816979	-0.0107954526	0.2413352107	-0.0057609161	-0.2469489406	-0.246076943	-0.0254876781	-0.2219848078	-0.0798256099	0.0984483806	0.1205153837	-0.036473546	-0.043580197	0.0476817321	-0.0110712817	0.0637064294	-0.0088824422	0.0315750863	0.1033054001	-0.1185610211	-0.1249300983	0.1122229756	0.0614645601	0.0937882223	0.0250081862	-0.143921397	0.0859178017	0.0365943066	-0.066857997	-0.165627681	0.0131029088	-0.0637218759	0.0178113211	0.0359208828	-0.0738788195	0.0793936715	-0.0500436514	-0.0012824971	0.0520454508	-0.8341635719841918	0.0403401760609227	0.0016273298046262	0.6958288648254259	1.6437902716173198	0.3436941690233936	2.702046457063742	0.1181256818206811	6.2740034753439815	0.5893694971245438	0.3473564041408376	39.36311960862836	-0.2267040859590722	-0.0063798245735604	4.070216158940514e-05	0.0513947425905384	-0.0015289208278526	0.000412314934348	1.7000360508639558e-07	2.33759889784148e-06	0.0082650309725102	0.0047668879649758	6.83107369765529e-05	2.2723220870631123e-05	0.0	0.0	0.0	0.0	0.0	0.0	0.0	0.0	0.0	0.0	0.0	0.0	0.0	0.0	0.0	0.0	0.0	0.0	0.0	0.0	0.0	0.0	0.0	0.0	0.0	0.0	0.0	0.0	0.0	0.0	0.0	0.0	0.0	0.0	0.0	0.0	0.0	0.0	0.0	0.0	1.0	0.0	0.0	0.0	0.0	0.0	0.0	0.0	0.0	0.0	0.0	0.0	0.0	0.0	0.0	0.0	0.0	0.0	0.0	0.0	0.0	0.0	0.0	0.0	0.0	0.0	0.0	0.0	0.0	0.0	0.0	0.0	0.0	0.0	0.0	0.0	0.0	0.0	0.0	0.0	0.0	0.0	0.0	0.0	0.0	0.0	0.0	0.0	0.0	0.0	0.0	0.0	0.0	0.0	0.0	0.0	0.0	0.0	0.0	0.0
1330.393090079512	80.03710267851875	6405.937805171753	1769945.7741313125	1623.2446918728986	121.16846958594964	2634923.3296935414	14681.798021801204	1458.8009844396868	196.0793947660009	38447.1290518012	2128100.3122022	1529.505852264481	1346.51698067405	4.145045	217.501465	5.436151352284687	3.128459534728852	-0.1417830156	0.0179628051	0.1495737685	0.0852043482	-0.0787930168	-0.0887552668	-0.0546480177	-0.1421193381	0.021611574	0.0222207582	-0.1806448532	0.1240318813	0.020051828	0.0386822444	-0.3451218634	0.2418553713	-0.0313129192	-0.0767765758	0.1580442145	0.0443563286	-0.0128368664	0.1155169266	-0.1352977234	0.0543857107	0.0078308596	-0.3006076593	0.2203673998	-0.2115979287	0.1569787128	0.1169345283	-0.118043812	-0.0642529755	0.0194761753	0.0336000067	-0.0723582192	0.080282427	-0.0539958877	0.0047000831	0.0465985677	-0.4860762178184359	0.3480873541657558	0.1211648061301163	0.2362700895286755	1.948813730037316	0.3050234584199962	3.797874954381957	0.0930393101864951	3.870176636857522	-2.4038268384864594	5.778383469427807	14.9782672004778	-0.1894188592659205	0.0372852266931517	0.0013901881295597	0.0358795042456026	-0.0002897700663366	0.001239150761516	1.5354946097656828e-06	8.396669134471757e-08	-0.0007948655970716	-0.0090598965695818	6.318113174079912e-07	8.208172585152006e-05	0.0	0.0	0.0	0.0	0.0	0.0	0.0	0.0	0.0	0.0	0.0	0.0	0.0	0.0	0.0	0.0	0.0	0.0	0.0	0.0	0.0	0.0	0.0	0.0	0.0	0.0	0.0	0.0	0.0	0.0	0.0	0.0	0.0	0.0	0.0	0.0	0.0	0.0	0.0	0.0	0.0	1.0	0.0	0.0	0.0	0.0	0.0	0.0	0.0	0.0	0.0	0.0	0.0	0.0	0.0	0.0	0.0	0.0	0.0	0.0	0.0	0.0	0.0	0.0	0.0	0.0	0.0	0.0	0.0	0.0	0.0	0.0	0.0	0.0	0.0	0.0	0.0	0.0	0.0	0.0	0.0	0.0	0.0	0.0	0.0	0.0	0.0	0.0	0.0	0.0	0.0	0.0	0.0	0.0	0.0	0.0	0.0	0.0	0.0	0.0
1449.3522620379213	118.95917195840934	14151.284593030405	2100621.9794744398	2009.9154025693483	386.67071069644976	4039759.9254855057	149514.23851049755	1727.3472511226296	268.5462666829428	72117.09734934624	2983728.5259609045	1800.5429839703538	1899.9187366572287	5.170279	271.298157	8.062899251988947	4.051893600432812	0.0092802373	0.1506866311	-0.1092573813	0.1017075075	0.1008550413	0.1006590652	-0.0670305328	-0.0018735968	0.2249935118	0.2804715057	-0.1764666477	0.0204750436	0.1925054251	0.0209794757	0.1363410889	-0.0996281343	-0.0786065138	-0.0348186256	-0.0604431483	-0.0707659335	0.1315083462	0.0636158974	0.0077769281	0.1498950925	-0.0175902017	0.0603818252	0.0556512661	0.0227237108	-0.0082948665	-0.0282729193	-0.0098506315	-0.064777029	0.0211324865	0.0312459714	-0.0707106781	0.0809511339	-0.0577350269	0.010657419	0.040824829	-0.1198431964862152	0.3662330213322207	0.1341266259141268	0.0143623917440335	0.4004339367781853	-1.5483797932591308	0.1603473377236756	2.3974799841731884	2.059413340984136	-1.810763295873386	3.2788637136822474	4.241183309023442	-0.1150706560838341	0.0743482031820864	0.0055276553164048	0.013241255891564	-0.0109716269091761	-0.0106818568428395	0.0001141020656109	0.0001203765970341	-0.0025152684026299	-0.0017204028055583	6.326575137268369e-06	2.959785813372869e-06	0.0	0.0	0.0	0.0	0.0	0.0	0.0	0.0	0.0	0.0	0.0	0.0	0.0	0.0	0.0	0.0	0.0	0.0	0.0	0.0	0.0	0.0	0.0	0.0	0.0	0.0	0.0	0.0	0.0	0.0	0.0	0.0	0.0	0.0	0.0	0.0	0.0	0.0	0.0	0.0	0.0	0.0	1.0	0.0	0.0	0.0	0.0	0.0	0.0	0.0	0.0	0.0	0.0	0.0	0.0	0.0	0.0	0.0	0.0	0.0	0.0	0.0	0.0	0.0	0.0	0.0	0.0	0.0	0.0	0.0	0.0	0.0	0.0	0.0	0.0	0.0	0.0	0.0	0.0	0.0	0.0	0.0	0.0	0.0	0.0	0.0	0.0	0.0	0.0	0.0	0.0	0.0	0.0	0.0	0.0	0.0	0.0	0.0	0.0	0.0
1434.900159559489	-14.452102478432153	208.8632660471048	2058938.4679038476	1997.3280998906	-12.5873026787483	3989319.538612595	158.44018872642417	1719.4096309303218	-7.937620192307804	63.005814317332586	2956369.4789359453	1786.7138899411602	1791.7770479765804	1.582399	83.032661	0.6003330494262683	0.22801515067432	-0.0042744293	0.1166117913	-0.110984639	0.0757696163	0.104652728	0.1026431537	-0.0539929551	-0.0044729982	0.1879350671	0.275960502	-0.1639309158	0.0388684202	0.1634232553	0.0533614812	0.0966621647	-0.0742021228	-0.058330253	-0.0456698374	-0.0461660379	0.0050750333	-0.0103418737	0.0654706097	0.0601252272	0.0798141816	0.0022008156	0.006758018	0.0354812207	-0.015491003	-0.0139429972	0.0053163851	0.0371611397	-0.0652939789	0.0227795284	0.0288611001	-0.0689390864	0.0813979594	-0.0612463124	0.0165575133	0.0347647336	-0.1042505981941133	0.0155925982921019	0.0002431291214988	0.0108681872238304	0.2804297636680957	-0.1200041731100896	0.078640852350944	0.0144010015638363	2.197271618015023	0.1378582770308867	0.0190049045459247	4.828002563334357	-0.11279159758846	0.0022790584953741	5.194107625336872e-06	0.012721944486557	-0.0135181636503942	-0.002546536741218	6.484849374373697e-06	0.0001827407484788	-0.0008033036193583	0.0017119647832716	6.452967048741446e-07	2.930823419162177e-06	0.0	0.0	0.0	0.0	0.0	0.0	0.0	0.0	0.0	0.0	0.0	0.0	0.0	0.0	0.0	0.0	0.0	0.0	0.0	0.0	0.0	0.0	0.0	0.0	0.0	0.0	0.0	0.0	0.0	0.0	0.0	0.0	0.0	0.0	0.0	0.0	0.0	0.0	0.0	0.0	0.0	0.0	0.0	1.0	0.0	0.0	0.0	0.0	0.0	0.0	0.0	0.0	0.0	0.0	0.0	0.0	0.0	0.0	0.0	0.0	0.0	0.0	0.0	0.0	0.0	0.0	0.0	0.0	0.0	0.0	0.0	0.0	0.0	0.0	0.0	0.0	0.0	0.0	0.0	0.0	0.0	0.0	0.0	0.0	0.0	0.0	0.0	0.0	0.0	0.0	0.0	0.0	0.0	0.0	0.0	0.0	0.0	0.0	0.0	0.0
1455.992151204985	21.09199164549591	444.87211157366926	2119913.14437052	2028.1406582216675	30.81255833106752	4113354.529531819	949.4137509054384	1738.2745940901275	18.86496315980571	355.8868350208267	3021598.5644591977	1810.5198207057688	1908.5273029587488	1.485479	77.94699099999998	0.3253011986411397	0.1532549697588034	0.0269334772	0.1440282386	-0.1316008251	0.0635281729	0.1180915696	0.1182451939	-0.0520415839	0.0186122082	0.2147072922	0.2856234112	-0.1652875677	0.0170457744	0.1903961135	0.0431483103	0.1470665114	-0.107945439	-0.071006669	-0.0390320103	-0.0917288988	-0.065616186	0.1260146784	0.0649213372	0.033886998	0.1547920717	-0.018615548	0.0408113107	0.0648622746	0.0003129544	-0.0017843404	-0.0131575082	-0.0335643188	-0.0658037687	0.0244165784	0.0264477464	-0.0670465522	0.0816216788	-0.0645158866	0.0223686765	0.0284607885	-0.0894465967263187	0.0148040014677945	0.0002191584594584	0.0080006936659206	0.2394392168061756	-0.04099054686192	0.0573311385447547	0.0016802249320392	2.066967255232953	-0.1303043627820699	0.0169792269600412	4.272353634205247	-0.1107769806161532	0.0020146169723068	4.058681545106623e-06	0.0122715394344315	-0.0128787053870789	0.0006394582633153	4.089068705222207e-07	0.0001658610524471	-0.0009332741343233	-0.0001299705149649	8.71000609796905e-07	1.6892334760267283e-08	0.0	0.0	0.0	0.0	0.0	0.0	0.0	0.0	0.0	0.0	0.0	0.0	0.0	0.0	0.0	0.0	0.0	0.0	0.0	0.0	0.0	0.0	0.0	0.0	0.0	0.0	0.0	0.0	0.0	0.0	0.0	0.0	0.0	0.0	0.0	0.0	0.0	0.0	0.0	0.0	0.0	0.0	0.0	0.0	0.0	0.0	0.0	0.0	0.0	0.0	0.0	0.0	0.0	0.0	0.0	0.0	0.0	0.0	0.0	0.0	0.0	0.0	0.0	0.0	0.0	0.0	0.0	0.0	0.0	0.0	0.0	0.0	0.0	0.0	0.0	0.0	0.0	0.0	0.0	0.0	0.0	0.0	0.0	0.0	0.0	0.0	0.0	0.0	0.0	0.0	0.0	0.0	0.0	0.0	0.0	0.0	0.0	0.0	0.0	0.0
1401.7289954182431	-54.26315578674189	2944.49007593622	1964844.176596237	1990.1539128943327	-37.9867453273348	3960712.597008623	1442.9928205637923	1671.6923569116836	-66.58223717844385	4433.19430768655	2794555.33615694	1748.8564512891794	1623.7114229462363	3.544564	185.992615	3.836262998504867	2.212335591619916	-0.0292307562	0.0462260135	-0.0866742655	0.1205242187	0.0802644246	0.0805004685	-0.0436955981	-0.0389796182	0.1552644152	0.1305922165	-0.1817135897	0.0388427087	0.1212034997	-0.1132756879	0.0084346717	-0.0191557427	-0.028269746	-0.01151733	0.1649030158	0.1472596647	-0.3194806796	-0.0519924798	0.0797471064	-0.2079117755	0.1115853155	-0.0835617171	-0.1262654544	0.0633459587	0.0214630842	0.0051165773	0.2493916581	-0.0663063423	0.0260429185	0.024008292	-0.0650363955	0.0816216788	-0.0675308461	0.0280596966	0.0219572114	-0.3097967582399263	-0.2203501615136076	0.0485541936790729	0.0959740314159673	-0.0404736053826724	-0.279912822188848	0.0016381127326722	0.0783511880257256	3.391368528149158	1.3244012729162051	1.7540387317020645	11.501380493720587	-0.1422894267558346	-0.0315124461396814	0.0009930342617063	0.020246280966504	-0.0111469425103589	0.00173176287672	2.9990026611855297e-06	0.0001242543273292	0.0060544916869994	0.0069877658213227	3.6656869587944833e-05	4.882887117364571e-05	0.0	0.0	0.0	0.0	0.0	0.0	0.0	0.0	0.0	0.0	0.0	0.0	0.0	0.0	0.0	0.0	0.0	0.0	0.0	0.0	0.0	0.0	0.0	0.0	0.0	0.0	0.0	0.0	0.0	0.0	0.0	0.0	0.0	0.0	0.0	0.0	0.0	0.0	0.0	0.0	0.0	0.0	0.0	0.0	1.0	0.0	0.0	0.0	0.0	0.0	0.0	0.0	0.0	0.0	0.0	0.0	0.0	0.0	0.0	0.0	0.0	0.0	0.0	0.0	0.0	0.0	0.0	0.0	0.0	0.0	0.0	0.0	0.0	0.0	0.0	0.0	0.0	0.0	0.0	0.0	0.0	0.0	0.0	0.0	0.0	0.0	0.0	0.0	0.0	0.0	0.0	0.0	0.0	0.0	0.0	0.0	0.0	0.0	0.0	0.0
1266.4631656137483	-135.26582980449484	18296.844712698567	1603928.9498563963	1586.4933881156053	-403.66052477872745	2516961.2705345326	162941.81926463763	1289.9001483428171	-381.7922085688665	145765.29052389285	1663842.3926948216	1395.9970048813136	1218.425779347528	5.443257	285.62204	13.970439711040196	5.6706537618361565	-0.1871082196	-0.015668226	0.1817272623	-0.021533622	-0.1974780146	-0.191866	-0.0214744004	-0.1728731678	-0.08308047	0.0966748883	0.1141022901	-0.0984219379	-0.0772364023	-0.0657419098	0.0945216111	0.1599512564	-0.0865249799	-0.208558539	-0.1342824033	-0.0842441075	-0.1665737494	-0.0461949106	-0.1394392727	-0.0236411769	0.0523396274	0.119643259	0.0508183015	0.0512407422	0.0263816805	0.2304409873	-0.0856607607	-0.0668016447	0.0276578354	0.0215451443	-0.0629121428	0.0813979594	-0.0702792922	0.0336000067	0.0152996203	-0.4288618944926128	-0.1190651362526865	0.0141765066708708	0.1839225245477929	3.405610496063148	3.446084101445821	11.598182850895482	11.875495634237648	6.864556839427991	3.4731883112788333	12.063037045603911	47.12214060173761	-0.2409342704904415	-0.0986448437346068	0.009730805195425	0.0580493226967612	0.0118392317223743	0.0229861742327332	0.0005283642058575	0.000140167407776	0.0230655169609164	0.017011025273917	0.0005320180726743	0.0002893749808698	0.0	0.0	0.0	0.0	0.0	0.0	0.0	0.0	0.0	0.0	0.0	0.0	0.0	0.0	0.0	0.0	0.0	0.0	0.0	0.0	0.0	0.0	0.0	0.0	0.0	0.0	0.0	0.0	0.0	0.0	0.0	0.0	0.0	0.0	0.0	0.0	0.0	0.0	0.0	0.0	0.0	0.0	0.0	0.0	0.0	1.0	0.0	0.0	0.0	0.0	0.0	0.0	0.0	0.0	0.0	0.0	0.0	0.0	0.0	0.0	0.0	0.0	0.0	0.0	0.0	0.0	0.0	0.0	0.0	0.0	0.0	0.0	0.0	0.0	0.0	0.0	0.0	0.0	0.0	0.0	0.0	0.0	0.0	0.0	0.0	0.0	0.0	0.0	0.0	0.0	0.0	0.0	0.0	0.0	0.0	0.0	0.0	0.0	0.0	0.0
1277.9344037606184	11.471238146870064	131.58930462220695	1633116.3403150071	1644.7555101611947	58.26212204558942	2705220.688205612	3394.474865255157	1310.7674297887036	20.86728144588642	435.4434349418356	1718111.254994884	1419.2251782357243	1248.1760157726028	1.670014	87.630043	1.1414920672280788	0.4056706409129294	-0.1715010109	-0.0182242385	0.1516899175	0.0357758519	-0.1885232361	-0.1811944032	-0.0295721405	-0.1666902222	-0.0897952689	0.0846352224	0.1138624843	-0.1043497976	-0.056260792	-0.0772569176	0.0580094726	0.0936578816	-0.0643152608	-0.1589495093	-0.1160225962	-0.0555720628	-0.0567553425	-0.0612883331	-0.0840019687	-0.0481049553	0.0439996216	0.1253418773	0.0006474462	0.064220689	-0.0048448953	0.1015921127	-0.0440171561	-0.0672896215	0.0292606206	0.0190607341	-0.0606775209	0.0809511339	-0.0727503781	0.0389598496	0.0085347133	-0.300813242656929	0.1280486518356838	0.0163964572369361	0.0904886069577764	2.963603062084601	-0.4420074339785471	8.782943109597223	0.1953705716922997	6.624284332877274	-0.2402725065507178	0.0577308774041647	43.881142922803306	-0.2347130074366789	0.0062212630537626	3.870411398411168e-05	0.0550901958599704	0.0121132729934336	0.0002740412710593	7.509861824379725e-08	0.0001467313826134	0.0231934821333571	0.0001279651724407	0.0005379376134703	1.6375085357778425e-08	0.0	0.0	0.0	0.0	0.0	0.0	0.0	0.0	0.0	0.0	0.0	0.0	0.0	0.0	0.0	0.0	0.0	0.0	0.0	0.0	0.0	0.0	0.0	0.0	0.0	0.0	0.0	0.0	0.0	0.0	0.0	0.0	0.0	0.0	0.0	0.0	0.0	0.0	0.0	0.0	0.0	0.0	0.0	0.0	0.0	0.0	1.0	0.0	0.0	0.0	0.0	0.0	0.0	0.0	0.0	0.0	0.0	0.0	0.0	0.0	0.0	0.0	0.0	0.0	0.0	0.0	0.0	0.0	0.0	0.0	0.0	0.0	0.0	0.0	0.0	0.0	0.0	0.0	0.0	0.0	0.0	0.0	0.0	0.0	0.0	0.0	0.0	0.0	0.0	0.0	0.0	0.0	0.0	0.0	0.0	0.0	0.0	0.0	0.0	0.0
1270.6727466629825	-7.261657097635862	52.73166380364528	1614609.2291120482	1602.9942503337618	-41.76125982743292	2569590.566603099	1744.002822374363	1291.683924891806	-19.083504896897463	364.1801591499096	1668447.361823901	1394.9481149188216	1225.0791438883002	1.524216	79.97965999999998	0.4922516533822883	0.2938571853507701	-0.1719995189	-0.0347950463	0.1653462282	-0.0156193725	-0.1932810488	-0.1876233425	-0.0188577316	-0.1697962436	-0.098090347	0.095090986	0.1293536307	-0.1104974706	-0.0612975545	-0.0835715417	0.0445511852	0.0898530523	-0.05202404	-0.1735890399	-0.1370537527	-0.0466448882	-0.1199005339	-0.045543805	-0.0621225947	0.0260041819	0.0238084562	0.0728257412	0.0078671314	0.0241549032	0.0531831943	0.1077983295	0.0061657877	-0.0677702193	0.0308505711	0.0165575133	-0.05833645	0.080282427	-0.0749343514	0.0441104375	0.0017099414	-0.3634997067932346	-0.0626864641363056	0.0039295927859123	0.1321320368387675	2.682158010012131	-0.28144505207247	7.193971590672234	0.0792113173360753	6.728591653989781	0.1043073211125076	0.0108800172376677	45.27394564614094	-0.2340932059664864	0.0006198014701924	3.8415386245278346e-07	0.0547996290796678	0.0123203295346538	0.0002070565412201	4.287241126207216e-08	0.0001517905198424	0.0231440838235497	-4.939830980740106e-05	0.0005356486160314	2.440193011827976e-09	0.0	0.0	0.0	0.0	0.0	0.0	0.0	0.0	0.0	0.0	0.0	0.0	0.0	0.0	0.0	0.0	0.0	0.0	0.0	0.0	0.0	0.0	0.0	0.0	0.0	0.0	0.0	0.0	0.0	0.0	0.0	0.0	0.0	0.0	0.0	0.0	0.0	0.0	0.0	0.0	0.0	0.0	0.0	0.0	0.0	0.0	0.0	1.0	0.0	0.0	0.0	0.0	0.0	0.0	0.0	0.0	0.0	0.0	0.0	0.0	0.0	0.0	0.0	0.0	0.0	0.0	0.0	0.0	0.0	0.0	0.0	0.0	0.0	0.0	0.0	0.0	0.0	0.0	0.0	0.0	0.0	0.0	0.0	0.0	0.0	0.0	0.0	0.0	0.0	0.0	0.0	0.0	0.0	0.0	0.0	0.0	0.0	0.0	0.0	0.0
1270.952395853568	0.2796491905855873	0.0782036697951741	1615319.9925259247	1603.95103918148	0.956788847718144	2572658.936091349	0.915444899117814	1279.5043999565971	-12.179524935208974	148.34082764737715	1637131.5095082915	1385.6114834417924	1248.842591342059	1.270869	66.685875	0.5810054591325083	0.2511564434283198	-0.1618162907	-0.024454202	0.1637475558	-0.0004454036	-0.1994980844	-0.1932842068	-0.0077727738	-0.1601898186	-0.0935057576	0.0728200107	0.1159468602	-0.1069819937	-0.0527134315	-0.0792308746	0.0507304797	0.0573571652	-0.0424586563	-0.1223157371	-0.1033107821	-0.0711145204	-0.0308169365	-0.0565703628	-0.0388330683	-0.0236440532	0.0122575102	0.0635663709	-0.0006816154	0.0323317291	-0.0142070689	0.0071388077	0.0072971061	-0.0682433853	0.0324269895	0.0140379523	-0.0558930371	0.0793936715	-0.0768225931	0.0490241061	-0.0051268245	-0.3666955200766608	-0.0031958132834261	1.0213222542523116e-05	0.1344656044442927	2.411684400270147	-0.270473609741984	5.816221646506379	0.073155973566859	6.805733233955905	0.0771415799661241	0.0059508233596699	46.3180048517719	-0.2332349356533293	0.000858270313157	7.366279304467486e-07	0.0543985352092126	0.0089401492606169	-0.0033801802740369	1.1425618684988176e-05	7.992626880210889e-05	0.0227786452879242	-0.0003654385356255	0.000518866681153	1.335453233201109e-07	0.0	0.0	0.0	0.0	0.0	0.0	0.0	0.0	0.0	0.0	0.0	0.0	0.0	0.0	0.0	0.0	0.0	0.0	0.0	0.0	0.0	0.0	0.0	0.0	0.0	0.0	0.0	0.0	0.0	0.0	0.0	0.0	0.0	0.0	0.0	0.0	0.0	0.0	0.0	0.0	0.0	0.0	0.0	0.0	0.0	0.0	0.0	0.0	1.0	0.0	0.0	0.0	0.0	0.0	0.0	0.0	0.0	0.0	0.0	0.0	0.0	0.0	0.0	0.0	0.0	0.0	0.0	0.0	0.0	0.0	0.0	0.0	0.0	0.0	0.0	0.0	0.0	0.0	0.0	0.0	0.0	0.0	0.0	0.0	0.0	0.0	0.0	0.0	0.0	0.0	0.0	0.0	0.0	0.0	0.0	0.0	0.0	0.0	0.0	0.0
1308.9060646298772	37.95366877630909	1440.4809735817794	1713235.0860248725	1645.4387543110909	41.48771512961093	2707468.694188834	1721.2305066757478	1354.499450540135	74.99505058353793	5624.257612027413	1834668.761513528	1458.2612109532583	1372.5205699422145	3.107144	163.040039	5.210497678834279	2.0838384217017887	-0.1287267123	-0.0065101446	0.130603754	0.0697004515	-0.1471213245	-0.1411399955	-0.0441461424	-0.1244663086	-0.0202141452	-0.0622400237	-0.0296835772	0.0409977743	0.0874977492	0.0620475431	0.0436441927	-0.0373131179	0.0143912615	0.1410228369	0.1600776293	0.2210599976	0.24281203	-0.0548140805	-0.2048161655	-0.2755136756	0.1306247486	0.2334998058	0.1014797196	0.158445823	-0.2380635976	0.0676283278	-0.1386673792	-0.0687090676	0.0339891844	0.0115045374	-0.0533515689	0.0782873035	-0.0784076511	0.0536744641	-0.0119276293	-0.5242729557000843	-0.1575774356234234	0.0248306482176541	0.2748621320785025	1.2697255773468186	-1.1419588229233284	1.6122030417687117	1.3040699532524338	5.206956146897774	-1.5987770870581317	2.556088174102084	27.112392315716512	-0.2009089983325476	0.0323259373207817	0.0010449662236671	0.0403644256109876	-0.0005129748191403	-0.0094531240797572	8.936155486728539e-05	2.631431650720235e-07	0.0183140200238752	-0.0044646252640489	0.0003354033294349	1.9932878748384583e-05	0.0	0.0	0.0	0.0	0.0	0.0	0.0	0.0	0.0	0.0	0.0	0.0	0.0	0.0	0.0	0.0	0.0	0.0	0.0	0.0	0.0	0.0	0.0	0.0	0.0	0.0	0.0	0.0	0.0	0.0	0.0	0.0	0.0	0.0	0.0	0.0	0.0	0.0	0.0	0.0	0.0	0.0	0.0	0.0	0.0	0.0	0.0	0.0	0.0	1.0	0.0	0.0	0.0	0.0	0.0	0.0	0.0	0.0	0.0	0.0	0.0	0.0	0.0	0.0	0.0	0.0	0.0	0.0	0.0	0.0	0.0	0.0	0.0	0.0	0.0	0.0	0.0	0.0	0.0	0.0	0.0	0.0	0.0	0.0	0.0	0.0	0.0	0.0	0.0	0.0	0.0	0.0	0.0	0.0	0.0	0.0	0.0	0.0	0.0	0.0
1306.8881424485796	-2.017922181297536	4.072009929772604	1707956.616872699	1706.9033199262014	61.46456561511059	2913518.9435750884	3777.8928262542345	1371.6084597074068	17.10900916727178	292.7181946857898	1881309.766740925	1471.601803277542	1369.9574996601452	1.849014	97.022659	0.2565934218125199	0.1350080863196817	-0.1189227545	-0.0212412154	0.097217082	0.1068213099	-0.1361367332	-0.131142664	-0.0235956827	-0.1244565236	-0.0330367365	-0.0477749397	-0.0285302523	0.0326396452	0.0698760969	0.0453532065	0.0167303919	-0.0561876185	0.0259205648	0.11071153	0.159148732	0.2473455006	0.1678830646	-0.0349248951	-0.1177784207	-0.2312538603	0.1190346441	0.1718857233	0.077835301	0.097590824	-0.1742379769	0.0583016295	-0.0498897209	-0.0691672152	0.0355364705	0.008959769	-0.0507165039	0.0769663555	-0.0796832699	0.058036534	-0.0186447705	-0.4429322951589967	0.0813406605410875	0.0066163030572604	0.1961890180948165	1.2482583423987137	-0.0214672349481048	1.5581488893679845	0.0004608421763171	5.273936170258807	0.0669800233610331	0.0044863235294445	27.814402727964133	-0.1997258817324891	0.0011831166000585	1.3997648893340195e-06	0.0398904278338202	-6.693145229252906e-05	0.0004460433668477	1.989546851088952e-07	4.479819305987093e-09	0.0184209701162148	0.0001069500923395	0.0003393321400224	1.1438322251448807e-08	0.0	0.0	0.0	0.0	0.0	0.0	0.0	0.0	0.0	0.0	0.0	0.0	0.0	0.0	0.0	0.0	0.0	0.0	0.0	0.0	0.0	0.0	0.0	0.0	0.0	0.0	0.0	0.0	0.0	0.0	0.0	0.0	0.0	0.0	0.0	0.0	0.0	0.0	0.0	0.0	0.0	0.0	0.0	0.0	0.0	0.0	0.0	0.0	0.0	0.0	1.0	0.0	0.0	0.0	0.0	0.0	0.0	0.0	0.0	0.0	0.0	0.0	0.0	0.0	0.0	0.0	0.0	0.0	0.0	0.0	0.0	0.0	0.0	0.0	0.0	0.0	0.0	0.0	0.0	0.0	0.0	0.0	0.0	0.0	0.0	0.0	0.0	0.0	0.0	0.0	0.0	0.0	0.0	0.0	0.0	0.0	0.0	0.0	0.0	0.0
1279.7669496457568	-27.12119280282286	735.5590990478905	1637803.445405605	1600.4070697253264	-106.496250200875	2561302.788826806	11341.451306847372	1298.6311778793986	-72.97728182800824	5325.683663004543	1686442.9361604345	1397.4392800319106	1260.9555136713116	3.0272	158.845184	3.134255703961798	1.4880934309083909	-0.150330898	-0.0372964903	0.1563493133	-0.0100026327	-0.174847227	-0.1732826273	-0.0052926554	-0.1540286424	-0.1043053677	0.0470287702	0.1200802779	-0.0971897621	-0.0361739281	-0.0571476293	0.0095931497	-0.0289899696	0.0059520148	-0.0329946483	-0.0649832893	0.0294324049	0.0409184545	-0.0197451205	0.0020051257	0.0362595267	-0.027224832	0.0105732305	-0.0385950632	-0.0539373867	0.0375203434	-0.0328703302	0.0173384147	-0.0696177779	0.0370681691	0.0064061583	-0.0479924649	0.0754344479	-0.0806444153	0.0620868871	-0.0252311319	-0.4438661496171221	-0.0009338544581254	8.720841489607559e-07	0.1970171587759294	1.8873576718785188	0.6390993294798051	3.5621189815987027	0.4084479529415364	6.115222002165538	0.8412858319067311	0.7077618509670006	37.39594013576949	-0.2251002637396011	-0.025374382007112	0.0006438592622428	0.0506701287356379	0.0058117554539875	0.00587868690628	3.4558959742068265e-05	3.377650145695346e-05	0.0202266349651655	0.0018056648489507	0.000409116762014	3.260425546736154e-06	0.0	0.0	0.0	0.0	0.0	0.0	0.0	0.0	0.0	0.0	0.0	0.0	0.0	0.0	0.0	0.0	0.0	0.0	0.0	0.0	0.0	0.0	0.0	0.0	0.0	0.0	0.0	0.0	0.0	0.0	0.0	0.0	0.0	0.0	0.0	0.0	0.0	0.0	0.0	0.0	0.0	0.0	0.0	0.0	0.0	0.0	0.0	0.0	0.0	0.0	0.0	1.0	0.0	0.0	0.0	0.0	0.0	0.0	0.0	0.0	0.0	0.0	0.0	0.0	0.0	0.0	0.0	0.0	0.0	0.0	0.0	0.0	0.0	0.0	0.0	0.0	0.0	0.0	0.0	0.0	0.0	0.0	0.0	0.0	0.0	0.0	0.0	0.0	0.0	0.0	0.0	0.0	0.0	0.0	0.0	0.0	0.0	0.0	0.0	0.0
1292.4285102243805	12.66156057862372	160.31511628615826	1670371.4540408116	1621.9352671949168	21.528197469590395	2630674.010970646	463.4632862896783	1297.5410910842766	-1.0900867951220334	1.188289220899426	1683612.883052175	1400.9445497719407	1304.7901408108798	1.620157	85.013901	1.2039114337258856	0.4507633470677574	-0.1353635868	-0.0202513232	0.1433515954	-0.0055728092	-0.1747839107	-0.1695221158	0.004837841	-0.1414444194	-0.0762043709	0.0001701223	0.0755473466	-0.0648692186	-0.0193621614	-0.0258118872	0.0615096325	-0.0902985151	0.0205880234	0.0849312501	0.0195600666	0.0392913593	0.1521870362	-0.0175335217	0.0272911255	-0.0486359903	-0.0447494259	0.021011623	-0.0980798164	-0.0264850076	-0.0125837322	-0.1206368152	0.0595665082	-0.0700607062	0.0385836084	0.0038462256	-0.0451842308	0.0736957799	-0.081287294	0.0658037687	-0.0316405151	-0.4232740210600809	0.0205921285570412	0.0004240357585097	0.1791608969043698	1.4468268461963447	-0.440530825682174	2.093307922874461	0.194067408376218	6.230639990048289	0.1154179878827506	0.0133213119269027	38.82087468558894	-0.2216494714729838	0.0034507922666172	1.1907967267345707e-05	0.049128488204253	-0.0001140940601893	-0.0059258495141768	3.5115692464669425e-05	1.3017454570479612e-08	0.0170558669138812	-0.0031707680512843	0.000290902596184	1.005377003504524e-05	0.0	0.0	0.0	0.0	0.0	0.0	0.0	0.0	0.0	0.0	0.0	0.0	0.0	0.0	0.0	0.0	0.0	0.0	0.0	0.0	0.0	0.0	0.0	0.0	0.0	0.0	0.0	0.0	0.0	0.0	0.0	0.0	0.0	0.0	0.0	0.0	0.0	0.0	0.0	0.0	0.0	0.0	0.0	0.0	0.0	0.0	0.0	0.0	0.0	0.0	0.0	0.0	1.0	0.0	0.0	0.0	0.0	0.0	0.0	0.0	0.0	0.0	0.0	0.0	0.0	0.0	0.0	0.0	0.0	0.0	0.0	0.0	0.0	0.0	0.0	0.0	0.0	0.0	0.0	0.0	0.0	0.0	0.0	0.0	0.0	0.0	0.0	0.0	0.0	0.0	0.0	0.0	0.0	0.0	0.0	0.0	0.0	0.0	0.0	0.0
1277.3716211460214	-15.056889078359063	226.70990871800845	1631678.258509215	1608.377255596692	-13.558011598224766	2586877.3963207467	183.81967849759727	1294.8974572597406	-2.643633824535982	6.988799798230744	1676759.4248177416	1390.5498493300277	1247.557347674126	1.943671	101.989548	1.928524946835554	0.6847511382692224	-0.1382190773	-0.0466640943	0.1427799797	-0.0458111348	-0.1736301608	-0.1736847142	0.0224831992	-0.137900653	-0.0966761134	0.0402532989	0.1125363263	-0.1039747738	-0.0465214686	-0.0691544553	0.0077393397	-0.0586885865	0.0167978252	-0.0330040908	-0.0980126813	0.0255419485	0.0298476712	-0.0369058708	0.076956472	0.0872772512	-0.0743053941	-0.0353941636	-0.1038539814	-0.0683632635	0.0952290392	-0.0548789699	0.109781692	-0.0704959515	0.0400821236	0.0012824971	-0.0422967282	0.0717551168	-0.0816093689	0.0691672152	-0.0378279629	-0.182060570482875	0.2412134505772059	0.0581839287393621	0.0331460513245499	1.7618776402791383	0.3150507940827936	3.1042128193155847	0.0992570028521988	6.827735031953054	0.5970950419047654	0.3565224890672535	46.61796566655897	-0.2263346970272647	-0.0046852255542808	2.195133849448664e-05	0.0512273950784237	0.0052667557728227	0.005380849833012	2.8953544925425264e-05	2.773871637056123e-05	0.0224931047320041	0.0054372378181229	0.0005059397604849	2.956355509082588e-05	0.0	0.0	0.0	0.0	0.0	0.0	0.0	0.0	0.0	0.0	0.0	0.0	0.0	0.0	0.0	0.0	0.0	0.0	0.0	0.0	0.0	0.0	0.0	0.0	0.0	0.0	0.0	0.0	0.0	0.0	0.0	0.0	0.0	0.0	0.0	0.0	0.0	0.0	0.0	0.0	0.0	0.0	0.0	0.0	0.0	0.0	0.0	0.0	0.0	0.0	0.0	0.0	0.0	1.0	0.0	0.0	0.0	0.0	0.0	0.0	0.0	0.0	0.0	0.0	0.0	0.0	0.0	0.0	0.0	0.0	0.0	0.0	0.0	0.0	0.0	0.0	0.0	0.0	0.0	0.0	0.0	0.0	0.0	0.0	0.0	0.0	0.0	0.0	0.0	0.0	0.0	0.0	0.0	0.0	0.0	0.0	0.0	0.0	0.0	0.0
1282.6878229138415	5.316201767820076	28.26200123617329	1645288.0510514504	1607.2915641688094	-1.0856914278826937	2583386.1722482177	1.1787258765779618	1306.3757998474644	11.478342587723771	131.7523485611533	1706617.7304271022	1399.4333881022649	1274.347716847333	1.630219	85.54187799999998	2.6377984488463846	0.8586092531486802	-0.133519669	-0.0386136767	0.1420143544	-0.0400673892	-0.1590574842	-0.1601628098	0.0152395136	-0.1314800381	-0.0861551597	-0.0099901678	0.0704828571	-0.0500806958	-0.0113304251	-0.0061354006	0.0060318296	-0.1649158339	0.062711948	0.1281262667	0.0286261182	0.0638844103	0.1204122275	0.0218506559	0.1575818314	0.0548536982	-0.081088789	-0.0626752833	-0.0914075818	-0.0661189573	0.0411259201	-0.1326055399	0.1156944836	-0.0709234662	0.0415630576	-0.0012824971	-0.0393350228	0.0696177779	-0.0816093689	0.0721591615	-0.0437500746	-0.457147929879298	-0.275087359396423	0.0756730552996967	0.2089842297929275	1.0561491058895598	-0.7057285343895785	1.1154509338713166	0.4980527642516625	6.333669215075446	-0.4940658168776082	0.2441010314069382	40.115365725994415	-0.2138264563369006	0.0125082406903641	0.000156456085168	0.0457217534295964	-0.0028932673198858	-0.0081600230927085	6.658597687353599e-05	8.37099578431916e-06	0.0199030337514212	-0.0025900709805828	0.0003961307525102	6.708467684457662e-06	0.0	0.0	0.0	0.0	0.0	0.0	0.0	0.0	0.0	0.0	0.0	0.0	0.0	0.0	0.0	0.0	0.0	0.0	0.0	0.0	0.0	0.0	0.0	0.0	0.0	0.0	0.0	0.0	0.0	0.0	0.0	0.0	0.0	0.0	0.0	0.0	0.0	0.0	0.0	0.0	0.0	0.0	0.0	0.0	0.0	0.0	0.0	0.0	0.0	0.0	0.0	0.0	0.0	0.0	1.0	0.0	0.0	0.0	0.0	0.0	0.0	0.0	0.0	0.0	0.0	0.0	0.0	0.0	0.0	0.0	0.0	0.0	0.0	0.0	0.0	0.0	0.0	0.0	0.0	0.0	0.0	0.0	0.0	0.0	0.0	0.0	0.0	0.0	0.0	0.0	0.0	0.0	0.0	0.0	0.0	0.0	0.0	0.0	0.0	0.0
1300.643094077372	17.955271163530597	322.3917625559134	1691672.4581711595	1651.7628030897697	44.47123892096033	2728320.357670973	1977.691091165137	1330.2729641384549	23.89716429099053	571.074461150593	1769626.1591177108	1417.1817756864225	1319.3254427823151	1.775591	93.16996	1.658444065335978	0.6409587793454637	-0.1131648602	-0.0522543468	0.1186587088	-0.0281675323	-0.1380120096	-0.1421484306	0.0442602312	-0.1149385357	-0.0641085894	-0.0357621357	0.0262489106	-0.0093546874	0.0286577325	0.009878814	-0.0467104715	-0.1452705455	0.0896381212	0.1292627714	0.0503620901	0.2006777352	0.1446976481	0.0207685916	0.0595553431	0.0458742566	-0.0484031435	-0.0289754205	-0.0258618273	-0.0462697933	0.0783040565	0.0244405677	0.0482243134	-0.0713432033	0.0430257605	-0.0038462256	-0.0363043104	0.0672896215	-0.081287294	0.0747635377	-0.049365311	-0.3922894177871683	0.0648585120921296	0.0042066265908049	0.1538909873077955	0.941718091961974	-0.1144310139275858	0.8868329647285009	0.0130944569484953	5.681485357373617	-0.6521838577018286	0.425343784246839	32.27927586605082	-0.2064352364783285	0.007391219858572	5.463013099775026e-05	0.0426155068598634	0.0015055756441688	0.0043988429640546	1.934981942241266e-05	2.266758020314297e-06	0.0151536829417592	-0.004749350809662	0.0002296341066993	2.2556333113237097e-05	0.0	0.0	0.0	0.0	0.0	0.0	0.0	0.0	0.0	0.0	0.0	0.0	0.0	0.0	0.0	0.0	0.0	0.0	0.0	0.0	0.0	0.0	0.0	0.0	0.0	0.0	0.0	0.0	0.0	0.0	0.0	0.0	0.0	0.0	0.0	0.0	0.0	0.0	0.0	0.0	0.0	0.0	0.0	0.0	0.0	0.0	0.0	0.0	0.0	0.0	0.0	0.0	0.0	0.0	0.0	1.0	0.0	0.0	0.0	0.0	0.0	0.0	0.0	0.0	0.0	0.0	0.0	0.0	0.0	0.0	0.0	0.0	0.0	0.0	0.0	0.0	0.0	0.0	0.0	0.0	0.0	0.0	0.0	0.0	0.0	0.0	0.0	0.0	0.0	0.0	0.0	0.0	0.0	0.0	0.0	0.0	0.0	0.0	0.0	0.0
1291.7163793944464	-8.926714682925649	79.68623503036036	1668531.2047958977	1604.0252142797542	-47.737588810015495	2572896.888045212	2278.877385394117	1312.4760912512102	-17.796872887244717	316.7286845647461	1722593.490106055	1401.4036405356765	1272.943988628821	1.866521	97.941277	1.2488283768916393	0.6668798389602453	-0.1328427688	-0.0362229382	0.143670774	-0.0644829507	-0.1492708899	-0.1542264025	0.0249955834	-0.1307656074	-0.0910398245	-0.0116091789	0.094179444	-0.0717228818	-0.0311205463	-0.018598399	0.0328013569	-0.1648924331	0.0544962019	0.1062358354	-0.003887049	0.0927167362	0.1512329881	0.0130986456	0.1553404029	0.0637166318	-0.1071672679	-0.0984382571	-0.1079318372	-0.0835286625	0.0533264476	-0.1255640161	0.095219118	-0.0717551168	0.044469591	-0.0064061583	-0.0332099078	0.064777029	-0.0806444153	0.0769663555	-0.0546342852	-0.397085009998932	-0.0047955922117636	2.299770466152844e-05	0.1576765051658519	0.9516898232947	0.0099717313327259	0.9057135197626972	9.94354257720694e-05	6.248812109666687	0.5673267522930701	0.3218596438674024	39.04765278191704	-0.2151027615180229	-0.0086675250396943	7.512599031372933e-05	0.0462691980126794	-0.0004301694073023	-0.0019357450514711	3.747108904294852e-06	1.850457189788121e-07	0.0178850988716753	0.0027314159299161	0.0003198767616496	7.460632982199433e-06	0.0	0.0	0.0	0.0	0.0	0.0	0.0	0.0	0.0	0.0	0.0	0.0	0.0	0.0	0.0	0.0	0.0	0.0	0.0	0.0	0.0	0.0	0.0	0.0	0.0	0.0	0.0	0.0	0.0	0.0	0.0	0.0	0.0	0.0	0.0	0.0	0.0	0.0	0.0	0.0	0.0	0.0	0.0	0.0	0.0	0.0	0.0	0.0	0.0	0.0	0.0	0.0	0.0	0.0	0.0	0.0	1.0	0.0	0.0	0.0	0.0	0.0	0.0	0.0	0.0	0.0	0.0	0.0	0.0	0.0	0.0	0.0	0.0	0.0	0.0	0.0	0.0	0.0	0.0	0.0	0.0	0.0	0.0	0.0	0.0	0.0	0.0	0.0	0.0	0.0	0.0	0.0	0.0	0.0	0.0	0.0	0.0	0.0	0.0	0.0
1299.635395267663	7.919015873216495	62.7108124002548	1689052.1606325344	1592.4831840418562	-11.54203023789796	2536002.691456089	133.21846201255087	1401.9858498336923	89.50975858248216	8011.996881494239	1965564.3231339003	1489.497033087973	1388.242003475536	3.537353	185.614227	3.792391793051116	2.446921135173722	-0.0539855224	-0.0705531567	0.1342059852	-0.0125073997	-0.0827072859	-0.0876656803	-0.0003016044	-0.0656169497	-0.0532465832	-0.0064584734	-0.1226095495	0.0580300103	0.060049863	0.0171297567	-0.3958833943	-0.0491526431	0.0974070272	-0.0488522464	-0.036213703	0.3146596268	0.0485959645	-0.0088682081	-0.0169549778	0.2304104628	0.061433007	-0.0163230812	0.1262281509	-0.0984547001	0.2094725868	0.2513083244	-0.0820561709	-0.0721591615	0.0458939156	-0.008959769	-0.0300572439	0.0620868871	-0.0796832699	0.0787557834	-0.0595200392	-0.0880601063499426	0.3090249036489894	0.0954963910752671	0.0077545823303632	1.561955094137005	0.6102652708423051	2.4397037161005404	0.372423700796232	5.053439449386602	-1.1953726602800856	1.428915796945089	25.53725026861676	-0.184696406936154	0.0304063545818689	0.0009245463989583	0.0341127627351253	-0.0016981375886409	-0.0012679681813386	1.6077433088871171e-06	2.8836712699551307e-06	0.0160048424692881	-0.0018802564023872	0.0002561549824667	3.535364138718057e-06	0.0	0.0	0.0	0.0	0.0	0.0	0.0	0.0	0.0	0.0	0.0	0.0	0.0	0.0	0.0	0.0	0.0	0.0	0.0	0.0	0.0	0.0	0.0	0.0	0.0	0.0	0.0	0.0	0.0	0.0	0.0	0.0	0.0	0.0	0.0	0.0	0.0	0.0	0.0	0.0	0.0	0.0	0.0	0.0	0.0	0.0	0.0	0.0	0.0	0.0	0.0	0.0	0.0	0.0	0.0	0.0	0.0	1.0	0.0	0.0	0.0	0.0	0.0	0.0	0.0	0.0	0.0	0.0	0.0	0.0	0.0	0.0	0.0	0.0	0.0	0.0	0.0	0.0	0.0	0.0	0.0	0.0	0.0	0.0	0.0	0.0	0.0	0.0	0.0	0.0	0.0	0.0	0.0	0.0	0.0	0.0	0.0	0.0	0.0	0.0
1490.487349672963	190.85195440530012	36424.46850032277	2221552.5395351336	2049.5556026410454	457.0724185991892	4200678.168317299	208915.19584411243	1770.8880342923678	368.9021844586755	136088.82169838264	3136044.4299998865	1845.21584710186	2220.724847793579	6.36663	334.073883	16.381657573442098	9.167636771077929	0.2240156624	-0.036421414	-0.1849834893	-0.1231568355	0.185712961	0.1847002254	0.0777820184	0.199348995	-0.0387243316	-0.0629660029	0.0627253905	0.0524235543	0.0299502735	-0.1675405969	-0.0147626684	-0.0647653101	-0.0088391801	-0.0099670888	-0.1412431559	-0.008115675	-0.0245156326	0.3527665572	0.0328306698	-0.1499465964	0.1206114678	0.0368130089	0.1758549337	0.0306906944	0.0358026545	-0.0584316234	-0.0929283679	-0.0725552932	0.0472981097	-0.0115045374	-0.0268518493	0.0592265694	-0.0784076511	0.0801222105	-0.0639883028	0.4012013283432054	0.489261434693148	0.2393767514779975	0.1609625058643524	-0.0892377261505004	-1.6511928202875057	0.0079633717685117	2.7264377297690063	0.7062223029965722	-4.3472171463900295	18.898296917867476	0.4987499412497822	-0.0227289877688416	0.1619674191673124	0.0262334448717198	0.0005166068849961	-0.0192221531659702	-0.0175240155773293	0.0003070911219544	0.000369491172336	-0.0023834462274985	-0.0183882886967866	5.680815919376832e-06	0.0003381291611963	0.0	0.0	0.0	0.0	0.0	0.0	0.0	0.0	0.0	0.0	0.0	0.0	0.0	0.0	0.0	0.0	0.0	0.0	0.0	0.0	0.0	0.0	0.0	0.0	0.0	0.0	0.0	0.0	0.0	0.0	0.0	0.0	0.0	0.0	0.0	0.0	0.0	0.0	0.0	0.0	0.0	0.0	0.0	0.0	0.0	0.0	0.0	0.0	0.0	0.0	0.0	0.0	0.0	0.0	0.0	0.0	0.0	0.0	1.0	0.0	0.0	0.0	0.0	0.0	0.0	0.0	0.0	0.0	0.0	0.0	0.0	0.0	0.0	0.0	0.0	0.0	0.0	0.0	0.0	0.0	0.0	0.0	0.0	0.0	0.0	0.0	0.0	0.0	0.0	0.0	0.0	0.0	0.0	0.0	0.0	0.0	0.0	0.0	0.0	0.0
1501.7553524446917	11.26800277172856	126.96788646368252	2255269.13859628	2018.6841921263103	-30.87141051473509	4075085.8675406543	953.0439871692962	1774.835136635283	3.9471023429152874	15.579616905447343	3150039.762235184	1839.054657674256	2182.2462857636538	2.472308	129.728531	0.6094737112045316	0.3549685571365163	0.2189119624	-0.0012383057	-0.1625491349	-0.1071269457	0.1857630904	0.1812502618	0.0760732866	0.2131675298	-0.0215951809	-0.0287260188	0.0812603559	0.0239560301	-0.0462105582	-0.0821698698	-0.0212817713	-0.0092205417	-0.0233442878	-0.0111265291	-0.0501289288	0.0108873707	-0.067677772	0.273104642	-0.0635761192	-0.0046016324	-0.0037342826	-0.0096798635	0.1163211076	0.007142093	-0.123473754	-0.0303268519	0.028570795	-0.0729434684	0.0486815572	-0.0140379523	-0.0235993474	0.0562039158	-0.0768225931	0.0810582975	-0.0680077345	0.4443567602098426	0.0431554318666372	0.0018623912995959	0.1974529303441875	-0.1475095180739742	-0.0582717919234738	0.0217590579224161	0.0033956017339726	0.6590795903212765	-0.0471427126752956	0.0022224353583854	0.4343859063780617	-0.0289509194470284	-0.0062219316781867	3.871243380802439e-05	0.0008381557368283	-0.0219728727645931	-0.0027507195986229	7.566458310248127e-06	0.0004828071375289	-0.0026288704454713	-0.0002454242179728	6.910959819072473e-06	6.023304676756052e-08	0.0	0.0	0.0	0.0	0.0	0.0	0.0	0.0	0.0	0.0	0.0	0.0	0.0	0.0	0.0	0.0	0.0	0.0	0.0	0.0	0.0	0.0	0.0	0.0	0.0	0.0	0.0	0.0	0.0	0.0	0.0	0.0	0.0	0.0	0.0	0.0	0.0	0.0	0.0	0.0	0.0	0.0	0.0	0.0	0.0	0.0	0.0	0.0	0.0	0.0	0.0	0.0	0.0	0.0	0.0	0.0	0.0	0.0	0.0	1.0	0.0	0.0	0.0	0.0	0.0	0.0	0.0	0.0	0.0	0.0	0.0	0.0	0.0	0.0	0.0	0.0	0.0	0.0	0.0	0.0	0.0	0.0	0.0	0.0	0.0	0.0	0.0	0.0	0.0	0.0	0.0	0.0	0.0	0.0	0.0	0.0	0.0	0.0	0.0	0.0
1497.039711301307	-4.715641143384573	22.237271393181366	2241127.897213101	2052.479805475549	33.795613349238465	4212673.351884946	1142.143481651225	1759.7924631493722	-15.042673485910882	226.28202560372625	3096869.513357335	1837.370961071562	2153.575608071414	2.46611	129.40329	2.748686470144537	1.5979697930410657	0.1968560908	0.0209077214	-0.1769349442	-0.0674206162	0.1689645126	0.1695957338	0.0374085517	0.1930304949	0.0198305546	0.0992835788	0.0480700674	-0.0036052985	-0.0522841695	0.0543557593	0.0029042307	0.1272529378	0.0292152762	0.0205627142	0.1442523578	-0.0554209514	0.0588448505	-0.1075356964	-0.0015184496	0.0397922998	0.0493901095	0.0021206154	-0.054680473	0.0236261427	0.0681225088	-0.0102718402	0.0003379955	-0.0733236445	0.0500436514	-0.0165575133	-0.0203054443	0.0530272111	-0.0749343514	0.0815590168	-0.0715501408	0.1178879765524527	-0.3264687836573899	0.1065818667027356	0.0138975750156316	-0.2982774579612055	-0.1507679398872313	0.0889694419277987	0.0227309716978398	0.8800459764046522	0.2209663860833757	0.0488261437787474	0.7744809205860177	-0.0563137065288284	-0.0273627870818	0.0007487221168839	0.003171233543015	-0.0229438626021665	-0.0009709898375733	9.428212646708138e-07	0.000526420831107	-0.0153047607364287	-0.0126758902909574	0.0002342357011993	0.0001606781946683	0.0	0.0	0.0	0.0	0.0	0.0	0.0	0.0	0.0	0.0	0.0	0.0	0.0	0.0	0.0	0.0	0.0	0.0	0.0	0.0	0.0	0.0	0.0	0.0	0.0	0.0	0.0	0.0	0.0	0.0	0.0	0.0	0.0	0.0	0.0	0.0	0.0	0.0	0.0	0.0	0.0	0.0	0.0	0.0	0.0	0.0	0.0	0.0	0.0	0.0	0.0	0.0	0.0	0.0	0.0	0.0	0.0	0.0	0.0	0.0	1.0	0.0	0.0	0.0	0.0	0.0	0.0	0.0	0.0	0.0	0.0	0.0	0.0	0.0	0.0	0.0	0.0	0.0	0.0	0.0	0.0	0.0	0.0	0.0	0.0	0.0	0.0	0.0	0.0	0.0	0.0	0.0	0.0	0.0	0.0	0.0	0.0	0.0	0.0	0.0
1497.257394442825	0.2176831415179094	0.0473859501011061	2241779.705213717	2044.1745574564875	-8.30524801906131	4178649.6213524262	68.9771446581218	1762.4718036358172	2.6793404864449712	7.178865442303176	3106306.8586112903	1835.6715914248216	2141.347917877544	1.451366	76.157013	1.4104936069947562	0.6906342190020962	0.1999871563	0.0429339195	-0.1761200567	-0.079009452	0.1713176512	0.1696762848	0.0770066012	0.2063283395	0.0067658888	0.0715164062	0.0658304855	-0.0019861854	-0.0922008867	0.0269318254	-0.0020758178	0.1118258216	-0.0076924175	0.0215382144	0.14708837	-0.0487917035	0.0426894992	0.0011980758	-0.0413042047	0.0797428229	-0.0043750066	0.0199697061	-0.0159913587	0.0303116329	-0.0091683796	-0.0019079852	0.0299232529	-0.0736957799	0.0513837948	-0.0190607341	-0.0169759185	0.0497051625	-0.0727503781	0.0816216788	-0.0745906743	0.333159259442624	0.2152712828901712	0.0463417252371801	0.1109950921523576	-0.3909354359340966	-0.092657977972891	0.1528305150689821	0.0085855008820247	0.6290520592337785	-0.2509939171708737	0.0629979464567794	0.3957064932262571	-0.0467709509447409	0.0095427555840875	9.106418413763315e-05	0.0021875218522753	-0.0274445629857875	-0.0045007003836209	2.025630394312621e-05	0.0007532040374808	-0.0123168081249208	0.0029879526115079	0.0001517037623861	8.927860808616881e-06	0.0	0.0	0.0	0.0	0.0	0.0	0.0	0.0	0.0	0.0	0.0	0.0	0.0	0.0	0.0	0.0	0.0	0.0	0.0	0.0	0.0	0.0	0.0	0.0	0.0	0.0	0.0	0.0	0.0	0.0	0.0	0.0	0.0	0.0	0.0	0.0	0.0	0.0	0.0	0.0	0.0	0.0	0.0	0.0	0.0	0.0	0.0	0.0	0.0	0.0	0.0	0.0	0.0	0.0	0.0	0.0	0.0	0.0	0.0	0.0	0.0	1.0	0.0	0.0	0.0	0.0	0.0	0.0	0.0	0.0	0.0	0.0	0.0	0.0	0.0	0.0	0.0	0.0	0.0	0.0	0.0	0.0	0.0	0.0	0.0	0.0	0.0	0.0	0.0	0.0	0.0	0.0	0.0	0.0	0.0	0.0	0.0	0.0	0.0	0.0
1482.2596412957507	-14.997753147074263	224.932599460576	2197093.644214208	2031.5867205269728	-12.587836929514651	4127344.6030215407	158.45363856405285	1753.4168330787593	-9.054970557057914	81.9924917891857	3074470.5905239456	1830.7242650721475	2126.025880102678	1.613775	84.67904699999998	1.7779853774136498	0.9686402190479696	0.1887271293	0.0186993919	-0.1694256785	-0.0862582108	0.1629794185	0.162899981	0.0723147881	0.1983943973	0.0129816891	0.1014064892	0.0493684481	-0.0098325377	-0.0636678474	0.062721811	0.0060286523	0.1456261413	0.0230066492	0.0323634834	0.1412439719	-0.0467243095	0.0827617511	-0.1387036451	0.0090549763	0.0190822343	0.0497011035	-0.0102283729	-0.0822886909	0.0264166157	0.1045328458	0.0028643886	0.0138789935	-0.0740598336	0.0527013995	-0.0215451443	-0.0136166111	0.0462468756	-0.0702792922	0.0812459471	-0.0771080077	0.3661393429263739	0.0329800834837499	0.0010876859065951	0.1340580184385568	-0.5083986041710347	-0.117463168236938	0.2584691407230564	0.0137975958922592	1.2526068092574008	0.6235547500236223	0.388820526277022	1.5690238185980063	-0.0577434489864112	-0.0109724980416702	0.0001203957132744	0.0033343059008462	-0.0256597833196947	0.0017847796660927	3.185438456498324e-06	0.0006584244800136	-0.0049943383192971	0.0073224698056236	2.4943415247599382e-05	5.361856405427078e-05	0.0	0.0	0.0	0.0	0.0	0.0	0.0	0.0	0.0	0.0	0.0	0.0	0.0	0.0	0.0	0.0	0.0	0.0	0.0	0.0	0.0	0.0	0.0	0.0	0.0	0.0	0.0	0.0	0.0	0.0	0.0	0.0	0.0	0.0	0.0	0.0	0.0	0.0	0.0	0.0	0.0	0.0	0.0	0.0	0.0	0.0	0.0	0.0	0.0	0.0	0.0	0.0	0.0	0.0	0.0	0.0	0.0	0.0	0.0	0.0	0.0	0.0	1.0	0.0	0.0	0.0	0.0	0.0	0.0	0.0	0.0	0.0	0.0	0.0	0.0	0.0	0.0	0.0	0.0	0.0	0.0	0.0	0.0	0.0	0.0	0.0	0.0	0.0	0.0	0.0	0.0	0.0	0.0	0.0	0.0	0.0	0.0	0.0	0.0	0.0
1492.5746540119546	10.31501271620391	106.39948733544836	2227779.0977989063	2043.298405514488	11.711684987515127	4175068.373978049	137.1635652467872	1772.07410805205	18.65727497329067	348.0939094289783	3140246.6444284683	1846.711569375295	2104.851337675615	1.215677	63.789803	0.4485201429330993	0.2440440785142869	0.1796991241	0.0333827438	-0.1778989382	-0.095254002	0.176343282	0.1766483121	0.0575067408	0.1970112871	0.0126582617	0.1059854212	0.0722961725	-0.0123637647	-0.0669553922	0.084672307	0.0201103285	0.1369925904	0.0315593743	0.0303053787	0.1497488471	-0.0320603161	0.0613268736	-0.1419722949	-0.0098696131	0.0665108747	0.0379029825	-0.0103722997	-0.082427065	0.0413507085	0.0670656796	0.0313424713	0.0371461025	-0.0744157659	0.0539958877	-0.024008292	-0.0102334157	0.0426618292	-0.0675308461	0.0804338397	-0.0790844839	0.3336662068211353	-0.0324731361052386	0.0010545045685093	0.1113331375744046	-0.5563279092374387	-0.047929305066404	0.3095007425964998	0.0022972182841484	1.3626708416009023	0.1100640323435016	0.0121140912157113	1.8568718225493115	-0.058215282163366	-0.0004718331769548	2.2262654687526238e-07	0.0033890190773603	-0.0247084028743864	0.0009513804453082	9.051247517150172e-07	0.0006105051726029	-0.0012564785532011	0.003737859766096	1.5787383546543296e-06	1.3971595630999244e-05	0.0	0.0	0.0	0.0	0.0	0.0	0.0	0.0	0.0	0.0	0.0	0.0	0.0	0.0	0.0	0.0	0.0	0.0	0.0	0.0	0.0	0.0	0.0	0.0	0.0	0.0	0.0	0.0	0.0	0.0	0.0	0.0	0.0	0.0	0.0	0.0	0.0	0.0	0.0	0.0	0.0	0.0	0.0	0.0	0.0	0.0	0.0	0.0	0.0	0.0	0.0	0.0	0.0	0.0	0.0	0.0	0.0	0.0	0.0	0.0	0.0	0.0	0.0	0.0	0.0	0.0	0.0	0.0	0.0	0.0	0.0	0.0	0.0	0.0	0.0	0.0	0.0	0.0	0.0	0.0	0.0	0.0	0.0	0.0	0.0	0.0	0.0	0.0	0.0	0.0	0.0	0.0	0.0	0.0	0.0	0.0	0.0	0.0	0.0	0.0
1486.2027645597486	-6.371889452206005	40.60097519113415	2208798.65738504	2031.398428615136	-11.89997689935194	4126579.575780044	141.60945020510982	1755.4155943259216	-16.658513726128376	277.5060795636075	3081483.9088026285	1831.0715122174856	2112.2199860572814	1.455141	76.355095	1.5598134864019702	0.8016226820319949	0.1930426653	0.0362697915	-0.1667227491	-0.0986191051	0.161414349	0.1619154411	0.0710090928	0.2070093051	-0.0104762413	0.0616465742	0.0800237416	0.0012222869	-0.071757786	0.0396426473	-0.005656024	0.1226221215	0.018902659	0.0350901972	0.118494574	-0.0445193081	0.0653064065	-0.0370734536	-0.0174027094	0.0280855014	-0.0019816716	-0.0050518782	-0.0096210075	0.0425721206	0.0273842384	0.0176632603	0.012363772	-0.0747635377	0.0552666915	-0.0264477464	-0.0068322673	0.0389598496	-0.0645158866	0.0791897184	-0.0805062393	0.20971276890468	-0.1239534379164553	0.0153644547713085	0.0439794454416677	-0.4403615828285154	0.1159663264089232	0.1939183236312354	0.0134481888607809	1.044653184013896	-0.3180176575870064	0.1011352305371264	1.0913002748703708	-0.0480481440829424	0.0101671380804236	0.0001033706967463	0.0023086241498151	-0.0279001384793888	-0.0031917356050024	1.0187176172240036e-05	0.000778417727169	-0.0079351261575668	-0.0066786476043657	6.296622713650086e-05	4.4604333823299714e-05	0.0	0.0	0.0	0.0	0.0	0.0	0.0	0.0	0.0	0.0	0.0	0.0	0.0	0.0	0.0	0.0	0.0	0.0	0.0	0.0	0.0	0.0	0.0	0.0	0.0	0.0	0.0	0.0	0.0	0.0	0.0	0.0	0.0	0.0	0.0	0.0	0.0	0.0	0.0	0.0	0.0	0.0	0.0	0.0	0.0	0.0	0.0	0.0	0.0	0.0	0.0	0.0	0.0	0.0	0.0	0.0	0.0	0.0	0.0	0.0	0.0	0.0	0.0	1.0	0.0	0.0	0.0	0.0	0.0	0.0	0.0	0.0	0.0	0.0	0.0	0.0	0.0	0.0	0.0	0.0	0.0	0.0	0.0	0.0	0.0	0.0	0.0	0.0	0.0	0.0	0.0	0.0	0.0	0.0	0.0	0.0	0.0	0.0	0.0	0.0
1501.403387107379	15.200622547630472	231.05892583553197	2254212.1308175107	2056.636158617237	25.23773000210099	4229752.288931865	636.9430156589484	1777.1539800660223	21.73838574010074	472.55741458541513	3158276.268864504	1848.8395667472475	2117.504287320917	1.46855	77.058678	1.3082827069820475	0.6064664042391852	0.1877341142	0.0279397154	-0.1765555856	-0.0890639645	0.1761326138	0.1742626554	0.0728653939	0.207535147	0.0025477837	0.0858590092	0.0972944852	-0.0212010766	-0.0638476982	0.0772585797	0.0102798136	0.1372657167	0.0490762706	0.0249272814	0.1422676715	-0.0566081482	0.0985938222	-0.1047892501	-0.0412640123	0.0862974146	0.0011890294	-0.0278539339	-0.0514387029	0.0785493261	0.050283551	0.0193910297	0.0415042084	-0.0751031108	0.0565132535	-0.0288611001	-0.0034191328	0.0351510839	-0.0612463124	0.0775202656	-0.0813633012	0.0150990542084485	-0.1946137146962314	0.0378744979478661	0.0002279814379896	-0.2181013135664642	0.2222602692620512	0.0475681829794171	0.0493996272924395	1.355738758200296	0.3110855741864	0.0967742344668822	1.8380275804864807	-0.0554799048276167	-0.0074317607446743	5.5231067766081965e-05	0.0030780198396814	-0.0243405027041567	0.003559635775232	1.2671006852312228e-05	0.000592460071891	-0.0073200597007259	0.0006150664568409	5.358327402219136e-05	3.78306746330819e-07	0.0	0.0	0.0	0.0	0.0	0.0	0.0	0.0	0.0	0.0	0.0	0.0	0.0	0.0	0.0	0.0	0.0	0.0	0.0	0.0	0.0	0.0	0.0	0.0	0.0	0.0	0.0	0.0	0.0	0.0	0.0	0.0	0.0	0.0	0.0	0.0	0.0	0.0	0.0	0.0	0.0	0.0	0.0	0.0	0.0	0.0	0.0	0.0	0.0	0.0	0.0	0.0	0.0	0.0	0.0	0.0	0.0	0.0	0.0	0.0	0.0	0.0	0.0	0.0	1.0	0.0	0.0	0.0	0.0	0.0	0.0	0.0	0.0	0.0	0.0	0.0	0.0	0.0	0.0	0.0	0.0	0.0	0.0	0.0	0.0	0.0	0.0	0.0	0.0	0.0	0.0	0.0	0.0	0.0	0.0	0.0	0.0	0.0	0.0	0.0
1414.0310951858992	-87.37229192147993	7633.917395612307	1999483.9381526331	1967.3915343465685	-89.24462427066851	3870629.449418545	7964.602961212795	1647.386829187116	-129.76715087890625	16839.51344722882	2713883.3649791805	1746.3683495893886	1845.406182007356	3.748346	196.685608	4.069036533161704	2.369071165976224	0.1102169933	-0.0123354181	-0.1210232007	-0.0624381443	0.0667191104	0.0811960306	0.0344042896	0.1226795747	0.0077569632	0.1358945799	-0.0869963258	-0.012151685	0.0622982584	0.0786479511	0.0200190401	-0.0293841186	0.0083516934	-0.0090565888	-0.1066813467	0.0562510872	-0.1788723121	-0.2677023023	0.2449166502	-0.4288303152	0.2147047121	-0.0386001666	-0.0849410471	-0.297925417	0.1036580343	0.029157981	-0.1869167358	-0.0754344479	0.0577350269	-0.0312459714	-0.0	0.0312459714	-0.0577350269	0.0754344479	-0.0816496581	-0.0736634957556674	-0.0887625499641159	0.0078787902761321	0.0054263106069452	-0.6583579109577471	-0.4402565973912828	0.4334351389206488	0.1938258715465501	2.529242566883191	1.173503808682895	1.3771111889932608	6.397067962133873	-0.0915696039060618	-0.036089699078445	0.0013024663795727	0.008384992359513	-0.0227386242511917	0.001601878452965	2.5660145780735523e-06	0.0005170450328368	0.0023186343103322	0.0096386940110581	5.376065065049677e-06	9.290442223880728e-05	0.0	0.0	0.0	0.0	0.0	0.0	0.0	0.0	0.0	0.0	0.0	0.0	0.0	0.0	0.0	0.0	0.0	0.0	0.0	0.0	0.0	0.0	0.0	0.0	0.0	0.0	0.0	0.0	0.0	0.0	0.0	0.0	0.0	0.0	0.0	0.0	0.0	0.0	0.0	0.0	0.0	0.0	0.0	0.0	0.0	0.0	0.0	0.0	0.0	0.0	0.0	0.0	0.0	0.0	0.0	0.0	0.0	0.0	0.0	0.0	0.0	0.0	0.0	0.0	0.0	1.0	0.0	0.0	0.0	0.0	0.0	0.0	0.0	0.0	0.0	0.0	0.0	0.0	0.0	0.0	0.0	0.0	0.0	0.0	0.0	0.0	0.0	0.0	0.0	0.0	0.0	0.0	0.0	0.0	0.0	0.0	0.0	0.0	0.0	0.0
1341.6470655654775	-72.38402962042164	5239.447744090077	1800016.8485404567	1759.015085147906	-208.3764491986626	3094134.0697778948	43420.74458064282	1445.1295454041572	-202.2572837829589	40908.008843260366	2088399.403000026	1529.421970785415	1472.2534324988724	4.902555	257.25	10.291999037421654	5.56754792554763	-0.0594654581	-0.0223417696	0.052774677	0.0485896703	-0.0723025074	-0.0741657842	0.0050355434	-0.0590706363	-0.0028512098	-0.1842891702	-0.0779748098	0.1177484862	0.0811171112	0.1684026837	0.2007458294	-0.0684658359	-0.0123349773	0.140701325	0.0586342229	-0.2298574353	-0.2834872192	-0.0083148462	-0.1035775128	0.0101932426	0.0594687828	0.0348707641	0.051986541	-0.0111329178	0.0856183687	0.1331960673	0.0146690541	-0.0757575129	0.0589314758	-0.0336000067	0.0034191328	0.0272552159	-0.0539958877	0.0729434684	-0.0813633012	-0.4965050225105614	-0.422841526754894	0.1787949567484097	0.246517237378213	0.6087975852668848	1.267155496224632	0.3706344998267898	1.605683051612293	5.516194850287398	2.9869522834042077	8.921883943333608	30.428405626337213	-0.1919789926105619	-0.1004093887045001	0.0100820453400113	0.0368559336037661	-0.0248554426350682	-0.0021168183838765	4.48092007031753e-06	0.0006177930285851	0.012093421842714	0.0097747875323817	0.0001462508518658	9.554647130320664e-05	0.0	0.0	0.0	0.0	0.0	0.0	0.0	0.0	0.0	0.0	0.0	0.0	0.0	0.0	0.0	0.0	0.0	0.0	0.0	0.0	0.0	0.0	0.0	0.0	0.0	0.0	0.0	0.0	0.0	0.0	0.0	0.0	0.0	0.0	0.0	0.0	0.0	0.0	0.0	0.0	0.0	0.0	0.0	0.0	0.0	0.0	0.0	0.0	0.0	0.0	0.0	0.0	0.0	0.0	0.0	0.0	0.0	0.0	0.0	0.0	0.0	0.0	0.0	0.0	0.0	0.0	1.0	0.0	0.0	0.0	0.0	0.0	0.0	0.0	0.0	0.0	0.0	0.0	0.0	0.0	0.0	0.0	0.0	0.0	0.0	0.0	0.0	0.0	0.0	0.0	0.0	0.0	0.0	0.0	0.0	0.0	0.0	0.0	0.0	0.0
1321.6598115388715	-19.987254026606024	399.4903235240788	1746784.6574369653	1642.2305158784118	-116.78456926949411	2696921.0672822744	13638.635619461267	1405.9588111290566	-39.170734275100585	1534.3464236505397	1976720.1785914304	1483.994425968199	1379.7954767747358	2.56114	134.389755	1.3387608576742644	0.7791552965580368	-0.078807103	-0.0710239386	0.1362099097	-0.0052158894	-0.1023491736	-0.1087246234	0.0189325694	-0.0645885318	-0.0656159689	-0.1120833383	-0.0769599922	0.0875487959	0.0529596165	0.1303581308	-0.0358367484	-0.1711588476	0.0462356295	0.2071184879	0.0337309743	-0.2645453734	-0.2017493219	0.0028859042	0.096812686	0.0240711785	0.0211598507	0.0820547676	-0.0613040858	0.1317944781	-0.0101486434	0.1291799581	-0.0429245791	-0.0760722702	0.0601020755	-0.0359208828	0.0068322673	0.0231897558	-0.0500436514	0.0700607062	-0.0805062393	-0.5622360867965597	-0.0657310642859982	0.00432057281217	0.3161094172963086	0.6240661043447204	0.0152685190778356	0.3894585025919955	0.0002331276748302	6.021549029634109	0.5053541793467105	0.2553828465831872	36.25905271628748	-0.1971829282165892	-0.0052039356060273	2.7080945791678768e-05	0.0388811071800685	-0.0176767556817973	0.0071786869532709	5.153354637306184e-05	0.0003124676914339	0.0147589411826902	0.0026655193399762	0.0002178263448341	7.104993351787156e-06	0.0	0.0	0.0	0.0	0.0	0.0	0.0	0.0	0.0	0.0	0.0	0.0	0.0	0.0	0.0	0.0	0.0	0.0	0.0	0.0	0.0	0.0	0.0	0.0	0.0	0.0	0.0	0.0	0.0	0.0	0.0	0.0	0.0	0.0	0.0	0.0	0.0	0.0	0.0	0.0	0.0	0.0	0.0	0.0	0.0	0.0	0.0	0.0	0.0	0.0	0.0	0.0	0.0	0.0	0.0	0.0	0.0	0.0	0.0	0.0	0.0	0.0	0.0	0.0	0.0	0.0	0.0	1.0	0.0	0.0	0.0	0.0	0.0	0.0	0.0	0.0	0.0	0.0	0.0	0.0	0.0	0.0	0.0	0.0	0.0	0.0	0.0	0.0	0.0	0.0	0.0	0.0	0.0	0.0	0.0	0.0	0.0	0.0	0.0	0.0
1302.3009352894965	-19.358876249375044	374.76608963861713	1695987.7260558973	1597.6958432740803	-44.53467260433149	2552632.0076152747	1983.3370639749935	1364.7348126142454	-41.22399851481123	1699.4180535491585	1862501.1087612396	1439.6717662955411	1319.3052467758005	2.002768	105.0905	1.376350605383016	0.5203437860240123	-0.114138653	-0.0614876804	0.1640392286	-0.070273585	-0.1304896869	-0.1372195263	0.0313238713	-0.1003880352	-0.0892428139	-0.1120789716	0.0403442296	0.0403030778	0.0340701784	0.1681711175	0.0700700424	-0.2173506584	0.0815379104	0.2565936351	0.0775956663	-0.2028366541	-0.2342662915	0.071511539	0.0939674344	0.140441971	-0.0379470504	-0.0877822987	0.0415789687	0.044983026	0.0745243388	0.1572112398	-0.100507453	-0.0763786853	0.0612463124	-0.0382063093	0.0102334157	0.0190607341	-0.0458939156	0.0668016447	-0.0790844839	-0.4706386917979728	0.0915973949985868	0.0083900827705271	0.2215007782173072	1.0102702803474273	0.3862041760027068	1.0206460393532693	0.1491536655619297	6.267319753524006	0.2457707238898976	0.0604032487213642	39.27929689291221	-0.2053797594976738	-0.0081968312810845	6.718804305056681e-05	0.0421808456113223	-0.0130525229934113	0.004624232688386	2.138352795633763e-05	0.0001703683564935	0.0149934434230561	0.0002345022403659	0.0002248033456803	5.499130073662637e-08	0.0	0.0	0.0	0.0	0.0	0.0	0.0	0.0	0.0	0.0	0.0	0.0	0.0	0.0	0.0	0.0	0.0	0.0	0.0	0.0	0.0	0.0	0.0	0.0	0.0	0.0	0.0	0.0	0.0	0.0	0.0	0.0	0.0	0.0	0.0	0.0	0.0	0.0	0.0	0.0	0.0	0.0	0.0	0.0	0.0	0.0	0.0	0.0	0.0	0.0	0.0	0.0	0.0	0.0	0.0	0.0	0.0	0.0	0.0	0.0	0.0	0.0	0.0	0.0	0.0	0.0	0.0	0.0	1.0	0.0	0.0	0.0	0.0	0.0	0.0	0.0	0.0	0.0	0.0	0.0	0.0	0.0	0.0	0.0	0.0	0.0	0.0	0.0	0.0	0.0	0.0	0.0	0.0	0.0	0.0	0.0	0.0	0.0	0.0	0.0
1309.191991630209	6.891056340712567	47.48665749087487	1713983.6709486733	1566.7165355440936	-30.979307729986655	2454600.702747287	959.7175074292112	1446.6294524363982	81.89463982215284	6706.732031600141	2092736.7726564333	1524.6027153264963	1435.0566254789178	4.434489	232.689362	4.376488737408202	2.5189998768210846	-0.0328849879	-0.0713608431	0.1733173304	0.009245621	-0.0786843984	-0.0847694934	0.031030778	-0.0211585168	-0.0970770967	-0.0436244352	-0.2346153482	0.1110516134	0.0330961538	0.0820717536	-0.5851464499	-0.0031052122	0.0063844255	-0.0847294752	-0.2241756322	-0.3119136233	0.0749291268	-0.0931490633	-0.0238179	0.0485267195	0.0054548215	0.313700405	-0.1564401044	0.1269819282	-0.136840919	-0.1262359309	0.1387263561	-0.0766767246	0.0623636846	-0.0404540309	0.0136166111	0.0148794683	-0.0415630576	0.0631837885	-0.0771080077	0.0737761953469942	0.544414887144967	0.2963875693450671	0.0054429269998778	2.253798203664246	1.2435279233168188	5.079606342840183	1.5463616960686402	5.01218998240104	-1.2551297711229663	1.5753507423591904	25.12204841968133	-0.1865735412956322	0.0188062182020415	0.0003536738430628	0.0348096863115929	-0.0182482685086231	-0.0051957455152118	2.6995771458843532e-05	0.0003329993035628	0.0123270840238405	-0.0026663593992156	0.0001519570005308	7.109472445785375e-06	0.0	0.0	0.0	0.0	0.0	0.0	0.0	0.0	0.0	0.0	0.0	0.0	0.0	0.0	0.0	0.0	0.0	0.0	0.0	0.0	0.0	0.0	0.0	0.0	0.0	0.0	0.0	0.0	0.0	0.0	0.0	0.0	0.0	0.0	0.0	0.0	0.0	0.0	0.0	0.0	0.0	0.0	0.0	0.0	0.0	0.0	0.0	0.0	0.0	0.0	0.0	0.0	0.0	0.0	0.0	0.0	0.0	0.0	0.0	0.0	0.0	0.0	0.0	0.0	0.0	0.0	0.0	0.0	0.0	1.0	0.0	0.0	0.0	0.0	0.0	0.0	0.0	0.0	0.0	0.0	0.0	0.0	0.0	0.0	0.0	0.0	0.0	0.0	0.0	0.0	0.0	0.0	0.0	0.0	0.0	0.0	0.0	0.0	0.0	0.0
1501.7576990345165	192.56570740430743	37081.55166812134	2255276.186609445	2036.3843074750296	469.667771930936	4146861.047730556	220587.81599056965	1771.9150313418136	325.2855789054154	105810.70784383122	3139682.87829506	1838.4761084261108	2286.204912288724	6.378705	334.707458	17.760967907654244	9.832283011325467	0.2432983735	-0.0765302305	-0.1427547292	-0.1425239474	0.1524312172	0.1512832312	0.1001404705	0.2291365175	-0.1022434897	-0.1386849345	0.0576671038	-0.0458822266	0.0730793576	-0.1626658081	-0.0130835329	-0.1378924895	0.0079314809	-0.0213402628	-0.2346432266	-0.0133600376	0.0315436816	0.0935770886	0.0205511062	-0.1162678793	-0.0528548321	-0.0230136702	0.2325766488	0.0405939271	0.0367909058	-0.0996364301	-0.1381893565	-0.0769663555	0.063453702	-0.0426618292	0.0169759185	0.010657419	-0.0370681691	0.0592265694	-0.0745906743	0.2156295043049851	0.1418533089579909	0.0201223612623312	0.0464960831268135	-0.0321632349142362	-2.2859614385784823	0.0010344736801483	5.2256196986678045	0.0650187713214691	-4.947171211079571	24.474502991734507	0.0042274406241534	-0.0126094573797925	0.1739640839158397	0.0302635024926773	0.0001589984154128	-0.0310952169334217	-0.0128469484247986	0.0001650440838294	0.0009669125161365	-0.0085815226162852	-0.0209086066401257	7.364253041381438e-05	0.0004371698316315	0.0	0.0	0.0	0.0	0.0	0.0	0.0	0.0	0.0	0.0	0.0	0.0	0.0	0.0	0.0	0.0	0.0	0.0	0.0	0.0	0.0	0.0	0.0	0.0	0.0	0.0	0.0	0.0	0.0	0.0	0.0	0.0	0.0	0.0	0.0	0.0	0.0	0.0	0.0	0.0	0.0	0.0	0.0	0.0	0.0	0.0	0.0	0.0	0.0	0.0	0.0	0.0	0.0	0.0	0.0	0.0	0.0	0.0	0.0	0.0	0.0	0.0	0.0	0.0	0.0	0.0	0.0	0.0	0.0	0.0	1.0	0.0	0.0	0.0	0.0	0.0	0.0	0.0	0.0	0.0	0.0	0.0	0.0	0.0	0.0	0.0	0.0	0.0	0.0	0.0	0.0	0.0	0.0	0.0	0.0	0.0	0.0	0.0	0.0	0.0
1499.194823181067	-2.562875853449441	6.5683326401942	2247585.117852911	2012.6100826987736	-23.774224776256005	4050599.344980764	565.2137637119449	1771.0974674061831	-0.81756393563046	0.668410788843567	3136786.239052596	1832.265812179604	2125.695591250333	2.985428	156.653275	2.5224884566056818	1.5840734206637055	0.1908790239	0.0130235854	-0.1407206669	-0.1244983381	0.1542495715	0.1500165805	0.0930422403	0.205666983	-0.0577204684	0.0162585021	0.1470883761	0.0025624086	-0.069193101	0.0436547107	-0.0151702754	0.0298352131	0.0223831649	-0.0021494571	0.0110475256	-0.0006323385	0.0105306837	0.1909933306	-0.0523724936	0.0297031589	-0.085709108	-0.0002560141	0.087507074	0.0625108257	-0.1153090006	0.0221386186	-0.0113725783	-0.0772475461	0.0645158866	-0.0448275254	0.0203054443	0.0064061583	-0.0324269895	0.0549512416	-0.0715501408	0.1613264537791394	-0.0543030505258456	0.0029488212964125	0.0260262246889528	-0.515000965731744	-0.4828377308175078	0.265225994704629	0.2331322743010001	0.8126055675613273	0.7475867962398581	0.5588860179121752	0.6603278084316668	-0.0369490811812788	-0.0243396238014863	0.0005924172867978	0.0013652346001407	-0.0311070966543551	-1.1879720933399146e-05	1.4112776945544188e-10	0.0009676514622633	-0.0081778085582555	0.0004037140580296	6.687655281547691e-05	1.6298504065080685e-07	0.0	0.0	0.0	0.0	0.0	0.0	0.0	0.0	0.0	0.0	0.0	0.0	0.0	0.0	0.0	0.0	0.0	0.0	0.0	0.0	0.0	0.0	0.0	0.0	0.0	0.0	0.0	0.0	0.0	0.0	0.0	0.0	0.0	0.0	0.0	0.0	0.0	0.0	0.0	0.0	0.0	0.0	0.0	0.0	0.0	0.0	0.0	0.0	0.0	0.0	0.0	0.0	0.0	0.0	0.0	0.0	0.0	0.0	0.0	0.0	0.0	0.0	0.0	0.0	0.0	0.0	0.0	0.0	0.0	0.0	0.0	1.0	0.0	0.0	0.0	0.0	0.0	0.0	0.0	0.0	0.0	0.0	0.0	0.0	0.0	0.0	0.0	0.0	0.0	0.0	0.0	0.0	0.0	0.0	0.0	0.0	0.0	0.0	0.0	0.0
1420.0942942180693	-79.10052896299771	6256.89368222604	2016667.8044707165	1898.3345325325108	-114.27555016626276	3603673.9974054266	13058.901365802034	1646.6273926433337	-124.47007476284944	15492.799511469328	2711381.770203383	1714.1640093921114	1629.7551769256593	4.657338	244.382828	11.488823142209988	7.174922682433433	0.0065268611	-0.0031475386	-0.0203489639	0.1120552184	0.055486852	0.0537112078	-0.0551594842	-0.0035362799	0.0628190226	-0.0913898749	-0.149263738	0.0607766001	0.0361654697	-0.0493286515	-0.0118209997	0.05708879	-0.0419967797	-0.1221996736	-0.0830721878	-0.0247190913	-0.0437297888	-0.0974065469	0.1783035245	-0.1034390779	0.0198179668	0.0006281759	-0.1305297523	0.0557472079	-0.175310067	-0.2260119355	0.1625967301	-0.0775202656	0.0655497724	-0.0469489822	0.0235993474	0.0021373389	-0.0276578354	0.0503807682	-0.0680077345	-0.7926155385158182	-0.9539419922949576	0.9100053246636732	0.6282393918967205	-0.337757686612079	0.177243279119665	0.1140802548655433	0.0314151799930914	3.871700538583752	3.0590949710224247	9.358062041734687	14.990065060469716	-0.1618953757631217	-0.1249462945818429	0.0156115765297326	0.0262101126934823	-0.0214187539336208	0.0096883427207342	9.386398467440524e-05	0.0004587630200689	0.0031584121346261	0.0113362206928816	9.975567212153398e-06	0.0001285098995977	0.0	0.0	0.0	0.0	0.0	0.0	0.0	0.0	0.0	0.0	0.0	0.0	0.0	0.0	0.0	0.0	0.0	0.0	0.0	0.0	0.0	0.0	0.0	0.0	0.0	0.0	0.0	0.0	0.0	0.0	0.0	0.0	0.0	0.0	0.0	0.0	0.0	0.0	0.0	0.0	0.0	0.0	0.0	0.0	0.0	0.0	0.0	0.0	0.0	0.0	0.0	0.0	0.0	0.0	0.0	0.0	0.0	0.0	0.0	0.0	0.0	0.0	0.0	0.0	0.0	0.0	0.0	0.0	0.0	0.0	0.0	0.0	1.0	0.0	0.0	0.0	0.0	0.0	0.0	0.0	0.0	0.0	0.0	0.0	0.0	0.0	0.0	0.0	0.0	0.0	0.0	0.0	0.0	0.0	0.0	0.0	0.0	0.0	0.0	0.0
1404.8045801807214	-15.289714037347949	233.7753553438749	1973475.9084967328	1921.618256001533	23.283723469022107	3692616.721798373	542.1317785818909	1628.124925597101	-18.5024670462326	342.3412867969232	2650790.773350566	1699.415518186555	1574.2731730634516	2.633052	138.163177	2.425580641342427	0.9956337584169584	-0.0330521097	0.012187956	-0.0241163044	0.1333155595	0.0336139875	0.0333935957	-0.0737477822	-0.0462009138	0.0574072302	-0.1994870638	-0.1014341087	0.1228702474	0.0067539765	0.0815002137	0.2284159788	0.1614255854	-0.0771976316	-0.1305825543	-0.0637949698	0.0736383222	0.0517734299	0.0069903482	-0.0641740625	0.0239957696	-0.0596867606	-0.0743034995	-0.0403969407	-0.1414110728	0.0885635661	-0.1140637881	0.0357014842	-0.0777844842	0.0665549058	-0.0490241061	0.0268518493	-0.0021373389	-0.0227795284	0.0455396975	-0.0639883028	-0.7466243888537178	0.0459911496621003	0.0021151858472417	0.5574479780311876	0.5648838900904423	0.9026415767025212	0.3190938092837108	0.8147618159920137	4.068494566498202	0.1967940279144504	0.0387278894227935	16.552648037625396	-0.1798877628091133	-0.0179923870459915	0.0003237259916127	0.0323596072084678	-0.0184471843561371	0.0029715695774837	8.830225753826655e-06	0.0003402986106693	0.0077975332524179	0.0046391211177918	6.080152482256287e-05	2.152144474554184e-05	0.0	0.0	0.0	0.0	0.0	0.0	0.0	0.0	0.0	0.0	0.0	0.0	0.0	0.0	0.0	0.0	0.0	0.0	0.0	0.0	0.0	0.0	0.0	0.0	0.0	0.0	0.0	0.0	0.0	0.0	0.0	0.0	0.0	0.0	0.0	0.0	0.0	0.0	0.0	0.0	0.0	0.0	0.0	0.0	0.0	0.0	0.0	0.0	0.0	0.0	0.0	0.0	0.0	0.0	0.0	0.0	0.0	0.0	0.0	0.0	0.0	0.0	0.0	0.0	0.0	0.0	0.0	0.0	0.0	0.0	0.0	0.0	0.0	1.0	0.0	0.0	0.0	0.0	0.0	0.0	0.0	0.0	0.0	0.0	0.0	0.0	0.0	0.0	0.0	0.0	0.0	0.0	0.0	0.0	0.0	0.0	0.0	0.0	0.0	0.0
1382.8544337593678	-21.95014642135357	481.8089279188607	1912286.3849679416	1858.558136758925	-63.060119242607925	3454238.347712807	3976.5786388919305	1524.6520326532868	-103.47289294381426	10706.639574162047	2324563.820673799	1608.7994872700958	1517.530309607766	2.078141	109.045547	1.4851400749785768	0.7963033664552018	-0.0514660674	-0.0205722434	0.0268910734	0.1157935538	-0.0532055491	-0.0493973861	-0.0548450952	-0.0564878906	-0.0139388594	-0.1813638371	-0.1095619602	0.1105760939	0.0287296183	0.1393584724	0.1209235863	0.0976161797	-0.064179017	-0.0312830539	-0.0843325697	-0.0822081918	0.1014163643	-0.0287001737	-0.2581255556	-0.110159151	-0.0681156936	-0.0249463392	-0.0355254829	-0.1385324972	0.0423226247	-0.1036170038	0.1084277602	-0.0780401729	0.0675308461	-0.0510508491	0.0300572439	-0.0064061583	-0.0178113211	0.0404540309	-0.0595200392	-0.7233859604809254	0.0232384283727924	0.0005400245532374	0.523287247820911	0.758699037357971	0.1938151472675287	0.5756242292879118	0.0375643113103338	4.571418860545414	0.5029242940472116	0.2529328455428862	20.89787039855033	-0.1931188899218172	-0.0132311271127038	0.0001750627246725	0.0372949056446349	-0.0170730173059343	0.0013741670502027	1.8883350818630627e-06	0.0002914879199287	0.0084954831953321	0.0006979499429141	7.21732347221701e-05	4.871341228139346e-07	0.0	0.0	0.0	0.0	0.0	0.0	0.0	0.0	0.0	0.0	0.0	0.0	0.0	0.0	0.0	0.0	0.0	0.0	0.0	0.0	0.0	0.0	0.0	0.0	0.0	0.0	0.0	0.0	0.0	0.0	0.0	0.0	0.0	0.0	0.0	0.0	0.0	0.0	0.0	0.0	0.0	0.0	0.0	0.0	0.0	0.0	0.0	0.0	0.0	0.0	0.0	0.0	0.0	0.0	0.0	0.0	0.0	0.0	0.0	0.0	0.0	0.0	0.0	0.0	0.0	0.0	0.0	0.0	0.0	0.0	0.0	0.0	0.0	0.0	1.0	0.0	0.0	0.0	0.0	0.0	0.0	0.0	0.0	0.0	0.0	0.0	0.0	0.0	0.0	0.0	0.0	0.0	0.0	0.0	0.0	0.0	0.0	0.0	0.0	0.0
1382.634652106352	-0.2197816530158434	0.0483039750023765	1911678.5812052528	1855.0245666503904	-3.5335701085346045	3441116.1428764686	12.486117711929255	1570.806563522469	46.15453086918228	2130.2407197543	2467433.2600052687	1645.4803283460794	1497.417216030034	1.642738	86.198784	0.4555741003022382	0.2272662932148831	-0.0661624957	-0.0089509353	0.0223560161	0.0931845344	-0.0150712728	-0.0167890427	-0.0387047547	-0.0645617439	-0.0043506513	-0.1927603348	-0.0606967114	0.1229374449	0.037864802	0.1605625173	0.1620147147	0.0856903769	-0.0376747343	-0.0383763299	-0.0899782183	-0.0037207236	0.0668123979	-0.0005757303	-0.2746860595	-0.0010608603	-0.0594586448	-0.0545537036	-0.0018232671	-0.0854135	0.1181672456	-0.0107171359	0.0616947078	-0.0782873035	0.0684771651	-0.0530272111	0.0332099078	-0.010657419	-0.0127728206	0.0351510839	-0.0546342852	-0.5056835408399536	0.2177024196409718	0.0473943435175337	0.255715843476433	0.7025509987889365	-0.0561480385690345	0.4935779058993322	0.0031526022351497	4.527302229061327	-0.044116631484087	0.0019462771735027	20.496465473263655	-0.1916576475934087	0.0014612423284084	2.135229142332684e-06	0.0367326538810392	-0.0159726269632836	0.0011003903426507	1.2108589061989307e-06	0.0002551248121082	0.0083049756542284	-0.0001905075411036	6.897262061732644e-05	3.6293123217377767e-08	0.0	0.0	0.0	0.0	0.0	0.0	0.0	0.0	0.0	0.0	0.0	0.0	0.0	0.0	0.0	0.0	0.0	0.0	0.0	0.0	0.0	0.0	0.0	0.0	0.0	0.0	0.0	0.0	0.0	0.0	0.0	0.0	0.0	0.0	0.0	0.0	0.0	0.0	0.0	0.0	0.0	0.0	0.0	0.0	0.0	0.0	0.0	0.0	0.0	0.0	0.0	0.0	0.0	0.0	0.0	0.0	0.0	0.0	0.0	0.0	0.0	0.0	0.0	0.0	0.0	0.0	0.0	0.0	0.0	0.0	0.0	0.0	0.0	0.0	0.0	1.0	0.0	0.0	0.0	0.0	0.0	0.0	0.0	0.0	0.0	0.0	0.0	0.0	0.0	0.0	0.0	0.0	0.0	0.0	0.0	0.0	0.0	0.0	0.0	0.0
1419.7892979955766	37.15464588922464	1380.467711153677	2015801.650702772	1964.4310573143296	109.40649066393917	3858989.378941095	11969.780199398609	1677.6187243730594	106.81216085059032	11408.83770557238	2814404.584367092	1747.9710508774149	1617.641962360794	3.078245	161.523651	3.0796151835842265	1.3882312360926885	-0.0169340723	0.0509870304	-0.0546685662	0.1090730705	0.0651104052	0.0659820887	-0.0791198226	-0.0245647734	0.0970766808	-0.115207343	-0.0558358356	0.0330395646	0.0041681128	-0.0647889516	0.03931899	0.110051677	-0.0243448067	-0.1548529122	-0.0205336974	0.1048942455	0.0402613293	-0.0001943732	0.1537063099	0.0999688084	-0.0732122686	-0.030268009	-0.0585236389	0.1288887185	-0.0357105979	-0.0232279379	-0.0694422104	-0.0785258491	0.0693934478	-0.0549512416	0.0363043104	-0.0148794683	-0.0076839116	0.0296593388	-0.049365311	-0.0909754785986223	0.4147080622413313	0.1719827768879599	0.0082765377062483	0.1416785439966474	-0.5608724547922891	0.0200728098290099	0.3145779105447284	3.683451651091836	-0.8438505779694911	0.7120837979394442	13.567816065931172	-0.1681256188284882	0.0235320287649205	0.000553756377793	0.0282662237064621	-0.0167048346389719	-0.0007322076756883	5.361280803368664e-07	0.0002790515003153	0.0092444209852419	0.0009394453310135	8.545931935238083e-05	8.825575299630648e-07	0.0	0.0	0.0	0.0	0.0	0.0	0.0	0.0	0.0	0.0	0.0	0.0	0.0	0.0	0.0	0.0	0.0	0.0	0.0	0.0	0.0	0.0	0.0	0.0	0.0	0.0	0.0	0.0	0.0	0.0	0.0	0.0	0.0	0.0	0.0	0.0	0.0	0.0	0.0	0.0	0.0	0.0	0.0	0.0	0.0	0.0	0.0	0.0	0.0	0.0	0.0	0.0	0.0	0.0	0.0	0.0	0.0	0.0	0.0	0.0	0.0	0.0	0.0	0.0	0.0	0.0	0.0	0.0	0.0	0.0	0.0	0.0	0.0	0.0	0.0	0.0	1.0	0.0	0.0	0.0	0.0	0.0	0.0	0.0	0.0	0.0	0.0	0.0	0.0	0.0	0.0	0.0	0.0	0.0	0.0	0.0	0.0	0.0	0.0	0.0
1402.582763271713	-17.20653472386357	296.0648372035228	1967238.4078269145	1917.99419586568	-46.43686144864955	3678701.7353744367	2156.382101201075	1645.5424772278875	-32.07624714517192	1028.8856309181497	2707810.044361293	1719.522219982195	1531.085291745446	2.206526	115.782265	1.7227174675560062	0.7386714362326126	-0.0505090182	-0.0010479872	-0.0173408341	0.11269686	0.0311852171	0.0356402613	-0.0891059001	-0.0489085689	0.0418739652	-0.1862378239	-0.0579424276	0.1040323776	0.0284666451	0.1112517058	0.1619832471	0.1177555377	-0.0383323453	-0.1407215339	-0.0850906738	0.1199858967	0.0586872315	0.026054215	0.0153133473	0.0360390486	-0.0913410096	-0.0762297853	-0.0455540747	0.1405054911	0.0211329455	-0.0158165251	0.0038611509	-0.0787557834	0.0702792922	-0.0568210419	0.0393350228	-0.0190607341	-0.0025646777	0.024008292	-0.0437500746	-0.2229663768238623	-0.13199089822524	0.0174215972143056	0.0497140051939605	0.4800167078805373	0.3383381638838899	0.230416039844469	0.1144727131403219	4.249696725339796	0.5662450742479606	0.3206334841100783	18.059922257363787	-0.178382503475482	-0.0102568846469938	0.0001052036826617	0.0318203175461803	-0.0138616238215241	0.0028432108174478	8.083847752452192e-06	0.0001921446149694	0.0098671921447786	0.0006227711595366	9.736148082198048e-05	3.878439171506849e-07	0.0	0.0	0.0	0.0	0.0	0.0	0.0	0.0	0.0	0.0	0.0	0.0	0.0	0.0	0.0	0.0	0.0	0.0	0.0	0.0	0.0	0.0	0.0	0.0	0.0	0.0	0.0	0.0	0.0	0.0	0.0	0.0	0.0	0.0	0.0	0.0	0.0	0.0	0.0	0.0	0.0	0.0	0.0	0.0	0.0	0.0	0.0	0.0	0.0	0.0	0.0	0.0	0.0	0.0	0.0	0.0	0.0	0.0	0.0	0.0	0.0	0.0	0.0	0.0	0.0	0.0	0.0	0.0	0.0	0.0	0.0	0.0	0.0	0.0	0.0	0.0	0.0	1.0	0.0	0.0	0.0	0.0	0.0	0.0	0.0	0.0	0.0	0.0	0.0	0.0	0.0	0.0	0.0	0.0	0.0	0.0	0.0	0.0	0.0	0.0
1410.5111974611298	7.928434189416748	62.86006869591241	1989541.83816323	1961.64939899686	43.65520313118009	3848068.364584743	1905.776760424596	1672.1992199693989	26.65674274151138	710.5819335871196	2796250.231266266	1745.0765746906964	1643.465007243373	2.573711	135.049408	2.4696644618735624	1.2239030855188984	-0.0094987924	0.0675959464	-0.0420151309	0.089219467	0.0503746382	0.0542196798	-0.0783979028	-0.0194662069	0.1077930173	-0.0625000314	-0.005560474	-0.0064091614	0.0121360593	-0.1027418305	-0.0189384027	0.0366851491	0.0196246906	-0.0849620935	0.0138763614	0.102777863	-0.0365063475	-0.0224352908	0.0974992421	0.0648641375	-0.0316607487	-0.0179761765	-0.0215924839	0.1573454298	-0.0844649924	0.0147776555	-0.0469359104	-0.0789770813	0.0711343098	-0.0586347667	0.0422967282	-0.0231897558	0.0025646777	0.0182282956	-0.0378279629	-0.1882474930614535	0.0347188837624088	0.0012054008897076	0.0354371186439219	0.0609278548382121	-0.4190888530423252	0.0037122034951862	0.1756354667443316	3.3668687421678243	-0.8828279831719721	0.7793852478714919	11.335805126986749	-0.1579581461573097	0.0204243573181723	0.0004171543718603	0.024950775937454	-0.0139752317228427	-0.0001136079013185	1.2906755242016657e-08	0.0001953071017071	0.0077445825263324	-0.0021226096184461	5.997855850717314e-05	4.505471592320318e-06	0.0	0.0	0.0	0.0	0.0	0.0	0.0	0.0	0.0	0.0	0.0	0.0	0.0	0.0	0.0	0.0	0.0	0.0	0.0	0.0	0.0	0.0	0.0	0.0	0.0	0.0	0.0	0.0	0.0	0.0	0.0	0.0	0.0	0.0	0.0	0.0	0.0	0.0	0.0	0.0	0.0	0.0	0.0	0.0	0.0	0.0	0.0	0.0	0.0	0.0	0.0	0.0	0.0	0.0	0.0	0.0	0.0	0.0	0.0	0.0	0.0	0.0	0.0	0.0	0.0	0.0	0.0	0.0	0.0	0.0	0.0	0.0	0.0	0.0	0.0	0.0	0.0	0.0	1.0	0.0	0.0	0.0	0.0	0.0	0.0	0.0	0.0	0.0	0.0	0.0	0.0	0.0	0.0	0.0	0.0	0.0	0.0	0.0	0.0	0.0
1402.1556207812716	-8.355576679858132	69.81566165298904	1966040.3848885128	1899.912631264216	-61.73676773264401	3609668.006437317	3811.428490074434	1641.0562566643086	-31.142963305090237	969.8841634221968	2693065.6375370733	1707.4889102714787	1572.263364796205	2.299834	120.67836	1.126270912547913	0.6419220786734358	-0.0364938963	0.0125499031	-0.0194155888	0.0691193702	0.0237267	0.0250215078	-0.0720857442	-0.0260416888	0.0766700339	-0.0921943732	-0.0180409135	0.0321341176	0.0070559512	-0.006063373	0.0508310262	0.0451519807	-0.001692624	-0.0846145324	-0.0080413447	0.1412255292	-0.0793617799	0.0351766399	0.2123615976	0.08177668	-0.0559151272	-0.093568112	-0.0310029084	0.2121168947	-0.0540114557	0.1059730798	-0.062306261	-0.0791897184	0.0719581255	-0.060390626	0.0451842308	-0.0272552159	0.0076839116	0.0123503943	-0.0316405151	-0.3734066212777094	-0.1851591282162559	0.0342839027618038	0.1394325048140347	-0.0888058224412731	-0.1497336772794852	0.0078864740994709	0.022420174111637	3.899436209986085	0.5325674678182608	0.2836281077783543	15.205602755750643	-0.160338507343531	-0.0023803611862213	5.66611937686894e-06	0.0257084369371515	-0.0125604769409526	0.0014147547818901	2.0015310928809053e-06	0.0001577655809842	0.0063634857097656	-0.0013810968165668	4.0493950378391e-05	1.9074284167309504e-06	0.0	0.0	0.0	0.0	0.0	0.0	0.0	0.0	0.0	0.0	0.0	0.0	0.0	0.0	0.0	0.0	0.0	0.0	0.0	0.0	0.0	0.0	0.0	0.0	0.0	0.0	0.0	0.0	0.0	0.0	0.0	0.0	0.0	0.0	0.0	0.0	0.0	0.0	0.0	0.0	0.0	0.0	0.0	0.0	0.0	0.0	0.0	0.0	0.0	0.0	0.0	0.0	0.0	0.0	0.0	0.0	0.0	0.0	0.0	0.0	0.0	0.0	0.0	0.0	0.0	0.0	0.0	0.0	0.0	0.0	0.0	0.0	0.0	0.0	0.0	0.0	0.0	0.0	0.0	1.0	0.0	0.0	0.0	0.0	0.0	0.0	0.0	0.0	0.0	0.0	0.0	0.0	0.0	0.0	0.0	0.0	0.0	0.0	0.0	0.0
1404.5011244004716	2.345503619199917	5.501387227679909	1972623.408442189	1950.9179015340685	51.00527026985242	3806080.658526093	2601.537595300691	1665.5886414095887	24.53238474528007	601.8379012904502	2774185.5223926394	1728.207163121298	1585.1304902336817	1.984018	104.106674	1.128310349699018	0.6414674531360803	-0.0332057518	0.0122913122	-0.0347669518	0.0767679059	0.0352438841	0.0339757147	-0.0470508604	-0.0289509097	0.0726259282	-0.0602554317	-0.0052628772	0.0326619568	0.0130572388	0.0010797543	-0.0361353892	0.040473225	0.0326753493	-0.1113427874	-0.0113041789	0.1570717036	-0.1069911569	0.0553423123	0.1113078816	0.0415528579	-0.124257523	-0.1562237204	-0.0332895626	0.2281852581	-0.0719483498	0.0732108305	-0.0293140136	-0.0793936715	0.0727503781	-0.0620868871	0.0479924649	-0.0312459714	0.0127728206	0.0064061583	-0.0252311319	-0.4327151568924705	-0.059308535614761	0.0035175023967673	0.1872424070044753	0.1405830584729557	0.2293888809142288	0.0197635963296104	0.0526192586870822	3.349043968822052	-0.5503922411640332	0.3029316191335672	11.21609550510336	-0.1583630955564187	0.0019754117871123	3.90225172866222e-06	0.0250788700342114	-0.013891221074981	-0.0013307441340283	1.7708799502509949e-06	0.0001929660229539	0.0038852277907864	-0.0024782579189792	1.5094994986298973e-05	6.141762312983114e-06	0.0	0.0	0.0	0.0	0.0	0.0	0.0	0.0	0.0	0.0	0.0	0.0	0.0	0.0	0.0	0.0	0.0	0.0	0.0	0.0	0.0	0.0	0.0	0.0	0.0	0.0	0.0	0.0	0.0	0.0	0.0	0.0	0.0	0.0	0.0	0.0	0.0	0.0	0.0	0.0	0.0	0.0	0.0	0.0	0.0	0.0	0.0	0.0	0.0	0.0	0.0	0.0	0.0	0.0	0.0	0.0	0.0	0.0	0.0	0.0	0.0	0.0	0.0	0.0	0.0	0.0	0.0	0.0	0.0	0.0	0.0	0.0	0.0	0.0	0.0	0.0	0.0	0.0	0.0	0.0	1.0	0.0	0.0	0.0	0.0	0.0	0.0	0.0	0.0	0.0	0.0	0.0	0.0	0.0	0.0	0.0	0.0	0.0	0.0	0.0
1417.7341318622505	13.233007461778923	175.1124864834967	2009970.068647209	1964.41329878795	13.495397253881492	3858919.608454956	182.12574704007213	1683.8311490572416	18.24250764765293	332.7890852746756	2835287.338535431	1745.97107786856	1745.0782998952	2.536934	133.119629	1.6627473581997736	0.7507235579285043	0.0149319004	0.0711338653	-0.0433371203	0.0619996728	0.043073596	0.0438750513	-0.053503805	-0.0004162722	0.1423828068	0.0413098743	0.0142758335	-0.0694896837	0.0196905539	-0.1568158903	-0.0542516245	-0.0951933175	0.0283980995	0.0178779719	0.0394581856	0.0027361085	-0.0485740266	-0.0302516194	-0.1814624643	-0.0234971441	-0.0937790617	-0.0788987646	-0.0334996702	0.0590492375	0.0335016829	-0.0018947722	-0.0107725922	-0.0795889182	0.0735107199	-0.0637218759	0.0507165039	-0.0351510839	0.0178113211	0.0004275147	-0.0186447705	-0.3823106612607745	0.0504044956316959	0.0025406131798856	0.1461614417136506	-0.1609880111864896	-0.3015710696594453	0.0259171397457812	0.090945110055542	2.884465530431584	-0.4645784383904678	0.2158331254173257	8.32014139624796	-0.1467689046363017	0.0115941909201169	0.0001344252630921	0.0215411113681398	-0.0179761959365207	-0.0040849748615397	1.668701961941131e-05	0.0003231436203481	0.0026405264820798	-0.0012447013087066	6.972380102564724e-06	1.5492813478959232e-06	0.0	0.0	0.0	0.0	0.0	0.0	0.0	0.0	0.0	0.0	0.0	0.0	0.0	0.0	0.0	0.0	0.0	0.0	0.0	0.0	0.0	0.0	0.0	0.0	0.0	0.0	0.0	0.0	0.0	0.0	0.0	0.0	0.0	0.0	0.0	0.0	0.0	0.0	0.0	0.0	0.0	0.0	0.0	0.0	0.0	0.0	0.0	0.0	0.0	0.0	0.0	0.0	0.0	0.0	0.0	0.0	0.0	0.0	0.0	0.0	0.0	0.0	0.0	0.0	0.0	0.0	0.0	0.0	0.0	0.0	0.0	0.0	0.0	0.0	0.0	0.0	0.0	0.0	0.0	0.0	0.0	1.0	0.0	0.0	0.0	0.0	0.0	0.0	0.0	0.0	0.0	0.0	0.0	0.0	0.0	0.0	0.0	0.0	0.0	0.0
1417.1461951870338	-0.5879366752167243	0.345669534064896	2008303.3385330865	1977.5425955856904	13.12929679774038	3910674.717355789	172.3784344031558	1675.8739373101128	-7.957211747128895	63.31721878864608	2808553.4537553	1741.305707571188	1693.0520142295145	1.400417	73.48356599999998	0.5596175379592008	0.2529356550290414	-0.0069475169	0.0651937719	-0.0345744463	0.0699742257	0.0301716111	0.0313380428	-0.0720202094	-0.0143280025	0.1256510033	0.0140756304	0.0070395441	-0.0433397961	-0.0049352767	-0.1261511176	-0.0544267689	-0.0551178073	0.0224581382	0.0150218232	0.0293462894	-0.0049348194	-0.0692527914	-0.035967431	-0.1087848544	-0.0584181237	-0.0592232364	-0.0492525539	-0.042242935	0.0180218271	0.0096531823	-0.0270400283	-0.0095396228	-0.0797754371	0.0742388174	-0.0652939789	0.0533515689	-0.0389598496	0.0227795284	-0.0055534252	-0.0119276293	-0.4286027026535208	-0.0462920413927462	0.0021429530963077	0.1837002767219023	-0.1854335324047582	-0.0244455212182686	0.0343855949401065	0.0005975835076328	3.020286486927916	0.1358209564963317	0.0184473322235784	9.12213046311937	-0.1487855367647967	-0.0020166321284949	4.066805141678205e-06	0.0221371359503886	-0.0224298234433377	-0.004453627506817	1.9834797969477005e-05	0.0005030969796993	0.0032314472238049	0.0005909207417251	1.0442251160236397e-05	3.4918732300094253e-07	0.0	0.0	0.0	0.0	0.0	0.0	0.0	0.0	0.0	0.0	0.0	0.0	0.0	0.0	0.0	0.0	0.0	0.0	0.0	0.0	0.0	0.0	0.0	0.0	0.0	0.0	0.0	0.0	0.0	0.0	0.0	0.0	0.0	0.0	0.0	0.0	0.0	0.0	0.0	0.0	0.0	0.0	0.0	0.0	0.0	0.0	0.0	0.0	0.0	0.0	0.0	0.0	0.0	0.0	0.0	0.0	0.0	0.0	0.0	0.0	0.0	0.0	0.0	0.0	0.0	0.0	0.0	0.0	0.0	0.0	0.0	0.0	0.0	0.0	0.0	0.0	0.0	0.0	0.0	0.0	0.0	0.0	1.0	0.0	0.0	0.0	0.0	0.0	0.0	0.0	0.0	0.0	0.0	0.0	0.0	0.0	0.0	0.0	0.0	0.0
1429.2160948145918	12.069899627558016	145.68247701932512	2042658.645677072	1982.1197444094887	4.577148823798325	3928798.681177937	20.950291355198388	1678.844723432492	2.970786122379195	8.825570184920814	2818519.6053971206	1745.340583782052	1726.6354068517685	1.237306	64.924698	0.3048607568066888	0.1411662755812904	-0.0053587514	0.0783948181	-0.0281683613	0.0980130263	0.024331737	0.0251520598	-0.0746270067	-0.0236793272	0.1281221986	-0.0060847022	0.0167452742	-0.0376146268	-0.023503081	-0.1369007456	-0.0346385347	-0.0342528555	0.0158225829	0.0216828365	0.060088773	-0.0125728863	-0.0403944095	-0.0275062996	-0.0281502568	0.01365727	0.0060322336	0.0352537987	-0.0002564434	-0.0354085629	0.0063321705	-0.0002012077	-0.0399358455	-0.0799532077	0.0749343514	-0.0668016447	0.0558930371	-0.0426618292	0.0276578354	-0.0115045374	-0.0051268245	-0.4463587786284364	-0.0177560759749156	0.0003152782340269	0.1992361592586695	-0.1444986567756672	0.040934875629091	0.020879861809972	0.0016756640427691	3.089341666874617	0.0690551799467011	0.0047686178774712	9.544031934687636	-0.1509508448710266	-0.0021653081062299	4.688559194904996e-06	0.0227861575672767	-0.02197066034441	0.0004591630989277	2.108307514168901e-07	0.0004827099159694	0.0023136259238429	-0.000917821299962	5.352864915477912e-06	8.423959386639359e-07	0.0	0.0	0.0	0.0	0.0	0.0	0.0	0.0	0.0	0.0	0.0	0.0	0.0	0.0	0.0	0.0	0.0	0.0	0.0	0.0	0.0	0.0	0.0	0.0	0.0	0.0	0.0	0.0	0.0	0.0	0.0	0.0	0.0	0.0	0.0	0.0	0.0	0.0	0.0	0.0	0.0	0.0	0.0	0.0	0.0	0.0	0.0	0.0	0.0	0.0	0.0	0.0	0.0	0.0	0.0	0.0	0.0	0.0	0.0	0.0	0.0	0.0	0.0	0.0	0.0	0.0	0.0	0.0	0.0	0.0	0.0	0.0	0.0	0.0	0.0	0.0	0.0	0.0	0.0	0.0	0.0	0.0	0.0	0.0	0.0	0.0	0.0	0.0	0.0	0.0	0.0	0.0	0.0	0.0	0.0	0.0	0.0	0.0	0.0	0.0
1423.6944514272132	-5.521643387378617	30.48854569738201	2026905.8910246333	1948.0497865314728	-34.069957878015884	3794897.9708053167	1160.7620298097763	1641.0059264875886	-37.83879694490338	1431.7745542376292	2692900.450767389	1706.6518165530726	1742.842293253812	1.761482	92.429611	0.7243199594586329	0.3397243394642067	-0.0147542827	0.0685521021	-0.0015936318	0.0794914966	-0.0096245008	-0.0103491056	-0.0617133429	-0.0337723338	0.1026311416	-0.0302831671	0.0054005751	-0.0150215978	-0.0478612345	-0.1016434298	-0.0254129943	0.0305249142	-0.0173394415	0.0129551197	0.0465586068	-0.0415756219	-0.0101632803	-0.0048609059	0.1701505679	0.0403816503	0.109763237	0.1063964956	0.0841320925	-0.1428058903	-0.0076314385	0.0013079695	-0.010743515	-0.0801222105	0.0755970167	-0.0682433853	0.05833645	-0.0462468756	0.0324269895	-0.0173938582	0.0017099414	-0.3436780528865881	0.1026807257418483	0.0105433314388726	0.1181146040359164	-0.1251440453591072	0.01935461141656	0.0156610320888422	0.000374600983086	3.366470234748192	0.2771285678735751	0.0768002431316587	11.333121841445548	-0.1540273595502003	-0.0030765146791736	9.464942571171204e-06	0.0237244274900066	-0.0209747097706958	0.0009959505737142	9.919175452816442e-07	0.0004399384499649	0.004744281759488	0.0024306558356451	2.250820941341055e-05	5.908087791355579e-06	0.0	0.0	0.0	0.0	0.0	0.0	0.0	0.0	0.0	0.0	0.0	0.0	0.0	0.0	0.0	0.0	0.0	0.0	0.0	0.0	0.0	0.0	0.0	0.0	0.0	0.0	0.0	0.0	0.0	0.0	0.0	0.0	0.0	0.0	0.0	0.0	0.0	0.0	0.0	0.0	0.0	0.0	0.0	0.0	0.0	0.0	0.0	0.0	0.0	0.0	0.0	0.0	0.0	0.0	0.0	0.0	0.0	0.0	0.0	0.0	0.0	0.0	0.0	0.0	0.0	0.0	0.0	0.0	0.0	0.0	0.0	0.0	0.0	0.0	0.0	0.0	0.0	0.0	0.0	0.0	0.0	0.0	0.0	1.0	0.0	0.0	0.0	0.0	0.0	0.0	0.0	0.0	0.0	0.0	0.0	0.0	0.0	0.0	0.0	0.0
1423.9625533807505	0.2681019535373252	0.0718786574905301	2027669.353430627	1985.253816628758	37.20403009728511	3941232.71643905	1384.1398554796965	1669.682524226262	28.676597738673536	822.3472578656962	2787839.7317065825	1737.4151092452423	1692.3669245066628	1.722973	90.40892	0.4934985359274869	0.1955180128919923	-0.026655776	0.0722452332	-0.0140351418	0.1262090805	0.005858165	0.0070492973	-0.0880010276	-0.0328109213	0.1093904964	-0.0293638239	0.013336071	-0.0211899301	-0.0458009758	-0.1016247873	-0.0045839983	0.0011111732	-0.0095661989	0.026622565	0.0441422613	-0.0332012621	0.0138012486	-0.014294385	0.0994029148	0.0295814474	0.1177511105	0.1235649223	0.0426078371	-0.1300663097	-0.024273288	0.0106053417	-0.0113643423	-0.080282427	0.0762265226	-0.0696177779	0.0606775209	-0.0497051625	0.0370681691	-0.0231897558	0.0085347133	-0.4592506489446748	-0.1155725960580867	0.0133570249596056	0.2109111585561049	-0.2027201728119081	-0.0775761274528009	0.0410954684648898	0.0060180555505732	3.267923708695413	-0.0985465260527789	0.009711417797071	10.679325365853584	-0.1530278437982148	0.0009995157519855	9.990317384671556e-07	0.0234175209775308	-0.0211774410438208	-0.0002027312731249	4.109996910288312e-08	0.0004484840091645	0.0019104630573221	-0.0028338187021658	3.6498690933925057e-06	8.030528436745225e-06	0.0	0.0	0.0	0.0	0.0	0.0	0.0	0.0	0.0	0.0	0.0	0.0	0.0	0.0	0.0	0.0	0.0	0.0	0.0	0.0	0.0	0.0	0.0	0.0	0.0	0.0	0.0	0.0	0.0	0.0	0.0	0.0	0.0	0.0	0.0	0.0	0.0	0.0	0.0	0.0	0.0	0.0	0.0	0.0	0.0	0.0	0.0	0.0	0.0	0.0	0.0	0.0	0.0	0.0	0.0	0.0	0.0	0.0	0.0	0.0	0.0	0.0	0.0	0.0	0.0	0.0	0.0	0.0	0.0	0.0	0.0	0.0	0.0	0.0	0.0	0.0	0.0	0.0	0.0	0.0	0.0	0.0	0.0	0.0	1.0	0.0	0.0	0.0	0.0	0.0	0.0	0.0	0.0	0.0	0.0	0.0	0.0	0.0	0.0	0.0
1432.512291392918	8.549738012167609	73.09802007670373	2052091.4649917888	2015.018112762065	29.76429613330697	4060297.9947591936	885.9133243111922	1693.5789207523703	23.89639652610822	571.037766932997	2868209.5608167634	1768.0286213372756	1728.678485402194	1.844522	96.786949	1.2162488413518424	0.6313281376423505	-0.0134979941	0.0629974026	-0.0376535529	0.1003808484	0.017551492	0.0246110379	-0.1086097645	-0.0223059377	0.1128978241	0.0395407808	0.0114969402	-0.0486881566	-0.0237456602	-0.1042028452	-0.0422432936	-0.0646778385	0.0131426753	0.0681592334	0.0236264919	-0.0449995986	-0.0418383652	-0.0247421578	-0.1675947499	-0.083589682	-0.02305858	-0.0433492236	-0.0208465068	-0.0876989385	0.0485541007	-0.0533207123	0.0157594998	-0.0804338397	0.0768225931	-0.0709234662	0.0629121428	-0.0530272111	0.0415630576	-0.0288611001	0.0152996203	-0.5387065827356281	-0.0794559337909532	0.0063132454145923	0.2902047822826981	-0.2408505372370086	-0.0381303644251005	0.0580089812873556	0.0014539246911909	2.7543544698500995	-0.5135692388453137	0.2637533630881548	7.586468545583222	-0.1455822122738763	0.0074456315243384	5.543742879622322e-05	0.0211941805305559	-0.0224768388914551	-0.0012993978476343	1.6884347664366524e-06	0.0005052082865524	-0.0010463736565146	-0.0029568367138367	1.094897829047734e-06	8.742883352292615e-06	0.0	0.0	0.0	0.0	0.0	0.0	0.0	0.0	0.0	0.0	0.0	0.0	0.0	0.0	0.0	0.0	0.0	0.0	0.0	0.0	0.0	0.0	0.0	0.0	0.0	0.0	0.0	0.0	0.0	0.0	0.0	0.0	0.0	0.0	0.0	0.0	0.0	0.0	0.0	0.0	0.0	0.0	0.0	0.0	0.0	0.0	0.0	0.0	0.0	0.0	0.0	0.0	0.0	0.0	0.0	0.0	0.0	0.0	0.0	0.0	0.0	0.0	0.0	0.0	0.0	0.0	0.0	0.0	0.0	0.0	0.0	0.0	0.0	0.0	0.0	0.0	0.0	0.0	0.0	0.0	0.0	0.0	0.0	0.0	0.0	1.0	0.0	0.0	0.0	0.0	0.0	0.0	0.0	0.0	0.0	0.0	0.0	0.0	0.0	0.0
1425.8393244295287	-6.672966963389399	44.528488094486335	2033017.7790896548	1960.6453189125543	-54.37279384951057	3844130.066573712	2956.4007110013745	1669.5343410133296	-24.044579739040728	578.1418148270878	2787344.915822813	1744.623102433135	1728.305085515976	1.654725	86.827797	1.1806513765596494	0.5199016874827969	-0.0240184662	0.0750530416	-0.0041093672	0.0844393862	-0.0005292956	0.0072713453	-0.0982318272	-0.0375384413	0.1141696516	-0.0168803911	0.0364490102	-0.0335349473	-0.0602931132	-0.0935850872	-0.0337659048	0.0014376642	0.0161711005	0.0363976877	0.0509659493	-0.0212651008	0.0158681173	-0.0091862481	0.0109606127	0.0344358061	0.0369455757	0.0613709148	0.0145341871	-0.1021165287	0.0133999955	0.0065232146	-0.0406617919	-0.0805764318	0.0773849666	-0.0721591615	0.0650363955	-0.0562039158	0.0458939156	-0.0343774302	0.0219572114	-0.8010981813908415	-0.2623915986552134	0.0688493510448386	0.6417582962277136	-0.0986617127363871	0.1421888245006215	0.0097341335600773	0.0202176618128685	3.082190257286733	0.3278357874366335	0.1074763035241975	9.499896782113256	-0.1529292502563787	-0.0073470379825024	5.3978967116333134e-05	0.0233873555839781	-0.0231522245423376	-0.0006753856508825	4.561457774179799e-07	0.0005360255012588	-0.0019886533424733	-0.0009422796859587	3.9547421165302286e-06	8.878910065704264e-07	0.0	0.0	0.0	0.0	0.0	0.0	0.0	0.0	0.0	0.0	0.0	0.0	0.0	0.0	0.0	0.0	0.0	0.0	0.0	0.0	0.0	0.0	0.0	0.0	0.0	0.0	0.0	0.0	0.0	0.0	0.0	0.0	0.0	0.0	0.0	0.0	0.0	0.0	0.0	0.0	0.0	0.0	0.0	0.0	0.0	0.0	0.0	0.0	0.0	0.0	0.0	0.0	0.0	0.0	0.0	0.0	0.0	0.0	0.0	0.0	0.0	0.0	0.0	0.0	0.0	0.0	0.0	0.0	0.0	0.0	0.0	0.0	0.0	0.0	0.0	0.0	0.0	0.0	0.0	0.0	0.0	0.0	0.0	0.0	0.0	0.0	1.0	0.0	0.0	0.0	0.0	0.0	0.0	0.0	0.0	0.0	0.0	0.0	0.0	0.0
1436.585787787939	10.74646335841021	115.48647471365324	2063778.725674293	2007.211093564577	46.56577465202258	4028896.374128705	2168.3713689429487	1707.9480694632246	38.41372844989496	1475.6145334222697	2917086.607983156	1783.7774340728067	1712.0189701773904	1.943933	102.003311	1.4370636713363871	0.7061346680645219	-0.0205863087	0.0615149732	-0.0354530021	0.0865017149	0.0181070277	0.0279370503	-0.1239776912	-0.0228945956	0.1061212168	0.0587102066	0.0328736799	-0.0630734792	-0.0035772752	-0.0753643397	-0.0581686462	-0.0785842092	0.0259833393	0.0613374	-0.0153045536	-0.0394676603	-0.0179396344	-0.0075114952	-0.2570920803	-0.0690178101	-0.0769666853	-0.0943923633	-0.0219356752	-0.0187569848	0.0421343234	-0.0469422913	0.0246179168	-0.0807101879	0.0779133966	-0.0733236445	0.0670465522	-0.0592265694	0.0500436514	-0.0397091175	0.0284607885	-0.508832537829008	0.2922656435618336	0.0854192064066127	0.2589105515535088	-0.136854351171948	-0.0381926384355608	0.0187291134346948	0.0014586776306694	2.4945131846031714	-0.5876770726835616	0.3453643417579202	6.222596028159056	-0.1447467426712662	0.0081825075851125	6.695343038042392e-05	0.0209516195139417	-0.0210407740381444	0.0021114505041932	4.458223231657726e-06	0.0004427141721242	-0.0019040450986704	8.460824380290008e-05	3.625387737770773e-06	7.15855491941098e-09	0.0	0.0	0.0	0.0	0.0	0.0	0.0	0.0	0.0	0.0	0.0	0.0	0.0	0.0	0.0	0.0	0.0	0.0	0.0	0.0	0.0	0.0	0.0	0.0	0.0	0.0	0.0	0.0	0.0	0.0	0.0	0.0	0.0	0.0	0.0	0.0	0.0	0.0	0.0	0.0	0.0	0.0	0.0	0.0	0.0	0.0	0.0	0.0	0.0	0.0	0.0	0.0	0.0	0.0	0.0	0.0	0.0	0.0	0.0	0.0	0.0	0.0	0.0	0.0	0.0	0.0	0.0	0.0	0.0	0.0	0.0	0.0	0.0	0.0	0.0	0.0	0.0	0.0	0.0	0.0	0.0	0.0	0.0	0.0	0.0	0.0	0.0	1.0	0.0	0.0	0.0	0.0	0.0	0.0	0.0	0.0	0.0	0.0	0.0	0.0
1420.98729901226	-15.598488775678788	243.31285208497715	2019204.9039541583	1974.7158871421327	-32.4952064224442	3899502.83493154	1055.9384404372586	1689.0555441310264	-18.892525332198147	356.9275134277487	2852908.6311597577	1755.5502862810188	1743.1512767791749	1.279129	67.119263	0.7334737400468005	0.3826764288054877	-0.0182368281	0.057559531	-0.0047171015	0.0778675596	-0.0002923001	0.0042181507	-0.0904936196	-0.0278209991	0.1119374759	0.0414293759	0.03847306	-0.0618376089	-0.0089852942	-0.0726442519	-0.0422405352	-0.0756158773	0.0194767005	0.0534015097	0.0180349663	-0.0133491341	-0.0139580814	-0.0143451739	-0.1508687265	-0.0568502699	-0.0319955144	-0.0339788578	-0.0290020478	0.0307708659	0.0325810055	-0.0067241081	0.0158038933	-0.0808350932	0.0784076511	-0.0744157659	0.0689390864	-0.0620868871	0.0539958877	-0.0448275254	0.0347647336	-0.4815228779021936	0.0273096599268143	0.0007458175253182	0.2318642819432108	-0.2424901080304238	-0.1056357568584758	0.0588014524926066	0.011158913127063	2.762832777361126	0.2683195927579547	0.0719954038577946	7.633244955660993	-0.1459106783816037	-0.0011639357103375	1.3547463377988975e-06	0.0212899260657797	-0.0197010884648283	0.001339685573316	1.7947574353512866e-06	0.0003881328866989	0.0022365082277471	0.0041405533264175	5.0019690527804745e-06	1.714418184890703e-05	0.0	0.0	0.0	0.0	0.0	0.0	0.0	0.0	0.0	0.0	0.0	0.0	0.0	0.0	0.0	0.0	0.0	0.0	0.0	0.0	0.0	0.0	0.0	0.0	0.0	0.0	0.0	0.0	0.0	0.0	0.0	0.0	0.0	0.0	0.0	0.0	0.0	0.0	0.0	0.0	0.0	0.0	0.0	0.0	0.0	0.0	0.0	0.0	0.0	0.0	0.0	0.0	0.0	0.0	0.0	0.0	0.0	0.0	0.0	0.0	0.0	0.0	0.0	0.0	0.0	0.0	0.0	0.0	0.0	0.0	0.0	0.0	0.0	0.0	0.0	0.0	0.0	0.0	0.0	0.0	0.0	0.0	0.0	0.0	0.0	0.0	0.0	0.0	1.0	0.0	0.0	0.0	0.0	0.0	0.0	0.0	0.0	0.0	0.0	0.0
1414.1786246907482	-6.808674321511944	46.35804601641613	1999901.182532216	1957.906642092934	-16.809245049198807	3833398.419151628	282.5507191240146	1674.4110365647537	-14.64450756627275	214.46160185861984	2803652.319369853	1739.944427105882	1717.8385503508828	1.172139	61.505215	0.4538596666136608	0.2167736818767641	-0.025969359	0.0629571348	0.003426724	0.0719740398	-0.0106796262	-0.0067592611	-0.0946888491	-0.0340512651	0.1015385943	0.0374950056	0.0505734397	-0.0544616184	-0.0150006495	-0.0663406872	-0.0595720604	-0.0677485498	0.0351512646	0.0583453876	0.0217093911	-0.0282728977	-0.0466094489	-0.0158007103	-0.2005188835	-0.0712682618	-0.0561744363	-0.0543133673	-0.0320145342	0.022760609	0.0424538482	-0.0443118682	0.0109807583	-0.0809511339	0.0788675135	-0.0754344479	0.0707106781	-0.064777029	0.0577350269	-0.0497051625	0.040824829	-0.531677800710554	-0.0501549228083604	0.0025155162819125	0.2826812837684116	-0.1524176863794224	0.0900724216510014	0.0232311511212559	0.0081130411420757	2.732709851925172	-0.030122925435954	0.00090739063682	7.467703134808896	-0.1475764917075864	-0.0016658133259827	2.7749340370215494e-06	0.0217788209047193	-0.020665732389985	-0.0009646439251566	9.305379023417228e-07	0.0004270724952144	-0.0008032224554804	-0.0030397306832275	6.451663129879631e-07	9.239962626554724e-06	0.0	0.0	0.0	0.0	0.0	0.0	0.0	0.0	0.0	0.0	0.0	0.0	0.0	0.0	0.0	0.0	0.0	0.0	0.0	0.0	0.0	0.0	0.0	0.0	0.0	0.0	0.0	0.0	0.0	0.0	0.0	0.0	0.0	0.0	0.0	0.0	0.0	0.0	0.0	0.0	0.0	0.0	0.0	0.0	0.0	0.0	0.0	0.0	0.0	0.0	0.0	0.0	0.0	0.0	0.0	0.0	0.0	0.0	0.0	0.0	0.0	0.0	0.0	0.0	0.0	0.0	0.0	0.0	0.0	0.0	0.0	0.0	0.0	0.0	0.0	0.0	0.0	0.0	0.0	0.0	0.0	0.0	0.0	0.0	0.0	0.0	0.0	0.0	0.0	0.0	0.0	0.0	0.0	0.0	0.0	0.0	0.0	0.0	0.0	0.0
1416.0813063577084	1.902681666960234	3.620197525786575	2005286.266215754	1971.1246438328224	13.21800173988845	3885332.361525071	174.7155699956941	1654.6115939930974	-19.7994425716563	392.01792614831584	2737739.526976378	1723.033141340357	1713.042922228033	1.588555	83.35568999999998	0.4790587441545741	0.2861903587596616	-0.0417844953	0.0697698056	0.0065238716	0.0938945423	-0.0351556961	-0.0298348779	-0.0970798983	-0.0417845048	0.0991905632	0.0043856749	0.0653027195	-0.0508858319	-0.0445153493	-0.0556289055	-0.0328214876	-0.0147373974	0.0169566199	0.0637138283	0.0351509828	-0.0183680631	-0.0143561779	0.0118537883	0.0106955339	-0.0137094431	0.0475571412	0.0358408371	0.0772635347	-0.0199138161	-0.0070400108	0.028886403	0.017935659	-0.0810582975	0.0792927819	-0.0763786853	0.0723582192	-0.0672896215	0.0612463124	-0.054315831	0.0465985677	-0.5028853268987632	0.0287924738117908	0.0008290065482026	0.2528936520100759	-0.2542768516301663	-0.1018591652507438	0.0646567172749496	0.0103752895455783	2.988858811457767	0.2561489595325952	0.065612289469631	8.933276994828736	-0.1490269809663728	-0.0014504892587863	2.1039190898546634e-06	0.0222090410559516	-0.020818226444045	-0.00015249405406	2.3254436523654983e-08	0.0004333985522755	-0.0005610428571379	0.0002421795983424	3.147690875454581e-07	5.86509578533346e-08	0.0	0.0	0.0	0.0	0.0	0.0	0.0	0.0	0.0	0.0	0.0	0.0	0.0	0.0	0.0	0.0	0.0	0.0	0.0	0.0	0.0	0.0	0.0	0.0	0.0	0.0	0.0	0.0	0.0	0.0	0.0	0.0	0.0	0.0	0.0	0.0	0.0	0.0	0.0	0.0	0.0	0.0	0.0	0.0	0.0	0.0	0.0	0.0	0.0	0.0	0.0	0.0	0.0	0.0	0.0	0.0	0.0	0.0	0.0	0.0	0.0	0.0	0.0	0.0	0.0	0.0	0.0	0.0	0.0	0.0	0.0	0.0	0.0	0.0	0.0	0.0	0.0	0.0	0.0	0.0	0.0	0.0	0.0	0.0	0.0	0.0	0.0	0.0	0.0	1.0	0.0	0.0	0.0	0.0	0.0	0.0	0.0	0.0	0.0	0.0
1406.6299447894544	-9.451361568254017	89.32823549386899	1978607.8015783837	1919.170905390872	-51.95373844195046	3683216.964098819	2699.1909380946013	1632.746609940488	-21.86498405260932	478.0775276208597	2665861.4922721563	1697.6087910918804	1631.9928309007123	2.042958	107.199379	1.695119168619175	0.8004749116487718	-0.0721899472	0.0419244961	0.0488699908	0.093712552	-0.0513571775	-0.0486294225	-0.1066650891	-0.0735750435	0.051199413	-0.0980295008	0.048324739	0.0338249013	-0.0797293187	0.06192386	0.0462408186	0.1258663227	-0.0221354668	-0.0045330629	0.013617517	-0.0243381374	0.0608117385	0.0477502106	0.2103657815	0.0562451443	0.1466689784	0.161940863	0.120271133	-0.1393554697	-0.0275184053	-0.0113889132	0.0344759598	-0.0811565722	0.0796832699	-0.0772475461	0.0738788195	-0.0696177779	0.0645158866	-0.0586347667	0.0520454508	-0.609370630515869	-0.1064853036171058	0.0113391198864272	0.3713325653353078	0.1842501966414431	0.4385270482716094	0.0339481349624104	0.1923059720658104	3.2611198739434712	0.272261062485704	0.0741260861458444	10.634902832229082	-0.1642467126425334	-0.0152197316761606	0.0002316402322943	0.0269769826138789	-0.0205614172693828	0.0002568091746622	6.595095219068115e-08	0.0004227718801256	-0.0026414170912102	-0.0020803742340723	6.9770842497373545e-06	4.327956953791909e-06	0.0	0.0	0.0	0.0	0.0	0.0	0.0	0.0	0.0	0.0	0.0	0.0	0.0	0.0	0.0	0.0	0.0	0.0	0.0	0.0	0.0	0.0	0.0	0.0	0.0	0.0	0.0	0.0	0.0	0.0	0.0	0.0	0.0	0.0	0.0	0.0	0.0	0.0	0.0	0.0	0.0	0.0	0.0	0.0	0.0	0.0	0.0	0.0	0.0	0.0	0.0	0.0	0.0	0.0	0.0	0.0	0.0	0.0	0.0	0.0	0.0	0.0	0.0	0.0	0.0	0.0	0.0	0.0	0.0	0.0	0.0	0.0	0.0	0.0	0.0	0.0	0.0	0.0	0.0	0.0	0.0	0.0	0.0	0.0	0.0	0.0	0.0	0.0	0.0	0.0	1.0	0.0	0.0	0.0	0.0	0.0	0.0	0.0	0.0	0.0
1405.671902412208	-0.9580423772463292	0.9178451965997976	1975913.497231156	1927.328558426869	8.1576530359971	3714595.372127793	66.5473030557127	1646.1837493113983	13.437139370910243	180.55671447326617	2709920.9364969325	1709.9846857488906	1655.0221996692094	1.208228	63.398899	0.097043682583035	0.0572272598069328	-0.0694766602	0.0614025289	0.0451859368	0.1107131238	-0.0430197862	-0.0412621954	-0.1088069084	-0.0718358345	0.0615245902	-0.0984336428	0.0504282631	0.013835909	-0.0698961223	0.0354902078	0.0434712271	0.1076318389	-0.0141194523	0.0030890367	0.0201221482	-0.0335584533	0.1115597313	0.0271734054	0.1788679585	0.0700940376	0.1423306968	0.1676928095	0.0782266511	-0.1321234192	-0.0118710264	0.0267038278	0.0086241922	-0.0812459471	0.0800388062	-0.0780401729	0.0752698111	-0.0717551168	0.0675308461	-0.0626387723	0.0571272725	-0.6446738115615318	-0.0353031810456627	0.0012463145919428	0.4156043233132734	0.185533497122492	0.0012833004810489	0.0344226785545017	1.6468601246603645e-06	3.2689548886994544	0.0078350147559831	6.138745622647352e-05	10.686066064352062	-0.1640195158763072	0.0002271967662262	5.1618370583645496e-08	0.0269024015882981	-0.0199220124757975	0.0006394047935852	4.088384900598574e-07	0.0003968865810858	-0.0024555749250149	0.0001858421661953	6.029848212361932e-06	3.4537310736161516e-08	0.0	0.0	0.0	0.0	0.0	0.0	0.0	0.0	0.0	0.0	0.0	0.0	0.0	0.0	0.0	0.0	0.0	0.0	0.0	0.0	0.0	0.0	0.0	0.0	0.0	0.0	0.0	0.0	0.0	0.0	0.0	0.0	0.0	0.0	0.0	0.0	0.0	0.0	0.0	0.0	0.0	0.0	0.0	0.0	0.0	0.0	0.0	0.0	0.0	0.0	0.0	0.0	0.0	0.0	0.0	0.0	0.0	0.0	0.0	0.0	0.0	0.0	0.0	0.0	0.0	0.0	0.0	0.0	0.0	0.0	0.0	0.0	0.0	0.0	0.0	0.0	0.0	0.0	0.0	0.0	0.0	0.0	0.0	0.0	0.0	0.0	0.0	0.0	0.0	0.0	0.0	0.0	0.0	0.0	0.0	0.0	0.0	0.0	0.0	0.0
1410.3432949118362	4.671392499628155	21.82190788558218	1989068.2095027743	1932.7137756347656	5.385217207896631	3735382.538528391	29.00056437622598	1648.4440008179754	2.260251506577106	5.1087368729840765	2717367.6238327734	1712.5027528085395	1672.6347916819832	1.57025	82.395142	1.3690805620169664	0.6436239746237109	-0.0565979595	0.0488278613	0.0445677914	0.0829777298	-0.0461743121	-0.0411028733	-0.0907168891	-0.0572215098	0.0660609279	-0.0243149573	0.053202166	-0.0093055046	-0.0665558475	0.0071475798	-0.0435858885	0.0507885121	0.0142792753	0.0397049147	0.0312841455	-0.058364616	0.0180532751	0.0148995997	0.0578892466	0.0144964836	0.0922910976	0.0965913595	0.0580369067	-0.1163110876	0.0002578127	-0.0446834098	0.0108264956	-0.0813264124	0.0803592349	-0.0787557834	0.076528754	-0.0736957799	0.0702792922	-0.0663063423	0.0618083875	-0.4751359766706002	0.1695378348909316	0.0287430774595047	0.2257541963267251	0.0904534447255542	-0.0950800523969378	0.0081818256627188	0.0090402163638044	3.0119273960261026	-0.2570274926733518	0.0660631319899499	9.07170663893258	-0.1553049893391903	0.0087145265371169	7.594297276611478e-05	0.024119639713646	-0.0242511483101919	-0.0043291358343943	1.874141707263769e-05	0.0005881181943629	-0.0063606161946185	-0.0039050412696035	4.0457438375243125e-05	1.5249347317307294e-05	0.0	0.0	0.0	0.0	0.0	0.0	0.0	0.0	0.0	0.0	0.0	0.0	0.0	0.0	0.0	0.0	0.0	0.0	0.0	0.0	0.0	0.0	0.0	0.0	0.0	0.0	0.0	0.0	0.0	0.0	0.0	0.0	0.0	0.0	0.0	0.0	0.0	0.0	0.0	0.0	0.0	0.0	0.0	0.0	0.0	0.0	0.0	0.0	0.0	0.0	0.0	0.0	0.0	0.0	0.0	0.0	0.0	0.0	0.0	0.0	0.0	0.0	0.0	0.0	0.0	0.0	0.0	0.0	0.0	0.0	0.0	0.0	0.0	0.0	0.0	0.0	0.0	0.0	0.0	0.0	0.0	0.0	0.0	0.0	0.0	0.0	0.0	0.0	0.0	0.0	0.0	1.0	0.0	0.0	0.0	0.0	0.0	0.0	0.0	0.0
1438.3095775740596	27.96628266222342	782.1129659433783	2068734.44094127	1998.878999347928	66.16522371316228	3995517.2540341737	4377.836829012812	1731.591373854417	83.14737303644165	6913.485642861184	2998408.6860070275	1793.4835364584358	1839.5442862857471	3.269841	171.577179	3.916248243877399	2.631868813069968	0.0043502432	0.0715832144	-0.0340770487	-0.0049438236	0.0056809284	0.011471358	-0.0589899065	0.0256612931	0.0428661205	0.2383794852	0.0334817758	-0.0330297559	0.0809655395	0.2489255722	0.0735529547	-0.1521937763	-0.0011051556	0.0109753283	-0.2386331563	-0.1217097057	0.2431072575	0.0917128288	-0.026771511	0.0313380215	-0.0392793753	0.0063404966	0.0597801567	-0.0208794658	-0.0165331153	0.102822528	-0.1002190731	-0.0813979594	0.0806444153	-0.0793936715	0.0776534394	-0.0754344479	0.0727503781	-0.0696177779	0.066055961	-0.3577643441984435	0.1173716324721567	0.013776100109179	0.1279953259797423	0.0563136589571797	-0.0341397857683744	0.0031712281851455	0.0011655249723105	1.8141962534432488	-1.1977311425828538	1.434559889912829	3.2913080460075204	-0.1092659370729654	0.0460390522662248	0.0021195943335721	0.0119390450044332	-0.0211745225170885	0.0030766257931033	9.465626270789116e-06	0.0004483604038266	-0.0085850517963705	-0.002224435601752	7.370311434636436e-05	4.948113746341787e-06	0.0	0.0	0.0	0.0	0.0	0.0	0.0	0.0	0.0	0.0	0.0	0.0	0.0	0.0	0.0	0.0	0.0	0.0	0.0	0.0	0.0	0.0	0.0	0.0	0.0	0.0	0.0	0.0	0.0	0.0	0.0	0.0	0.0	0.0	0.0	0.0	0.0	0.0	0.0	0.0	0.0	0.0	0.0	0.0	0.0	0.0	0.0	0.0	0.0	0.0	0.0	0.0	0.0	0.0	0.0	0.0	0.0	0.0	0.0	0.0	0.0	0.0	0.0	0.0	0.0	0.0	0.0	0.0	0.0	0.0	0.0	0.0	0.0	0.0	0.0	0.0	0.0	0.0	0.0	0.0	0.0	0.0	0.0	0.0	0.0	0.0	0.0	0.0	0.0	0.0	0.0	0.0	1.0	0.0	0.0	0.0	0.0	0.0	0.0	0.0
1442.7023775245211	4.392799950461495	19.29669140477451	2081390.1501149056	1986.92682541473	-11.952173933197855	3947878.209552657	142.85446172941428	1687.8370052500668	-43.75436860435025	1914.4447719653504	2848793.756291514	1757.6162697049772	1738.0621826215224	3.035424	159.276718	4.036317005104991	2.385017582583438	-0.0358570758	0.056201941	-0.0015967616	0.0753214953	-0.0250941893	-0.0158849375	-0.1186834291	-0.0381386274	0.0719789417	0.0676179482	0.0512986318	-0.0448718223	0.0031330393	0.0218793438	-0.0934513678	-0.037105889	0.0434102505	0.0141484852	-0.0311741122	0.0237479169	-0.0475094255	-0.0067701384	-0.1011063862	-0.065329046	-0.0723780621	-0.1012007825	-0.0821303447	0.1920001191	-0.0233371854	-0.0394870956	0.0619496942	-0.0814605803	0.0808942224	-0.0799532077	0.0786418943	-0.0769663555	0.0749343514	-0.0725552932	0.0698401994	-0.3176389375637711	0.0401254066346724	0.0016100482575978	0.1008944946566412	-0.1636576839614179	-0.2199713429185976	0.0267838375196153	0.0483873917054112	2.88056153199733	1.0663652785540811	1.137134907305723	8.297634739622804	-0.1441668605553559	-0.0349009234823905	0.0012180744599236	0.0207840836823874	-0.0158276797700194	0.0053468427470691	2.8588727361885465e-05	0.0002505154469022	0.0053642815141227	0.0139493333104932	2.877551616275853e-05	0.0001945838998072	0.0	0.0	0.0	0.0	0.0	0.0	0.0	0.0	0.0	0.0	0.0	0.0	0.0	0.0	0.0	0.0	0.0	0.0	0.0	0.0	0.0	0.0	0.0	0.0	0.0	0.0	0.0	0.0	0.0	0.0	0.0	0.0	0.0	0.0	0.0	0.0	0.0	0.0	0.0	0.0	0.0	0.0	0.0	0.0	0.0	0.0	0.0	0.0	0.0	0.0	0.0	0.0	0.0	0.0	0.0	0.0	0.0	0.0	0.0	0.0	0.0	0.0	0.0	0.0	0.0	0.0	0.0	0.0	0.0	0.0	0.0	0.0	0.0	0.0	0.0	0.0	0.0	0.0	0.0	0.0	0.0	0.0	0.0	0.0	0.0	0.0	0.0	0.0	0.0	0.0	0.0	0.0	0.0	1.0	0.0	0.0	0.0	0.0	0.0	0.0
1413.2911964199816	-29.411181104539537	865.0175739640235	1997392.0058782229	1975.9773524803447	-10.949472934385312	3904486.497515233	119.8909575408365	1676.155660802075	-11.681344447991703	136.45380811262663	2809497.799238841	1747.8388241592522	1704.3930383053694	2.390474	125.434471	1.523470619600976	0.699937433411858	-0.0624093328	0.0831621415	0.0234141973	0.1266451014	-0.0341405616	-0.0254856601	-0.117371142	-0.0567716862	0.1082222131	-0.038704411	0.0611408712	-0.0330732703	-0.0554653561	-0.046357246	0.0156291365	0.0211627883	0.0098035968	0.0080715167	0.0476788799	0.0080785575	0.0926591477	0.0151067004	0.0922222764	0.0483218812	0.0253231559	0.0717354957	-0.0267842956	0.0488566755	0.0159242285	0.1216571038	-0.09690254	-0.081514268	0.0811085467	-0.0804338397	0.0794923845	-0.0782873035	0.0768225931	-0.0751031108	0.073134559	-0.4419869860570031	-0.124348048493232	0.0154624371640751	0.1953524958437534	0.1259868283300846	0.2896445122915024	0.0158726809126742	0.0838939435005823	3.3427076523829413	0.4621461203856114	0.213579036587472	11.173694449299475	-0.1554483543338578	-0.0112814937785019	0.0001272721018743	0.0241641908651046	-0.0152562288037327	0.0005714509662866	3.265562068700024e-07	0.0002327525173118	0.0042705874902987	-0.001093694023824	1.8237917512295752e-05	1.1961666177483329e-06	0.0	0.0	0.0	0.0	0.0	0.0	0.0	0.0	0.0	0.0	0.0	0.0	0.0	0.0	0.0	0.0	0.0	0.0	0.0	0.0	0.0	0.0	0.0	0.0	0.0	0.0	0.0	0.0	0.0	0.0	0.0	0.0	0.0	0.0	0.0	0.0	0.0	0.0	0.0	0.0	0.0	0.0	0.0	0.0	0.0	0.0	0.0	0.0	0.0	0.0	0.0	0.0	0.0	0.0	0.0	0.0	0.0	0.0	0.0	0.0	0.0	0.0	0.0	0.0	0.0	0.0	0.0	0.0	0.0	0.0	0.0	0.0	0.0	0.0	0.0	0.0	0.0	0.0	0.0	0.0	0.0	0.0	0.0	0.0	0.0	0.0	0.0	0.0	0.0	0.0	0.0	0.0	0.0	0.0	1.0	0.0	0.0	0.0	0.0	0.0
1461.7802537053617	48.48905728538011	2351.1886764248743	2136801.5101229115	2008.465833060349	32.48848058000431	4033935.002570802	1055.501370397317	1732.783858548678	56.62819774660284	3206.7527800283547	3002539.9004468448	1798.3518657540194	1773.4806835521351	4.598703	241.306091	6.501925589006576	4.570436890265434	-0.0058597202	-0.0141826028	-0.0361962995	-0.0871141208	0.0087465894	0.0170605589	-0.0650180088	0.042295563	-0.0991686186	0.2263352704	0.1860006785	0.0165742843	-0.0434794427	0.5037637802	-0.0964364662	0.0880693379	0.1677129065	0.0563457874	-0.3097145385	0.2899710233	-0.2218210674	-0.0355838262	0.0429465816	-0.1188183244	-0.0168041576	-0.0727548132	0.0909929516	-0.0032842333	-0.0998663928	-0.1505919975	0.0197124597	-0.0815590168	0.081287294	-0.0808350932	0.0802034182	-0.0793936715	0.0784076511	-0.0772475461	0.0759159322	-0.0716774879493726	0.3703094981076305	0.1371291243887251	0.0051376622787324	0.1228897545702381	-0.0030970737598464	0.0151018917783333	9.591865873929718e-06	1.825931916260288	-1.5167757361226533	2.300608633690417	3.3340273628179675	-0.0738504492389659	0.0815979050948919	0.0066582181158749	0.005453888852797	-0.0223231621801245	-0.0070669333763917	4.994154734636039e-05	0.0004983235697201	0.0007005603412535	-0.0035700271490452	4.907847917372203e-07	1.27450938449198e-05	0.0	0.0	0.0	0.0	0.0	0.0	0.0	0.0	0.0	0.0	0.0	0.0	0.0	0.0	0.0	0.0	0.0	0.0	0.0	0.0	0.0	0.0	0.0	0.0	0.0	0.0	0.0	0.0	0.0	0.0	0.0	0.0	0.0	0.0	0.0	0.0	0.0	0.0	0.0	0.0	0.0	0.0	0.0	0.0	0.0	0.0	0.0	0.0	0.0	0.0	0.0	0.0	0.0	0.0	0.0	0.0	0.0	0.0	0.0	0.0	0.0	0.0	0.0	0.0	0.0	0.0	0.0	0.0	0.0	0.0	0.0	0.0	0.0	0.0	0.0	0.0	0.0	0.0	0.0	0.0	0.0	0.0	0.0	0.0	0.0	0.0	0.0	0.0	0.0	0.0	0.0	0.0	0.0	0.0	0.0	1.0	0.0	0.0	0.0	0.0
1269.9448376122775	-191.83541609308415	36800.82686760674	1612759.890578074	1644.5510696217984	-363.9147634385506	2704548.220594201	132433.95504853624	1550.3397378513955	-182.4441206972824	33285.85717700455	2403553.3027611338	1542.651391171088	1827.481905451688	6.783156	355.930115	6.84904215100979	4.454717488074392	0.0399854525	-0.1429597704	0.1806431318	-0.4312359778	-0.0851405794	-0.1338526382	0.6412828338	0.0043435644	-0.3962315842	0.2901598163	-0.3382906962	0.4601280997	-0.4343929241	-0.2506039837	0.2131680135	-0.1264809053	0.2093309549	-0.02938012	0.0212198589	0.0433643818	0.0030758821	-0.0388714894	-0.0370765433	0.0388825144	-0.0054071898	0.0159010524	0.0585320327	0.0427987769	0.0032678236	-0.0070775873	0.0101711844	-0.0815948217	0.0814303861	-0.0811565722	0.0807737477	-0.080282427	0.0796832699	-0.0789770813	0.0781648097	0.212791608744979	0.2844690966943516	0.0809226669741003	0.0452802687522762	1.3641284822333688	1.2412387276631307	1.8608465160403145	1.5406735790507875	1.943741921782916	0.1178100055226278	0.0138791974012416	3.778132658496344	0.0100489788608039	0.0838994280997698	0.0070391140354684	0.0001009819761448	-0.0105602144455783	0.0117629477345462	0.0001383669394056	0.0001115181291366	0.0091486709295311	0.0084481105882776	8.369817977684746e-05	7.13705725117681e-05	0.0	0.0	0.0	0.0	0.0	0.0	0.0	0.0	0.0	0.0	0.0	0.0	0.0	0.0	0.0	0.0	0.0	0.0	0.0	0.0	0.0	0.0	0.0	0.0	0.0	0.0	0.0	0.0	0.0	0.0	0.0	0.0	0.0	0.0	0.0	0.0	0.0	0.0	0.0	0.0	0.0	0.0	0.0	0.0	0.0	0.0	0.0	0.0	0.0	0.0	0.0	0.0	0.0	0.0	0.0	0.0	0.0	0.0	0.0	0.0	0.0	0.0	0.0	0.0	0.0	0.0	0.0	0.0	0.0	0.0	0.0	0.0	0.0	0.0	0.0	0.0	0.0	0.0	0.0	0.0	0.0	0.0	0.0	0.0	0.0	0.0	0.0	0.0	0.0	0.0	0.0	0.0	0.0	0.0	0.0	0.0	1.0	0.0	0.0	0.0
1410.0369984784957	140.09216086621814	19625.81353616634	1988204.337078245	1951.5330501508108	306.9819805290124	3808481.245830927	94237.93636951494	1686.0790486653646	135.73931081396904	18425.16050025129	2842862.558348301	1749.25798445925	1989.24761023088	5.81535	305.146759	5.489338006693717	3.741190152536451	0.0842211419	-0.2732597204	0.0042788251	-0.1689821211	-0.0257965691	-0.0235899673	0.2100795972	0.1081994549	-0.2884621083	-0.0208401037	-0.0897415344	-0.1684368677	0.1496919977	-0.0547453681	-0.0239920708	-0.0066658821	-0.1624737587	-0.0509307064	-0.02599439	-0.1521785994	0.2677451057	-0.0153091519	0.1606107201	-0.2572324288	-0.1248182992	-0.2769867952	-0.0076324858	-0.0628265536	-0.0253621656	0.4628136485	0.2778078368	-0.0816216788	0.0815377601	-0.0813979594	0.0812023727	-0.0809511339	0.0806444153	-0.080282427	0.0798654172	0.1691388717257069	-0.043652737019272	0.0019055614492737	0.0286079579286451	0.9892896961722356	-0.3748387860611332	0.9786941029525542	0.1405041155357839	-0.8177334862959853	-2.761475408078901	7.6257464294245345	0.6686880546097864	0.0106781357516829	0.0006291568908789	3.958383933405293e-07	0.0001140225831313	-0.0426558691109175	-0.0320956546653392	0.0010301310483967	0.0018195231696077	-0.0043139390249389	-0.01346260995447	1.8610069910890787e-05	0.0001812418667861	0.0	0.0	0.0	0.0	0.0	0.0	0.0	0.0	0.0	0.0	0.0	0.0	0.0	0.0	0.0	0.0	0.0	0.0	0.0	0.0	0.0	0.0	0.0	0.0	0.0	0.0	0.0	0.0	0.0	0.0	0.0	0.0	0.0	0.0	0.0	0.0	0.0	0.0	0.0	0.0	0.0	0.0	0.0	0.0	0.0	0.0	0.0	0.0	0.0	0.0	0.0	0.0	0.0	0.0	0.0	0.0	0.0	0.0	0.0	0.0	0.0	0.0	0.0	0.0	0.0	0.0	0.0	0.0	0.0	0.0	0.0	0.0	0.0	0.0	0.0	0.0	0.0	0.0	0.0	0.0	0.0	0.0	0.0	0.0	0.0	0.0	0.0	0.0	0.0	0.0	0.0	0.0	0.0	0.0	0.0	0.0	0.0	1.0	0.0	0.0
1407.1212713192588	-2.9157271592368943	8.50146486711165	1979990.2721991271	1832.716984229752	-118.81606592105892	3358851.5442841966	14117.257520957415	1634.7262305104834	-51.35281815488111	2637.1119324482866	2672329.8487190143	1670.3669313675812	1904.816197421334	3.713295	194.846375	1.8175389354657168	0.7409474817204739	0.0654528312	-0.2539946164	0.0567952012	-0.373682685	-0.0298334004	-0.0432040572	0.305339995	0.0754477817	-0.3396542162	0.0227709084	-0.0360826379	-0.1470086204	0.3274684602	0.0087370668	0.0078701469	-0.000535368	-0.1872887224	-0.0659704434	0.187359851	0.1183849131	-0.1327498872	0.0239131009	-0.0976065536	0.196903338	0.0877324443	0.1180910328	-0.0717398026	0.0192367705	0.0339466909	-0.2539625548	-0.1574695366	-0.0816395852	0.0816093689	-0.0815590168	0.0814885411	-0.0813979594	0.081287294	-0.0811565722	0.0810058262	0.605550204369564	0.436411332643857	0.1904548512599872	0.3666910500120207	1.057562829339787	0.0682731331675513	1.1184391380011751	0.0046612207125142	-0.6610742701128061	0.1566592161831792	0.024542110015128	0.4370191906051793	0.0189470255584691	0.0082688898067862	6.837453863677272e-05	0.0003589897775132	-0.0521585879197896	-0.009502718808872	9.030166476049147e-05	0.0027205182937864	-0.0096662354787032	-0.0053522964537643	9.34361083297405e-05	2.864707732897791e-05	0.0	0.0	0.0	0.0	0.0	0.0	0.0	0.0	0.0	0.0	0.0	0.0	0.0	0.0	0.0	0.0	0.0	0.0	0.0	0.0	0.0	0.0	0.0	0.0	0.0	0.0	0.0	0.0	0.0	0.0	0.0	0.0	0.0	0.0	0.0	0.0	0.0	0.0	0.0	0.0	0.0	0.0	0.0	0.0	0.0	0.0	0.0	0.0	0.0	0.0	0.0	0.0	0.0	0.0	0.0	0.0	0.0	0.0	0.0	0.0	0.0	0.0	0.0	0.0	0.0	0.0	0.0	0.0	0.0	0.0	0.0	0.0	0.0	0.0	0.0	0.0	0.0	0.0	0.0	0.0	0.0	0.0	0.0	0.0	0.0	0.0	0.0	0.0	0.0	0.0	0.0	0.0	0.0	0.0	0.0	0.0	0.0	0.0	1.0	0.0
1382.5037834439308	-24.617487875327924	606.0207092919173	1911316.7112367835	1800.812597926659	-31.904386303092902	3242926.012851363	1017.8898653769822	1613.1045937040933	-21.621636806390143	467.49517818744494	2602106.430229248	1650.0481640409762	1941.781704798612	2.272411	119.239395	0.7862843122832524	0.4078130472920792	0.0703199232	-0.248026867	0.0722978769	-0.39218035	-0.0533557753	-0.0690675152	0.3792495968	0.074265394	-0.3485197679	0.0357518549	-0.0685433096	-0.120783135	0.2898363808	-0.0174847123	0.0443693706	-0.0109107163	-0.2133122402	-0.0689429944	0.2116116212	0.06102664	-0.0806930935	0.0110822401	-0.0108896222	0.1162592957	0.0675344189	0.0325584312	-0.069847314	-0.0347530994	-0.0423996895	-0.0655916122	-0.0492317327	-0.0816485389	0.0816451812	-0.0816395852	0.081631751	-0.0816216788	0.0816093689	-0.0815948217	0.0815780375	0.6691895340636052	0.0636393296940411	0.0040499642839068	0.447814632500265	0.7541193261053962	-0.3034435032343907	0.568695958005657	0.0920779596551597	-0.4926115808301858	0.1684626892826202	0.0283796776803326	0.2426661695680146	0.0203991734543424	0.0014521478958733	2.1087335114892525e-06	0.0004161262776203	-0.0533352812145135	-0.0011766932947239	1.3846071098481975e-06	0.0028446522222312	-0.0072803008678564	0.0023859346108468	5.3002780726510654e-05	5.6926839672366726e-06	0.0	0.0	0.0	0.0	0.0	0.0	0.0	0.0	0.0	0.0	0.0	0.0	0.0	0.0	0.0	0.0	0.0	0.0	0.0	0.0	0.0	0.0	0.0	0.0	0.0	0.0	0.0	0.0	0.0	0.0	0.0	0.0	0.0	0.0	0.0	0.0	0.0	0.0	0.0	0.0	0.0	0.0	0.0	0.0	0.0	0.0	0.0	0.0	0.0	0.0	0.0	0.0	0.0	0.0	0.0	0.0	0.0	0.0	0.0	0.0	0.0	0.0	0.0	0.0	0.0	0.0	0.0	0.0	0.0	0.0	0.0	0.0	0.0	0.0	0.0	0.0	0.0	0.0	0.0	0.0	0.0	0.0	0.0	0.0	0.0	0.0	0.0	0.0	0.0	0.0	0.0	0.0	0.0	0.0	0.0	0.0	0.0	0.0	0.0	1.0
