#!ascii label  , from subject sub-v1s20x0050307_ses-1 vox2ras=TkReg
2918
713  13.329  -72.486  -8.681 0.8999999762
715  11.709  -73.080  -8.493 0.8999999762
688  11.911  -72.452  -7.025 0.8999999762
714  12.425  -72.626  -8.668 0.8999999762
453  12.162  -73.754  -9.705 0.8999999762
110889  6.733  -70.912  -3.139 0.5000000000
1020  12.998  -71.472  -6.463 0.8000000119
655  8.363  -73.061  -3.532 0.6999999881
1010  12.037  -72.073  -4.929 0.8000000119
696  15.120  -71.916  -6.977 0.8000000119
430  14.600  -73.339  -7.837 0.8000000119
112502  14.428  -73.651  -8.656 0.8999999762
439  11.661  -74.087  -9.000 0.8999999762
438  13.723  -73.123  -9.146 0.8999999762
733  12.745  -73.047  -9.401 0.8999999762
115367  18.334  -73.256  -10.025 0.6999999881
293  16.293  -74.563  -10.568 0.8000000119
296  13.467  -74.781  -10.931 0.8999999762
111984  15.817  -75.505  -12.075 0.6999999881
305  18.734  -75.031  -10.905 0.8000000119
110895  15.245  -70.747  -4.987 0.8000000119
1425  14.396  -70.640  -5.174 0.8000000119
1008  13.617  -70.994  -5.831 0.8000000119
1009  12.721  -71.413  -5.459 0.8000000119
410  8.278  -74.239  -3.450 0.6999999881
671  15.500  -71.710  -5.538 0.6999999881
119570  11.615  -72.854  -5.320 0.8000000119
416  15.400  -72.652  -5.425 0.8000000119
686  15.322  -72.304  -6.310 0.6999999881
1017  15.280  -71.526  -6.219 0.8000000119
1034  13.460  -71.671  -7.321 0.8999999762
419  10.501  -74.370  -5.214 0.8000000119
687  14.927  -72.863  -7.066 0.8000000119
431  11.558  -73.224  -7.423 0.8999999762
265  14.757  -74.583  -7.837 0.8000000119
473  12.411  -74.382  -10.320 0.8999999762
428  18.059  -73.165  -7.871 0.6999999881
264  15.920  -75.253  -7.801 0.6999999881
280  13.819  -74.251  -10.178 0.8999999762
471  16.964  -74.177  -10.202 0.8000000119
279  14.782  -74.422  -9.771 0.8999999762
167  16.512  -76.023  -12.311 0.6999999881
1399  8.176  -70.813  -3.597 0.8999999762
984  15.259  -71.161  -2.302 0.8000000119
1397  10.286  -70.622  -3.568 1.0000000000
650  15.525  -71.686  -3.124 0.8000000119
230  12.342  -74.732  -1.607 0.5000000000
661  15.625  -71.914  -4.714 0.6999999881
1424  15.345  -71.110  -5.583 0.8000000119
663  10.489  -72.974  -4.304 0.8000000119
121  13.001  -74.894  -1.567 0.5000000000
672  12.111  -72.066  -6.131 0.8999999762
664  9.375  -73.343  -4.027 0.8000000119
131  15.068  -74.559  -3.584 0.6000000238
673  11.600  -72.982  -6.347 0.8999999762
426  11.405  -74.105  -6.383 0.8999999762
424  18.633  -73.888  -6.233 0.6000000238
101354  11.615  -75.185  -8.055 0.8999999762
423  19.030  -73.148  -6.020 0.5000000000
685  18.626  -72.834  -6.898 0.6000000238
447  18.416  -72.842  -9.296 0.6999999881
118089  12.069  -75.081  -9.716 0.8999999762
710  19.149  -72.065  -8.235 0.6000000238
437  16.650  -74.398  -8.943 0.8000000119
111118  12.705  -75.006  -10.906 0.8000000119
310  13.224  -75.768  -11.309 0.8000000119
470  17.750  -73.781  -10.347 0.8000000119
709  19.964  -72.042  -8.791 0.4000000060
469  18.805  -73.864  -10.760 0.8000000119
166  17.208  -76.278  -11.610 0.8000000119
4579  5.311  -63.855  4.440 0.6999999881
4578  6.258  -63.410  4.305 0.6999999881
4586  6.543  -63.603  3.580 0.8000000119
5236  7.116  -62.903  4.176 0.8000000119
5824  10.325  -61.733  3.003 0.8000000119
4595  6.900  -63.806  3.004 0.8000000119
4585  7.381  -63.156  3.407 0.8000000119
4021  7.472  -64.221  2.542 0.8000000119
5242  9.075  -62.746  2.989 0.8000000119
5240  10.854  -62.248  2.394 0.8000000119
3619  8.230  -65.720  -3.934 0.8999999762
1365  11.545  -70.943  -0.560 0.6000000238
114301  9.317  -71.240  -3.618 0.8999999762
1411  14.892  -70.411  -4.275 0.8999999762
990  10.196  -71.650  -3.711 1.0000000000
654  15.218  -72.749  -3.076 0.8000000119
1001  12.424  -71.307  -4.446 0.8000000119
113276  10.835  -72.121  -4.015 0.8000000119
400  15.175  -73.279  -3.816 0.6999999881
417  15.002  -73.721  -5.099 0.6999999881
148  10.600  -76.047  -6.155 0.8000000119
415  19.136  -73.967  -5.436 0.6000000238
259  14.731  -74.843  -6.794 0.6999999881
110802  11.429  -75.711  -7.119 0.8000000119
272  14.793  -74.398  -8.859 0.8999999762
103503  12.122  -77.016  -9.384 0.6999999881
297  12.678  -76.482  -10.563 0.8000000119
1032  20.154  -71.579  -7.494 0.5000000000
694  19.287  -71.941  -7.307 0.5000000000
695  18.667  -72.437  -7.723 0.6999999881
436  17.976  -73.073  -8.696 0.6999999881
449  17.106  -73.932  -9.510 0.8000000119
168  14.827  -75.980  -12.313 0.6999999881
292  17.321  -74.476  -10.897 0.8999999762
466  21.278  -73.666  -9.588 0.5000000000
746  20.090  -73.260  -10.179 0.5000000000
174  15.710  -77.107  -12.085 0.6999999881
4569  5.148  -63.575  5.345 0.6000000238
4587  5.539  -64.054  3.653 0.6999999881
4596  5.909  -64.221  3.013 0.8000000119
4022  6.448  -64.504  2.474 0.8000000119
4593  8.612  -63.393  2.711 0.8000000119
107305  8.341  -64.659  2.021 0.8000000119
4019  9.084  -64.050  2.279 0.8000000119
4591  10.650  -63.114  2.201 0.8000000119
116598  7.998  -68.975  -3.695 0.8999999762
1814  7.507  -69.943  -3.541 0.6999999881
106573  9.858  -73.334  -0.269 0.6000000238
982  14.197  -71.496  -0.834 0.8000000119
992  7.088  -71.842  -3.091 0.8000000119
645  13.932  -72.418  -1.128 0.6000000238
403  7.527  -74.040  -2.766 0.6999999881
1000  13.305  -70.843  -4.857 0.6999999881
401  14.649  -73.720  -3.169 0.6999999881
988  15.684  -71.314  -4.014 0.8000000119
111064  14.776  -74.068  -3.842 0.6999999881
1431  14.554  -70.934  -6.067 0.8000000119
674  10.928  -73.429  -4.877 0.8000000119
408  10.019  -73.912  -4.610 0.8000000119
244  14.859  -74.349  -4.527 0.6999999881
260  11.105  -75.377  -6.291 0.8000000119
10  14.970  -74.778  -1.892 0.5000000000
250  14.819  -74.599  -5.346 0.6999999881
252  10.258  -75.506  -5.537 0.8000000119
126000  19.602  -73.714  -4.202 0.3000000119
13  15.778  -74.574  -3.000 0.5000000000
151  11.535  -76.178  -7.859 0.8000000119
144  16.640  -75.382  -6.489 0.6999999881
258  15.238  -75.209  -7.196 0.6999999881
143  17.389  -74.920  -6.420 0.6000000238
257  17.607  -74.610  -6.992 0.6000000238
269  16.697  -74.811  -8.236 0.6999999881
112584  15.240  -74.653  -9.010 0.8999999762
170  12.914  -76.735  -11.277 0.6000000238
1031  20.876  -71.503  -7.725 0.4000000060
731  19.196  -73.002  -10.073 0.6000000238
117530  22.233  -71.452  -8.187 0.4000000060
729  22.256  -72.046  -9.643 0.4000000060
745  20.733  -73.072  -9.857 0.4000000060
164  18.889  -76.377  -9.953 0.8000000119
4031  7.190  -64.990  2.024 0.8000000119
2220  5.184  -68.910  0.632 0.5000000000
1774  6.097  -69.182  0.134 0.5000000000
2219  6.161  -68.305  0.083 0.5000000000
4592  9.639  -63.364  2.490 0.8000000119
1369  6.121  -70.200  0.303 0.5000000000
2236  7.244  -68.433  -0.071 0.5000000000
4601  11.228  -63.309  1.435 0.8000000119
1790  7.366  -69.312  -0.145 0.5000000000
970  6.605  -71.791  0.539 0.5000000000
1355  6.587  -71.004  0.257 0.5000000000
107519  7.692  -70.300  -0.165 0.5000000000
104963  8.738  -69.697  -3.625 0.8999999762
977  9.865  -72.029  -0.663 0.5000000000
638  13.334  -72.049  -0.559 0.6000000238
973  14.226  -70.576  -0.915 0.8000000119
1383  15.141  -70.559  -2.700 0.8999999762
1396  11.336  -70.474  -3.557 1.0000000000
1412  13.944  -70.435  -4.213 0.8999999762
1413  12.889  -70.565  -3.852 0.8999999762
245  9.009  -74.758  -4.789 0.6999999881
111  14.156  -75.045  -0.948 0.5000000000
253  9.429  -75.314  -5.431 0.6999999881
142  9.826  -76.014  -5.851 0.8000000119
125  18.201  -74.343  -3.339 0.4000000060
109375  15.231  -75.009  -4.935 0.6999999881
27  16.390  -75.108  -5.230 0.6000000238
25  17.694  -74.709  -5.056 0.5000000000
117394  18.543  -74.478  -5.162 0.5000000000
26  17.038  -74.888  -4.886 0.5000000000
150  16.059  -75.464  -7.071 0.6999999881
256  18.098  -74.485  -6.341 0.6000000238
1065  21.469  -71.989  -9.185 0.4000000060
711  18.506  -72.584  -8.456 0.6999999881
465  21.992  -73.574  -9.602 0.5000000000
5171  3.490  -63.224  8.319 0.4000000060
5206  3.300  -63.953  7.068 0.4000000060
5159  4.161  -62.724  9.172 0.4000000060
4015  4.747  -64.545  2.928 0.6000000238
3585  4.424  -65.904  0.937 0.4000000060
3149  5.549  -66.960  0.392 0.6000000238
3148  6.911  -66.607  0.419 0.6000000238
2284  5.673  -68.642  -3.088 0.8000000119
1347  6.167  -70.855  1.365 0.4000000060
1815  6.309  -70.167  -3.064 0.6000000238
378  7.470  -72.766  0.667 0.4000000060
122284  9.025  -73.484  0.366 0.4000000060
641  10.479  -72.590  -0.441 0.6000000238
1398  9.314  -70.369  -3.586 0.8999999762
976  11.483  -72.027  -0.544 0.6000000238
975  12.502  -71.551  -0.470 0.6000000238
110136  9.817  -69.627  -3.527 0.8999999762
639  12.306  -72.544  -0.551 0.6000000238
1384  14.609  -70.022  -2.378 0.8999999762
1809  14.315  -69.849  -2.919 0.8999999762
1395  12.817  -69.621  -3.369 0.8999999762
1414  11.935  -71.043  -3.727 0.8999999762
1810  13.729  -69.256  -2.949 0.8999999762
31  10.408  -76.259  -7.350 0.8000000119
130  17.629  -74.470  -3.191 0.5000000000
17  16.470  -74.635  -3.544 0.5000000000
233  19.264  -73.712  -3.662 0.3000000119
235  18.217  -74.229  -2.893 0.4000000060
1064  22.901  -71.678  -9.557 0.4000000060
286  23.169  -75.009  -9.802 0.6000000238
59  26.803  -76.584  -12.626 0.6000000238
1940  28.538  -69.325  -14.301 0.4000000060
2429  28.406  -68.821  -14.653 0.5000000000
4541  2.967  -63.637  7.774 0.3000000119
5234  8.757  -62.336  3.703 0.8000000119
2210  4.498  -68.371  1.106 0.4000000060
2702  5.234  -68.022  0.405 0.4000000060
3594  6.205  -66.124  0.709 0.6999999881
1765  4.920  -69.242  1.050 0.5000000000
4584  8.201  -62.917  3.208 0.8000000119
2760  4.614  -66.932  -3.214 0.6000000238
125044  5.195  -69.990  1.005 0.4000000060
115405  5.955  -67.648  -3.459 0.6999999881
2759  6.180  -66.745  -3.790 0.8000000119
1763  6.463  -69.810  1.642 0.4000000060
3620  7.187  -65.579  -3.913 0.8000000119
2758  7.315  -67.412  -3.949 0.8000000119
109880  9.053  -65.689  -3.799 1.0000000000
1356  5.874  -71.090  0.845 0.5000000000
2282  8.282  -67.995  -3.849 0.8999999762
963  6.870  -71.501  1.573 0.4000000060
1825  6.697  -69.289  -3.415 0.8000000119
978  8.275  -71.804  -0.344 0.5000000000
2271  9.287  -68.628  -3.623 1.0000000000
627  9.864  -72.073  1.986 0.4000000060
974  13.474  -71.080  -0.543 0.6000000238
1375  14.559  -70.174  -1.585 0.8999999762
109840  10.391  -68.829  -3.507 0.8999999762
1363  13.525  -70.139  -0.671 0.8000000119
1801  14.184  -69.057  -2.318 0.8999999762
1811  13.198  -68.628  -3.035 0.8999999762
1812  11.309  -68.870  -3.458 1.0000000000
111271  11.765  -69.646  -3.483 0.8999999762
395  19.090  -73.593  -3.105 0.3000000119
396  18.456  -73.964  -2.698 0.4000000060
115  17.570  -74.279  -2.350 0.4000000060
649  18.837  -73.200  -2.324 0.3000000119
108593  18.656  -72.407  -1.757 0.3000000119
316  27.661  -74.617  -13.330 0.4000000060
463  24.026  -73.090  -10.883 0.4000000060
462  24.780  -73.653  -11.030 0.5000000000
162  25.742  -76.301  -11.595 0.6000000238
156  25.064  -75.607  -11.305 0.6000000238
1525  29.559  -70.670  -14.373 0.4000000060
108799  29.093  -69.859  -14.237 0.4000000060
117677  28.288  -68.421  -15.799 0.5000000000
5160  4.003  -63.020  9.975 0.3000000119
121458  2.919  -64.570  6.814 0.3000000119
4522  3.121  -63.531  9.029 0.3000000119
5183  3.804  -63.000  7.652 0.4000000060
5182  4.689  -62.397  7.554 0.4000000060
4588  4.428  -64.334  3.660 0.6000000238
4561  3.779  -63.870  6.174 0.4000000060
5220  5.909  -62.709  6.017 0.6000000238
5231  6.057  -63.180  5.161 0.6999999881
4629  6.080  -63.279  -2.002 1.0000000000
4637  6.658  -63.671  -2.751 0.8999999762
3150  4.645  -66.886  0.664 0.4000000060
4023  5.281  -64.830  2.305 0.8000000119
5235  7.997  -62.622  4.016 0.8000000119
5289  8.992  -62.386  -0.917 0.8999999762
3174  4.709  -65.942  -3.417 0.8000000119
4032  5.979  -65.191  1.818 0.8000000119
5842  11.279  -61.655  1.101 0.8000000119
118665  6.909  -63.266  -2.017 1.0000000000
2209  5.185  -68.798  1.399 0.3000000119
5823  11.095  -61.393  2.556 0.8000000119
111951  7.436  -62.860  -1.484 1.0000000000
4061  6.862  -64.749  -3.668 1.0000000000
3583  6.733  -65.591  1.329 0.6999999881
5246  11.403  -62.218  1.376 0.8000000119
5829  11.548  -61.357  1.604 0.8000000119
5273  9.534  -62.095  -0.238 0.8999999762
4635  8.135  -63.891  -3.253 1.0000000000
3616  7.848  -65.108  -3.796 1.0000000000
112520  5.276  -69.736  0.759 0.5000000000
5247  11.312  -62.635  1.750 0.8000000119
5288  10.003  -62.597  -0.874 0.8999999762
4619  9.759  -62.929  -1.631 0.8999999762
2701  6.448  -67.438  0.166 0.6000000238
4030  10.166  -63.887  1.767 0.8000000119
3615  8.713  -64.950  -3.709 1.0000000000
962  7.864  -71.371  1.837 0.4000000060
2719  7.163  -67.755  0.031 0.6000000238
3582  7.883  -65.397  1.411 0.8000000119
110604  9.278  -64.451  1.676 0.8000000119
4603  11.527  -62.715  0.622 0.8000000119
2700  7.593  -67.050  0.137 0.6999999881
4029  10.987  -63.916  0.872 0.8000000119
3168  8.749  -66.438  -3.938 0.8999999762
110768  9.111  -70.051  -0.365 0.5000000000
2750  9.335  -67.343  -3.769 1.0000000000
632  6.854  -72.331  1.237 0.4000000060
1368  8.562  -70.922  -0.302 0.5000000000
112160  10.761  -66.087  -3.384 0.8999999762
2270  10.259  -67.910  -3.526 1.0000000000
1366  10.468  -70.793  -0.541 0.5000000000
371  8.600  -72.955  1.256 0.4000000060
223  8.908  -73.732  0.687 0.4000000060
386  8.180  -72.952  0.293 0.4000000060
111374  11.214  -67.412  -3.390 0.8999999762
112995  12.016  -70.074  -0.498 0.8000000119
1376  14.097  -69.687  -1.158 0.8000000119
122195  13.457  -67.906  -2.582 0.8999999762
119327  12.286  -68.771  -3.347 0.8999999762
1796  14.293  -69.342  -1.757 0.8999999762
124166  13.747  -68.569  -2.573 0.8999999762
2248  14.090  -68.587  -1.843 0.8999999762
980  18.107  -71.615  -1.352 0.3000000119
971  17.342  -71.260  -0.764 0.3000000119
1111  33.139  -71.763  -12.509 0.6000000238
741  25.786  -72.837  -10.271 0.4000000060
111299  30.284  -70.758  -14.352 0.4000000060
301  27.927  -74.375  -11.721 0.6000000238
120871  26.581  -74.201  -11.436 0.6000000238
519  28.642  -72.891  -13.999 0.5000000000
302  27.110  -74.929  -11.816 0.6000000238
2427  30.314  -69.226  -14.736 0.5000000000
1137  29.798  -71.531  -14.321 0.4000000060
2464  30.227  -68.680  -16.114 0.6000000238
2447  29.786  -68.801  -15.259 0.6000000238
2466  28.776  -68.722  -16.353 0.6000000238
1989  28.859  -69.365  -17.928 0.6000000238
1567  27.690  -70.157  -18.561 0.5000000000
1587  29.449  -71.103  -19.243 0.6000000238
1169  29.013  -71.597  -19.737 0.5000000000
4562  3.095  -64.407  6.003 0.3000000119
4064  4.246  -64.011  -3.685 0.6000000238
112993  6.542  -62.601  5.605 0.6999999881
5229  7.718  -62.232  4.950 0.6999999881
4062  6.160  -64.190  -3.327 0.8999999762
4068  5.375  -64.750  -3.649 0.8000000119
107393  7.904  -62.310  -0.730 1.0000000000
3622  4.459  -65.247  -3.685 0.6000000238
3621  5.772  -65.316  -3.764 0.8000000119
4636  7.305  -64.007  -3.309 1.0000000000
5254  11.136  -62.255  0.380 0.8000000119
4627  8.612  -62.928  -1.883 1.0000000000
4060  7.957  -64.463  -3.570 1.0000000000
4626  9.517  -63.342  -2.342 0.8999999762
5272  10.804  -62.520  -0.381 0.8000000119
4059  9.379  -64.344  -3.372 1.0000000000
1751  7.715  -68.924  1.990 0.4000000060
1348  5.616  -70.553  1.042 0.4000000060
3147  8.014  -66.298  0.355 0.8000000119
4604  11.574  -63.257  0.669 0.8000000119
4618  10.921  -63.062  -1.248 0.8999999762
3167  9.812  -66.152  -3.670 1.0000000000
961  9.276  -71.072  2.124 0.4000000060
968  6.229  -71.927  1.030 0.4000000060
3155  8.625  -66.704  0.081 0.8000000119
4039  9.899  -64.528  0.980 0.8000000119
3600  10.055  -65.381  -0.235 0.8000000119
124676  7.743  -72.329  1.616 0.4000000060
3612  11.485  -65.588  -3.002 0.8999999762
3166  11.480  -66.455  -3.233 0.8999999762
111527  11.168  -70.020  -0.499 0.6999999881
3163  13.039  -66.536  -2.401 0.8999999762
2748  12.353  -67.007  -3.086 0.8999999762
1784  13.520  -69.254  -0.782 0.8999999762
2739  13.115  -67.260  -2.666 0.8999999762
1797  13.905  -68.829  -1.360 0.8999999762
2249  13.708  -67.939  -1.588 0.8999999762
1059  28.905  -71.981  -9.275 0.4000000060
435  27.630  -73.130  -8.489 0.4000000060
479  29.025  -73.731  -11.275 0.6999999881
461  26.501  -73.310  -10.812 0.6000000238
793  29.117  -73.195  -13.061 0.6000000238
117239  29.451  -72.473  -13.707 0.6000000238
2424  32.779  -69.021  -14.809 0.4000000060
2462  32.073  -68.616  -16.050 0.5000000000
2463  31.197  -68.633  -16.038 0.4000000060
2480  30.851  -68.817  -16.750 0.6000000238
1988  30.192  -69.265  -17.929 0.6000000238
2013  29.501  -69.628  -18.179 0.6000000238
113819  11.631  -65.463  -19.476 0.6999999881
3765  11.325  -65.070  -20.988 0.6000000238
1586  31.003  -70.984  -19.614 0.6000000238
117161  30.141  -70.719  -19.096 0.6000000238
1182  28.974  -72.467  -20.155 0.6999999881
539  30.222  -74.472  -19.750 0.6000000238
1183  28.291  -71.982  -20.269 0.5000000000
845  27.709  -72.548  -20.763 0.5000000000
5181  5.222  -62.028  7.242 0.5000000000
5204  5.551  -62.304  6.770 0.6000000238
4580  4.313  -64.190  4.540 0.5000000000
5218  7.087  -62.063  5.608 0.6999999881
5814  8.178  -61.504  5.023 0.6999999881
5228  8.458  -61.930  4.452 0.8000000119
5819  9.139  -61.593  4.058 0.8000000119
5817  10.570  -60.928  3.194 0.8000000119
5290  6.912  -62.287  -0.572 1.0000000000
115472  11.569  -60.756  1.262 0.8000000119
4628  7.740  -63.449  -2.596 1.0000000000
4055  9.899  -63.883  -2.805 0.8999999762
4611  11.529  -62.906  -0.202 0.8000000119
3592  8.442  -65.662  0.646 0.8000000119
4037  11.597  -63.305  -0.073 0.8000000119
4625  10.407  -63.491  -2.107 0.8999999762
2235  8.347  -68.516  -0.177 0.6000000238
4038  11.445  -63.756  0.150 0.8000000119
4612  11.538  -63.491  -0.807 0.8000000119
3613  10.563  -65.365  -3.340 0.8999999762
126080  10.155  -71.201  2.196 0.3000000119
2234  9.384  -68.551  -0.242 0.5000000000
2717  9.308  -67.198  -0.054 0.8000000119
114830  8.336  -72.115  1.902 0.4000000060
1367  9.547  -70.754  -0.452 0.5000000000
3146  8.989  -65.882  0.083 0.8000000119
3164  12.350  -66.000  -2.698 0.8999999762
359  9.683  -73.795  2.484 0.4000000060
1787  10.856  -69.221  -0.415 0.6999999881
1786  11.985  -69.231  -0.423 0.6000000238
2714  12.811  -66.644  -1.007 0.8999999762
2729  13.370  -67.107  -1.548 0.8999999762
122854  12.901  -68.963  -0.523 0.8999999762
2233  12.589  -68.328  -0.506 0.8999999762
2713  13.151  -67.592  -0.923 0.8999999762
756  30.540  -72.511  -11.268 0.6000000238
107343  29.479  -73.431  -10.793 0.5000000000
445  28.232  -73.121  -9.307 0.5000000000
121630  30.271  -73.024  -11.604 0.6000000238
1134  31.873  -71.892  -14.601 0.5000000000
792  30.375  -72.170  -13.551 0.4000000060
808  30.957  -71.925  -14.138 0.4000000060
809  30.029  -71.992  -14.127 0.4000000060
125342  31.253  -70.287  -14.289 0.5000000000
1968  32.474  -68.907  -16.865 0.5000000000
2445  31.647  -68.763  -15.341 0.4000000060
3346  10.639  -66.572  -21.431 0.5000000000
115003  32.529  -70.307  -19.099 0.6000000238
109649  31.990  -68.957  -17.740 0.5000000000
1585  32.058  -70.945  -19.584 0.6000000238
532  31.186  -73.814  -19.587 0.6000000238
534  29.126  -74.441  -19.563 0.6999999881
842  29.707  -72.995  -19.738 0.6999999881
843  28.734  -73.913  -20.231 0.6000000238
857  28.167  -74.302  -20.836 0.5000000000
859  27.852  -73.034  -21.061 0.5000000000
873  28.165  -73.061  -21.794 0.6000000238
4630  4.379  -63.133  -2.339 0.8999999762
5804  7.641  -61.277  5.548 0.6999999881
4063  4.945  -64.266  -3.407 0.8999999762
115282  5.220  -63.133  -1.976 1.0000000000
5812  9.364  -60.961  4.192 0.8000000119
5844  9.965  -61.265  0.334 0.8999999762
5857  8.299  -61.506  -0.115 1.0000000000
4050  11.288  -63.815  -1.701 0.8999999762
3591  9.456  -65.180  0.350 0.8000000119
4046  11.670  -64.074  -0.612 0.8000000119
3609  11.195  -64.858  -2.765 0.8999999762
4054  10.814  -64.162  -2.477 0.8999999762
3599  11.156  -64.957  -0.582 0.8000000119
4049  11.739  -64.294  -1.340 0.8999999762
1788  9.797  -69.254  -0.362 0.6000000238
3153  10.959  -65.817  -0.447 0.8000000119
3604  12.404  -65.371  -1.632 0.8999999762
3608  12.104  -65.223  -2.284 0.8999999762
113825  10.447  -68.490  -0.316 0.6999999881
3159  12.781  -65.958  -1.488 0.8999999762
107890  12.237  -67.505  -0.465 0.8999999762
1602  17.078  -71.130  -21.037 0.6000000238
2046  18.388  -69.646  -21.523 0.6999999881
1194  17.341  -71.798  -22.257 0.5000000000
1608  17.452  -71.175  -21.534 0.5000000000
1603  16.717  -70.700  -20.424 0.6000000238
1606  19.134  -70.096  -22.133 0.6000000238
1595  15.406  -70.895  -19.592 0.6000000238
1573  14.746  -70.431  -19.086 0.6000000238
791  31.351  -72.146  -14.027 0.6000000238
478  29.567  -73.517  -11.153 0.6000000238
113640  13.503  -70.248  -18.841 0.6000000238
115195  12.152  -68.483  -18.750 0.6000000238
2893  11.511  -67.743  -19.112 0.6000000238
1935  33.384  -69.342  -14.586 0.5000000000
2892  12.526  -67.586  -18.494 0.6999999881
3766  10.950  -65.684  -22.014 0.5000000000
1166  33.646  -71.685  -19.854 0.4000000060
2975  27.187  -67.684  -25.326 0.5000000000
2976  26.560  -67.826  -25.626 0.6000000238
537  33.149  -73.217  -20.641 0.5000000000
1167  32.604  -71.795  -19.874 0.6000000238
341  31.606  -74.476  -20.876 0.5000000000
2058  25.799  -69.024  -24.722 0.6999999881
538  32.311  -73.947  -20.742 0.5000000000
832  32.003  -72.899  -19.758 0.6000000238
346  29.730  -75.084  -21.195 0.5000000000
2990  26.907  -67.611  -26.636 0.5000000000
2540  26.132  -68.315  -25.866 0.6999999881
2064  26.083  -69.346  -26.168 0.6999999881
351  28.976  -75.074  -21.493 0.5000000000
1215  27.256  -71.403  -26.176 0.6999999881
552  28.672  -74.603  -21.665 0.5000000000
858  28.107  -73.341  -21.011 0.6000000238
115343  28.850  -72.235  -22.296 0.6999999881
5754  4.457  -61.389  9.631 0.3000000119
6450  3.917  -60.280  7.982 0.3000000119
4620  5.613  -62.695  -1.414 0.8999999762
5291  6.100  -62.215  -0.803 1.0000000000
119282  4.006  -63.241  -2.780 0.8000000119
6514  9.790  -60.556  3.709 0.8000000119
5256  9.204  -61.463  0.057 0.8999999762
5275  7.390  -61.814  -0.152 1.0000000000
6530  11.699  -60.616  1.597 0.8000000119
6546  10.438  -60.761  0.317 0.8999999762
108312  12.049  -64.838  -1.724 0.8999999762
3154  9.664  -66.253  -0.166 0.8000000119
113312  9.968  -67.799  -0.185 0.8000000119
3152  12.158  -65.767  -0.934 0.8999999762
2715  11.078  -67.637  -0.296 0.8000000119
112676  11.719  -66.644  -0.421 0.8999999762
1601  17.719  -70.275  -21.128 0.6000000238
2522  18.318  -68.840  -21.675 0.5000000000
1607  18.100  -70.734  -21.785 0.6000000238
2029  15.899  -69.952  -19.487 0.6000000238
1611  20.508  -70.850  -23.574 0.5000000000
2030  15.320  -69.736  -19.084 0.6999999881
2912  28.348  -67.608  -20.357 0.6000000238
2496  13.658  -68.652  -18.079 0.6000000238
112594  28.195  -67.692  -21.998 0.5000000000
2926  27.730  -67.701  -21.170 0.6000000238
2927  26.707  -67.967  -21.043 0.6000000238
103964  21.964  -71.058  -23.913 0.6000000238
2891  13.101  -68.078  -18.203 0.6000000238
118578  23.175  -71.609  -23.372 0.5000000000
2940  27.914  -67.727  -22.935 0.5000000000
2526  26.485  -68.243  -22.130 0.6999999881
2043  25.936  -68.962  -21.953 0.6999999881
101362  24.428  -71.031  -22.666 0.6000000238
3333  11.512  -66.516  -19.264 0.6999999881
3345  11.159  -66.124  -20.468 0.6999999881
2533  26.235  -68.127  -24.480 0.6999999881
2051  25.628  -69.769  -23.620 0.6999999881
1619  25.535  -70.792  -24.198 0.6000000238
101358  25.022  -72.052  -24.422 0.6000000238
118551  23.807  -73.008  -24.797 0.5000000000
117832  23.349  -72.319  -24.028 0.4000000060
342  30.579  -74.730  -20.538 0.5000000000
2059  25.779  -70.172  -25.246 0.6999999881
117950  25.463  -71.556  -24.774 0.6000000238
103135  24.823  -73.269  -25.383 0.5000000000
2997  27.678  -67.940  -26.853 0.5000000000
1633  26.679  -69.667  -27.004 0.6999999881
1626  26.457  -70.456  -26.281 0.6000000238
559  33.109  -73.314  -23.297 0.5000000000
550  32.281  -73.874  -22.794 0.5000000000
551  31.546  -73.864  -23.258 0.5000000000
2071  27.206  -69.226  -27.118 0.6000000238
117827  26.574  -73.625  -27.166 0.4000000060
117806  24.484  -74.599  -26.151 0.5000000000
1199  29.119  -71.383  -22.859 0.6000000238
1625  27.777  -70.628  -25.344 0.8000000119
104862  27.890  -72.524  -25.994 0.5000000000
1200  28.436  -72.040  -22.732 0.6999999881
1618  27.787  -71.368  -24.942 0.6000000238
882  27.855  -73.588  -24.803 0.5000000000
6397  4.157  -60.835  10.061 0.3000000119
6449  4.608  -60.804  8.001 0.3000000119
6433  3.419  -60.294  8.760 0.3000000119
6494  5.864  -59.933  6.345 0.5000000000
5858  6.537  -61.644  -0.575 1.0000000000
5277  5.767  -61.785  -0.770 0.8999999762
4622  3.792  -62.448  -1.888 0.8999999762
125054  11.611  -65.321  -0.769 0.8000000119
2716  10.450  -66.879  -0.203 0.8000000119
117281  19.015  -69.111  -21.866 0.5000000000
2047  17.657  -69.307  -21.067 0.5000000000
2040  17.051  -69.872  -20.512 0.6000000238
2054  20.183  -69.866  -22.587 0.5000000000
2041  16.469  -69.966  -19.914 0.6000000238
2052  21.207  -69.501  -22.667 0.6000000238
1612  19.481  -71.085  -23.127 0.5000000000
103240  21.297  -71.088  -25.638 0.4000000060
1621  19.595  -71.456  -24.594 0.5000000000
2020  14.157  -69.241  -18.293 0.6000000238
2512  25.795  -68.390  -20.379 0.6999999881
124619  21.917  -70.355  -23.264 0.6000000238
4890  10.141  -62.613  -21.510 0.6000000238
2913  27.423  -67.666  -20.177 0.6000000238
2520  25.509  -69.113  -21.109 0.6999999881
2037  24.891  -69.727  -21.232 0.6999999881
101368  22.978  -71.027  -22.929 0.6000000238
2519  26.104  -68.505  -21.284 0.6999999881
1599  24.334  -70.235  -21.653 0.6000000238
104064  23.728  -71.461  -22.947 0.6000000238
118552  22.580  -71.719  -24.148 0.6000000238
110187  26.637  -67.992  -23.264 0.6999999881
108960  25.688  -69.467  -22.567 0.6999999881
118523  24.972  -70.316  -22.175 0.6000000238
3332  12.356  -66.757  -18.583 0.6999999881
4291  10.433  -64.135  -22.825 0.6000000238
4306  9.792  -64.189  -23.103 0.4000000060
4891  9.634  -62.893  -21.603 0.4000000060
2958  27.616  -67.742  -24.004 0.5000000000
1609  25.358  -70.179  -22.825 0.6000000238
101360  25.089  -71.092  -23.364 0.6000000238
117826  24.102  -71.952  -23.538 0.5000000000
117147  26.521  -67.873  -26.715 0.6000000238
561  31.028  -73.691  -23.553 0.5000000000
2067  30.862  -69.764  -25.871 0.6000000238
112112  29.863  -69.171  -25.019 0.6000000238
2539  28.619  -68.639  -25.599 0.6000000238
562  30.381  -73.785  -23.302 0.5000000000
881  30.357  -72.898  -23.635 0.6000000238
2061  29.247  -69.195  -24.978 0.6000000238
103253  25.837  -72.652  -25.893 0.5000000000
1206  30.198  -71.426  -23.353 0.6000000238
2057  29.063  -69.965  -24.299 0.6000000238
1624  28.496  -70.156  -24.612 0.6000000238
111894  27.284  -72.380  -27.113 0.5000000000
120516  26.709  -74.486  -26.929 0.5000000000
1198  29.512  -72.016  -22.594 0.4000000060
1208  27.827  -71.976  -23.807 0.5000000000
6400  0.136  -60.145  10.701 0.3000000119
6434  2.073  -60.071  8.525 0.3000000119
7204  6.318  -59.586  5.673 0.5000000000
7205  5.251  -59.497  5.577 0.5000000000
7225  7.635  -59.613  4.971 0.6999999881
6507  8.981  -60.246  4.284 0.6999999881
4632  3.395  -62.505  -2.817 0.8000000119
6577  6.743  -60.945  -1.128 0.8999999762
120113  3.323  -62.155  -2.502 0.8999999762
2944  19.772  -67.603  -23.417 0.6000000238
2053  20.550  -68.858  -22.524 0.6000000238
2045  19.769  -68.991  -22.199 0.5000000000
2523  17.307  -68.544  -21.434 0.6000000238
123202  16.094  -69.266  -19.612 0.6999999881
2901  25.252  -67.512  -19.023 0.5000000000
109016  24.272  -67.928  -19.329 0.6000000238
101367  21.831  -69.569  -22.683 0.6000000238
2504  24.315  -68.689  -19.749 0.6999999881
118326  23.050  -69.649  -21.893 0.6999999881
104653  22.463  -70.179  -22.701 0.6000000238
124890  15.316  -69.179  -18.776 0.6999999881
2513  24.801  -69.119  -20.301 0.6999999881
103487  23.629  -70.038  -21.289 0.6000000238
118354  23.238  -70.319  -22.169 0.6000000238
2000  14.873  -68.858  -17.965 0.6999999881
111181  10.191  -61.090  -21.038 0.6000000238
2495  15.487  -68.814  -18.263 0.6999999881
118399  23.769  -70.745  -22.155 0.6000000238
5502  9.729  -61.818  -21.249 0.4000000060
2050  26.097  -68.755  -23.152 0.6999999881
4272  11.011  -64.128  -21.468 0.6000000238
1635  30.770  -70.852  -27.919 0.5000000000
2069  29.307  -68.412  -25.076 0.6000000238
2547  28.152  -68.223  -26.269 0.6000000238
2075  30.920  -69.786  -26.990 0.6000000238
2554  27.314  -67.932  -27.400 0.6000000238
1216  26.869  -71.323  -26.514 0.6999999881
1220  31.079  -72.006  -25.325 0.6000000238
2062  28.578  -69.373  -25.249 0.6000000238
1221  26.857  -70.671  -26.459 0.6000000238
3754  13.007  -65.965  -18.199 0.6000000238
1214  30.784  -72.126  -24.430 0.6000000238
1615  29.940  -70.771  -23.547 0.6000000238
2063  27.865  -69.775  -26.009 0.6999999881
891  31.586  -72.419  -25.556 0.5000000000
1207  29.651  -71.163  -23.102 0.6000000238
1617  28.479  -70.962  -23.793 0.6999999881
6470  4.543  -60.280  7.223 0.4000000060
7187  5.002  -59.871  6.456 0.3000000119
121390  2.533  -60.176  9.187 0.3000000119
6471  3.329  -60.041  7.118 0.3000000119
126094  7.169  -59.192  4.573 0.6999999881
7241  7.574  -59.098  4.075 0.6999999881
7255  8.883  -58.944  3.024 0.6999999881
7988  7.883  -58.784  3.169 0.6999999881
5293  4.117  -62.058  -1.445 0.8999999762
7285  11.637  -59.519  0.594 0.8000000119
5308  3.240  -62.154  -3.339 0.6000000238
6562  7.252  -61.419  -0.557 1.0000000000
122995  4.930  -61.087  -1.383 0.8999999762
5870  3.890  -61.846  -1.582 0.8999999762
2535  21.158  -68.148  -22.954 0.6999999881
2945  18.774  -67.600  -23.032 0.6999999881
2515  16.757  -68.813  -20.705 0.6999999881
103691  22.270  -68.467  -22.590 0.6999999881
2514  23.368  -68.328  -20.171 0.6999999881
112882  16.430  -69.058  -20.030 0.6000000238
2506  16.069  -68.626  -19.608 0.6999999881
2915  25.767  -67.870  -19.619 0.6000000238
2039  23.661  -69.506  -20.528 0.6999999881
1610  21.301  -70.651  -23.788 0.5000000000
5514  10.436  -61.777  -21.081 0.6000000238
2038  24.194  -69.692  -20.727 0.6999999881
2489  14.496  -68.442  -17.696 0.8000000119
4889  10.869  -62.487  -21.043 0.6000000238
2880  13.951  -67.824  -17.581 0.8000000119
4870  11.695  -62.472  -20.077 0.6999999881
3317  13.320  -67.015  -17.992 0.6000000238
4253  11.728  -64.339  -19.863 0.6999999881
2068  30.346  -68.873  -25.498 0.6000000238
2076  30.813  -68.804  -26.211 0.6000000238
7227  5.863  -59.154  4.797 0.6000000238
7254  9.859  -59.232  2.702 0.8000000119
7269  10.297  -58.835  1.868 0.8000000119
6574  9.731  -60.471  -0.954 1.0000000000
2534  21.761  -67.448  -23.986 0.6999999881
2529  18.050  -68.143  -22.193 0.6999999881
2524  16.201  -68.156  -21.211 0.6999999881
2930  16.815  -67.879  -22.113 0.6999999881
6095  10.378  -60.417  -20.284 0.6000000238
101375  22.477  -69.296  -22.355 0.6999999881
5513  11.186  -61.856  -20.602 0.6999999881
6096  9.339  -60.682  -20.508 0.6000000238
117527  11.340  -63.324  -20.581 0.6999999881
8017  11.304  -58.928  0.542 0.8000000119
5320  3.060  -62.060  -4.466 0.6000000238
6575  8.626  -60.698  -0.827 1.0000000000
115678  5.820  -60.817  -1.644 0.8999999762
6597  4.967  -60.808  -2.106 0.8000000119
5889  3.484  -61.795  -2.811 0.6999999881
2961  20.791  -67.543  -23.829 0.6000000238
113080  19.319  -67.061  -23.943 0.5000000000
2977  21.292  -67.065  -24.852 0.6000000238
2963  18.494  -66.916  -23.746 0.6999999881
2931  15.708  -67.643  -21.653 0.6000000238
2928  23.162  -67.026  -22.078 0.5000000000
2929  22.767  -67.837  -22.353 0.6999999881
2943  22.300  -67.584  -23.281 0.6999999881
2946  17.786  -67.480  -22.883 0.6999999881
116952  16.962  -67.323  -22.842 0.6000000238
6059  10.346  -61.133  -17.157 0.6000000238
2964  17.562  -66.801  -23.546 0.6000000238
6079  10.830  -60.618  -18.616 0.6000000238
6813  9.965  -59.627  -19.375 0.6000000238
2903  23.869  -67.036  -19.409 0.5000000000
111775  23.441  -67.443  -20.188 0.6000000238
2916  23.159  -67.902  -21.149 0.6999999881
2517  15.538  -67.672  -20.956 0.6000000238
6111  9.561  -59.885  -20.177 0.6000000238
2516  16.012  -68.202  -20.383 0.6999999881
2932  15.191  -67.209  -21.284 0.6000000238
2905  16.298  -67.862  -19.632 0.6999999881
2494  16.245  -68.405  -18.916 0.6999999881
5501  10.941  -61.219  -20.587 0.6000000238
3344  16.062  -67.143  -20.108 0.6999999881
2486  16.804  -68.101  -18.179 0.6999999881
2879  14.964  -67.652  -17.358 0.6999999881
2878  15.969  -67.833  -17.415 0.6999999881
3316  14.294  -66.893  -17.463 0.6999999881
116094  12.016  -64.950  -18.809 0.6999999881
4252  12.500  -64.177  -18.883 0.6999999881
4251  13.347  -64.150  -18.410 0.6999999881
3744  13.875  -66.028  -17.729 0.6999999881
108717  12.644  -65.015  -18.325 0.6999999881
113806  14.702  -66.044  -17.507 0.6999999881
5888  3.861  -61.300  -3.646 0.6000000238
108075  4.339  -61.317  -5.367 0.5000000000
7486  9.153  -59.653  -13.512 0.6999999881
2960  22.365  -67.046  -24.127 0.6000000238
3397  19.195  -66.490  -24.625 0.5000000000
6042  10.053  -61.504  -16.014 0.6000000238
6060  9.492  -60.469  -16.751 0.6000000238
3382  16.587  -66.808  -23.259 0.5000000000
6097  8.564  -60.330  -19.572 0.6000000238
2948  15.304  -67.111  -21.960 0.6000000238
6078  11.643  -61.163  -18.322 0.6000000238
6080  10.013  -59.995  -17.979 0.6000000238
7576  9.248  -59.491  -19.238 0.6000000238
2917  15.630  -67.501  -20.403 0.6000000238
6077  12.232  -61.409  -18.599 0.6000000238
125549  8.562  -61.141  -19.620 0.5000000000
116662  12.200  -63.311  -19.533 0.6999999881
3354  16.446  -66.383  -20.262 0.6999999881
118984  15.661  -67.191  -17.234 0.6999999881
3743  14.473  -65.172  -17.809 0.6999999881
123199  15.817  -66.331  -17.221 0.6999999881
4214  19.246  -64.660  -16.235 0.5000000000
6633  5.500  -60.889  -4.330 0.8000000119
119901  9.438  -61.479  -14.782 0.6999999881
5447  9.979  -62.565  -14.753 0.6999999881
5458  10.493  -62.388  -15.493 0.6999999881
6816  8.183  -60.465  -17.699 0.5000000000
122396  10.700  -61.767  -16.352 0.6999999881
7552  8.864  -59.919  -17.848 0.6000000238
6815  8.392  -59.900  -18.912 0.6000000238
6081  8.239  -61.180  -18.680 0.5000000000
110518  14.684  -65.992  -21.779 0.6000000238
3355  15.538  -66.888  -20.522 0.6000000238
3780  15.077  -65.687  -21.082 0.6000000238
4869  12.563  -62.431  -19.121 0.6999999881
3343  17.067  -67.094  -19.672 0.6999999881
2876  17.641  -67.676  -17.950 0.6999999881
109467  13.027  -63.251  -18.756 0.6999999881
3353  17.860  -66.369  -19.925 0.6999999881
5904  6.098  -61.158  -6.014 0.6000000238
115386  8.356  -59.619  -13.644 0.6999999881
7488  7.792  -59.198  -13.936 0.8000000119
6024  9.254  -61.077  -13.903 0.6000000238
6031  8.834  -60.703  -14.979 0.6000000238
6043  9.410  -60.977  -15.560 0.6000000238
122058  7.433  -59.801  -15.466 0.6999999881
5433  9.511  -62.074  -13.826 0.6999999881
117705  7.325  -59.920  -16.132 0.6000000238
6797  8.121  -59.912  -16.403 0.6000000238
6796  8.797  -59.897  -16.954 0.6000000238
6057  12.077  -61.484  -17.745 0.6000000238
7553  8.329  -59.988  -17.262 0.6000000238
5499  12.915  -61.820  -18.589 0.6000000238
4868  13.417  -62.481  -18.397 0.6999999881
4233  14.245  -64.210  -18.181 0.6999999881
2888  18.098  -67.417  -18.461 0.6999999881
117265  17.608  -67.199  -17.463 0.6999999881
3742  15.321  -65.387  -17.508 0.6999999881
3738  19.533  -65.911  -17.694 0.5000000000
5932  5.791  -61.271  -6.719 0.6000000238
8162  5.925  -59.413  -6.554 0.6000000238
8861  3.076  -57.546  -5.363 0.5000000000
8834  3.129  -57.250  -4.330 0.6999999881
106779  2.639  -56.027  -4.761 0.6000000238
8982  8.591  -57.937  -14.000 0.6999999881
7487  8.497  -59.131  -13.578 0.6999999881
6025  8.276  -60.280  -14.179 0.6000000238
6760  8.092  -60.155  -14.826 0.6000000238
6779  8.075  -59.910  -15.610 0.6000000238
3384  14.956  -66.493  -22.272 0.5000000000
4785  10.602  -63.071  -14.673 0.6999999881
5469  11.381  -62.143  -16.134 0.6999999881
6798  7.597  -60.288  -16.756 0.5000000000
6799  6.567  -60.670  -16.425 0.6000000238
5468  12.168  -61.939  -16.904 0.6999999881
6061  7.184  -60.999  -17.069 0.5000000000
5487  6.973  -61.674  -17.300 0.5000000000
5484  12.782  -61.733  -17.762 0.6999999881
5483  13.627  -62.105  -17.725 0.6999999881
3779  16.040  -65.329  -20.599 0.5000000000
4851  14.625  -63.341  -17.838 0.6999999881
3331  18.855  -66.896  -18.486 0.6999999881
123214  18.406  -66.770  -17.503 0.6999999881
111698  16.840  -66.345  -17.140 0.6999999881
4232  15.037  -64.344  -17.833 0.6999999881
4215  18.095  -64.523  -16.363 0.6000000238
125577  18.218  -65.645  -17.030 0.6000000238
6659  5.649  -61.122  -7.182 0.5000000000
8133  6.514  -58.826  -5.954 0.6999999881
8134  5.426  -58.522  -5.951 0.6999999881
8163  4.819  -58.959  -6.569 0.5000000000
8116  4.849  -57.943  -5.121 0.8000000119
8135  4.347  -58.295  -5.692 0.6999999881
8117  3.999  -57.895  -4.915 0.8000000119
8832  3.889  -57.391  -3.685 0.8999999762
11443  6.113  -54.819  -14.250 0.6000000238
11457  6.798  -55.177  -15.050 0.8000000119
9003  8.271  -57.044  -14.519 0.6999999881
109948  6.576  -57.133  -15.110 0.8000000119
10622  6.211  -55.772  -14.558 0.6000000238
9004  6.931  -57.590  -15.010 0.8000000119
9005  5.939  -57.532  -15.137 0.6999999881
8253  7.302  -58.502  -14.546 0.8000000119
8273  6.360  -58.408  -15.123 0.6999999881
8274  5.770  -58.232  -15.061 0.6000000238
7513  6.901  -59.185  -14.915 0.6000000238
6753  8.676  -60.231  -13.681 0.6999999881
6754  7.787  -59.754  -14.051 0.6999999881
6761  7.300  -59.682  -15.009 0.6999999881
6762  6.070  -59.728  -15.361 0.6000000238
7514  5.947  -59.088  -15.009 0.6000000238
6752  9.709  -60.828  -13.546 0.6999999881
4766  9.827  -62.710  -14.113 0.6999999881
6780  6.662  -59.937  -15.804 0.6000000238
6782  5.412  -61.269  -15.406 0.6000000238
4809  11.598  -63.166  -14.839 0.6000000238
112466  13.038  -62.293  -16.850 0.6000000238
6044  5.753  -61.404  -16.238 0.6000000238
5471  6.531  -62.133  -17.213 0.6000000238
5457  13.175  -62.714  -15.853 0.6999999881
5467  13.891  -62.526  -16.710 0.6999999881
3778  17.309  -65.492  -20.280 0.6000000238
4850  15.482  -63.613  -17.473 0.6999999881
122644  14.058  -62.655  -17.987 0.6999999881
110354  18.739  -66.264  -19.655 0.5000000000
3740  17.817  -66.143  -17.160 0.6999999881
4231  15.834  -64.517  -17.453 0.6999999881
3313  19.025  -66.671  -17.827 0.6999999881
3741  16.220  -65.444  -17.228 0.6999999881
3732  18.634  -65.261  -16.788 0.6000000238
4230  16.671  -64.758  -17.095 0.6000000238
4217  16.298  -63.828  -17.148 0.6000000238
8860  5.983  -58.025  -5.359 0.8000000119
122468  3.696  -58.081  -5.502 0.6000000238
8847  6.522  -57.549  -4.745 0.8999999762
8850  3.664  -57.554  -4.245 0.8000000119
119283  2.764  -56.733  -4.193 0.6999999881
8849  4.357  -57.684  -4.310 0.8999999762
8833  3.249  -57.205  -3.552 0.8999999762
125847  2.550  -55.693  -4.246 0.6999999881
106593  2.489  -54.393  -4.150 0.6000000238
12263  5.788  -53.123  -13.134 0.6999999881
12264  4.663  -53.213  -12.650 0.6000000238
10624  4.444  -54.542  -13.333 0.6000000238
9821  7.421  -56.017  -15.711 0.6999999881
10653  7.232  -55.407  -15.979 0.6999999881
9805  6.981  -56.490  -15.173 0.6999999881
9020  8.452  -56.416  -15.580 0.6000000238
9804  7.384  -56.418  -15.176 0.8000000119
9019  9.209  -57.111  -15.234 0.6000000238
110787  10.199  -60.163  -13.481 0.6999999881
7515  5.388  -59.750  -14.611 0.6000000238
6022  10.210  -61.607  -13.096 0.6999999881
6781  5.876  -60.561  -15.754 0.6000000238
5461  5.303  -62.044  -15.514 0.5000000000
4808  12.498  -63.048  -14.973 0.6000000238
5466  14.645  -62.400  -16.499 0.6999999881
4830  15.080  -62.854  -17.128 0.6999999881
3733  17.648  -65.155  -16.893 0.6000000238
4826  18.427  -63.955  -15.734 0.5000000000
4216  17.132  -64.188  -16.730 0.6000000238
9618  4.319  -56.937  -3.239 0.8999999762
9619  2.808  -56.803  -3.386 0.8999999762
10454  2.575  -56.231  -3.818 0.8000000119
13098  5.536  -52.415  -12.747 0.8000000119
10599  4.086  -55.233  -13.098 0.6000000238
10623  5.086  -55.305  -13.842 0.6000000238
9807  5.522  -56.282  -14.251 0.6000000238
120791  8.506  -56.427  -15.912 0.6999999881
9820  7.979  -56.069  -15.943 0.6000000238
9002  9.183  -57.730  -14.178 0.6999999881
8250  9.885  -59.298  -13.705 0.6999999881
6751  10.578  -60.987  -13.165 0.6999999881
9592  3.856  -56.453  -2.456 0.8999999762
122341  4.286  -55.153  -0.886 0.8000000119
11265  3.941  -54.458  -0.173 0.8000000119
9565  2.642  -56.318  -2.057 0.8999999762
10436  2.444  -56.198  -2.947 0.8999999762
9593  2.936  -56.683  -2.470 0.8999999762
10416  2.428  -55.978  -2.045 0.8999999762
106536  2.403  -55.419  -2.652 0.8999999762
106445  2.479  -54.683  -3.292 0.8000000119
118898  2.449  -53.528  -4.462 0.8000000119
10404  2.555  -55.391  -1.416 0.8000000119
13926  2.221  -51.821  -4.289 0.6999999881
111367  6.361  -52.961  -13.788 0.8000000119
12302  7.196  -53.798  -15.387 0.8000000119
14018  4.378  -51.424  -12.242 0.6999999881
14017  5.415  -51.520  -12.697 0.8000000119
12315  8.021  -53.717  -15.880 0.6999999881
115830  6.537  -51.719  -13.999 0.8000000119
12336  8.103  -54.622  -16.222 0.8000000119
13137  7.221  -52.527  -14.756 0.8000000119
13138  6.622  -52.373  -14.245 0.8000000119
119870  5.130  -56.707  -13.830 0.6000000238
10665  8.453  -55.729  -16.186 0.6999999881
13155  8.588  -52.710  -15.420 0.6999999881
9806  6.273  -56.745  -14.968 0.6999999881
107376  5.512  -57.709  -14.751 0.5000000000
9848  9.040  -55.980  -16.150 0.6999999881
13154  9.443  -52.500  -15.687 0.8000000119
13136  8.184  -51.784  -14.860 0.6999999881
14063  7.725  -51.029  -14.332 0.8000000119
9006  5.582  -57.127  -14.596 0.5000000000
8254  5.264  -58.269  -13.992 0.5000000000
108632  9.668  -57.225  -16.155 0.6999999881
9819  9.107  -56.562  -16.124 0.6000000238
14086  9.919  -51.647  -15.478 0.8000000119
8291  9.755  -57.883  -14.909 0.6000000238
13173  10.541  -53.006  -16.175 0.8000000119
14105  10.103  -52.394  -15.964 0.8000000119
7485  10.836  -59.783  -13.783 0.8000000119
12314  11.294  -53.146  -15.497 0.8000000119
7489  4.931  -59.706  -13.447 0.5000000000
120754  11.851  -60.500  -13.116 0.6999999881
6750  11.132  -60.402  -13.332 0.8000000119
6744  11.405  -61.052  -12.875 0.6999999881
5410  11.268  -62.351  -12.840 0.6000000238
11456  11.559  -54.493  -14.332 0.6000000238
6763  5.236  -60.631  -14.793 0.5000000000
6026  4.701  -61.307  -13.533 0.5000000000
6749  12.619  -60.328  -13.075 0.6999999881
6743  12.211  -61.010  -12.739 0.6999999881
4765  11.166  -63.246  -13.984 0.6000000238
7482  13.634  -59.673  -13.742 0.6000000238
6010  12.681  -61.675  -12.625 0.6999999881
5409  12.209  -62.385  -12.826 0.6999999881
5446  12.926  -62.961  -14.201 0.6000000238
5456  14.076  -62.541  -15.561 0.6999999881
12262  11.798  -53.994  -12.098 0.6000000238
6742  13.465  -60.514  -12.722 0.6000000238
6009  13.640  -61.360  -12.556 0.6999999881
5428  13.914  -62.359  -13.166 0.6999999881
108798  13.273  -62.819  -15.007 0.6999999881
7481  14.484  -59.574  -13.532 0.5000000000
5444  14.648  -62.436  -14.578 0.6999999881
5455  14.960  -62.266  -15.686 0.6000000238
5465  15.404  -62.452  -16.385 0.6000000238
6741  14.285  -60.591  -12.562 0.6000000238
6008  14.658  -61.341  -12.492 0.6000000238
5443  15.594  -62.313  -14.185 0.6000000238
108373  15.692  -61.399  -12.534 0.6000000238
119674  15.607  -62.140  -13.094 0.5000000000
5442  16.483  -62.251  -14.453 0.6000000238
4806  17.030  -62.866  -15.789 0.6000000238
4807  16.192  -62.524  -16.037 0.6000000238
4828  16.665  -63.291  -16.493 0.6000000238
4829  15.881  -63.020  -16.883 0.6000000238
4827  17.503  -63.635  -16.098 0.6000000238
9563  3.992  -55.876  -1.667 0.8000000119
9564  3.035  -56.312  -1.810 0.8000000119
10402  3.264  -55.787  -1.274 0.8000000119
10385  3.152  -55.205  -0.797 0.6999999881
11301  2.443  -55.119  -1.780 0.8000000119
11284  2.401  -54.144  -1.563 0.8999999762
11300  2.477  -54.425  -2.499 0.8000000119
10387  2.449  -54.576  -0.938 0.8000000119
12134  2.463  -53.337  -2.337 0.8999999762
114388  2.484  -52.834  -3.199 0.8000000119
12995  2.328  -52.133  -3.461 0.8000000119
113718  2.092  -51.017  -4.392 0.6000000238
113028  6.186  -51.310  -13.471 0.8000000119
14919  5.066  -50.656  -12.484 0.6999999881
11490  9.526  -54.639  -16.355 0.8000000119
13175  8.987  -53.322  -15.985 0.8000000119
14940  6.696  -50.391  -13.588 0.8000000119
11507  9.881  -55.166  -16.393 0.6999999881
13174  9.806  -53.120  -16.135 0.8000000119
14062  9.341  -51.011  -14.969 0.8999999762
14939  7.749  -50.132  -13.912 0.8999999762
9018  10.131  -57.992  -15.949 0.6999999881
7511  11.432  -59.482  -14.379 0.8000000119
7512  10.581  -59.123  -14.270 0.6999999881
12333  10.605  -54.078  -16.339 0.8000000119
14060  10.423  -51.114  -14.747 0.8000000119
10652  11.313  -55.832  -15.510 0.6999999881
106936  11.508  -53.659  -12.840 0.6000000238
7483  12.803  -59.808  -13.785 0.6000000238
120954  11.945  -56.215  -14.736 0.4000000060
13096  11.187  -53.223  -11.918 0.6000000238
116102  15.372  -62.241  -15.122 0.6000000238
5453  16.726  -62.397  -15.273 0.6000000238
10401  5.135  -55.422  -1.517 0.8000000119
11264  5.155  -54.400  -0.100 0.8999999762
10403  2.636  -55.851  -1.431 0.8000000119
11252  3.450  -53.957  0.488 0.6999999881
11266  2.897  -54.458  -0.283 0.8000000119
10386  2.577  -55.021  -0.882 0.8000000119
11253  2.498  -53.860  0.182 0.6999999881
12116  2.306  -53.369  -1.350 0.8999999762
14816  2.319  -50.856  -3.485 0.8000000119
14918  5.891  -50.540  -13.063 0.8000000119
15749  5.639  -49.707  -12.620 0.6000000238
14966  8.650  -50.441  -14.471 0.8000000119
14061  10.014  -50.768  -14.988 0.8000000119
15776  7.199  -49.675  -13.523 0.8000000119
12334  10.124  -53.897  -16.353 0.8000000119
115658  10.310  -51.481  -15.257 0.8000000119
15775  7.885  -49.222  -13.444 0.8999999762
10680  9.715  -55.671  -16.250 0.6999999881
14938  8.895  -49.425  -13.863 0.8000000119
15774  8.233  -48.837  -13.125 0.8000000119
9846  10.329  -56.865  -16.559 0.6999999881
106811  10.868  -58.571  -15.981 0.6999999881
9028  10.351  -57.477  -16.608 0.6999999881
109267  11.452  -52.991  -13.912 0.6999999881
13995  10.196  -51.744  -11.566 0.6999999881
122038  9.689  -51.480  -10.891 0.6999999881
7538  11.819  -59.278  -15.106 0.6000000238
9053  11.493  -57.155  -18.185 0.6000000238
7537  12.555  -59.250  -15.504 0.6000000238
8317  11.462  -58.410  -17.802 0.6999999881
9833  11.626  -56.518  -17.356 0.5000000000
9817  11.957  -56.550  -16.340 0.5000000000
11441  12.582  -55.850  -12.972 0.5000000000
5441  17.303  -62.384  -14.497 0.5000000000
11267  2.442  -54.223  -0.384 0.8000000119
11254  2.250  -53.647  0.020 0.8000000119
12087  2.444  -52.464  0.665 0.6999999881
12097  2.275  -53.156  0.219 0.6999999881
13899  2.110  -52.108  -0.152 0.8000000119
12989  2.393  -52.358  -2.598 0.8999999762
13917  2.337  -51.560  -2.933 0.8000000119
112881  2.169  -50.157  -4.382 0.6999999881
14821  1.576  -50.309  -5.477 0.5000000000
15720  5.129  -49.168  -11.967 0.6000000238
15748  7.146  -49.125  -13.140 0.6000000238
11506  10.269  -55.339  -16.316 0.6999999881
14965  9.601  -50.101  -14.443 0.8000000119
14936  10.109  -50.256  -14.382 0.8000000119
14937  9.717  -49.578  -13.950 0.8000000119
10679  10.268  -56.065  -16.162 0.6999999881
14916  10.169  -50.120  -13.735 0.8000000119
9054  11.100  -57.448  -17.362 0.6999999881
120290  10.739  -55.558  -16.159 0.6999999881
11473  11.291  -54.282  -15.357 0.8000000119
8305  11.272  -58.491  -16.920 0.6999999881
12301  11.488  -53.503  -14.654 0.8000000119
10605  13.479  -56.004  -12.810 0.5000000000
12945  2.894  -52.035  1.627 0.6999999881
12967  2.147  -52.916  -0.601 0.8000000119
12977  2.315  -52.617  -1.653 0.8999999762
109968  2.355  -51.738  -2.006 0.8999999762
14812  2.387  -50.755  -2.408 0.8999999762
115477  6.459  -49.048  -12.751 0.6000000238
16663  5.630  -48.295  -11.849 0.6000000238
16710  7.562  -48.686  -12.845 0.6999999881
14039  10.519  -50.898  -13.918 0.8000000119
15773  8.972  -49.082  -13.321 0.8000000119
10678  11.304  -56.857  -16.833 0.6999999881
14038  10.963  -51.918  -14.204 0.6999999881
14016  10.295  -51.026  -12.801 0.8000000119
13117  10.732  -51.735  -13.249 0.8000000119
13077  11.344  -53.037  -10.890 0.6999999881
12933  3.034  -51.472  2.888 0.6999999881
124461  2.955  -51.673  2.390 0.6999999881
12934  2.665  -51.240  2.029 0.6999999881
111899  2.348  -51.823  0.695 0.6999999881
13909  2.237  -51.444  -0.649 0.8999999762
15655  2.499  -49.267  -4.170 0.6999999881
116372  7.034  -48.618  -12.681 0.6000000238
15747  8.113  -48.638  -12.403 0.8000000119
16683  7.535  -48.284  -12.300 0.6999999881
14917  9.655  -49.874  -12.937 0.8000000119
16641  9.983  -48.700  -10.131 0.4000000060
14898  9.238  -50.203  -11.722 0.8000000119
13996  9.746  -50.875  -11.785 0.6999999881
14877  9.211  -50.814  -10.841 0.6999999881
12244  12.716  -53.817  -11.333 0.6000000238
13852  3.303  -51.517  3.619 0.6999999881
13867  2.794  -50.884  2.711 0.6999999881
14715  3.064  -50.862  3.391 0.6999999881
12946  2.564  -51.662  1.212 0.6999999881
14801  2.252  -51.084  0.082 0.8000000119
13898  2.320  -50.756  -0.762 0.8999999762
114614  2.463  -50.016  -3.262 0.8999999762
16605  2.353  -48.657  -4.969 0.6000000238
16662  6.502  -48.228  -12.262 0.5000000000
16684  7.100  -48.012  -12.204 0.6000000238
16642  8.985  -48.264  -9.892 0.5000000000
16643  8.381  -48.506  -9.984 0.6000000238
15702  8.098  -49.045  -10.080 0.5000000000
15719  8.013  -49.065  -10.930 0.6999999881
108656  7.579  -48.332  -11.300 0.8000000119
15688  8.482  -49.565  -9.329 0.5000000000
14899  8.673  -50.001  -10.881 0.6999999881
15701  10.499  -49.357  -9.467 0.5000000000
16627  9.538  -49.029  -9.256 0.6000000238
116468  8.490  -50.251  -9.472 0.6000000238
14841  10.226  -50.435  -8.584 0.6000000238
108694  9.788  -51.298  -9.137 0.6000000238
13983  9.425  -51.390  -9.947 0.6000000238
13064  11.715  -52.611  -10.043 0.6000000238
13049  11.208  -52.053  -9.328 0.6999999881
14756  2.518  -50.515  2.411 0.6999999881
13878  2.387  -51.049  1.539 0.6999999881
115567  2.234  -50.789  0.862 0.8000000119
108689  2.480  -49.812  -2.365 0.8999999762
17613  6.225  -47.456  -11.532 0.5000000000
16661  7.750  -48.204  -10.438 0.6999999881
107019  7.432  -47.695  -11.232 0.6999999881
120912  6.809  -47.602  -11.753 0.5000000000
14842  8.952  -50.070  -8.738 0.6000000238
13946  10.596  -51.304  -8.813 0.6000000238
112856  2.556  -50.306  2.559 0.6999999881
15620  2.073  -49.493  0.959 0.8000000119
14789  2.195  -50.186  0.587 0.8000000119
14800  2.307  -50.046  -0.346 0.8999999762
14809  2.411  -50.085  -1.423 0.8999999762
16602  2.665  -48.222  -3.745 0.8000000119
17612  7.908  -47.346  -10.784 0.6000000238
17633  6.988  -46.827  -11.338 0.5000000000
16660  9.598  -48.169  -10.692 0.4000000060
17632  7.236  -47.086  -11.303 0.5000000000
16659  10.381  -48.540  -11.156 0.4000000060
17611  8.848  -47.490  -10.736 0.5000000000
16682  10.715  -48.280  -12.102 0.4000000060
15685  10.892  -50.066  -8.797 0.5000000000
16505  2.887  -49.250  1.873 0.6999999881
15580  7.744  -49.955  2.087 0.5000000000
15635  2.258  -49.071  -0.822 0.8999999762
16595  2.427  -48.154  -2.494 0.8999999762
15654  2.616  -49.094  -2.949 0.8000000119
18568  2.986  -46.527  -4.845 0.6000000238
17562  2.794  -47.207  -4.735 0.6000000238
18632  8.175  -46.487  -11.880 0.5000000000
18633  7.756  -46.391  -11.439 0.5000000000
18614  8.572  -46.819  -11.581 0.5000000000
17631  9.420  -47.017  -11.868 0.5000000000
17610  9.908  -47.778  -11.470 0.4000000060
17629  11.122  -47.831  -12.968 0.4000000060
16528  5.409  -48.427  1.371 0.5000000000
16530  3.271  -48.622  1.252 0.8000000119
16529  4.388  -48.331  1.239 0.8000000119
16526  7.165  -48.644  1.348 0.5000000000
15600  7.456  -49.303  1.715 0.5000000000
16562  2.121  -48.417  -0.289 0.8999999762
19452  17.256  -44.434  1.692 0.6000000238
20488  16.190  -44.056  1.175 0.6000000238
20503  14.432  -43.804  -0.035 0.8000000119
21500  15.574  -43.538  -0.327 0.6999999881
21501  14.929  -43.461  -0.535 0.8000000119
21512  12.784  -43.369  -1.518 0.8000000119
112793  2.551  -47.519  -3.086 0.8000000119
18631  9.001  -46.511  -12.398 0.5000000000
18615  7.334  -46.004  -11.351 0.6000000238
104846  8.838  -46.011  -12.462 0.5000000000
16546  2.676  -48.423  0.574 0.8000000119
16525  8.179  -48.716  1.393 0.4000000060
17503  2.331  -47.795  -0.719 0.8999999762
18441  18.540  -45.109  2.493 0.5000000000
20482  16.611  -44.235  1.914 0.6000000238
17459  6.817  -48.096  0.940 0.6999999881
16561  2.196  -48.062  -1.379 0.8999999762
120423  13.821  -43.955  -0.386 0.8000000119
19469  17.405  -44.925  0.494 0.6999999881
20520  12.187  -44.041  -1.433 0.8000000119
20545  9.582  -44.477  -3.061 0.6000000238
17499  6.206  -47.137  -0.211 0.8000000119
17531  2.560  -46.885  -3.127 0.8000000119
20544  10.327  -44.108  -2.532 0.6999999881
20555  8.425  -45.261  -3.779 0.6999999881
105562  4.461  -45.917  -5.485 0.6000000238
18531  2.572  -46.478  -3.837 0.6999999881
18530  2.807  -45.996  -4.141 0.8000000119
19619  7.518  -45.025  -11.322 0.5000000000
19443  17.133  -44.315  2.747 0.5000000000
107698  17.746  -44.570  2.457 0.4000000060
20489  15.600  -44.017  0.982 0.8000000119
17457  8.607  -47.982  1.012 0.5000000000
17458  7.698  -48.088  1.012 0.6000000238
17479  4.543  -47.844  0.467 0.8000000119
17480  2.944  -47.783  -0.167 0.8000000119
17516  2.440  -47.393  -1.510 0.8999999762
20504  12.700  -44.234  -1.008 0.8000000119
17478  5.487  -47.580  0.254 0.8000000119
17502  3.778  -47.292  -0.598 0.8000000119
17515  2.943  -47.145  -1.171 0.8999999762
20501  16.005  -43.709  0.289 0.6999999881
20521  11.531  -44.333  -1.645 0.8000000119
117725  8.075  -47.731  0.614 0.8000000119
17476  7.363  -47.662  0.499 0.6000000238
18492  3.792  -46.865  -1.215 0.8000000119
18515  2.806  -46.829  -2.290 0.8000000119
18456  18.858  -45.933  1.183 0.6000000238
105747  16.486  -43.984  -0.472 0.6999999881
20522  10.722  -44.611  -1.847 0.8000000119
19521  8.490  -45.478  -2.825 0.6999999881
19534  7.720  -45.500  -3.981 0.6999999881
18513  4.383  -46.515  -1.615 0.8000000119
18526  2.776  -46.278  -3.322 0.8999999762
125263  15.994  -43.579  -0.569 0.6999999881
19520  9.164  -45.241  -2.449 0.6999999881
112024  5.416  -45.419  -4.316 0.6999999881
19545  3.472  -45.594  -4.461 0.8000000119
19535  6.910  -45.707  -3.319 0.6999999881
19436  18.583  -45.061  3.214 0.3000000119
20490  14.741  -44.340  0.625 0.8000000119
17475  8.703  -47.615  0.432 0.6999999881
20505  11.993  -44.772  -1.148 0.8000000119
19498  11.169  -45.106  -1.243 0.8000000119
19500  9.449  -45.579  -1.641 0.8000000119
18462  8.038  -47.272  0.006 0.8000000119
120559  6.030  -46.790  -0.796 0.8000000119
18440  19.482  -45.879  1.743 0.6000000238
19451  18.056  -45.278  1.177 0.6000000238
21502  14.138  -43.515  -0.736 0.8000000119
20523  9.898  -44.875  -2.111 0.8000000119
19502  7.653  -46.021  -1.864 0.8000000119
18511  6.357  -46.454  -1.316 0.8000000119
18525  3.288  -46.155  -2.796 0.8000000119
18455  19.548  -46.287  0.716 0.6000000238
108603  17.201  -44.785  -0.507 0.6000000238
20502  15.222  -43.660  0.242 0.8000000119
19525  4.544  -45.661  -2.921 0.6999999881
19505  4.956  -45.991  -2.060 0.8000000119
19526  3.784  -45.690  -3.118 0.8000000119
20519  16.269  -43.770  -1.357 0.6999999881
116908  4.775  -45.326  -4.357 0.6999999881
104909  17.834  -44.675  3.185 0.4000000060
20483  16.004  -44.286  1.814 0.6000000238
20484  15.333  -44.615  1.417 0.6999999881
20491  13.934  -44.459  0.053 0.8000000119
106744  19.310  -45.387  2.870 0.3000000119
19471  12.591  -45.136  -0.681 0.8000000119
109368  9.292  -46.553  -0.519 0.6999999881
19499  10.304  -45.367  -1.417 0.8000000119
19433  21.117  -45.098  2.256 0.3000000119
19442  20.227  -45.716  2.083 0.4000000060
19501  8.543  -45.791  -1.916 0.8000000119
18489  7.608  -46.776  -0.648 0.8000000119
19441  20.805  -45.918  1.249 0.5000000000
18512  5.388  -46.553  -1.292 0.8000000119
18485  18.782  -46.143  0.261 0.6000000238
19522  7.276  -45.855  -2.520 0.8000000119
19504  5.892  -46.058  -1.912 0.8000000119
123231  7.984  -45.791  -2.453 0.6999999881
116917  5.935  -45.703  -3.121 0.8000000119
19524  5.451  -45.791  -2.653 0.6999999881
21649  9.211  -43.215  -11.857 0.6000000238
104925  9.994  -44.024  -12.717 0.5000000000
20667  9.396  -44.584  -12.546 0.6000000238
20645  7.991  -44.303  -11.419 0.6000000238
20627  7.299  -43.826  -10.874 0.5000000000
19638  10.126  -44.875  -13.036 0.6000000238
19639  9.481  -45.519  -12.801 0.6000000238
19434  20.618  -45.348  2.644 0.3000000119
19472  11.737  -45.572  -0.752 0.8000000119
19473  10.725  -45.864  -0.666 0.8000000119
19428  21.040  -45.028  3.083 0.3000000119
19474  9.779  -45.954  -0.908 0.8000000119
19475  8.918  -46.094  -1.087 0.8000000119
20479  21.379  -44.460  2.057 0.5000000000
18510  7.213  -46.423  -1.290 0.8000000119
115505  21.367  -45.250  1.387 0.5000000000
20481  21.651  -44.463  1.127 0.5000000000
18454  20.457  -46.221  0.381 0.6000000238
19503  6.800  -46.078  -1.885 0.8000000119
116368  9.385  -43.839  -12.328 0.6000000238
21669  10.823  -44.102  -13.200 0.5000000000
21486  22.139  -43.552  3.010 0.3000000119
21490  21.541  -43.763  1.675 0.4000000060
114890  21.692  -43.628  0.867 0.4000000060
112852  10.439  -41.593  -12.288 0.6000000238
22607  8.991  -42.156  -11.353 0.6000000238
22622  11.115  -42.192  -12.807 0.6000000238
22624  9.602  -42.651  -11.979 0.6000000238
22623  10.260  -42.591  -12.492 0.6000000238
109229  9.765  -43.294  -12.398 0.6000000238
23577  11.116  -41.274  -12.640 0.6000000238
23589  11.928  -41.842  -12.936 0.6000000238
21647  11.057  -43.133  -12.990 0.5000000000
21648  10.388  -43.438  -12.746 0.5000000000
22464  21.524  -42.326  0.935 0.3000000119
24499  10.796  -39.813  -12.066 0.5000000000
23578  10.616  -40.676  -12.158 0.6000000238
23563  10.103  -41.025  -11.600 0.6000000238
124746  11.615  -39.964  -12.858 0.6000000238
106244  11.767  -41.099  -12.849 0.6000000238
25504  12.469  -39.607  -14.458 0.6000000238
24516  12.010  -40.520  -13.103 0.6000000238
116526  12.688  -39.031  -15.033 0.6000000238
22638  12.803  -42.259  -13.081 0.6000000238
23588  13.316  -41.673  -13.107 0.5000000000
24514  13.735  -40.968  -13.320 0.5000000000
111108  13.176  -39.713  -14.831 0.4000000060
25503  13.534  -39.140  -15.643 0.5000000000
23427  21.339  -41.515  0.485 0.3000000119
25485  11.350  -39.377  -12.604 0.5000000000
24507  11.271  -40.345  -12.601 0.6000000238
26542  13.735  -38.353  -16.046 0.5000000000
26512  11.599  -38.521  -12.452 0.5000000000
25492  11.834  -39.699  -13.234 0.6000000238
24529  12.377  -40.047  -13.747 0.6000000238
24515  12.821  -40.810  -13.421 0.6000000238
24528  13.056  -40.213  -14.011 0.6000000238
23437  21.221  -41.739  -0.385 0.3000000119
25320  20.165  -39.539  -0.302 0.3000000119
26528  12.111  -38.026  -13.126 0.6000000238
26544  12.726  -38.134  -14.161 0.6000000238
26543  13.319  -38.340  -15.202 0.6000000238
26562  14.456  -38.563  -15.956 0.5000000000
28731  13.688  -36.566  -13.200 0.5000000000
28761  14.577  -36.322  -14.528 0.6000000238
27640  14.035  -37.368  -15.322 0.6000000238
26580  14.895  -37.675  -15.846 0.5000000000
24362  20.468  -40.716  -0.710 0.3000000119
27597  15.071  -36.563  -12.287 0.5000000000
28730  15.927  -36.187  -12.305 0.6000000238
28760  15.237  -36.002  -14.902 0.5000000000
27660  14.703  -37.297  -16.312 0.5000000000
108116  14.458  -36.221  -12.846 0.6000000238
28743  15.200  -35.825  -12.892 0.6000000238
29799  15.002  -35.572  -14.186 0.6000000238
27618  17.625  -36.513  -13.410 0.6000000238
29786  16.205  -35.276  -13.993 0.5000000000
29816  15.941  -35.616  -15.254 0.4000000060
28777  15.481  -36.494  -15.905 0.4000000060
101924  22.523  -41.423  -2.826 0.4000000060
23446  20.672  -41.055  -2.130 0.4000000060
104039  20.286  -40.667  -1.423 0.3000000119
25330  20.109  -40.180  -0.804 0.3000000119
28742  16.029  -35.627  -13.124 0.6000000238
27679  15.464  -37.316  -16.607 0.4000000060
107618  22.018  -41.111  -3.881 0.3000000119
101933  20.660  -40.908  -3.200 0.3000000119
103724  20.163  -40.546  -2.331 0.3000000119
23474  22.512  -41.133  -3.035 0.4000000060
23475  22.226  -41.135  -3.449 0.4000000060
25341  19.861  -40.094  -1.565 0.3000000119
27594  18.220  -37.399  -12.854 0.5000000000
28759  17.771  -35.765  -15.154 0.4000000060
28776  16.368  -35.898  -16.079 0.4000000060
27593  19.140  -37.719  -13.341 0.4000000060
27617  18.586  -36.948  -13.824 0.4000000060
28740  18.170  -36.272  -14.479 0.5000000000
101929  21.074  -40.913  -4.030 0.3000000119
109007  19.664  -40.005  -2.582 0.3000000119
24388  22.888  -40.638  -2.136 0.4000000060
24403  21.717  -40.958  -4.260 0.4000000060
104147  19.508  -39.419  -1.526 0.3000000119
28792  16.809  -36.410  -16.637 0.3000000119
101934  20.504  -40.677  -3.996 0.3000000119
24389  22.356  -40.359  -2.911 0.4000000060
26527  19.943  -37.847  -13.634 0.3000000119
28739  18.852  -36.601  -14.681 0.4000000060
28775  17.945  -35.832  -15.919 0.5000000000
27616  19.540  -37.090  -14.283 0.4000000060
26342  24.593  -38.258  -1.016 0.3000000119
28657  26.987  -37.486  -4.518 0.4000000060
104397  27.729  -37.722  -5.208 0.4000000060
113963  21.132  -36.823  -14.213 0.3000000119
102144  21.366  -37.661  -13.685 0.4000000060
102174  24.790  -38.910  -10.484 0.4000000060
26526  20.669  -38.168  -13.407 0.3000000119
27497  25.739  -37.150  -3.306 0.3000000119
27496  26.445  -37.611  -3.646 0.4000000060
27507  26.126  -37.021  -4.139 0.3000000119
28659  25.812  -36.364  -4.436 0.4000000060
102147  22.169  -37.847  -13.080 0.4000000060
102167  27.893  -37.457  -5.976 0.5000000000
104470  27.609  -36.732  -6.124 0.4000000060
26469  24.302  -38.416  -10.961 0.3000000119
102142  20.509  -37.371  -14.042 0.4000000060
27639  20.335  -36.538  -14.853 0.3000000119
28664  26.289  -35.945  -4.936 0.3000000119
102155  22.909  -38.003  -12.380 0.4000000060
26400  27.575  -38.076  -4.622 0.5000000000
28663  27.411  -36.991  -5.297 0.5000000000
123250  27.521  -36.672  -6.850 0.3000000119
26482  23.798  -38.676  -11.545 0.4000000060
102158  23.428  -38.122  -11.856 0.4000000060
104074  26.269  -36.848  -8.568 0.3000000119
103806  25.799  -37.590  -8.766 0.4000000060
102163  24.350  -37.615  -10.736 0.3000000119
102151  23.321  -37.257  -11.777 0.4000000060
102145  21.952  -36.121  -13.498 0.3000000119
104759  23.078  -36.456  -12.044 0.3000000119
102157  23.855  -37.844  -11.337 0.4000000060
102146  22.270  -36.858  -13.160 0.3000000119
102156  23.869  -37.016  -10.997 0.4000000060
102143  21.798  -37.017  -13.714 0.3000000119
102162  24.884  -36.293  -10.269 0.3000000119
102159  24.318  -36.317  -10.894 0.3000000119
110224  14.699  -73.952  -7.169 0.8000000119
270  15.853  -74.908  -8.763 0.8000000119
159  20.662  -75.653  -9.430 0.6000000238
3172  7.558  -66.461  -4.028 0.8999999762
1002  11.635  -71.781  -4.153 0.8999999762
8  15.638  -74.601  -2.300 0.5000000000
20  17.509  -74.682  -4.392 0.5000000000
136  18.669  -74.410  -4.621 0.4000000060
234  18.827  -73.851  -3.255 0.4000000060
2751  8.300  -67.155  -3.987 0.8999999762
114294  12.140  -70.320  -3.554 1.0000000000
12  16.228  -74.556  -2.698 0.5000000000
110644  23.935  -74.459  -10.411 0.4000000060
2269  10.967  -68.212  -3.447 1.0000000000
303  26.135  -75.229  -11.567 0.6999999881
215  9.549  -74.323  1.561 0.4000000060
111782  26.655  -76.128  -11.840 0.6000000238
1566  28.495  -70.454  -18.607 0.6000000238
5813  8.728  -61.092  4.691 0.8000000119
5255  10.187  -61.842  0.212 0.8999999762
3593  7.389  -65.953  0.789 0.8000000119
3614  9.669  -65.147  -3.607 0.8999999762
1789  8.644  -69.307  -0.291 0.5000000000
2481  30.211  -68.944  -17.127 0.6000000238
1613  18.386  -71.479  -22.635 0.5000000000
113654  29.890  -71.601  -19.794 0.6999999881
113847  9.058  -67.950  -0.091 0.8000000119
1562  33.456  -70.137  -18.834 0.5000000000
6432  4.194  -60.693  9.280 0.3000000119
6448  5.090  -60.906  7.423 0.4000000060
2521  19.159  -68.349  -22.355 0.6000000238
2528  20.225  -68.205  -22.766 0.5000000000
1225  31.263  -71.380  -27.197 0.6000000238
7240  8.538  -59.355  3.820 0.6999999881
6598  3.748  -61.611  -2.214 0.8999999762
118439  22.881  -68.766  -21.752 0.6999999881
125101  4.482  -59.621  5.895 0.4000000060
8001  9.245  -58.652  2.179 0.8000000119
8018  10.645  -58.656  1.090 0.8000000119
7295  11.299  -59.427  -0.023 1.0000000000
122998  16.068  -68.507  -18.385 0.6999999881
6592  10.284  -60.095  -1.994 1.0000000000
112503  15.529  -66.213  -20.680 0.6000000238
2904  17.412  -67.562  -19.012 0.6999999881
7370  6.738  -59.943  -6.186 0.8000000119
7389  6.065  -60.354  -6.767 0.6000000238
12286  5.030  -53.878  -13.233 0.6000000238
8983  7.878  -57.838  -14.267 0.8000000119
115897  6.989  -54.655  -15.655 0.6999999881
8814  3.389  -57.059  -3.040 0.8999999762
122265  2.895  -56.973  -2.947 0.8999999762
13099  4.499  -52.260  -12.344 0.6999999881
11458  6.733  -54.274  -14.718 0.8000000119
9773  4.769  -56.045  -13.477 0.5000000000
9837  7.803  -55.860  -16.074 0.6999999881
5408  13.233  -62.250  -12.856 0.6999999881
110695  14.083  -62.539  -13.777 0.6999999881
111554  14.720  -62.325  -13.376 0.6000000238
14040  6.964  -51.055  -13.966 0.8000000119
9029  9.781  -56.793  -16.397 0.6999999881
7510  12.278  -59.517  -14.488 0.6999999881
10415  4.737  -55.941  -2.112 0.8999999762
12117  2.272  -53.766  -0.697 0.8000000119
8306  10.687  -58.069  -16.654 0.6999999881
108532  6.478  -49.726  -13.199 0.6000000238
13135  11.292  -52.566  -14.979 0.8000000119
12958  2.213  -52.750  0.184 0.8000000119
15718  10.911  -49.159  -10.569 0.4000000060
14757  2.258  -50.576  1.779 0.6999999881
15604  2.221  -49.877  1.628 0.6999999881
15636  2.038  -49.197  0.155 0.8999999762
15602  5.768  -48.941  1.834 0.5000000000
16547  2.241  -48.761  0.659 0.8000000119
16527  6.284  -48.548  1.362 0.6000000238
20500  16.684  -44.236  0.694 0.6999999881
18491  4.565  -46.925  -0.878 0.8000000119
104725  8.759  -45.168  -12.338 0.6999999881
19435  19.968  -45.570  3.188 0.3000000119
18487  10.052  -46.466  -0.335 0.6999999881
18509  8.072  -46.307  -1.231 0.8000000119
22639  12.089  -42.812  -13.177 0.6000000238
115319  13.129  -43.035  -12.998 0.5000000000
110266  12.468  -41.421  -13.111 0.6000000238
101923  22.434  -41.806  -2.475 0.4000000060
101926  21.993  -41.353  -3.163 0.4000000060
28741  16.842  -35.760  -13.660 0.5000000000
124683  17.494  -35.898  -14.266 0.4000000060
29815  16.722  -35.409  -15.461 0.4000000060
111197  17.235  -35.695  -16.171 0.4000000060
24411  21.147  -40.626  -4.488 0.4000000060
105508  24.783  -37.540  -10.107 0.4000000060
262  18.107  -73.887  -7.053 0.6000000238
12285  6.188  -53.862  -13.738 0.6999999881
118376  11.817  -76.545  -8.689 0.6999999881
118028  11.195  -76.573  -8.427 0.6999999881
30  11.033  -76.273  -7.601 0.8000000119
646  12.984  -73.061  -0.961 0.6000000238
392  12.524  -74.096  -1.615 0.6000000238
391  13.647  -73.490  -1.752 0.6000000238
397  14.549  -73.212  -2.397 0.6999999881
112132  13.364  -75.112  -1.108 0.5000000000
132  14.669  -74.445  -2.882 0.6000000238
165  18.063  -76.225  -10.698 0.6999999881
42  20.606  -76.028  -9.497 0.6000000238
122  11.541  -75.094  -1.146 0.5000000000
275  22.427  -75.296  -9.594 0.6999999881
384  10.297  -74.127  -0.692 0.5000000000
117  16.140  -74.577  -2.046 0.5000000000
107595  23.703  -75.429  -10.354 0.6999999881
163  24.818  -76.263  -11.404 0.6000000238
227  10.226  -74.650  -0.565 0.5000000000
108  16.645  -74.392  -1.296 0.4000000060
4033  4.734  -65.434  1.517 0.4000000060
222  9.405  -74.345  0.642 0.4000000060
121145  4.571  -62.001  9.213 0.4000000060
4013  2.987  -64.878  4.834 0.3000000119
119975  3.417  -64.344  5.438 0.4000000060
4011  3.619  -64.608  3.843 0.4000000060
5203  6.181  -61.742  6.516 0.6000000238
2691  4.328  -67.632  1.305 0.4000000060
1334  7.518  -70.258  1.744 0.4000000060
124729  9.021  -72.509  1.749 0.4000000060
1043  27.565  -72.348  -7.743 0.4000000060
5734  4.335  -61.461  10.439 0.3000000119
5788  5.513  -61.386  6.997 0.6000000238
5803  8.174  -60.929  5.209 0.6999999881
2197  7.533  -68.080  2.388 0.4000000060
114130  8.739  -70.276  2.038 0.4000000060
1058  29.517  -72.109  -9.986 0.4000000060
774  31.142  -71.883  -12.127 0.5000000000
740  30.277  -72.431  -10.744 0.5000000000
443  29.322  -73.145  -10.226 0.5000000000
104910  32.391  -72.920  -15.320 0.6000000238
108176  30.537  -72.359  -12.307 0.6000000238
113697  33.238  -72.815  -15.621 0.6000000238
1521  33.213  -70.145  -14.129 0.5000000000
1936  32.586  -69.568  -14.395 0.5000000000
5762  4.597  -61.314  8.747 0.4000000060
6508  8.298  -60.337  4.919 0.6999999881
1967  33.431  -69.012  -16.839 0.5000000000
6468  6.158  -60.793  6.592 0.6000000238
6493  6.673  -60.289  6.140 0.6000000238
6560  8.955  -60.933  -0.083 1.0000000000
6522  10.368  -60.072  3.055 0.8000000119
6545  11.319  -60.586  0.746 0.8000000119
6559  10.088  -60.562  -0.173 1.0000000000
6561  8.002  -61.290  -0.337 1.0000000000
2914  26.511  -67.799  -19.924 0.6000000238
560  32.254  -73.557  -23.576 0.5000000000
7224  8.253  -59.701  4.476 0.6999999881
112873  10.883  -59.547  2.211 0.8000000119
110784  33.520  -72.741  -24.012 0.6000000238
1218  31.950  -71.971  -26.605 0.6000000238
6593  9.433  -60.419  -2.109 0.8999999762
6596  6.843  -60.627  -2.254 0.8999999762
117081  6.085  -60.677  -2.739 0.8000000119
6634  4.588  -60.915  -3.667 0.8000000119
5906  4.510  -61.051  -4.477 0.8000000119
6612  5.247  -60.742  -3.230 0.8000000119
5905  5.494  -61.207  -5.344 0.5000000000
6632  6.348  -60.974  -5.108 0.8000000119
6646  6.736  -60.688  -5.716 0.8000000119
8859  7.079  -58.226  -5.304 0.8000000119
8848  5.356  -57.620  -4.535 0.8000000119
8831  4.818  -57.378  -3.831 0.8999999762
4784  17.389  -62.641  -15.203 0.4000000060
9591  5.039  -56.297  -2.687 0.8999999762
12095  3.047  -53.329  0.930 0.8000000119
12086  2.883  -52.583  1.185 0.6999999881
13097  10.629  -52.223  -12.283 0.6999999881
13078  10.671  -52.540  -11.197 0.6999999881
13982  10.147  -52.022  -10.511 0.6999999881
13065  10.828  -52.479  -10.186 0.6999999881
12230  12.186  -53.204  -10.724 0.6000000238
12243  13.579  -53.818  -11.325 0.5000000000
11414  13.286  -54.585  -11.843 0.5000000000
15700  11.486  -49.846  -9.788 0.5000000000
13063  12.612  -52.648  -10.019 0.5000000000
15558  3.545  -49.908  3.277 0.6000000238
15584  3.262  -49.520  2.597 0.6999999881
16504  3.805  -48.866  2.020 0.6000000238
15581  6.894  -49.861  2.076 0.5000000000
16503  4.853  -48.828  1.919 0.6000000238
16545  3.596  -48.055  0.590 0.8999999762
17461  5.161  -48.035  0.853 0.6999999881
19640  8.122  -45.753  -11.917 0.6000000238
17630  10.260  -47.459  -12.503 0.4000000060
19618  8.254  -44.922  -11.796 0.6999999881
19663  10.156  -45.851  -13.320 0.5000000000
18655  9.535  -46.340  -12.991 0.6000000238
17474  9.482  -47.519  0.410 0.6999999881
18463  7.074  -47.191  -0.090 0.8000000119
18490  6.752  -46.801  -0.725 0.8000000119
113071  18.060  -45.624  -0.367 0.6999999881
18488  8.477  -46.689  -0.594 0.8000000119
20688  10.873  -45.161  -13.481 0.5000000000
19455  12.328  -45.913  -0.169 0.6999999881
19456  11.395  -46.214  -0.107 0.6999999881
19454  13.328  -45.404  -0.053 0.6999999881
18486  10.700  -46.517  -0.102 0.6999999881
20687  11.635  -44.542  -13.561 0.5000000000
113314  21.334  -44.691  2.731 0.3000000119
21668  11.787  -43.711  -13.341 0.5000000000
115290  21.511  -42.927  0.676 0.4000000060
22468  21.415  -42.368  0.204 0.3000000119
24361  20.885  -41.043  -0.208 0.3000000119
23445  21.479  -41.550  -2.056 0.4000000060
23438  20.798  -41.296  -1.123 0.3000000119
28729  16.729  -36.194  -12.652 0.5000000000
25339  23.453  -39.710  -1.085 0.4000000060
25340  22.606  -39.618  -1.852 0.4000000060
26344  22.938  -38.920  -1.268 0.4000000060
115821  24.179  -38.940  -0.662 0.4000000060
25376  22.028  -40.117  -3.805 0.4000000060
25355  22.098  -39.421  -2.675 0.4000000060
26343  23.645  -38.602  -1.026 0.3000000119
26336  25.847  -38.982  -0.567 0.4000000060
106561  25.007  -38.305  -9.877 0.3000000119
27458  25.049  -37.532  -1.439 0.3000000119
27470  25.438  -37.183  -2.298 0.3000000119
109786  28.013  -38.420  -5.233 0.5000000000
118524  27.379  -37.118  -7.522 0.4000000060
118526  26.638  -37.618  -8.082 0.5000000000
27498  24.927  -36.758  -2.946 0.3000000119
41  21.669  -76.107  -10.126 0.5000000000
123  10.825  -75.014  -1.089 0.5000000000
39  23.255  -75.914  -10.506 0.6000000238
105  10.662  -75.060  0.091 0.4000000060
100  10.110  -74.672  0.749 0.4000000060
207  9.875  -74.122  2.386 0.4000000060
112648  7.250  -60.598  5.836 0.6999999881
7203  7.138  -59.880  5.621 0.6999999881
7239  9.434  -59.723  3.504 0.8000000119
7253  11.701  -59.874  1.495 0.8000000119
6557  11.512  -59.892  0.444 0.8000000119
8830  5.994  -57.157  -3.994 0.8999999762
12085  3.562  -53.016  1.818 0.8000000119
12229  13.063  -53.236  -10.678 0.5000000000
116381  5.585  -50.680  3.235 0.5000000000
111198  6.269  -50.321  2.511 0.5000000000
14755  4.520  -50.078  3.420 0.5000000000
14754  5.386  -49.880  2.719 0.5000000000
18630  9.667  -46.927  -13.052 0.5000000000
18654  10.304  -46.665  -13.452 0.3000000119
18460  10.224  -47.061  0.165 0.6999999881
25391  21.615  -39.932  -4.321 0.3000000119
108237  10.951  -46.170  -13.754 0.4000000060
700  12.105  -72.458  -7.848 0.8999999762
1033  14.444  -71.715  -7.290 0.8000000119
712  14.161  -72.740  -8.393 0.8000000119
111576  11.565  -73.898  -8.103 0.8999999762
119062  12.518  -71.928  -7.184 0.8999999762
1019  13.998  -71.275  -6.664 0.8000000119
116196  7.386  -72.858  -3.051 0.6999999881
105794  8.293  -71.962  -3.533 0.6999999881
991  9.319  -72.244  -3.748 0.8000000119
662  11.335  -72.582  -4.532 0.8000000119
103256  12.152  -76.395  -9.221 0.8999999762
110334  15.851  -74.896  -11.292 0.8000000119
278  15.607  -74.590  -9.660 0.8999999762
294  15.328  -74.689  -10.525 0.8000000119
295  14.430  -74.722  -10.688 0.8999999762
308  15.054  -75.073  -11.388 0.6999999881
306  17.781  -75.140  -11.330 0.8000000119
291  18.127  -74.366  -10.988 0.8000000119
1392  15.499  -70.864  -3.285 0.8999999762
418  11.230  -73.751  -5.587 0.8000000119
425  14.898  -73.808  -6.188 0.8000000119
420  9.668  -74.764  -4.995 0.8000000119
266  11.489  -74.551  -7.216 0.8999999762
271  15.192  -75.016  -8.235 0.6999999881
429  17.381  -73.810  -8.623 0.6999999881
263  17.483  -74.252  -7.735 0.6999999881
644  14.736  -71.807  -1.514 0.6999999881
651  15.080  -72.201  -2.291 0.6999999881
231  11.474  -74.889  -1.405 0.5000000000
237  13.270  -74.622  -1.747 0.6000000238
129  14.142  -74.587  -2.018 0.5000000000
18  15.865  -74.668  -3.856 0.6000000238
128  15.188  -74.671  -2.713 0.5000000000
414  19.472  -73.877  -4.696 0.3000000119
108333  19.970  -72.660  -9.598 0.5000000000
1050  19.731  -71.706  -8.029 0.4000000060
169  13.769  -76.317  -12.004 0.6000000238
1049  20.438  -71.659  -8.235 0.4000000060
468  19.796  -73.836  -10.607 0.6000000238
4570  4.148  -64.006  5.415 0.5000000000
5230  6.856  -62.772  5.023 0.6999999881
4594  7.762  -63.502  2.887 0.8000000119
106330  9.782  -71.424  -0.574 0.5000000000
106958  10.604  -71.613  -0.619 0.6000000238
1393  15.033  -70.346  -3.332 0.8999999762
989  11.071  -71.322  -3.678 1.0000000000
248  19.012  -74.336  -4.955 0.4000000060
146  15.021  -75.175  -6.264 0.6999999881
119983  21.539  -72.669  -9.655 0.4000000060
288  21.696  -74.459  -9.188 0.5000000000
467  20.588  -73.886  -10.158 0.6000000238
5221  4.839  -63.169  6.255 0.5000000000
4040  8.875  -65.013  1.180 0.8000000119
109079  9.048  -73.139  0.091 0.6000000238
116310  10.566  -73.398  -0.488 0.6000000238
402  13.921  -73.904  -2.383 0.6000000238
238  18.954  -74.009  -3.787 0.3000000119
138  17.090  -74.987  -5.698 0.5000000000
1048  21.364  -71.592  -8.408 0.4000000060
744  22.399  -72.599  -10.006 0.4000000060
290  20.182  -74.984  -9.966 0.6999999881
160  19.812  -76.170  -9.704 0.6999999881
114167  19.003  -76.772  -9.768 0.6999999881
633  6.553  -72.245  1.046 0.4000000060
979  7.361  -72.312  0.096 0.5000000000
104923  7.466  -71.375  -0.074 0.5000000000
643  8.274  -72.595  -0.167 0.5000000000
1394  13.686  -70.035  -3.409 0.8999999762
287  22.432  -74.530  -9.398 0.5000000000
5205  4.193  -63.082  6.925 0.4000000060
4016  3.832  -64.835  3.051 0.4000000060
3584  5.480  -65.671  1.034 0.5000000000
372  7.438  -72.736  1.051 0.4000000060
382  11.938  -73.569  -0.979 0.6000000238
229  17.829  -74.205  -2.244 0.4000000060
276  21.747  -75.133  -9.144 0.5000000000
285  24.510  -74.999  -10.863 0.6000000238
46  25.363  -76.939  -12.029 0.5000000000
180  27.459  -76.010  -13.487 0.4000000060
2428  29.263  -69.191  -14.662 0.5000000000
2449  27.809  -68.251  -14.969 0.5000000000
125036  28.800  -68.592  -15.789 0.5000000000
4523  1.768  -63.911  8.998 0.3000000119
121928  18.418  -73.103  -1.596 0.3000000119
108045  24.849  -72.728  -10.832 0.4000000060
120139  27.575  -75.294  -12.623 0.5000000000
312  28.239  -74.154  -12.715 0.6999999881
315  28.226  -73.742  -13.455 0.4000000060
114997  25.513  -73.178  -11.064 0.6000000238
284  25.575  -74.237  -11.311 0.6999999881
121109  29.192  -71.454  -14.468 0.5000000000
2484  27.963  -68.773  -16.727 0.5000000000
111159  4.967  -62.566  6.980 0.5000000000
5274  8.433  -61.868  -0.187 0.8999999762
5822  11.582  -61.163  2.093 0.8000000119
111526  10.173  -69.990  -0.445 0.6000000238
2749  10.463  -66.915  -3.501 1.0000000000
120140  33.709  -72.374  -13.426 0.6000000238
773  31.859  -72.051  -13.296 0.6000000238
772  32.796  -72.732  -14.194 0.6000000238
725  26.798  -73.202  -9.182 0.4000000060
446  27.538  -73.270  -9.854 0.5000000000
1135  31.297  -71.707  -14.331 0.5000000000
121668  27.349  -75.646  -12.179 0.5000000000
300  28.222  -74.355  -11.927 0.6999999881
460  27.507  -73.750  -11.081 0.6000000238
283  28.479  -73.692  -10.864 0.6999999881
1937  31.692  -69.814  -14.331 0.5000000000
2446  30.750  -68.807  -15.306 0.6000000238
2906  10.688  -67.352  -20.344 0.5000000000
2482  29.505  -69.124  -17.564 0.6000000238
2014  28.296  -69.711  -18.263 0.5000000000
1565  29.356  -70.473  -18.638 0.6000000238
5772  4.855  -61.604  7.756 0.5000000000
3590  10.701  -64.585  0.073 0.8000000119
706  26.839  -73.147  -7.635 0.4000000060
113872  29.033  -72.711  -9.641 0.5000000000
1042  28.227  -72.666  -8.627 0.4000000060
299  28.746  -73.925  -11.872 0.6999999881
119106  28.206  -73.382  -10.201 0.6000000238
775  29.858  -72.726  -12.648 0.6999999881
2021  13.346  -69.458  -18.527 0.6000000238
1969  31.602  -68.851  -16.849 0.6000000238
1987  31.009  -69.011  -17.627 0.6000000238
1564  30.882  -70.180  -18.750 0.6999999881
1563  31.737  -70.209  -19.009 0.6000000238
1168  31.574  -71.862  -19.823 0.6000000238
110263  30.643  -71.968  -19.799 0.6999999881
343  29.409  -75.179  -19.958 0.6000000238
533  29.958  -74.096  -19.428 0.6999999881
833  30.920  -73.033  -19.625 0.6000000238
844  28.270  -73.126  -20.771 0.6000000238
112867  11.537  -68.407  -0.365 0.8000000119
458  29.861  -73.206  -10.697 0.5000000000
739  30.610  -72.098  -11.003 0.5000000000
444  28.758  -73.259  -10.081 0.5000000000
807  31.893  -72.235  -14.458 0.5000000000
1522  32.230  -70.586  -14.294 0.5000000000
126062  30.969  -72.100  -13.083 0.6000000238
2011  32.482  -69.527  -18.489 0.6000000238
109417  33.374  -69.374  -18.275 0.4000000060
531  32.245  -73.536  -20.086 0.5000000000
344  28.742  -75.358  -20.383 0.6999999881
872  28.619  -73.209  -21.752 0.4000000060
6413  3.467  -60.458  9.608 0.3000000119
789  32.862  -73.544  -15.248 0.6000000238
831  33.172  -72.632  -20.137 0.5000000000
841  34.147  -72.465  -20.643 0.5000000000
545  33.080  -73.488  -21.342 0.5000000000
349  31.368  -74.410  -22.452 0.5000000000
352  30.725  -74.209  -22.920 0.5000000000
871  29.543  -73.551  -22.584 0.5000000000
1632  27.191  -70.312  -26.517 0.6999999881
563  27.069  -74.860  -25.121 0.5000000000
114298  2.841  -60.082  7.939 0.3000000119
2941  27.173  -67.806  -22.259 0.6000000238
118566  21.893  -71.416  -25.921 0.5000000000
1627  26.388  -71.493  -25.953 0.5000000000
567  31.658  -73.363  -24.098 0.6000000238
569  27.594  -73.753  -26.772 0.5000000000
6415  1.236  -60.006  9.161 0.3000000119
4908  9.986  -63.391  -22.344 0.6000000238
4273  10.579  -63.263  -21.792 0.6000000238
887  31.332  -72.907  -24.742 0.6000000238
2056  29.809  -70.036  -24.256 0.6000000238
1623  30.556  -70.809  -24.196 0.6000000238
1630  31.010  -70.816  -26.623 0.6000000238
888  30.877  -72.887  -24.493 0.6000000238
2503  25.025  -68.313  -19.644 0.6999999881
2900  26.239  -67.455  -19.121 0.5000000000
2527  21.752  -68.260  -22.915 0.6999999881
2018  15.684  -68.979  -19.120 0.8000000119
566  32.620  -73.169  -24.199 0.5000000000
7296  10.960  -59.506  -1.058 1.0000000000
5500  11.917  -61.694  -19.638 0.6000000238
3314  16.493  -67.194  -17.252 0.6999999881
3341  19.217  -66.378  -19.143 0.6999999881
122019  12.164  -62.699  -15.832 0.6000000238
12287  4.210  -53.986  -13.013 0.6000000238
116676  5.384  -59.004  -14.318 0.6000000238
4764  12.066  -63.202  -14.081 0.6000000238
13002  2.407  -52.716  -4.158 0.8000000119
12150  2.527  -53.690  -3.449 0.8000000119
12303  6.776  -53.250  -14.567 0.8000000119
14085  10.494  -52.098  -15.746 0.8000000119
10621  12.216  -56.121  -13.890 0.5000000000
10640  11.636  -55.491  -14.528 0.5000000000
11425  12.053  -54.766  -12.622 0.6000000238
11424  12.970  -55.286  -12.331 0.5000000000
115515  2.332  -53.929  -0.308 0.8000000119
9834  11.309  -56.670  -16.674 0.6999999881
13116  11.071  -52.656  -13.054 0.6000000238
15649  2.418  -49.023  -1.875 0.8999999762
17547  2.523  -47.134  -3.998 0.8000000119
13048  12.191  -52.120  -9.304 0.6000000238
108690  2.486  -47.434  -2.261 0.8999999762
18567  3.535  -46.280  -5.086 0.6000000238
21514  11.077  -43.746  -2.147 0.8000000119
18439  20.172  -46.184  1.210 0.5000000000
19453  14.133  -45.113  0.403 0.6999999881
20468  21.101  -45.066  3.921 0.3000000119
20478  21.705  -44.205  2.907 0.3000000119
20668  8.708  -44.071  -11.882 0.6000000238
19450  21.332  -45.672  0.587 0.5000000000
25491  12.271  -38.867  -14.051 0.6000000238
27641  13.356  -37.289  -14.192 0.6000000238
24527  14.185  -40.347  -13.867 0.4000000060
27619  12.817  -37.275  -13.249 0.5000000000
28762  13.968  -36.559  -14.102 0.6000000238
28793  16.010  -36.604  -16.580 0.3000000119
27472  23.347  -37.200  -1.787 0.3000000119
28758  18.568  -36.280  -15.433 0.5000000000
108720  20.120  -40.528  -3.221 0.3000000119
24402  22.117  -40.902  -3.860 0.4000000060
24410  21.610  -40.510  -4.309 0.4000000060
26525  21.428  -38.317  -13.175 0.3000000119
28757  19.465  -36.500  -15.190 0.3000000119
27460  23.044  -38.083  -1.381 0.3000000119
28658  26.653  -36.651  -4.774 0.4000000060
120674  24.689  -38.172  -10.476 0.3000000119
27469  26.146  -37.632  -2.723 0.3000000119
102149  22.744  -37.063  -12.541 0.3000000119
119317  27.093  -36.143  -5.509 0.3000000119
118272  26.838  -36.683  -7.968 0.4000000060
104303  25.641  -36.849  -9.201 0.4000000060
102171  25.274  -37.564  -9.469 0.4000000060
106863  24.497  -36.912  -10.426 0.4000000060
102160  23.651  -36.388  -11.493 0.3000000119
102170  26.155  -36.086  -9.026 0.3000000119
104333  25.019  -36.861  -9.798 0.4000000060
155  21.200  -75.554  -9.311 0.6000000238
122665  5.317  -49.304  2.271 0.5000000000
44  17.992  -77.333  -10.135 0.8000000119
36  21.931  -75.751  -9.886 0.6999999881
108401  19.719  -76.482  -9.874 0.6000000238
38  24.092  -76.113  -10.983 0.6000000238
1133  32.635  -71.679  -14.667 0.5000000000
1985  33.878  -69.170  -17.720 0.4000000060
20475  22.167  -44.064  3.766 0.3000000119
40  22.426  -75.946  -10.296 0.6000000238
1132  34.324  -72.346  -15.180 0.4000000060
805  33.983  -73.551  -15.998 0.5000000000
53  17.879  -77.357  -10.884 0.6000000238
804  35.051  -73.132  -15.501 0.4000000060
125551  34.962  -73.476  -15.474 0.4000000060
108806  34.320  -69.728  -14.433 0.4000000060
1520  34.979  -70.642  -14.357 0.4000000060
517  35.142  -73.599  -15.207 0.5000000000
1956  34.056  -69.051  -15.007 0.3000000119
500  33.675  -74.052  -15.517 0.5000000000
2461  32.983  -68.656  -16.016 0.3000000119
484  35.938  -72.889  -13.352 0.4000000060
498  35.181  -73.512  -14.291 0.5000000000
117194  33.648  -73.748  -14.458 0.5000000000
2010  34.221  -69.630  -18.330 0.3000000119
771  34.521  -72.598  -13.367 0.5000000000
856  34.068  -72.817  -21.143 0.4000000060
1110  34.319  -71.860  -12.325 0.5000000000
769  36.310  -72.697  -12.296 0.4000000060
120271  35.736  -72.586  -12.453 0.5000000000
880  34.038  -72.677  -23.232 0.4000000060
754  34.973  -72.001  -11.087 0.4000000060
108033  35.172  -72.249  -12.292 0.4000000060
8002  8.216  -58.585  2.328 0.6999999881
8038  7.996  -58.273  0.667 0.6999999881
125655  9.027  -58.383  0.750 0.6999999881
8019  9.664  -58.500  1.328 0.6999999881
8037  8.870  -58.353  -0.131 0.8999999762
8036  10.173  -58.504  0.323 0.6999999881
8051  10.918  -58.870  -0.429 0.8999999762
8086  10.333  -58.842  -2.824 0.8999999762
8068  9.273  -58.331  -1.621 0.8999999762
8067  10.064  -58.619  -2.031 0.8999999762
112462  10.599  -58.969  -1.297 0.8999999762
8066  10.596  -59.188  -1.955 0.8999999762
7310  10.569  -59.721  -1.771 0.8999999762
118994  8.453  -60.101  -3.672 0.8000000119
8021  7.599  -58.358  1.619 0.6999999881
8772  8.458  -58.448  -1.054 0.8999999762
8087  9.840  -58.287  -2.843 0.8000000119
7352  9.467  -58.932  -4.184 0.6999999881
7339  9.275  -59.579  -3.821 0.8000000119
7338  9.968  -59.323  -3.363 0.8000000119
7325  10.033  -59.936  -2.717 0.8999999762
7353  8.672  -59.418  -4.394 0.6999999881
6594  8.565  -60.477  -2.682 0.8000000119
6631  7.874  -60.032  -4.543 0.6999999881
6610  7.470  -60.392  -3.915 0.6999999881
113164  7.707  -60.537  -3.007 0.6999999881
6595  7.672  -60.617  -1.947 0.8000000119
112835  7.112  -60.557  -4.845 0.6999999881
6611  6.463  -60.680  -3.968 0.6999999881
118837  6.968  -60.603  -3.222 0.6999999881
8114  8.587  -58.530  -4.694 0.6999999881
7354  7.959  -59.356  -4.949 0.6999999881
6645  7.412  -60.090  -5.386 0.6999999881
8845  8.845  -57.826  -4.386 0.8000000119
7369  7.306  -59.197  -5.527 0.6999999881
8053  7.837  -58.225  -0.377 0.6999999881
8811  9.302  -57.710  -3.111 0.8000000119
8788  8.554  -57.902  -1.709 0.8999999762
123126  7.387  -57.726  -0.511 0.8999999762
8757  7.339  -57.814  0.245 0.8999999762
8828  8.498  -57.077  -3.289 0.8000000119
8812  8.647  -57.329  -2.442 0.8000000119
8773  7.750  -58.061  -1.115 0.8999999762
112258  8.126  -57.684  -4.600 0.8000000119
8115  7.829  -58.136  -4.979 0.6999999881
8789  8.011  -57.099  -1.776 0.8999999762
8829  7.365  -57.068  -4.098 0.8000000119
123390  8.019  -56.896  -3.683 0.8000000119
8813  7.948  -56.656  -2.549 0.8000000119
9589  7.152  -56.255  -2.615 0.8000000119
9561  7.473  -56.331  -1.860 0.8000000119
9546  6.974  -56.017  -0.505 0.8000000119
8758  6.896  -57.360  0.744 0.6999999881
9616  6.697  -56.526  -3.360 0.8000000119
111969  7.191  -56.032  -1.264 0.8000000119
109108  6.747  -56.499  0.420 0.6999999881
109257  6.773  -55.581  -1.130 0.8000000119
9514  6.466  -55.903  1.107 0.8000000119
9515  6.148  -56.281  1.809 0.6000000238
10355  6.209  -55.423  1.673 0.5000000000
9590  6.192  -56.129  -2.684 0.8000000119
9562  6.727  -55.808  -1.878 0.8000000119
9502  5.786  -55.543  2.191 0.5000000000
10383  6.462  -55.235  -0.589 0.8000000119
10369  6.540  -55.508  0.268 0.8000000119
9617  5.516  -56.684  -3.341 0.8000000119
10414  5.723  -55.714  -2.090 0.8000000119
10400  6.133  -55.363  -1.352 0.6999999881
9503  4.865  -55.873  2.471 0.5000000000
11249  6.097  -54.745  0.099 0.8000000119
11220  5.865  -54.735  1.763 0.6999999881
10348  3.061  -55.514  2.798 0.5000000000
10384  5.617  -54.925  -0.781 0.8000000119
10346  5.230  -54.767  2.374 0.5000000000
11251  4.634  -54.038  0.732 0.6999999881
121283  3.498  -54.678  3.030 0.5000000000
11233  5.021  -54.115  1.756 0.6999999881
10347  4.216  -55.039  2.736 0.5000000000
11250  5.640  -54.381  0.904 0.8000000119
11215  3.351  -53.989  3.457 0.6000000238
122594  3.920  -54.289  2.825 0.5000000000
12073  4.213  -53.584  2.168 0.6999999881
12084  4.092  -53.616  1.421 0.6999999881
11222  3.886  -53.707  2.805 0.6999999881
12074  3.659  -53.105  2.506 0.6999999881
12064  3.464  -52.967  3.338 0.6999999881
12932  3.236  -52.341  2.310 0.6000000238
12922  3.196  -52.069  3.162 0.6000000238
12065  3.170  -52.679  4.041 0.6000000238
12923  3.325  -51.983  3.636 0.6000000238
124361  3.333  -52.033  4.468 0.5000000000
14732  3.065  -50.431  3.407 0.6000000238
13960  11.687  -51.436  -8.966 0.5000000000
19438  16.324  -44.919  2.839 0.3000000119
19437  17.019  -44.557  3.206 0.4000000060
121797  15.374  -46.881  1.977 0.3000000119
18442  15.381  -45.976  1.880 0.4000000060
123652  15.870  -45.428  2.383 0.4000000060
19445  15.801  -44.862  2.214 0.4000000060
18484  19.592  -46.316  -0.185 0.5000000000
20518  16.969  -44.414  -1.486 0.6000000238
19497  18.730  -45.678  -1.317 0.5000000000
110982  17.873  -45.118  -1.613 0.5000000000
18483  20.309  -46.204  -0.545 0.5000000000
19496  19.556  -45.979  -1.041 0.5000000000
116827  14.107  -46.725  1.137 0.4000000060
18444  13.368  -46.889  0.952 0.5000000000
18446  11.804  -47.263  0.749 0.5000000000
18457  13.930  -46.061  0.608 0.6000000238
17454  11.301  -47.744  1.048 0.5000000000
17455  10.339  -47.722  0.862 0.5000000000
19446  14.668  -45.270  0.941 0.5000000000
19467  21.151  -45.871  -0.193 0.5000000000
20543  16.679  -44.017  -2.337 0.6000000238
20542  17.497  -44.491  -2.510 0.6000000238
18482  20.883  -45.986  -0.861 0.5000000000
18508  19.979  -46.104  -0.998 0.5000000000
18458  12.945  -46.435  0.302 0.6000000238
107292  11.112  -47.071  0.370 0.6000000238
18459  12.027  -46.723  0.261 0.6000000238
21531  15.929  -43.534  -2.207 0.6000000238
19449  21.923  -45.010  0.603 0.4000000060
121670  21.771  -45.369  0.056 0.5000000000
19466  21.856  -45.471  -0.557 0.5000000000
19493  22.408  -45.172  -0.910 0.6000000238
19662  11.615  -45.416  -13.910 0.3000000119
21535  12.313  -42.558  -2.113 0.6000000238
20487  22.247  -44.236  0.289 0.4000000060
20499  22.717  -44.298  -0.452 0.4000000060
21498  22.719  -43.694  -0.479 0.6000000238
20498  23.172  -43.964  -0.883 0.6000000238
20685  13.159  -44.257  -13.594 0.4000000060
105094  12.382  -44.172  -13.499 0.3000000119
21511  13.743  -43.224  -1.502 0.6000000238
21513  11.869  -43.421  -1.805 0.6000000238
21537  10.696  -43.296  -2.849 0.5000000000
21538  10.112  -43.732  -3.229 0.5000000000
21536  11.444  -42.854  -2.417 0.5000000000
21499  21.867  -43.169  0.054 0.3000000119
22475  22.523  -42.854  -0.870 0.3000000119
22481  22.917  -42.513  -1.878 0.3000000119
21667  12.810  -43.611  -13.219 0.4000000060
21666  13.753  -43.500  -12.983 0.4000000060
22476  21.716  -42.332  -0.556 0.3000000119
115797  21.415  -41.809  -1.106 0.3000000119
22482  22.107  -42.125  -1.535 0.3000000119
22637  13.788  -42.650  -12.822 0.4000000060
21646  14.226  -43.102  -12.820 0.4000000060
22479  24.387  -42.603  -1.001 0.4000000060
116502  27.952  -42.018  0.596 0.4000000060
121759  30.313  -42.061  0.216 0.4000000060
23587  14.276  -41.858  -12.887 0.4000000060
22473  26.198  -42.794  0.560 0.4000000060
110090  23.859  -42.079  -1.645 0.4000000060
121717  26.851  -42.202  0.739 0.4000000060
114425  25.935  -41.084  0.126 0.4000000060
101920  23.179  -41.678  -2.263 0.3000000119
23441  30.248  -42.045  0.409 0.4000000060
23435  26.994  -41.380  0.463 0.4000000060
24359  25.747  -40.214  -0.116 0.4000000060
110414  29.606  -41.424  0.605 0.4000000060
24367  28.832  -41.535  0.312 0.4000000060
23464  29.536  -42.012  -0.108 0.5000000000
24385  29.299  -41.335  -2.053 0.5000000000
108071  29.017  -40.458  -2.490 0.5000000000
23473  29.960  -42.228  -2.690 0.5000000000
23478  29.791  -41.644  -4.336 0.5000000000
120089  29.773  -41.300  -4.941 0.5000000000
23436  24.997  -40.874  -0.252 0.4000000060
23426  28.977  -40.757  0.807 0.5000000000
24358  26.808  -40.492  0.173 0.4000000060
24357  27.981  -40.960  0.440 0.4000000060
25326  26.930  -40.268  -0.216 0.4000000060
24386  28.749  -40.805  -1.240 0.5000000000
24368  27.747  -40.823  -0.636 0.4000000060
24387  27.888  -39.844  -1.674 0.5000000000
24400  29.289  -40.923  -3.283 0.5000000000
24409  29.042  -40.194  -4.309 0.5000000000
24423  28.916  -40.850  -5.055 0.5000000000
24424  28.220  -40.293  -5.679 0.5000000000
102165  27.864  -39.580  -6.267 0.4000000060
24445  27.138  -39.791  -7.052 0.4000000060
24370  23.421  -40.814  -1.471 0.4000000060
24360  24.948  -40.104  -0.292 0.4000000060
25328  25.477  -39.419  -0.290 0.4000000060
25327  26.170  -39.622  -0.167 0.4000000060
25336  27.210  -39.787  -0.990 0.4000000060
123324  27.810  -39.130  -2.439 0.4000000060
25354  28.344  -39.898  -2.488 0.5000000000
26356  27.274  -38.565  -2.897 0.4000000060
24401  28.748  -39.920  -3.377 0.5000000000
25406  28.611  -39.974  -4.953 0.4000000060
111852  28.064  -38.738  -6.033 0.4000000060
102166  27.609  -38.881  -6.778 0.4000000060
103840  26.573  -38.626  -7.853 0.3000000119
106815  26.014  -39.224  -8.325 0.4000000060
102176  25.669  -39.020  -8.949 0.3000000119
104808  25.515  -38.367  -9.219 0.3000000119
113835  26.174  -38.667  -1.381 0.3000000119
122013  27.081  -38.977  -1.643 0.4000000060
26357  26.643  -38.134  -2.210 0.3000000119
123876  27.981  -39.214  -3.410 0.4000000060
124209  27.581  -38.627  -3.643 0.4000000060
25390  27.901  -38.694  -4.354 0.4000000060
25407  28.305  -39.250  -5.308 0.4000000060
104111  27.535  -38.111  -7.445 0.4000000060
26387  26.656  -38.090  -3.128 0.3000000119
103794  27.899  -37.333  -6.869 0.4000000060
9545  7.395  -56.922  -1.031 0.8999999762
21510  14.610  -43.278  -1.436 0.6000000238
21532  15.027  -43.181  -2.409 0.6000000238
110216  16.419  -77.280  -11.788 0.6000000238
21509  15.507  -43.447  -1.213 0.6000000238
19448  22.283  -44.863  -0.096 0.4000000060
23443  24.329  -41.548  -0.836 0.4000000060
23444  23.733  -41.378  -1.396 0.4000000060
26386  27.099  -38.235  -3.882 0.4000000060
109277  28.100  -38.080  -5.834 0.4000000060
104446  28.106  -38.110  -6.601 0.4000000060
101919  23.067  -42.144  -2.219 0.4000000060
2442  34.088  -68.809  -15.898 0.3000000119
24369  24.142  -40.571  -0.747 0.4000000060
25329  24.477  -39.570  -0.493 0.3000000119
103961  25.948  -38.400  -8.459 0.3000000119
9516  5.421  -56.658  2.228 0.5000000000
18445  12.495  -47.091  0.827 0.6000000238
19465  22.517  -44.841  -0.628 0.6000000238
21508  22.977  -43.172  -1.144 0.4000000060
101915  23.867  -43.857  -1.632 0.4000000060
122628  23.691  -42.888  -1.696 0.5000000000
109038  29.133  -42.210  0.565 0.4000000060
23463  30.209  -42.664  -0.914 0.4000000060
22474  25.321  -42.689  -0.185 0.4000000060
23442  25.095  -41.796  -0.199 0.4000000060
115781  26.000  -41.996  0.399 0.4000000060
23434  28.109  -41.081  0.579 0.3000000119
104778  26.970  -38.967  -7.287 0.4000000060
102169  26.565  -39.507  -7.759 0.5000000000
25389  28.486  -39.424  -4.256 0.4000000060
1060  28.111  -71.803  -8.696 0.3000000119
1077  31.325  -71.311  -10.934 0.4000000060
126191  29.744  -71.542  -10.240 0.4000000060
1112  32.060  -71.516  -11.892 0.4000000060
11212  1.800  -54.132  5.045 0.4000000060
109111  2.888  -53.379  4.044 0.5000000000
12058  2.502  -53.397  4.800 0.5000000000
19519  18.218  -44.836  -2.621 0.5000000000
19517  19.902  -45.668  -2.308 0.4000000060
19518  19.403  -45.388  -2.572 0.5000000000
19533  18.852  -44.904  -3.114 0.5000000000
20541  18.114  -44.398  -3.705 0.5000000000
19516  20.807  -45.879  -1.722 0.4000000060
104292  19.946  -45.436  -2.999 0.4000000060
20553  17.146  -44.025  -3.338 0.5000000000
19495  20.367  -45.945  -1.540 0.5000000000
21542  16.361  -43.649  -3.147 0.5000000000
105936  15.676  -43.345  -3.031 0.5000000000
20550  22.844  -45.550  -1.665 0.4000000060
19494  21.300  -45.847  -0.773 0.5000000000
106752  16.014  -43.191  -3.923 0.5000000000
19531  21.840  -45.949  -1.784 0.4000000060
20540  23.034  -44.986  -1.400 0.4000000060
22507  14.431  -42.472  -3.178 0.5000000000
107683  15.200  -42.883  -3.579 0.5000000000
20549  23.854  -45.117  -1.870 0.4000000060
21534  13.270  -42.582  -2.103 0.5000000000
21533  14.124  -42.837  -2.276 0.5000000000
20517  22.899  -44.473  -0.800 0.5000000000
112744  14.002  -41.851  -3.778 0.5000000000
20539  23.692  -44.701  -1.687 0.4000000060
22508  13.253  -41.772  -3.395 0.5000000000
21507  23.598  -44.065  -1.415 0.4000000060
21540  23.994  -44.468  -1.698 0.4000000060
101901  24.255  -44.267  -1.488 0.4000000060
104369  24.235  -43.973  -1.736 0.4000000060
101909  24.171  -43.488  -1.484 0.4000000060
755  31.186  -71.620  -11.339 0.4000000060
0  18.859  -77.234  -10.544 0.6000000238
19515  22.062  -45.761  -1.338 0.4000000060
123189  19.489  -45.000  -3.493 0.5000000000
20551  19.148  -44.691  -4.143 0.4000000060
544  33.893  -73.028  -21.869 0.3000000119
4025  3.816  -65.330  2.738 0.3000000119
211  13.506  -74.357  1.372 0.3000000119
219  14.797  -74.571  0.369 0.3000000119
111132  16.129  -74.566  -1.409 0.3000000119
116203  13.376  -75.126  -0.276 0.4000000060
226  15.991  -74.491  -0.715 0.3000000119
110  14.967  -74.862  -0.970 0.3000000119
116454  17.427  -73.712  -0.995 0.3000000119
8728  1.823  -58.051  2.810 0.3000000119
8007  3.185  -58.309  2.436 0.4000000060
8742  3.983  -58.067  2.263 0.4000000060
8006  3.901  -58.597  2.550 0.4000000060
8022  6.735  -58.263  1.851 0.5000000000
8005  5.273  -58.557  2.509 0.4000000060
8003  7.226  -58.540  2.397 0.6000000238
8004  6.260  -58.532  2.449 0.6000000238
7990  2.103  -58.675  3.076 0.3000000119
7244  4.299  -59.139  3.333 0.3000000119
7258  3.991  -58.904  2.787 0.4000000060
7228  4.793  -59.260  4.403 0.3000000119
121984  4.410  -58.679  2.622 0.4000000060
8023  5.516  -58.091  2.191 0.4000000060
7243  5.341  -59.078  3.668 0.5000000000
7257  4.784  -58.916  2.850 0.4000000060
8039  7.142  -57.994  1.105 0.6000000238
7989  6.867  -58.731  3.181 0.5000000000
8726  3.288  -57.434  2.215 0.4000000060
7230  2.822  -59.282  3.917 0.3000000119
8741  4.941  -57.741  2.239 0.4000000060
7229  3.777  -59.301  4.071 0.3000000119
8739  6.421  -57.779  1.607 0.4000000060
9506  1.765  -57.103  2.802 0.4000000060
113994  3.250  -59.440  4.822 0.3000000119
8759  6.470  -56.911  1.259 0.5000000000
122882  3.675  -59.611  5.669 0.3000000119
9505  2.592  -56.669  2.456 0.4000000060
9494  1.908  -55.822  3.232 0.4000000060
9504  3.693  -56.295  2.445 0.4000000060
10338  2.702  -54.785  3.501 0.4000000060
10339  1.839  -54.842  4.236 0.3000000119
11216  2.477  -54.054  4.238 0.5000000000
119951  2.561  -53.259  5.183 0.4000000060
12035  3.206  -53.042  5.851 0.4000000060
12033  5.056  -53.312  5.800 0.3000000119
12879  3.711  -52.416  5.549 0.4000000060
12880  2.988  -52.659  5.191 0.4000000060
12878  4.681  -52.550  5.556 0.3000000119
12904  4.296  -51.850  5.181 0.4000000060
13828  4.922  -51.453  4.592 0.4000000060
13827  5.938  -51.984  4.072 0.4000000060
12905  3.439  -51.880  4.949 0.4000000060
13830  3.307  -51.288  4.194 0.4000000060
12902  6.671  -52.715  4.026 0.4000000060
124833  5.967  -52.663  4.493 0.4000000060
12903  5.254  -52.227  4.861 0.4000000060
12031  6.972  -53.911  4.809 0.3000000119
123954  5.559  -53.001  5.078 0.4000000060
14713  3.670  -50.844  4.224 0.4000000060
13829  3.948  -51.259  4.669 0.4000000060
13851  4.537  -50.761  4.098 0.4000000060
12921  6.869  -52.095  3.439 0.4000000060
12901  7.641  -52.718  3.661 0.4000000060
13849  6.245  -51.444  3.330 0.4000000060
12920  8.511  -52.285  3.432 0.3000000119
12919  9.382  -52.182  3.710 0.3000000119
13848  7.700  -51.946  3.138 0.4000000060
14753  6.472  -50.973  2.804 0.4000000060
13847  9.036  -51.598  3.255 0.3000000119
125900  8.328  -51.654  3.035 0.3000000119
14752  7.203  -50.691  2.414 0.4000000060
14751  8.175  -50.578  2.381 0.4000000060
14749  9.924  -50.158  2.730 0.3000000119
14750  9.064  -50.382  2.508 0.3000000119
113889  10.747  -49.969  3.027 0.3000000119
16501  9.714  -48.852  1.943 0.3000000119
14728  10.310  -50.693  3.361 0.3000000119
15579  8.590  -49.836  2.138 0.4000000060
15557  11.531  -49.819  3.183 0.3000000119
15577  10.371  -49.307  2.426 0.3000000119
16499  12.759  -48.576  2.293 0.3000000119
15578  9.441  -49.602  2.257 0.3000000119
16502  8.892  -49.125  1.822 0.3000000119
15576  11.773  -49.217  2.668 0.3000000119
16500  11.148  -48.738  2.235 0.3000000119
122646  10.417  -48.635  1.970 0.3000000119
16524  9.155  -48.467  1.428 0.3000000119
108425  12.001  -48.614  2.239 0.3000000119
16523  9.995  -48.307  1.458 0.4000000060
17452  12.905  -47.604  1.328 0.4000000060
16522  10.808  -48.225  1.567 0.4000000060
17451  13.815  -47.433  1.515 0.3000000119
17453  12.082  -47.712  1.208 0.4000000060
20684  14.090  -44.020  -13.621 0.3000000119
22636  14.621  -42.720  -12.799 0.3000000119
17456  9.430  -47.932  1.019 0.4000000060
20701  14.332  -44.498  -15.072 0.3000000119
23586  15.243  -41.995  -13.033 0.3000000119
497  36.075  -73.092  -14.240 0.3000000119
118  15.471  -74.680  -1.625 0.4000000060
7259  3.486  -58.798  2.728 0.4000000060
7246  2.496  -59.067  3.369 0.3000000119
7256  5.803  -58.831  2.998 0.5000000000
119566  12.402  -49.049  2.598 0.3000000119
17437  12.414  -48.141  1.798 0.3000000119
7242  6.511  -58.983  4.054 0.5000000000
17436  13.222  -48.035  1.946 0.3000000119
104  11.451  -75.080  0.121 0.4000000060
107149  18.710  -45.302  -2.207 0.4000000060
113132  19.241  -45.652  -1.815 0.4000000060
22480  23.617  -43.020  -1.673 0.4000000060
9517  4.382  -57.067  2.327 0.4000000060
220  13.918  -74.704  0.539 0.4000000060
109893  6.023  -58.266  2.141 0.4000000060
114536  1.338  -54.844  5.120 0.3000000119
13850  5.474  -51.269  3.849 0.4000000060
14730  8.655  -51.082  2.788 0.3000000119
2208  6.403  -68.830  1.766 0.3000000119
116911  8.628  -68.315  2.626 0.3000000119
213  11.474  -74.392  1.833 0.3000000119
205  12.212  -74.124  2.446 0.3000000119
99  11.020  -74.692  0.861 0.3000000119
212  12.582  -74.388  1.563 0.3000000119
221  12.965  -74.743  0.680 0.3000000119
103  12.332  -75.128  -0.012 0.3000000119
23597  15.220  -40.970  -13.551 0.3000000119
9  15.204  -74.685  -1.999 0.5000000000
11  16.934  -74.540  -2.992 0.5000000000
14  15.307  -74.604  -2.509 0.5000000000
15  17.831  -74.580  -3.917 0.5000000000
16  17.252  -74.641  -3.691 0.5000000000
19  15.386  -74.565  -3.276 0.5000000000
21  16.944  -74.778  -4.227 0.5000000000
22  16.420  -74.819  -4.442 0.5000000000
23  15.782  -74.945  -4.740 0.6000000238
24  15.353  -74.692  -4.194 0.6000000238
28  10.842  -76.113  -6.846 0.8000000119
29  10.184  -76.134  -6.586 0.8000000119
35  22.483  -75.634  -9.961 0.6999999881
37  21.337  -75.894  -9.614 0.6999999881
43  18.783  -77.074  -9.885 0.8000000119
45  17.560  -77.451  -10.694 0.6000000238
52  17.681  -77.277  -10.220 0.6000000238
54  17.024  -77.437  -11.127 0.6000000238
75  27.098  -76.511  -13.419 0.4000000060
98  11.984  -74.661  0.826 0.3000000119
101  15.233  -74.689  -0.362 0.3000000119
102  14.437  -74.933  -0.248 0.4000000060
106  9.931  -74.839  -0.076 0.4000000060
107  17.234  -74.299  -1.764 0.4000000060
109  15.584  -74.692  -0.989 0.3000000119
112  12.462  -75.170  -0.945 0.5000000000
113  11.080  -75.123  -0.561 0.4000000060
114  10.477  -75.011  -0.516 0.5000000000
116  16.837  -74.440  -1.937 0.4000000060
119  14.778  -74.790  -1.566 0.5000000000
120  14.046  -74.826  -1.570 0.5000000000
124  18.576  -74.164  -3.453 0.4000000060
126  17.287  -74.404  -2.581 0.4000000060
127  16.676  -74.493  -2.418 0.5000000000
133  18.587  -74.344  -3.946 0.4000000060
134  18.155  -74.550  -4.485 0.4000000060
135  15.028  -74.672  -4.607 0.6999999881
137  17.988  -74.679  -5.629 0.5000000000
139  16.321  -75.357  -5.891 0.6999999881
140  15.555  -75.263  -5.574 0.6000000238
141  14.943  -75.013  -5.484 0.6999999881
145  15.750  -75.437  -6.431 0.6999999881
147  11.133  -76.008  -6.621 0.8000000119
154  21.821  -75.520  -9.551 0.6000000238
157  24.221  -75.799  -10.859 0.6999999881
158  23.095  -75.555  -10.099 0.6999999881
161  18.335  -77.097  -9.805 0.6999999881
173  27.380  -76.164  -12.829 0.4000000060
179  27.550  -75.303  -13.240 0.4000000060
201  28.976  -75.371  -20.424 0.6999999881
208  9.428  -73.488  2.046 0.4000000060
214  10.410  -74.447  1.684 0.4000000060
216  8.917  -73.837  1.265 0.4000000060
228  9.478  -74.285  0.035 0.5000000000
232  10.860  -74.661  -1.143 0.5000000000
236  13.982  -74.360  -2.276 0.5000000000
239  14.911  -74.400  -3.778 0.6999999881
240  14.529  -74.222  -3.081 0.6000000238
241  7.649  -74.330  -3.117 0.6999999881
242  19.457  -73.748  -3.958 0.3000000119
243  19.139  -74.106  -4.282 0.3000000119
249  18.618  -74.397  -5.617 0.5000000000
251  10.917  -74.661  -5.760 0.8000000119
277  16.339  -74.410  -9.579 0.8000000119
282  28.620  -73.857  -11.348 0.6999999881
289  21.059  -74.869  -9.219 0.5000000000
304  19.433  -75.455  -10.298 0.6999999881
307  16.738  -75.141  -11.658 0.8000000119
309  14.097  -75.321  -11.522 0.8000000119
313  27.912  -74.604  -12.570 0.6999999881
345  30.995  -74.708  -21.482 0.5000000000
347  28.683  -75.356  -20.728 0.6999999881
350  30.231  -74.651  -22.011 0.5000000000
366  9.330  -73.501  1.983 0.4000000060
373  6.874  -72.471  0.936 0.4000000060
377  8.303  -73.115  0.922 0.4000000060
379  17.950  -73.416  -1.239 0.3000000119
383  10.987  -73.990  -1.048 0.5000000000
385  9.557  -74.018  -0.233 0.4000000060
387  7.463  -72.673  0.282 0.4000000060
388  18.170  -73.739  -1.947 0.4000000060
389  17.541  -74.044  -1.608 0.4000000060
390  14.426  -72.628  -1.776 0.6999999881
393  11.607  -74.474  -1.422 0.5000000000
394  19.585  -73.321  -3.494 0.3000000119
398  13.220  -74.314  -1.917 0.6000000238
407  15.413  -72.879  -4.563 0.6999999881
409  9.036  -74.380  -4.270 0.6999999881
448  17.768  -73.357  -9.401 0.8000000119
450  14.185  -73.868  -9.449 0.8999999762
451  13.315  -73.635  -9.781 0.8999999762
452  12.704  -73.733  -9.932 0.8999999762
457  30.258  -72.873  -10.787 0.5000000000
459  29.082  -73.565  -10.728 0.5000000000
472  12.992  -74.183  -10.441 0.8999999762
477  30.149  -73.255  -11.043 0.6000000238
480  19.434  -74.535  -10.721 0.8000000119
485  29.608  -73.467  -11.822 0.6000000238
486  28.826  -73.741  -12.548 0.6999999881
499  34.356  -74.057  -14.915 0.5000000000
518  34.248  -74.010  -15.715 0.5000000000
528  34.387  -73.712  -15.778 0.5000000000
529  33.930  -73.873  -16.022 0.5000000000
540  29.129  -74.952  -19.433 0.6000000238
541  29.084  -75.292  -20.289 0.6999999881
546  28.270  -75.312  -20.843 0.6999999881
549  33.048  -73.524  -22.254 0.5000000000
564  26.769  -75.171  -23.719 0.5000000000
568  30.908  -73.255  -24.024 0.5000000000
628  8.569  -72.786  1.465 0.4000000060
629  7.195  -72.110  1.635 0.4000000060
631  7.583  -72.514  1.386 0.4000000060
635  6.823  -72.421  0.712 0.4000000060
640  11.338  -73.042  -0.414 0.6000000238
642  9.410  -72.617  -0.370 0.5000000000
648  19.519  -72.929  -2.983 0.3000000119
653  15.581  -72.249  -3.882 0.6999999881
670  19.656  -73.060  -5.288 0.3000000119
684  19.421  -72.402  -6.345 0.5000000000
697  14.587  -72.369  -7.629 0.8000000119
698  13.894  -72.051  -7.991 0.8000000119
699  12.935  -72.070  -8.025 0.8999999762
705  27.443  -72.890  -7.700 0.4000000060
722  29.811  -72.784  -10.398 0.5000000000
723  28.626  -72.991  -9.331 0.5000000000
724  28.089  -73.023  -8.549 0.5000000000
730  20.737  -72.411  -9.287 0.4000000060
732  19.150  -72.408  -9.117 0.6000000238
734  12.011  -73.150  -9.164 0.8999999762
770  35.282  -72.810  -13.352 0.5000000000
788  34.553  -73.652  -14.118 0.5000000000
790  32.208  -72.664  -14.731 0.6000000238
806  33.468  -73.575  -15.772 0.6000000238
810  29.114  -72.114  -14.310 0.5000000000
870  33.737  -73.071  -22.630 0.4000000060
886  32.109  -72.869  -24.913 0.6000000238
892  31.153  -72.557  -24.959 0.6000000238
967  6.448  -71.874  1.285 0.4000000060
981  14.749  -70.945  -1.458 0.8000000119
999  15.543  -71.169  -4.848 0.8000000119
1003  10.088  -72.444  -3.942 0.8000000119
1018  14.863  -71.356  -6.616 0.8000000119
1047  22.191  -71.616  -8.986 0.4000000060
1066  20.780  -71.908  -8.794 0.4000000060
1078  30.036  -71.975  -10.460 0.4000000060
1131  35.425  -71.687  -14.576 0.4000000060
1136  30.558  -71.585  -14.263 0.4000000060
1219  31.319  -71.667  -26.186 0.6000000238
1349  5.457  -70.331  0.876 0.4000000060
1364  12.649  -70.587  -0.506 0.6000000238
1410  15.421  -70.745  -4.143 0.8000000119
1430  15.126  -71.084  -6.070 0.8000000119
1523  31.511  -70.936  -14.361 0.5000000000
1524  30.930  -70.920  -14.348 0.5000000000
1526  28.858  -70.800  -14.366 0.4000000060
1584  33.041  -70.963  -19.428 0.6000000238
1588  28.770  -71.089  -19.023 0.6000000238
1594  16.097  -71.112  -20.233 0.6000000238
1616  29.302  -70.650  -23.565 0.6000000238
1631  31.045  -70.843  -25.276 0.6000000238
1764  5.464  -69.845  1.288 0.4000000060
1785  12.782  -69.688  -0.520 0.8000000119
1813  10.805  -69.685  -3.525 1.0000000000
1938  30.835  -69.856  -14.362 0.5000000000
1939  29.916  -69.785  -14.347 0.4000000060
1986  32.930  -69.036  -17.724 0.5000000000
1990  28.146  -69.251  -17.644 0.6000000238
2012  31.469  -69.482  -18.341 0.5000000000
2019  14.852  -69.396  -18.581 0.6999999881
2027  23.971  -69.211  -20.064 0.6999999881
2044  25.408  -69.651  -21.890 0.6999999881
2070  27.897  -68.707  -26.598 0.6000000238
2072  26.888  -68.646  -27.552 0.6999999881
2077  27.281  -68.241  -27.473 0.6000000238
2078  26.930  -67.842  -27.565 0.6000000238
2211  4.211  -67.854  1.116 0.4000000060
2221  4.489  -68.452  0.978 0.4000000060
2232  13.392  -68.436  -0.876 0.8999999762
2258  13.880  -68.166  -2.156 0.8999999762
2267  12.752  -67.895  -3.080 0.8999999762
2268  11.816  -68.015  -3.374 0.8999999762
2283  7.067  -68.342  -3.752 0.8000000119
2425  32.086  -69.108  -14.769 0.4000000060
2426  31.243  -69.192  -14.744 0.5000000000
2443  33.304  -68.813  -15.243 0.5000000000
2444  32.480  -68.740  -15.354 0.4000000060
2448  28.808  -68.649  -15.239 0.5000000000
2465  29.469  -68.862  -16.703 0.6000000238
2483  28.787  -69.030  -17.182 0.5000000000
2487  16.161  -68.307  -17.855 0.6999999881
2488  15.362  -68.385  -17.663 0.6999999881
2497  12.747  -69.090  -18.550 0.6000000238
2505  23.746  -68.583  -19.756 0.6999999881
2553  27.639  -68.081  -27.145 0.6000000238
2718  8.215  -67.648  0.013 0.8000000119
2738  13.535  -67.247  -2.118 0.8999999762
2875  18.379  -67.263  -17.887 0.6999999881
2877  16.864  -67.820  -17.684 0.6999999881
2889  17.417  -67.758  -18.427 0.6999999881
2890  16.815  -67.987  -18.758 0.6999999881
2898  28.093  -67.424  -19.449 0.6000000238
2902  24.529  -67.047  -18.827 0.5000000000
2918  15.301  -67.221  -20.826 0.6000000238
2947  16.098  -67.358  -22.451 0.6000000238
2959  26.836  -67.771  -24.307 0.5000000000
2988  28.393  -68.226  -25.541 0.5000000000
2989  27.526  -67.785  -26.217 0.5000000000
2998  27.226  -67.786  -27.175 0.6000000238
3158  13.242  -66.441  -1.821 0.8999999762
3173  6.368  -66.029  -3.863 0.8000000119
3315  15.096  -66.701  -17.318 0.6999999881
3342  18.320  -66.934  -19.238 0.6999999881
3356  15.037  -66.639  -21.046 0.6000000238
3367  14.992  -66.733  -21.585 0.6000000238
3383  15.656  -66.779  -22.789 0.6000000238
3595  5.062  -66.261  0.635 0.4000000060
3598  11.856  -64.946  -1.176 0.8999999762
3603  12.796  -65.838  -2.104 0.8999999762
3739  18.778  -66.011  -17.293 0.6000000238
3755  12.141  -65.781  -18.650 0.6000000238
3777  18.428  -65.583  -20.032 0.5000000000
3781  10.955  -64.834  -22.263 0.6000000238
4012  3.254  -64.803  4.245 0.3000000119
4020  8.245  -63.975  2.529 0.8000000119
4024  4.202  -65.295  2.204 0.4000000060
4053  11.610  -64.521  -2.037 0.8999999762
4058  10.278  -64.588  -3.137 0.8999999762
4292  9.390  -63.897  -22.011 0.4000000060
4581  3.512  -64.476  4.696 0.5000000000
4600  11.590  -62.837  1.137 0.8000000119
4621  4.655  -62.587  -1.654 0.8999999762
4631  3.675  -62.796  -2.483 0.8000000119
4634  8.870  -63.635  -2.927 0.8999999762
4638  4.442  -63.668  -3.060 0.8000000119
4639  3.792  -63.269  -3.217 0.8000000119
4640  3.440  -62.755  -3.935 0.6000000238
4805  17.816  -63.177  -15.466 0.4000000060
4852  13.858  -63.293  -18.294 0.6999999881
5170  4.432  -62.295  8.427 0.4000000060
5219  6.561  -62.075  6.020 0.6999999881
5233  9.533  -62.044  3.368 0.8000000119
5239  11.421  -61.844  1.997 0.8000000119
5241  10.021  -62.557  2.765 0.8000000119
5276  6.528  -61.980  -0.376 1.0000000000
5292  5.131  -62.099  -1.157 0.8999999762
5294  3.597  -62.091  -1.736 0.8999999762
5304  3.433  -62.264  -2.138 0.8999999762
5407  14.197  -61.977  -12.767 0.6999999881
5411  10.372  -62.169  -12.945 0.6999999881
5427  16.208  -62.219  -13.607 0.5000000000
5429  13.410  -62.665  -13.543 0.6000000238
5430  12.568  -62.794  -13.358 0.6999999881
5431  11.676  -62.906  -13.285 0.6999999881
5432  10.771  -62.819  -13.267 0.6000000238
5434  9.310  -61.433  -14.311 0.6000000238
5445  13.735  -62.686  -14.425 0.6999999881
5448  9.563  -62.152  -14.409 0.6999999881
5454  15.595  -62.224  -15.744 0.6000000238
5459  9.796  -61.924  -15.117 0.6999999881
5482  14.309  -62.635  -17.323 0.6999999881
5735  4.081  -60.970  10.739 0.3000000119
5805  6.856  -61.246  6.114 0.6999999881
5818  9.825  -61.276  3.646 0.8000000119
5843  10.764  -61.461  0.664 0.8999999762
5869  5.680  -61.306  -1.047 0.8999999762
5881  4.154  -61.407  -1.741 0.8999999762
5882  3.491  -61.941  -1.961 0.8999999762
5916  5.349  -61.428  -6.299 0.6000000238
6011  11.781  -61.746  -12.663 0.6999999881
6012  10.899  -61.689  -12.808 0.6999999881
6023  9.742  -61.822  -13.347 0.6999999881
6032  8.831  -60.735  -14.371 0.6000000238
6058  11.228  -61.543  -17.307 0.6000000238
6062  6.260  -61.540  -16.966 0.6000000238
6082  7.873  -61.234  -17.711 0.5000000000
6094  11.439  -61.011  -19.479 0.6000000238
6112  9.025  -59.969  -20.149 0.6000000238
6113  8.784  -59.820  -19.651 0.6000000238
6469  5.402  -60.480  6.866 0.5000000000
6492  7.741  -60.404  5.431 0.6999999881
6521  11.272  -60.516  2.374 0.8000000119
6544  11.940  -60.071  0.975 0.8000000119
6547  9.628  -60.956  0.169 0.8999999762
6558  11.023  -60.056  -0.162 0.8000000119
6573  10.657  -60.118  -1.157 1.0000000000
6576  7.736  -60.884  -0.958 1.0000000000
6578  4.702  -61.577  -1.236 0.8999999762
6609  9.396  -60.067  -3.164 0.8000000119
6613  4.159  -61.133  -2.704 0.8999999762
6658  6.276  -60.856  -6.510 0.6000000238
6748  13.289  -60.021  -13.206 0.6000000238
6778  8.794  -60.067  -16.008 0.6000000238
6814  9.398  -59.728  -18.453 0.6000000238
6829  9.466  -59.617  -19.734 0.6000000238
6843  9.171  -59.755  -19.973 0.6000000238
7188  4.071  -59.814  6.479 0.4000000060
7206  4.218  -59.414  5.083 0.3000000119
7226  6.826  -59.280  5.041 0.6000000238
7245  3.372  -59.127  3.149 0.3000000119
7260  2.848  -58.816  2.853 0.4000000060
7267  11.761  -59.468  0.947 0.8000000119
7268  11.264  -59.114  1.365 0.8000000119
7324  10.350  -59.539  -2.485 0.8999999762
7471  13.986  -59.977  -12.916 0.5000000000
7484  11.872  -59.990  -13.705 0.6999999881
7565  8.785  -59.719  -18.733 0.6000000238
7566  8.515  -60.034  -18.139 0.6000000238
7577  8.796  -59.641  -19.264 0.6000000238
7588  9.090  -59.615  -19.609 0.6000000238
8008  2.463  -58.331  2.685 0.3000000119
8020  8.575  -58.440  1.501 0.6999999881
8024  4.585  -58.386  2.423 0.4000000060
8052  9.823  -58.609  -0.924 0.8999999762
8088  9.285  -58.005  -2.302 0.8999999762
8103  9.812  -58.418  -3.632 0.8000000119
8113  9.315  -58.274  -4.266 0.8000000119
8118  3.467  -57.721  -5.017 0.6000000238
8132  7.757  -58.692  -5.106 0.6999999881
8251  9.056  -58.619  -13.651 0.6999999881
8252  8.205  -58.524  -13.835 0.8000000119
8271  11.128  -59.045  -15.132 0.6999999881
8272  9.798  -58.482  -14.103 0.6999999881
8289  11.703  -59.012  -16.042 0.6000000238
8290  10.414  -58.526  -15.012 0.6999999881
8318  10.954  -57.855  -17.387 0.6999999881
8727  2.450  -57.703  2.424 0.4000000060
8740  5.894  -57.340  1.912 0.4000000060
8774  7.006  -57.145  -0.162 0.8999999762
8827  9.148  -57.696  -3.856 0.8000000119
8846  7.396  -57.684  -4.799 0.6999999881
9040  11.472  -57.784  -18.278 0.6999999881
9041  10.599  -57.278  -16.788 0.6999999881
9588  7.657  -56.625  -3.277 0.8000000119
9594  2.701  -56.507  -2.605 0.8999999762
9774  4.739  -56.768  -12.948 0.5000000000
9803  12.038  -56.389  -15.443 0.4000000060
9818  11.346  -56.390  -16.104 0.6999999881
9835  9.007  -56.418  -16.012 0.6999999881
9836  8.382  -56.203  -15.862 0.6999999881
9847  9.598  -56.274  -16.202 0.6999999881
10370  6.220  -55.045  1.012 0.6999999881
10641  6.972  -56.022  -15.244 0.6999999881
10664  10.695  -56.086  -16.291 0.6999999881
11221  4.502  -54.193  2.450 0.5000000000
11314  2.473  -55.425  -3.680 0.6999999881
11423  13.740  -55.272  -12.347 0.5000000000
11442  11.873  -55.260  -13.551 0.5000000000
11444  5.410  -54.488  -13.650 0.6000000238
11474  7.429  -54.617  -16.052 0.6999999881
11488  10.849  -54.592  -16.120 0.8000000119
11489  10.546  -54.969  -16.396 0.6999999881
11491  8.639  -55.066  -16.325 0.8000000119
11492  7.892  -55.294  -16.284 0.6999999881
11508  9.223  -55.443  -16.271 0.6999999881
12034  4.175  -52.981  6.037 0.3000000119
12057  6.385  -53.285  4.608 0.3000000119
12096  2.369  -53.195  0.430 0.8000000119
12106  2.202  -53.419  -0.094 0.8000000119
12245  11.889  -53.663  -11.455 0.6000000238
12261  12.465  -54.380  -11.934 0.5000000000
12284  11.611  -54.091  -13.616 0.6000000238
12332  11.000  -53.469  -16.032 0.8000000119
12335  8.753  -54.195  -16.228 0.8000000119
12354  10.256  -54.691  -16.391 0.6999999881
12978  2.164  -52.025  -1.053 0.8999999762
13118  6.184  -52.250  -13.481 0.8000000119
13153  11.021  -52.563  -15.794 0.8000000119
13156  7.699  -52.939  -15.224 0.8000000119
13865  7.838  -51.284  2.702 0.3000000119
13866  7.053  -51.457  2.893 0.4000000060
13868  2.423  -50.924  1.985 0.6999999881
13908  2.330  -51.138  -1.396 0.8999999762
13921  2.267  -51.495  -3.685 0.8000000119
13947  9.800  -50.901  -8.699 0.6000000238
13948  9.494  -50.425  -8.653 0.6000000238
13961  10.301  -51.831  -9.576 0.6999999881
13962  9.026  -50.705  -9.144 0.6000000238
14064  7.145  -51.743  -14.402 0.8000000119
14084  10.815  -51.853  -15.258 0.8000000119
14087  9.114  -51.914  -15.270 0.8000000119
14714  3.281  -50.766  3.832 0.4000000060
14729  9.476  -50.890  3.042 0.3000000119
14731  3.688  -50.400  3.848 0.4000000060
14733  2.741  -50.504  2.886 0.6999999881
14774  2.181  -50.362  1.367 0.8000000119
14856  11.212  -50.799  -8.726 0.5000000000
14857  8.632  -50.178  -9.099 0.6000000238
14878  8.601  -50.630  -9.976 0.6000000238
15559  2.979  -50.011  3.056 0.6999999881
15575  13.058  -49.138  2.751 0.3000000119
15582  6.051  -49.584  2.173 0.5000000000
15583  4.392  -49.402  2.658 0.5000000000
15585  2.587  -49.875  2.366 0.6999999881
15586  2.362  -50.175  2.173 0.6999999881
15599  8.185  -49.393  1.802 0.4000000060
15601  6.604  -49.146  1.750 0.5000000000
15603  2.401  -49.622  1.705 0.6999999881
15672  9.551  -49.994  -8.549 0.6000000238
15686  9.998  -49.672  -8.658 0.6000000238
15687  9.192  -49.507  -8.804 0.6000000238
15746  8.713  -49.476  -12.119 0.8000000119
16531  2.461  -48.975  1.181 0.6999999881
16532  2.156  -49.192  1.116 0.8000000119
16548  2.069  -48.792  0.514 0.8000000119
16628  8.879  -48.925  -9.343 0.5000000000
16644  8.078  -47.916  -10.283 0.6999999881
16658  11.121  -49.109  -11.741 0.4000000060
16685  5.857  -48.854  -12.390 0.6000000238
17438  11.615  -48.203  1.705 0.3000000119
17460  5.942  -48.068  0.860 0.6999999881
17477  6.480  -47.617  0.394 0.6000000238
17481  2.276  -48.312  0.082 0.8999999762
17500  5.397  -47.044  -0.498 0.8000000119
17501  4.632  -47.408  -0.203 0.8000000119
17567  4.028  -46.886  -5.172 0.6000000238
17568  3.097  -47.195  -5.024 0.6000000238
17598  8.365  -47.873  -10.257 0.6000000238
18436  16.831  -45.504  3.035 0.3000000119
18443  14.668  -46.100  1.230 0.4000000060
18461  8.946  -47.168  -0.113 0.6999999881
18514  3.501  -46.608  -1.918 0.8000000119
18524  4.069  -46.102  -2.404 0.8000000119
18550  3.114  -46.040  -4.776 0.6000000238
18551  2.736  -46.478  -4.445 0.6999999881
19429  20.517  -45.436  3.645 0.3000000119
19444  16.491  -44.389  2.656 0.4000000060
19468  18.935  -46.052  -0.579 0.5000000000
19470  13.313  -44.518  -0.543 0.8000000119
19523  6.389  -45.858  -2.533 0.8000000119
19536  6.033  -45.566  -3.873 0.6999999881
19537  5.083  -45.499  -3.566 0.6999999881
19538  4.096  -45.374  -3.855 0.8000000119
19539  3.252  -45.727  -3.630 0.8000000119
20546  8.960  -45.037  -3.235 0.6999999881
21503  13.394  -43.744  -0.893 0.8000000119
21665  14.523  -43.384  -13.037 0.4000000060
22499  13.683  -42.103  -2.824 0.5000000000
22500  12.814  -41.964  -2.689 0.5000000000
22501  11.882  -42.074  -2.845 0.6000000238
23433  29.126  -41.409  0.750 0.3000000119
24513  14.589  -41.202  -13.218 0.4000000060
25337  26.325  -39.494  -0.757 0.4000000060
25338  25.051  -38.824  -0.612 0.4000000060
25505  12.101  -39.421  -13.831 0.6000000238
26529  11.828  -38.913  -13.219 0.5000000000
28744  14.568  -35.935  -13.565 0.6000000238
28778  14.768  -36.700  -15.435 0.5000000000
29785  16.988  -35.442  -14.685 0.4000000060
29787  15.401  -35.421  -13.650 0.6000000238
29797  16.311  -35.323  -14.725 0.4000000060
29798  15.655  -35.355  -14.412 0.6000000238
101927  21.474  -41.126  -3.679 0.3000000119
103263  11.357  -77.027  -9.126 0.6999999881
103567  23.275  -69.347  -20.935 0.6999999881
103574  12.419  -76.561  -9.793 0.8000000119
103868  28.677  -75.374  -20.368 0.6999999881
104322  11.893  -75.659  -8.795 0.8999999762
104593  7.962  -43.311  -11.179 0.6000000238
104847  19.737  -45.790  -1.761 0.4000000060
105589  8.215  -49.873  -10.035 0.6000000238
105664  16.014  -62.185  -15.225 0.6000000238
105733  3.393  -61.807  -3.946 0.6000000238
106171  21.206  -41.202  -2.847 0.4000000060
106512  13.559  -65.095  -18.029 0.6999999881
106526  9.093  -71.999  -0.571 0.5000000000
106907  30.629  -71.467  -10.757 0.4000000060
106931  30.515  -69.846  -24.911 0.6000000238
107147  9.330  -59.922  -17.578 0.6000000238
107539  12.123  -50.941  -8.928 0.5000000000
108009  28.901  -69.880  -18.338 0.6000000238
108062  3.899  -47.671  0.020 0.8000000119
108242  18.257  -74.568  -5.012 0.5000000000
109002  33.813  -71.054  -14.392 0.4000000060
109601  23.329  -66.972  -21.024 0.5000000000
109680  31.432  -74.222  -20.148 0.5000000000
109810  2.426  -63.815  8.232 0.3000000119
109965  14.734  -74.888  -6.021 0.6999999881
110261  15.152  -45.344  1.550 0.5000000000
110457  9.973  -62.518  -13.463 0.6999999881
110942  26.481  -68.513  -27.050 0.6000000238
111058  12.925  -60.957  -12.624 0.6999999881
111201  2.663  -47.880  -4.630 0.8000000119
111313  17.023  -65.568  -17.060 0.6999999881
111607  34.504  -69.169  -16.932 0.4000000060
111628  30.153  -70.003  -18.435 0.6000000238
111956  20.861  -45.523  1.864 0.3000000119
111986  14.232  -37.977  -16.402 0.5000000000
111990  4.905  -60.369  -13.820 0.5000000000
112159  3.177  -52.567  4.474 0.6000000238
112161  5.430  -63.672  -2.738 1.0000000000
112342  20.754  -76.356  -9.980 0.5000000000
112839  11.222  -62.896  -15.404 0.6000000238
113025  6.036  -71.323  1.108 0.5000000000
113292  14.438  -70.225  -3.607 0.8999999762
113892  6.498  -62.797  -1.286 1.0000000000
114025  16.884  -75.191  -7.296 0.6999999881
114089  10.477  -70.494  2.451 0.3000000119
114273  9.458  -53.836  -16.227 0.8000000119
114475  23.626  -67.915  -19.667 0.6000000238
114710  8.264  -60.526  -18.574 0.5000000000
115453  27.195  -67.749  -23.320 0.6999999881
115608  8.418  -60.610  -1.720 0.8999999762
115786  11.775  -75.150  -0.545 0.4000000060
116153  3.748  -61.379  -4.478 0.5000000000
116457  9.417  -73.007  1.849 0.4000000060
116477  27.666  -69.562  -18.084 0.5000000000
116571  14.239  -70.001  -18.773 0.6000000238
117157  12.441  -75.420  -10.361 0.8000000119
117264  28.766  -75.304  -19.938 0.6999999881
117293  7.818  -45.627  -3.156 0.6999999881
117424  21.862  -66.995  -24.693 0.6000000238
118440  23.455  -69.013  -20.236 0.6999999881
118543  25.710  -74.638  -26.938 0.5000000000
118565  24.363  -72.484  -24.448 0.5000000000
119719  14.922  -70.551  -2.077 0.8999999762
120067  9.605  -46.971  -0.097 0.6999999881
120323  15.054  -70.822  -5.626 0.8000000119
120568  24.630  -71.641  -23.548 0.5000000000
120627  14.978  -73.714  -4.379 0.6999999881
121052  29.756  -74.392  -22.382 0.5000000000
121244  32.177  -74.222  -21.698 0.5000000000
121352  8.405  -57.282  -4.014 0.8000000119
121510  14.980  -61.897  -12.765 0.6000000238
122191  10.386  -63.044  -13.863 0.6999999881
122302  6.203  -57.788  -15.211 0.6999999881
122406  29.315  -68.683  -15.865 0.6000000238
122516  31.652  -71.448  -27.464 0.6000000238
122598  23.193  -68.731  -20.748 0.6999999881
122619  4.366  -66.497  0.837 0.4000000060
122796  17.853  -74.329  -2.837 0.4000000060
123074  4.241  -60.598  8.591 0.3000000119
123165  17.385  -35.525  -15.548 0.4000000060
123169  11.242  -76.070  -7.157 0.8000000119
123276  11.397  -62.986  -0.684 0.8999999762
123310  27.729  -74.870  -12.163 0.5000000000
123434  11.831  -76.052  -8.280 0.8999999762
123640  9.056  -47.793  0.730 0.5000000000
123696  11.117  -49.382  2.726 0.3000000119
123716  26.698  -72.541  -27.012 0.4000000060
123764  30.943  -71.460  -24.786 0.6000000238
124048  28.858  -70.413  -23.942 0.6999999881
124299  14.336  -47.542  1.816 0.3000000119
124565  5.919  -51.909  -12.990 0.8000000119
124900  7.161  -53.129  -15.067 0.8000000119
124983  8.403  -73.094  0.665 0.4000000060
125034  26.150  -76.756  -12.062 0.6000000238
125354  9.691  -57.554  -15.592 0.6999999881
125384  15.218  -66.105  -17.378 0.6999999881
125438  9.070  -71.375  -0.479 0.5000000000
125731  27.507  -40.719  0.469 0.4000000060
125844  30.748  -69.561  -18.226 0.6000000238
125909  12.066  -75.008  -1.504 0.5000000000
125974  23.642  -75.749  -10.535 0.6999999881
126053  8.639  -64.203  -3.441 1.0000000000
